iter,obj_printed,obj_mse,feas_mse,pde_con_mse,bc_mse,ic_mse,pde_rms,bc_rms,ic_rms,station,alpha,step_inf,lambda,kkt,relL2
10,0.103,0.01027,0.1181,0.010403999999999998,0.0841,0.6193690000000001,0.102,0.29,0.787,14.7,0.00046,0.00676,0.0001,3.53e-09,1.02
20,0.1007,0.01005,0.1169,0.010201000000000002,0.08236899999999998,0.6146560000000001,0.101,0.287,0.784,18.1,0.000492,0.00892,0.0001,2.63e-09,1.02
30,0.09914,0.009902,0.1159,0.010201000000000002,0.08122499999999999,0.6099610000000001,0.101,0.285,0.781,19.6,0.000479,0.00938,0.0001,3.98e-09,1.02
40,0.09806,0.009797,0.1148,0.010000000000000002,0.08008899999999998,0.6037290000000001,0.1,0.283,0.777,17.0,0.000514,0.00872,0.0001,1.68e-09,1.02
50,0.09719,0.009709,0.1135,0.009900250000000001,0.07952399999999998,0.597529,0.0995,0.282,0.773,18.4,0.000607,0.0111,0.0001,2.23e-09,1.02
60,0.09622,0.009611,0.1121,0.009801,0.07896100000000002,0.5882890000000001,0.099,0.281,0.767,18.2,0.000652,0.0119,0.0001,2.35e-09,1.02
70,0.09509,0.009496,0.1103,0.00968256,0.07840000000000001,0.579121,0.0984,0.28,0.761,16.9,0.000848,0.0144,0.0001,2.47e-09,1.02
80,0.09343,0.009319,0.1082,0.00950625,0.07728400000000002,0.567009,0.0975,0.278,0.753,15.6,0.0011,0.0173,0.0001,2.02e-09,1.02
90,0.09027,0.008987,0.1052,0.009158489999999998,0.07507600000000002,0.552049,0.0957,0.274,0.743,12.8,0.00158,0.0202,0.0001,2.08e-09,1.02
100,0.08435,0.00833,0.09934,0.00850084,0.07022500000000001,0.522729,0.0922,0.265,0.723,6.63,0.00402,0.0267,0.0001,2.01e-09,1.01
110,0.07459,0.007402,0.0899,0.007551610000000001,0.061503999999999996,0.47472099999999995,0.0869,0.248,0.689,5.28,0.00434,0.0229,0.0001,1.99e-09,1.0
120,0.06689,0.006582,0.08056,0.006724000000000001,0.058564,0.42380100000000004,0.082,0.242,0.651,3.44,0.00755,0.026,0.0001,1.78e-09,0.987
130,0.05158,0.004916,0.06109,0.0050268100000000005,0.04080400000000001,0.32376099999999997,0.0709,0.202,0.569,2.72,0.0192,0.0523,0.0001,1.79e-09,0.942
140,0.0353,0.003445,0.04486,0.0035283600000000004,0.0256,0.24009999999999998,0.0594,0.16,0.49,2.5,0.0117,0.0293,0.0001,1.76e-09,0.896
150,0.02627,0.002532,0.03337,0.0025908100000000002,0.017161000000000003,0.179776,0.0509,0.131,0.424,2.14,0.0169,0.0361,0.0001,1.72e-09,0.838
160,0.02062,0.002042,0.02594,0.0020884899999999997,0.00996004,0.141376,0.0457,0.0998,0.376,3.05,0.00851,0.0259,0.0001,1.36e-09,0.793
170,0.01935,0.001928,0.02306,0.00197136,0.00850084,0.12531599999999998,0.0444,0.0922,0.354,3.81,0.0052,0.0198,0.0001,1.86e-09,0.767
180,0.01875,0.001868,0.02125,0.00190096,0.00813604,0.11492100000000001,0.0436,0.0902,0.339,3.95,0.00465,0.0183,0.0001,1.07e-09,0.742
190,0.01757,0.001734,0.01895,0.0017640000000000002,0.00802816,0.101761,0.042,0.0896,0.319,2.8,0.00892,0.0249,0.0001,4.51e-10,0.702
200,0.01279,0.001198,0.01284,0.00121801,0.0059907599999999995,0.06864400000000001,0.0349,0.0774,0.262,1.36,0.0367,0.0499,0.0001,4.72e-10,0.57
210,0.003514,0.0002692,0.0026,0.00027556,0.0027984100000000003,0.012996,0.0166,0.0529,0.114,0.68,0.137,0.0934,0.0001,2.34e-10,0.247
220,2.517e-05,1.622e-06,8.117e-06,1.4883999999999998e-06,2.24676e-05,3.08025e-05,0.00122,0.00474,0.00555,0.0893,0.29,0.0259,0.0001,9.6e-11,0.0118
230,2.126e-06,1.885e-07,3.005e-07,1.1560000000000002e-07,1.2321000000000002e-06,6.691240000000001e-07,0.00034,0.00111,0.000818,0.0455,0.133,0.00607,0.0001,9.13e-11,0.00257
240,9.763e-07,9.37e-08,7.669e-08,4e-08,3.4339600000000007e-07,1.0824099999999998e-07,0.0002,0.000586,0.000329,0.0355,0.0675,0.0024,0.0001,7.02e-11,0.00163
250,7.242e-07,7.098e-08,4.05e-08,2.4648999999999998e-08,1.849e-07,3.9601000000000005e-08,0.000157,0.00043,0.000199,0.0315,0.0455,0.00143,0.0001,6.99e-11,0.00141
260,6.227e-07,6.158e-08,2.891e-08,1.9320999999999998e-08,1.3104400000000002e-07,2.1316e-08,0.000139,0.000362,0.000146,0.0292,0.0307,0.000895,0.0001,7.04e-11,0.00132
270,5.68e-07,5.64e-08,2.364e-08,1.6640999999999997e-08,1.0692899999999999e-07,1.4161000000000002e-08,0.000129,0.000327,0.000119,0.0277,0.0228,0.000629,0.0001,7.39e-11,0.00128
280,5.329e-07,5.302e-08,2.068e-08,1.4884e-08,9.302499999999999e-08,1.0609e-08,0.000122,0.000305,0.000103,0.0266,0.0186,0.000493,0.0001,5.88e-11,0.00125
290,5.08e-07,5.058e-08,1.879e-08,1.3924e-08,8.41e-08,8.519289999999998e-09,0.000118,0.00029,9.23e-05,0.0257,0.0167,0.000429,0.0001,5.7e-11,0.00123
300,4.885e-07,4.867e-08,1.746e-08,1.2996000000000001e-08,7.728399999999999e-08,7.2420099999999995e-09,0.000114,0.000278,8.51e-05,0.025,0.015,0.000374,0.0001,6.38e-11,0.00122
310,4.725e-07,4.711e-08,1.646e-08,1.2544e-08,7.29e-08,6.384010000000001e-09,0.000112,0.00027,7.99e-05,0.0244,0.0135,0.000328,0.0001,6.19e-11,0.0012
320,4.589e-07,4.578e-08,1.568e-08,1.1881e-08,6.9169e-08,5.76081e-09,0.000109,0.000263,7.59e-05,0.0238,0.0121,0.000288,0.0001,5.14e-11,0.00119
330,4.475e-07,4.464e-08,1.505e-08,1.1449e-08,6.604900000000001e-08,5.329e-09,0.000107,0.000257,7.3e-05,0.0233,0.0119,0.000279,0.0001,6.64e-11,0.00119
340,4.372e-07,4.363e-08,1.452e-08,1.1236e-08,6.3504e-08,4.984359999999999e-09,0.000106,0.000252,7.06e-05,0.0229,0.0107,0.000246,0.0001,4.52e-11,0.00118
350,4.282e-07,4.274e-08,1.408e-08,1.0815999999999999e-08,6.1504e-08,4.719690000000001e-09,0.000104,0.000248,6.87e-05,0.0225,0.0106,0.000239,0.0001,7.17e-11,0.00117
360,4.198e-07,4.19e-08,1.368e-08,1.0609e-08,5.9536e-08,4.515839999999999e-09,0.000103,0.000244,6.72e-05,0.0221,0.0105,0.000232,0.0001,6.66e-11,0.00117
370,4.119e-07,4.111e-08,1.331e-08,1.0404e-08,5.8081e-08,4.32964e-09,0.000102,0.000241,6.58e-05,0.0217,0.0104,0.000226,0.0001,5.46e-11,0.00116
380,4.049e-07,4.042e-08,1.301e-08,1.0201e-08,5.664400000000001e-08,4.212010000000001e-09,0.000101,0.000238,6.49e-05,0.0214,0.00936,0.0002,0.0001,6.32e-11,0.00115
390,3.984e-07,3.978e-08,1.273e-08,9.920159999999999e-09,5.5225e-08,4.096e-09,9.96e-05,0.000235,6.4e-05,0.0211,0.00926,0.000195,0.0001,5.31e-11,0.00115
400,3.923e-07,3.917e-08,1.247e-08,9.72196e-09,5.4289e-08,3.9942400000000005e-09,9.86e-05,0.000233,6.32e-05,0.0208,0.00917,0.000191,0.0001,4.89e-11,0.00115
410,3.864e-07,3.858e-08,1.222e-08,9.54529e-09,5.2900000000000004e-08,3.90625e-09,9.77e-05,0.00023,6.25e-05,0.0205,0.00908,0.000186,0.0001,4.92e-11,0.00114
420,3.808e-07,3.803e-08,1.2e-08,9.37024e-09,5.1984000000000004e-08,3.844e-09,9.68e-05,0.000228,6.2e-05,0.0202,0.00899,0.000182,0.0001,5.02e-11,0.00114
430,3.754e-07,3.749e-08,1.178e-08,9.216000000000001e-09,5.1075999999999994e-08,3.794560000000001e-09,9.6e-05,0.000226,6.16e-05,0.0199,0.0089,0.000178,0.0001,5.96e-11,0.00113
440,3.703e-07,3.698e-08,1.158e-08,9.06304e-09,5.0176e-08,3.733209999999999e-09,9.52e-05,0.000224,6.11e-05,0.0197,0.00882,0.000174,0.0001,7.02e-11,0.00113
450,3.654e-07,3.649e-08,1.139e-08,8.91136e-09,4.9284e-08,3.68449e-09,9.44e-05,0.000222,6.07e-05,0.0194,0.00874,0.00017,0.0001,4.58e-11,0.00113
460,3.607e-07,3.602e-08,1.121e-08,8.76096e-09,4.84e-08,3.6481599999999995e-09,9.36e-05,0.00022,6.04e-05,0.0192,0.00866,0.000166,0.0001,6.37e-11,0.00112
470,3.561e-07,3.557e-08,1.103e-08,8.630409999999999e-09,4.7524e-08,3.6000000000000004e-09,9.29e-05,0.000218,6e-05,0.0189,0.00858,0.000163,0.0001,6.5e-11,0.00112
480,3.518e-07,3.514e-08,1.087e-08,8.500840000000001e-09,4.6656e-08,3.5640900000000003e-09,9.22e-05,0.000216,5.97e-05,0.0187,0.0085,0.000159,0.0001,5.19e-11,0.00112
490,3.476e-07,3.472e-08,1.071e-08,8.390560000000001e-09,4.5796e-08,3.52836e-09,9.16e-05,0.000214,5.94e-05,0.0185,0.00843,0.000156,0.0001,5.8e-11,0.00111
500,3.436e-07,3.432e-08,1.055e-08,8.26281e-09,4.5369e-08,3.5046400000000004e-09,9.09e-05,0.000213,5.92e-05,0.0183,0.00836,0.000153,0.0001,4.51e-11,0.00111
510,3.397e-07,3.393e-08,1.041e-08,8.15409e-09,4.4521000000000005e-08,3.481e-09,9.03e-05,0.000211,5.9e-05,0.0181,0.00829,0.00015,0.0001,5.29e-11,0.00111
520,3.359e-07,3.355e-08,1.027e-08,8.04609e-09,4.4100000000000004e-08,3.4456899999999995e-09,8.97e-05,0.00021,5.87e-05,0.0179,0.00822,0.000147,0.0001,4.49e-11,0.0011
530,3.323e-07,3.319e-08,1.013e-08,7.93881e-09,4.3263999999999996e-08,3.42225e-09,8.91e-05,0.000208,5.85e-05,0.0177,0.00815,0.000144,0.0001,5.39e-11,0.0011
540,3.288e-07,3.284e-08,9.997e-09,7.832249999999999e-09,4.2848999999999995e-08,3.39889e-09,8.85e-05,0.000207,5.83e-05,0.0175,0.00808,0.000141,0.0001,4.74e-11,0.0011
550,3.254e-07,3.25e-08,9.871e-09,7.726409999999999e-09,4.2025e-08,3.3756100000000005e-09,8.79e-05,0.000205,5.81e-05,0.0173,0.00802,0.000139,0.0001,5.25e-11,0.0011
560,3.221e-07,3.218e-08,9.747e-09,7.63876e-09,4.1616e-08,3.3524099999999996e-09,8.74e-05,0.000204,5.79e-05,0.0171,0.00796,0.000136,0.0001,5.08e-11,0.00109
570,3.189e-07,3.186e-08,9.627e-09,7.55161e-09,4.0804e-08,3.3292899999999998e-09,8.69e-05,0.000202,5.77e-05,0.0169,0.00868,0.000147,0.0001,5.66e-11,0.00109
580,3.155e-07,3.152e-08,9.5e-09,7.4476899999999995e-09,4.0401000000000006e-08,3.3177599999999995e-09,8.63e-05,0.000201,5.76e-05,0.0167,0.00862,0.000144,0.0001,3.99e-11,0.00109
590,3.123e-07,3.12e-08,9.377e-09,7.344489999999999e-09,3.9601000000000005e-08,3.29476e-09,8.57e-05,0.000199,5.74e-05,0.0165,0.00855,0.000141,0.0001,5.72e-11,0.00109
600,3.091e-07,3.088e-08,9.259e-09,7.259039999999999e-09,3.9204e-08,3.27184e-09,8.52e-05,0.000198,5.72e-05,0.0164,0.00849,0.000139,0.0001,5.17e-11,0.00108
610,3.061e-07,3.058e-08,9.144e-09,7.17409e-09,3.8808999999999994e-08,3.26041e-09,8.47e-05,0.000197,5.71e-05,0.0162,0.00842,0.000136,0.0001,5.04e-11,0.00108
620,3.031e-07,3.028e-08,9.033e-09,7.08964e-09,3.8025e-08,3.23761e-09,8.42e-05,0.000195,5.69e-05,0.016,0.00836,0.000134,0.0001,5e-11,0.00108
630,3.003e-07,3e-08,8.924e-09,7.0056900000000004e-09,3.7636e-08,3.22624e-09,8.37e-05,0.000194,5.68e-05,0.0158,0.0083,0.000131,0.0001,4.46e-11,0.00108
640,2.975e-07,2.972e-08,8.818e-09,6.92224e-09,3.7249e-08,3.20356e-09,8.32e-05,0.000193,5.66e-05,0.0157,0.00824,0.000129,0.0001,4.62e-11,0.00107
650,2.948e-07,2.945e-08,8.715e-09,6.839290000000001e-09,3.6481e-08,3.18096e-09,8.27e-05,0.000191,5.64e-05,0.0155,0.00818,0.000127,0.0001,5.39e-11,0.00107
660,2.922e-07,2.919e-08,8.617e-09,6.7732899999999995e-09,3.6100000000000006e-08,3.16969e-09,8.23e-05,0.00019,5.63e-05,0.0154,0.00812,0.000125,0.0001,4.63e-11,0.00107
670,2.897e-07,2.894e-08,8.519e-09,6.69124e-09,3.5721000000000006e-08,3.1472100000000003e-09,8.18e-05,0.000189,5.61e-05,0.0152,0.00807,0.000123,0.0001,5.64e-11,0.00107
680,2.872e-07,2.87e-08,8.426e-09,6.62596e-09,3.5343999999999995e-08,3.136e-09,8.14e-05,0.000188,5.6e-05,0.0151,0.00801,0.000121,0.0001,7.19e-11,0.00106
690,2.848e-07,2.846e-08,8.334e-09,6.561000000000001e-09,3.4596e-08,3.11364e-09,8.1e-05,0.000186,5.58e-05,0.0149,0.00796,0.000119,0.0001,5.82e-11,0.00106
700,2.825e-07,2.823e-08,8.244e-09,6.496359999999999e-09,3.4225e-08,3.0913600000000004e-09,8.06e-05,0.000185,5.56e-05,0.0148,0.00791,0.000117,0.0001,5.58e-11,0.00106
710,2.803e-07,2.801e-08,8.157e-09,6.416009999999999e-09,3.3856e-08,3.08025e-09,8.01e-05,0.000184,5.55e-05,0.0147,0.00785,0.000115,0.0001,4.68e-11,0.00106
720,2.781e-07,2.779e-08,8.073e-09,6.35209e-09,3.3489e-08,3.0691599999999998e-09,7.97e-05,0.000183,5.54e-05,0.0145,0.0078,0.000113,0.0001,4.7e-11,0.00106
730,2.76e-07,2.758e-08,7.991e-09,6.304360000000001e-09,3.3124e-08,3.05809e-09,7.94e-05,0.000182,5.53e-05,0.0144,0.00775,0.000112,0.0001,5.45e-11,0.00105
740,2.739e-07,2.737e-08,7.91e-09,6.2409999999999994e-09,3.2761000000000005e-08,3.0360099999999997e-09,7.9e-05,0.000181,5.51e-05,0.0143,0.0077,0.00011,0.0001,4.76e-11,0.00105
750,2.719e-07,2.717e-08,7.831e-09,6.17796e-09,3.2400000000000006e-08,3.01401e-09,7.86e-05,0.00018,5.49e-05,0.0141,0.00765,0.000108,0.0001,4.51e-11,0.00105
760,2.699e-07,2.698e-08,7.755e-09,6.115240000000001e-09,3.2040999999999996e-08,3.0030399999999996e-09,7.82e-05,0.000179,5.48e-05,0.014,0.00761,0.000107,0.0001,4.79e-11,0.00105
770,2.68e-07,2.679e-08,7.679e-09,6.068409999999999e-09,3.1683999999999994e-08,2.99209e-09,7.79e-05,0.000178,5.47e-05,0.0139,0.00756,0.000105,0.0001,4.94e-11,0.00105
780,2.661e-07,2.659e-08,7.599e-09,6.00625e-09,3.1328999999999996e-08,2.97025e-09,7.75e-05,0.000177,5.45e-05,0.0138,0.00826,0.000114,0.0001,4.17e-11,0.00105
790,2.641e-07,2.639e-08,7.521e-09,5.944410000000001e-09,3.0625e-08,2.95936e-09,7.71e-05,0.000175,5.44e-05,0.0137,0.00821,0.000112,0.0001,4.25e-11,0.00104
800,2.622e-07,2.62e-08,7.445e-09,5.89824e-09,3.0276e-08,2.9376400000000002e-09,7.68e-05,0.000174,5.42e-05,0.0135,0.00816,0.000111,0.0001,4.45e-11,0.00104
810,2.603e-07,2.601e-08,7.37e-09,5.83696e-09,2.9929e-08,2.92681e-09,7.64e-05,0.000173,5.41e-05,0.0134,0.00812,0.000109,0.0001,5.16e-11,0.00104
820,2.585e-07,2.583e-08,7.298e-09,5.791210000000001e-09,2.9584000000000002e-08,2.90521e-09,7.61e-05,0.000172,5.39e-05,0.0133,0.00807,0.000107,0.0001,4.37e-11,0.00104
830,2.567e-07,2.565e-08,7.226e-09,5.73049e-09,2.9241000000000004e-08,2.89444e-09,7.57e-05,0.000171,5.38e-05,0.0132,0.00802,0.000106,0.0001,4.7e-11,0.00104
840,2.55e-07,2.548e-08,7.157e-09,5.685160000000001e-09,2.8900000000000004e-08,2.8836899999999996e-09,7.54e-05,0.00017,5.37e-05,0.0131,0.00797,0.000104,0.0001,6.23e-11,0.00104
850,2.533e-07,2.531e-08,7.089e-09,5.6400099999999994e-09,2.8560999999999997e-08,2.86225e-09,7.51e-05,0.000169,5.35e-05,0.013,0.00793,0.000103,0.0001,4.7e-11,0.00103
860,2.516e-07,2.515e-08,7.022e-09,5.58009e-09,2.8224e-08,2.8515599999999996e-09,7.47e-05,0.000168,5.34e-05,0.0129,0.00788,0.000101,0.0001,3.13e-11,0.00103
870,2.5e-07,2.499e-08,6.958e-09,5.535360000000001e-09,2.7889e-08,2.83024e-09,7.44e-05,0.000167,5.32e-05,0.0128,0.00784,0.0001,0.0001,4.41e-11,0.00103
880,2.485e-07,2.483e-08,6.894e-09,5.49081e-09,2.7556e-08,2.8196100000000004e-09,7.41e-05,0.000166,5.31e-05,0.0127,0.0078,9.88e-05,0.0001,4.17e-11,0.00103
890,2.47e-07,2.468e-08,6.832e-09,5.446440000000001e-09,2.7225e-08,2.7984099999999996e-09,7.38e-05,0.000165,5.29e-05,0.0126,0.00775,9.75e-05,0.0001,3.96e-11,0.00103
900,2.455e-07,2.453e-08,6.771e-09,5.40225e-09,2.6896e-08,2.78784e-09,7.35e-05,0.000164,5.28e-05,0.0125,0.00771,9.62e-05,0.0001,5.25e-11,0.00103
910,2.44e-07,2.439e-08,6.711e-09,5.35824e-09,2.6569e-08,2.7667599999999997e-09,7.32e-05,0.000163,5.26e-05,0.0124,0.00767,9.5e-05,0.0001,3.85e-11,0.00102
920,2.426e-07,2.425e-08,6.653e-09,5.329e-09,2.6569e-08,2.7562500000000003e-09,7.3e-05,0.000163,5.25e-05,0.0123,0.00763,9.37e-05,0.0001,6.18e-11,0.00102
930,2.412e-07,2.411e-08,6.597e-09,5.2852900000000005e-09,2.6244000000000003e-08,2.74576e-09,7.27e-05,0.000162,5.24e-05,0.0122,0.00759,9.26e-05,0.0001,4.44e-11,0.00102
940,2.399e-07,2.398e-08,6.543e-09,5.2417599999999995e-09,2.5921000000000004e-08,2.7352899999999996e-09,7.24e-05,0.000161,5.23e-05,0.0121,0.00755,9.14e-05,0.0001,5.01e-11,0.00102
950,2.386e-07,2.385e-08,6.487e-09,5.1984100000000005e-09,2.5600000000000004e-08,2.71441e-09,7.21e-05,0.00016,5.21e-05,0.012,0.00751,9.03e-05,0.0001,3.82e-11,0.00102
960,2.373e-07,2.372e-08,6.434e-09,5.16961e-09,2.5280999999999997e-08,2.71441e-09,7.19e-05,0.000159,5.21e-05,0.0119,0.00747,8.92e-05,0.0001,4.33e-11,0.00102
970,2.36e-07,2.359e-08,6.381e-09,5.1265600000000005e-09,2.4963999999999998e-08,2.69361e-09,7.16e-05,0.000158,5.19e-05,0.0119,0.00743,8.81e-05,0.0001,4.25e-11,0.00102
980,2.348e-07,2.347e-08,6.33e-09,5.09796e-09,2.4648999999999998e-08,2.6728900000000003e-09,7.14e-05,0.000157,5.17e-05,0.0118,0.00739,8.7e-05,0.0001,4.59e-11,0.00101
990,2.336e-07,2.335e-08,6.281e-09,5.055209999999999e-09,2.4648999999999998e-08,2.6728900000000003e-09,7.11e-05,0.000157,5.17e-05,0.0117,0.00736,8.6e-05,0.0001,7.18e-11,0.00101
1000,2.325e-07,2.323e-08,6.231e-09,5.02681e-09,2.4336e-08,2.65225e-09,7.09e-05,0.000156,5.15e-05,0.0116,0.00732,8.5e-05,0.0001,3.99e-11,0.00101
1010,2.313e-07,2.312e-08,6.183e-09,4.984359999999999e-09,2.4025e-08,2.6419600000000003e-09,7.06e-05,0.000155,5.14e-05,0.0115,0.00728,8.4e-05,0.0001,5.96e-11,0.00101
1020,2.302e-07,2.301e-08,6.136e-09,4.95616e-09,2.3716000000000002e-08,2.63169e-09,7.04e-05,0.000154,5.13e-05,0.0115,0.00725,8.31e-05,0.0001,5.15e-11,0.00101
1030,2.291e-07,2.29e-08,6.09e-09,4.92804e-09,2.3409e-08,2.61121e-09,7.02e-05,0.000153,5.11e-05,0.0114,0.00721,8.21e-05,0.0001,5.25e-11,0.00101
1040,2.28e-07,2.279e-08,6.044e-09,4.8860100000000006e-09,2.3409e-08,2.601e-09,6.99e-05,0.000153,5.1e-05,0.0113,0.00718,8.12e-05,0.0001,4.55e-11,0.00101
1050,2.27e-07,2.269e-08,5.999e-09,4.85809e-09,2.3104000000000003e-08,2.5908099999999997e-09,6.97e-05,0.000152,5.09e-05,0.0112,0.00714,8.03e-05,0.0001,4.52e-11,0.00101
1060,2.259e-07,2.258e-08,5.957e-09,4.8302499999999995e-09,2.2801000000000003e-08,2.5806400000000003e-09,6.95e-05,0.000151,5.08e-05,0.0112,0.00711,7.94e-05,0.0001,5.02e-11,0.001
1070,2.249e-07,2.248e-08,5.912e-09,4.8024900000000004e-09,2.2499999999999996e-08,2.5603599999999996e-09,6.93e-05,0.00015,5.06e-05,0.0111,0.00778,8.64e-05,0.0001,4.01e-11,0.001
1080,2.239e-07,2.237e-08,5.867e-09,4.7748099999999996e-09,2.2499999999999996e-08,2.5603599999999996e-09,6.91e-05,0.00015,5.06e-05,0.011,0.00774,8.54e-05,0.0001,4.05e-11,0.001
1090,2.228e-07,2.227e-08,5.822e-09,4.7334400000000006e-09,2.2200999999999998e-08,2.54016e-09,6.88e-05,0.000149,5.04e-05,0.011,0.00771,8.45e-05,0.0001,4.35e-11,0.001
1100,2.217e-07,2.217e-08,5.778e-09,4.70596e-09,2.1904e-08,2.5300900000000003e-09,6.86e-05,0.000148,5.03e-05,0.0109,0.00767,8.35e-05,0.0001,3.37e-11,0.000999
1110,2.207e-07,2.206e-08,5.734e-09,4.67856e-09,2.1609e-08,2.52004e-09,6.84e-05,0.000147,5.02e-05,0.0108,0.00764,8.26e-05,0.0001,3.76e-11,0.000998
1120,2.197e-07,2.196e-08,5.691e-09,4.651240000000001e-09,2.1609e-08,2.5e-09,6.82e-05,0.000147,5e-05,0.0107,0.0076,8.17e-05,0.0001,3.94e-11,0.000996
1130,2.188e-07,2.187e-08,5.649e-09,4.624e-09,2.1316e-08,2.49001e-09,6.8e-05,0.000146,4.99e-05,0.0107,0.00757,8.08e-05,0.0001,3.3e-11,0.000995
1140,2.178e-07,2.177e-08,5.608e-09,4.583290000000001e-09,2.1025e-08,2.4800399999999996e-09,6.77e-05,0.000145,4.98e-05,0.0106,0.00753,8e-05,0.0001,3.72e-11,0.000994
1150,2.169e-07,2.168e-08,5.568e-09,4.55625e-09,2.0736e-08,2.47009e-09,6.75e-05,0.000144,4.97e-05,0.0105,0.0075,7.91e-05,0.0001,4.25e-11,0.000993
1160,2.16e-07,2.159e-08,5.529e-09,4.529289999999999e-09,2.0736e-08,2.46016e-09,6.73e-05,0.000144,4.96e-05,0.0105,0.00747,7.83e-05,0.0001,4.2e-11,0.000992
1170,2.151e-07,2.15e-08,5.49e-09,4.50241e-09,2.0449000000000003e-08,2.45025e-09,6.71e-05,0.000143,4.95e-05,0.0104,0.00743,7.75e-05,0.0001,3.59e-11,0.00099
1180,2.142e-07,2.141e-08,5.451e-09,4.47561e-09,2.0164e-08,2.43049e-09,6.69e-05,0.000142,4.93e-05,0.0104,0.0074,7.67e-05,0.0001,3.47e-11,0.000989
1190,2.133e-07,2.132e-08,5.414e-09,4.462239999999999e-09,2.0164e-08,2.4206400000000004e-09,6.68e-05,0.000142,4.92e-05,0.0103,0.00737,7.59e-05,0.0001,4.49e-11,0.000988
1200,2.125e-07,2.124e-08,5.378e-09,4.435560000000001e-09,1.9881000000000004e-08,2.4108100000000003e-09,6.66e-05,0.000141,4.91e-05,0.0102,0.00734,7.52e-05,0.0001,3.63e-11,0.000987
1210,2.117e-07,2.116e-08,5.342e-09,4.4089600000000005e-09,1.9599999999999997e-08,2.401e-09,6.64e-05,0.00014,4.9e-05,0.0102,0.00731,7.44e-05,0.0001,4.07e-11,0.000986
1220,2.108e-07,2.108e-08,5.306e-09,4.38244e-09,1.9599999999999997e-08,2.38144e-09,6.62e-05,0.00014,4.88e-05,0.0101,0.00728,7.37e-05,0.0001,5.34e-11,0.000985
1230,2.1e-07,2.1e-08,5.272e-09,4.356e-09,1.9320999999999998e-08,2.38144e-09,6.6e-05,0.000139,4.88e-05,0.0101,0.00725,7.3e-05,0.0001,4.34e-11,0.000984
1240,2.093e-07,2.092e-08,5.238e-09,4.32964e-09,1.9043999999999998e-08,2.3619600000000004e-09,6.58e-05,0.000138,4.86e-05,0.01,0.00722,7.23e-05,0.0001,3.24e-11,0.000983
1250,2.085e-07,2.084e-08,5.204e-09,4.3164899999999994e-09,1.9043999999999998e-08,2.35225e-09,6.57e-05,0.000138,4.85e-05,0.00996,0.00719,7.15e-05,0.0001,5.12e-11,0.000982
1260,2.077e-07,2.077e-08,5.171e-09,4.290250000000001e-09,1.8768999999999998e-08,2.34256e-09,6.55e-05,0.000137,4.84e-05,0.00991,0.00716,7.09e-05,0.0001,4.38e-11,0.000981
1270,2.07e-07,2.069e-08,5.139e-09,4.26409e-09,1.8496e-08,2.33289e-09,6.53e-05,0.000136,4.83e-05,0.00985,0.00713,7.02e-05,0.0001,3.31e-11,0.00098
1280,2.063e-07,2.062e-08,5.107e-09,4.25104e-09,1.8496e-08,2.32324e-09,6.52e-05,0.000136,4.82e-05,0.0098,0.0071,6.96e-05,0.0001,3.38e-11,0.000979
1290,2.056e-07,2.055e-08,5.075e-09,4.224999999999999e-09,1.8225e-08,2.31361e-09,6.5e-05,0.000135,4.81e-05,0.00975,0.00707,6.89e-05,0.0001,4.04e-11,0.000978
1300,2.049e-07,2.048e-08,5.044e-09,4.1990400000000004e-09,1.8225e-08,2.3040000000000003e-09,6.48e-05,0.000135,4.8e-05,0.0097,0.00704,6.83e-05,0.0001,3.28e-11,0.000977
1310,2.042e-07,2.041e-08,5.014e-09,4.18609e-09,1.7956000000000002e-08,2.2944099999999997e-09,6.47e-05,0.000134,4.79e-05,0.00965,0.00701,6.77e-05,0.0001,3.38e-11,0.000976
1320,2.035e-07,2.034e-08,4.984e-09,4.160249999999999e-09,1.7689e-08,2.28484e-09,6.45e-05,0.000133,4.78e-05,0.0096,0.00699,6.71e-05,0.0001,3.56e-11,0.000975
1330,2.028e-07,2.028e-08,4.955e-09,4.147359999999999e-09,1.7689e-08,2.27529e-09,6.44e-05,0.000133,4.77e-05,0.00955,0.00696,6.65e-05,0.0001,3.81e-11,0.000974
1340,2.022e-07,2.021e-08,4.926e-09,4.12164e-09,1.7424e-08,2.26576e-09,6.42e-05,0.000132,4.76e-05,0.00951,0.00693,6.59e-05,0.0001,3.64e-11,0.000973
1350,2.015e-07,2.015e-08,4.898e-09,4.10881e-09,1.7424e-08,2.2562500000000004e-09,6.41e-05,0.000132,4.75e-05,0.00946,0.0069,6.53e-05,0.0001,3.39e-11,0.000972
1360,2.009e-07,2.008e-08,4.87e-09,4.083209999999999e-09,1.7161000000000004e-08,2.2467600000000002e-09,6.39e-05,0.000131,4.74e-05,0.00941,0.00688,6.48e-05,0.0001,4.32e-11,0.000971
1370,2.003e-07,2.002e-08,4.843e-09,4.070440000000001e-09,1.7161000000000004e-08,2.23729e-09,6.38e-05,0.000131,4.73e-05,0.00937,0.00685,6.42e-05,0.0001,4.73e-11,0.00097
1380,1.997e-07,1.996e-08,4.816e-09,4.0449600000000005e-09,1.6899999999999996e-08,2.22784e-09,6.36e-05,0.00013,4.72e-05,0.00932,0.00683,6.36e-05,0.0001,3.88e-11,0.000969
1390,1.991e-07,1.99e-08,4.789e-09,4.03225e-09,1.6899999999999996e-08,2.21841e-09,6.35e-05,0.00013,4.71e-05,0.00928,0.0068,6.31e-05,0.0001,3.43e-11,0.000968
1400,1.984e-07,1.984e-08,4.763e-09,4.00689e-09,1.6640999999999997e-08,2.2089999999999997e-09,6.33e-05,0.000129,4.7e-05,0.00924,0.00677,6.26e-05,0.0001,3.19e-11,0.000968
1410,1.978e-07,1.977e-08,4.734e-09,3.9942400000000005e-09,1.6384e-08,2.19961e-09,6.32e-05,0.000128,4.69e-05,0.00919,0.00742,6.82e-05,0.0001,3.19e-11,0.000967
1420,1.972e-07,1.971e-08,4.706e-09,3.969e-09,1.6384e-08,2.19024e-09,6.3e-05,0.000128,4.68e-05,0.00914,0.0074,6.76e-05,0.0001,3.71e-11,0.000966
1430,1.966e-07,1.965e-08,4.679e-09,3.95641e-09,1.6129e-08,2.18089e-09,6.29e-05,0.000127,4.67e-05,0.0091,0.00737,6.71e-05,0.0001,3.68e-11,0.000965
1440,1.959e-07,1.959e-08,4.652e-09,3.93129e-09,1.6129e-08,2.1715600000000003e-09,6.27e-05,0.000127,4.66e-05,0.00906,0.00734,6.65e-05,0.0001,3.16e-11,0.000964
1450,1.953e-07,1.953e-08,4.625e-09,3.918760000000001e-09,1.5876e-08,2.16225e-09,6.26e-05,0.000126,4.65e-05,0.00901,0.00731,6.59e-05,0.0001,3.37e-11,0.000963
1460,1.948e-07,1.947e-08,4.599e-09,3.89376e-09,1.5876e-08,2.1529600000000004e-09,6.24e-05,0.000126,4.64e-05,0.00897,0.00729,6.54e-05,0.0001,2.64e-11,0.000962
1470,1.942e-07,1.941e-08,4.574e-09,3.88129e-09,1.5625e-08,2.14369e-09,6.23e-05,0.000125,4.63e-05,0.00893,0.00726,6.48e-05,0.0001,2.7e-11,0.000961
1480,1.936e-07,1.935e-08,4.548e-09,3.868839999999999e-09,1.5625e-08,2.13444e-09,6.22e-05,0.000125,4.62e-05,0.00888,0.00724,6.43e-05,0.0001,3.45e-11,0.00096
1490,1.93e-07,1.93e-08,4.523e-09,3.844e-09,1.5376e-08,2.1252100000000004e-09,6.2e-05,0.000124,4.61e-05,0.00884,0.00721,6.38e-05,0.0001,3.11e-11,0.000959
1500,1.925e-07,1.924e-08,4.499e-09,3.83161e-09,1.5376e-08,2.116e-09,6.19e-05,0.000124,4.6e-05,0.0088,0.00719,6.33e-05,0.0001,3.34e-11,0.000958
1510,1.919e-07,1.919e-08,4.474e-09,3.81924e-09,1.5129000000000003e-08,2.1068099999999997e-09,6.18e-05,0.000123,4.59e-05,0.00876,0.00716,6.27e-05,0.0001,4.05e-11,0.000958
1520,1.914e-07,1.913e-08,4.452e-09,3.794560000000001e-09,1.5129000000000003e-08,2.1068099999999997e-09,6.16e-05,0.000123,4.59e-05,0.00872,0.00713,6.22e-05,0.0001,4.3e-11,0.000957
1530,1.909e-07,1.908e-08,4.428e-09,3.782250000000001e-09,1.4884e-08,2.08849e-09,6.15e-05,0.000122,4.57e-05,0.00868,0.00711,6.17e-05,0.0001,3.86e-11,0.000956
1540,1.903e-07,1.903e-08,4.405e-09,3.7699600000000005e-09,1.4884e-08,2.0793599999999997e-09,6.14e-05,0.000122,4.56e-05,0.00865,0.00709,6.13e-05,0.0001,4.68e-11,0.000955
1550,1.898e-07,1.898e-08,4.383e-09,3.7454399999999994e-09,1.4641e-08,2.0793599999999997e-09,6.12e-05,0.000121,4.56e-05,0.00861,0.00706,6.08e-05,0.0001,3.74e-11,0.000954
1560,1.893e-07,1.893e-08,4.359e-09,3.733209999999999e-09,1.4641e-08,2.06116e-09,6.11e-05,0.000121,4.54e-05,0.00857,0.00704,6.03e-05,0.0001,3.83e-11,0.000953
1570,1.888e-07,1.888e-08,4.338e-09,3.721e-09,1.4400000000000002e-08,2.06116e-09,6.1e-05,0.00012,4.54e-05,0.00853,0.00701,5.98e-05,0.0001,3.06e-11,0.000953
1580,1.883e-07,1.883e-08,4.316e-09,3.7088100000000006e-09,1.4400000000000002e-08,2.0520900000000005e-09,6.09e-05,0.00012,4.53e-05,0.0085,0.00699,5.94e-05,0.0001,3.3e-11,0.000952
1590,1.878e-07,1.878e-08,4.294e-09,3.68449e-09,1.4161000000000002e-08,2.04304e-09,6.07e-05,0.000119,4.52e-05,0.00846,0.00697,5.89e-05,0.0001,3.75e-11,0.000951
1600,1.874e-07,1.873e-08,4.273e-09,3.6723600000000003e-09,1.4161000000000002e-08,2.0340099999999997e-09,6.06e-05,0.000119,4.51e-05,0.00843,0.00694,5.85e-05,0.0001,3.5e-11,0.00095
1610,1.869e-07,1.868e-08,4.253e-09,3.66025e-09,1.3924e-08,2.0250000000000003e-09,6.05e-05,0.000118,4.5e-05,0.00839,0.00692,5.81e-05,0.0001,4.45e-11,0.000949
1620,1.864e-07,1.864e-08,4.232e-09,3.6481599999999995e-09,1.3924e-08,2.01601e-09,6.04e-05,0.000118,4.49e-05,0.00836,0.0069,5.76e-05,0.0001,3.35e-11,0.000949
1630,1.86e-07,1.859e-08,4.212e-09,3.6360900000000004e-09,1.3924e-08,2.0070399999999997e-09,6.03e-05,0.000118,4.48e-05,0.00832,0.00687,5.72e-05,0.0001,3.2e-11,0.000948
1640,1.855e-07,1.855e-08,4.191e-09,3.62404e-09,1.3689e-08,1.99809e-09,6.02e-05,0.000117,4.47e-05,0.00829,0.00685,5.68e-05,0.0001,2.96e-11,0.000947
1650,1.851e-07,1.85e-08,4.172e-09,3.61201e-09,1.3689e-08,1.99809e-09,6.01e-05,0.000117,4.47e-05,0.00826,0.00683,5.64e-05,0.0001,4.16e-11,0.000946
1660,1.846e-07,1.846e-08,4.153e-09,3.58801e-09,1.3456e-08,1.98916e-09,5.99e-05,0.000116,4.46e-05,0.00822,0.00681,5.6e-05,0.0001,3.89e-11,0.000946
1670,1.842e-07,1.841e-08,4.134e-09,3.5760399999999996e-09,1.3456e-08,1.9802499999999996e-09,5.98e-05,0.000116,4.45e-05,0.00819,0.00679,5.56e-05,0.0001,3.37e-11,0.000945
1680,1.837e-07,1.837e-08,4.115e-09,3.5640900000000003e-09,1.3225000000000001e-08,1.97136e-09,5.97e-05,0.000115,4.44e-05,0.00816,0.00676,5.52e-05,0.0001,3.39e-11,0.000944
1690,1.833e-07,1.833e-08,4.096e-09,3.55216e-09,1.3225000000000001e-08,1.96249e-09,5.96e-05,0.000115,4.43e-05,0.00813,0.00674,5.48e-05,0.0001,2.89e-11,0.000944
1700,1.829e-07,1.829e-08,4.077e-09,3.5402500000000005e-09,1.3225000000000001e-08,1.95364e-09,5.95e-05,0.000115,4.42e-05,0.0081,0.00672,5.44e-05,0.0001,3.64e-11,0.000943
1710,1.825e-07,1.824e-08,4.06e-09,3.52836e-09,1.2996000000000001e-08,1.95364e-09,5.94e-05,0.000114,4.42e-05,0.00807,0.0067,5.41e-05,0.0001,2.9e-11,0.000942
1720,1.821e-07,1.82e-08,4.042e-09,3.5164899999999997e-09,1.2996000000000001e-08,1.94481e-09,5.93e-05,0.000114,4.41e-05,0.00804,0.00668,5.37e-05,0.0001,3.48e-11,0.000941
1730,1.817e-07,1.816e-08,4.024e-09,3.5046400000000004e-09,1.2768999999999998e-08,1.936e-09,5.92e-05,0.000113,4.4e-05,0.00801,0.00666,5.33e-05,0.0001,2.48e-11,0.000941
1740,1.813e-07,1.812e-08,4.006e-09,3.49281e-09,1.2768999999999998e-08,1.9272100000000004e-09,5.91e-05,0.000113,4.39e-05,0.00798,0.00664,5.3e-05,0.0001,3.58e-11,0.00094
1750,1.809e-07,1.808e-08,3.989e-09,3.481e-09,1.2768999999999998e-08,1.9272100000000004e-09,5.9e-05,0.000113,4.39e-05,0.00795,0.00662,5.26e-05,0.0001,2.88e-11,0.000939
1760,1.805e-07,1.805e-08,3.972e-09,3.4692100000000003e-09,1.2544e-08,1.9184400000000003e-09,5.89e-05,0.000112,4.38e-05,0.00792,0.0066,5.23e-05,0.0001,2.85e-11,0.000939
1770,1.801e-07,1.8e-08,3.955e-09,3.45744e-09,1.2544e-08,1.90969e-09,5.88e-05,0.000112,4.37e-05,0.00789,0.00723,5.71e-05,0.0001,2.7e-11,0.000938
1780,1.797e-07,1.796e-08,3.937e-09,3.4456899999999995e-09,1.2544e-08,1.9009600000000004e-09,5.87e-05,0.000112,4.36e-05,0.00786,0.00721,5.67e-05,0.0001,3.98e-11,0.000937
1790,1.793e-07,1.792e-08,3.919e-09,3.43396e-09,1.2321e-08,1.89225e-09,5.86e-05,0.000111,4.35e-05,0.00783,0.00719,5.63e-05,0.0001,2.79e-11,0.000936
1800,1.789e-07,1.788e-08,3.901e-09,3.42225e-09,1.2321e-08,1.8835599999999996e-09,5.85e-05,0.000111,4.34e-05,0.0078,0.00717,5.59e-05,0.0001,2.62e-11,0.000936
1810,1.784e-07,1.784e-08,3.884e-09,3.4105600000000003e-09,1.21e-08,1.8835599999999996e-09,5.84e-05,0.00011,4.34e-05,0.00777,0.00715,5.55e-05,0.0001,3.22e-11,0.000935
1820,1.78e-07,1.78e-08,3.866e-09,3.39889e-09,1.21e-08,1.8748900000000003e-09,5.83e-05,0.00011,4.33e-05,0.00774,0.00713,5.52e-05,0.0001,2.73e-11,0.000934
1830,1.777e-07,1.776e-08,3.849e-09,3.3756100000000005e-09,1.21e-08,1.86624e-09,5.81e-05,0.00011,4.32e-05,0.00771,0.00711,5.48e-05,0.0001,2.52e-11,0.000934
1840,1.773e-07,1.772e-08,3.833e-09,3.364e-09,1.1881e-08,1.8576099999999998e-09,5.8e-05,0.000109,4.31e-05,0.00768,0.00708,5.44e-05,0.0001,2.3e-11,0.000933
1850,1.769e-07,1.768e-08,3.816e-09,3.3524099999999996e-09,1.1881e-08,1.8576099999999998e-09,5.79e-05,0.000109,4.31e-05,0.00766,0.00706,5.41e-05,0.0001,2.68e-11,0.000932
1860,1.765e-07,1.765e-08,3.799e-09,3.3408400000000002e-09,1.1881e-08,1.8490000000000001e-09,5.78e-05,0.000109,4.3e-05,0.00763,0.00704,5.37e-05,0.0001,3.07e-11,0.000932
1870,1.761e-07,1.761e-08,3.783e-09,3.3292899999999998e-09,1.1664e-08,1.8404099999999999e-09,5.77e-05,0.000108,4.29e-05,0.0076,0.00702,5.34e-05,0.0001,2.29e-11,0.000931
1880,1.757e-07,1.757e-08,3.767e-09,3.3177599999999995e-09,1.1664e-08,1.8318399999999997e-09,5.76e-05,0.000108,4.28e-05,0.00757,0.007,5.3e-05,0.0001,2.53e-11,0.00093
1890,1.754e-07,1.753e-08,3.752e-09,3.3177599999999995e-09,1.1449e-08,1.82329e-09,5.76e-05,0.000107,4.27e-05,0.00755,0.00698,5.27e-05,0.0001,2.83e-11,0.00093
1900,1.75e-07,1.75e-08,3.736e-09,3.3062500000000002e-09,1.1449e-08,1.82329e-09,5.75e-05,0.000107,4.27e-05,0.00752,0.00696,5.23e-05,0.0001,2.39e-11,0.000929
1910,1.747e-07,1.746e-08,3.72e-09,3.29476e-09,1.1449e-08,1.8147599999999998e-09,5.74e-05,0.000107,4.26e-05,0.00749,0.00694,5.2e-05,0.0001,2.58e-11,0.000928
1920,1.743e-07,1.743e-08,3.705e-09,3.2832899999999997e-09,1.1236e-08,1.8062500000000003e-09,5.73e-05,0.000106,4.25e-05,0.00747,0.00692,5.17e-05,0.0001,2.4e-11,0.000928
1930,1.74e-07,1.739e-08,3.69e-09,3.27184e-09,1.1236e-08,1.79776e-09,5.72e-05,0.000106,4.24e-05,0.00744,0.0069,5.14e-05,0.0001,2.27e-11,0.000927
1940,1.736e-07,1.736e-08,3.675e-09,3.26041e-09,1.1236e-08,1.79776e-09,5.71e-05,0.000106,4.24e-05,0.00741,0.00688,5.1e-05,0.0001,2.79e-11,0.000926
1950,1.733e-07,1.732e-08,3.661e-09,3.2490000000000003e-09,1.1025000000000001e-08,1.78929e-09,5.7e-05,0.000105,4.23e-05,0.00739,0.00686,5.07e-05,0.0001,2.68e-11,0.000926
1960,1.729e-07,1.729e-08,3.646e-09,3.23761e-09,1.1025000000000001e-08,1.7808400000000002e-09,5.69e-05,0.000105,4.22e-05,0.00736,0.00685,5.04e-05,0.0001,2.71e-11,0.000925
1970,1.726e-07,1.726e-08,3.632e-09,3.22624e-09,1.1025000000000001e-08,1.77241e-09,5.68e-05,0.000105,4.21e-05,0.00734,0.00683,5.01e-05,0.0001,2.6e-11,0.000924
1980,1.723e-07,1.722e-08,3.618e-09,3.2148900000000003e-09,1.1025000000000001e-08,1.77241e-09,5.67e-05,0.000105,4.21e-05,0.00732,0.00681,4.98e-05,0.0001,2.99e-11,0.000924
1990,1.719e-07,1.719e-08,3.604e-09,3.20356e-09,1.0815999999999999e-08,1.764e-09,5.66e-05,0.000104,4.2e-05,0.00729,0.00679,4.95e-05,0.0001,2.37e-11,0.000923
2000,1.716e-07,1.716e-08,3.59e-09,3.1922499999999996e-09,1.0815999999999999e-08,1.75561e-09,5.65e-05,0.000104,4.19e-05,0.00727,0.00677,4.92e-05,0.0001,2.58e-11,0.000923
2010,1.713e-07,1.712e-08,3.577e-09,3.1922499999999996e-09,1.0815999999999999e-08,1.75561e-09,5.65e-05,0.000104,4.19e-05,0.00724,0.00675,4.89e-05,0.0001,2.37e-11,0.000922
2020,1.71e-07,1.709e-08,3.562e-09,3.18096e-09,1.0609e-08,1.74724e-09,5.64e-05,0.000103,4.18e-05,0.00722,0.00673,4.86e-05,0.0001,2.93e-11,0.000921
2030,1.706e-07,1.706e-08,3.55e-09,3.16969e-09,1.0609e-08,1.7388899999999998e-09,5.63e-05,0.000103,4.17e-05,0.0072,0.00672,4.83e-05,0.0001,3.07e-11,0.000921
2040,1.703e-07,1.703e-08,3.536e-09,3.1584399999999997e-09,1.0609e-08,1.73056e-09,5.62e-05,0.000103,4.16e-05,0.00718,0.0067,4.81e-05,0.0001,2.21e-11,0.00092
2050,1.7e-07,1.7e-08,3.523e-09,3.1472100000000003e-09,1.0404e-08,1.73056e-09,5.61e-05,0.000102,4.16e-05,0.00715,0.00668,4.78e-05,0.0001,2.32e-11,0.00092
2060,1.697e-07,1.697e-08,3.51e-09,3.136e-09,1.0404e-08,1.72225e-09,5.6e-05,0.000102,4.15e-05,0.00713,0.00666,4.75e-05,0.0001,2.44e-11,0.000919
2070,1.694e-07,1.694e-08,3.498e-09,3.1248099999999997e-09,1.0404e-08,1.72225e-09,5.59e-05,0.000102,4.15e-05,0.00711,0.00664,4.72e-05,0.0001,3.08e-11,0.000918
2080,1.691e-07,1.691e-08,3.485e-09,3.1248099999999997e-09,1.0404e-08,1.7139599999999997e-09,5.59e-05,0.000102,4.14e-05,0.00709,0.00663,4.7e-05,0.0001,2.18e-11,0.000918
2090,1.688e-07,1.688e-08,3.473e-09,3.11364e-09,1.0201e-08,1.7056900000000001e-09,5.58e-05,0.000101,4.13e-05,0.00707,0.00661,4.67e-05,0.0001,2.91e-11,0.000917
2100,1.685e-07,1.685e-08,3.46e-09,3.1024899999999997e-09,1.0201e-08,1.6974399999999999e-09,5.57e-05,0.000101,4.12e-05,0.00704,0.00659,4.64e-05,0.0001,2.04e-11,0.000917
2110,1.682e-07,1.682e-08,3.448e-09,3.0913600000000004e-09,1.0201e-08,1.6974399999999999e-09,5.56e-05,0.000101,4.12e-05,0.00702,0.00658,4.62e-05,0.0001,2.07e-11,0.000916
2120,1.679e-07,1.679e-08,3.436e-09,3.08025e-09,1e-08,1.6892100000000002e-09,5.55e-05,0.0001,4.11e-05,0.007,0.00656,4.59e-05,0.0001,2.39e-11,0.000916
2130,1.676e-07,1.676e-08,3.424e-09,3.08025e-09,1e-08,1.681e-09,5.55e-05,0.0001,4.1e-05,0.00698,0.00654,4.57e-05,0.0001,2.36e-11,0.000915
2140,1.673e-07,1.673e-08,3.413e-09,3.0691599999999998e-09,9.98001e-09,1.681e-09,5.54e-05,9.99e-05,4.1e-05,0.00696,0.00652,4.54e-05,0.0001,2.39e-11,0.000914
2150,1.671e-07,1.67e-08,3.401e-09,3.05809e-09,9.920159999999999e-09,1.67281e-09,5.53e-05,9.96e-05,4.09e-05,0.00694,0.00651,4.52e-05,0.0001,3.41e-11,0.000914
2160,1.668e-07,1.668e-08,3.388e-09,3.04704e-09,9.88036e-09,1.6646400000000002e-09,5.52e-05,9.94e-05,4.08e-05,0.00692,0.00649,4.49e-05,0.0001,2.38e-11,0.000913
2170,1.665e-07,1.665e-08,3.377e-09,3.04704e-09,9.82081e-09,1.6646400000000002e-09,5.52e-05,9.91e-05,4.08e-05,0.0069,0.00648,4.47e-05,0.0001,2.83e-11,0.000913
2180,1.662e-07,1.662e-08,3.366e-09,3.0360099999999997e-09,9.78121e-09,1.65649e-09,5.51e-05,9.89e-05,4.07e-05,0.00688,0.00646,4.44e-05,0.0001,3.33e-11,0.000912
2190,1.66e-07,1.659e-08,3.355e-09,3.025e-09,9.72196e-09,1.65649e-09,5.5e-05,9.86e-05,4.07e-05,0.00686,0.00644,4.42e-05,0.0001,2.64e-11,0.000912
2200,1.657e-07,1.657e-08,3.344e-09,3.01401e-09,9.682560000000002e-09,1.6483599999999999e-09,5.49e-05,9.84e-05,4.06e-05,0.00684,0.00643,4.4e-05,0.0001,2.6e-11,0.000911
2210,1.654e-07,1.654e-08,3.333e-09,3.01401e-09,9.62361e-09,1.6483599999999999e-09,5.49e-05,9.81e-05,4.06e-05,0.00682,0.00641,4.37e-05,0.0001,2.45e-11,0.000911
2220,1.652e-07,1.651e-08,3.322e-09,3.0030399999999996e-09,9.584409999999998e-09,1.6402500000000002e-09,5.48e-05,9.79e-05,4.05e-05,0.0068,0.00639,4.35e-05,0.0001,2.94e-11,0.00091
2230,1.649e-07,1.649e-08,3.311e-09,2.99209e-09,9.52576e-09,1.6321599999999999e-09,5.47e-05,9.76e-05,4.04e-05,0.00678,0.00638,4.33e-05,0.0001,1.99e-11,0.00091
2240,1.646e-07,1.646e-08,3.301e-09,2.98116e-09,9.486759999999999e-09,1.6321599999999999e-09,5.46e-05,9.74e-05,4.04e-05,0.00676,0.00636,4.3e-05,0.0001,2.22e-11,0.000909
2250,1.644e-07,1.643e-08,3.29e-09,2.98116e-09,9.42841e-09,1.6240899999999997e-09,5.46e-05,9.71e-05,4.03e-05,0.00674,0.00635,4.28e-05,0.0001,2.01e-11,0.000909
2260,1.641e-07,1.641e-08,3.28e-09,2.97025e-09,9.38961e-09,1.6240899999999997e-09,5.45e-05,9.69e-05,4.03e-05,0.00673,0.00633,4.26e-05,0.0001,2.08e-11,0.000908
2270,1.639e-07,1.638e-08,3.269e-09,2.95936e-09,9.350890000000002e-09,1.6160400000000001e-09,5.44e-05,9.67e-05,4.02e-05,0.00671,0.00632,4.24e-05,0.0001,2.33e-11,0.000908
2280,1.636e-07,1.636e-08,3.258e-09,2.94849e-09,9.29296e-09,1.6160400000000001e-09,5.43e-05,9.64e-05,4.02e-05,0.00669,0.0063,4.21e-05,0.0001,2.97e-11,0.000907
2290,1.633e-07,1.633e-08,3.248e-09,2.94849e-09,9.25444e-09,1.60801e-09,5.43e-05,9.62e-05,4.01e-05,0.00667,0.00691,4.61e-05,0.0001,2.49e-11,0.000906
2300,1.63e-07,1.63e-08,3.237e-09,2.9376400000000002e-09,9.19681e-09,1.6000000000000003e-09,5.42e-05,9.59e-05,4e-05,0.00665,0.0069,4.59e-05,0.0001,2.27e-11,0.000906
2310,1.628e-07,1.627e-08,3.225e-09,2.92681e-09,9.158489999999999e-09,1.59201e-09,5.41e-05,9.57e-05,3.99e-05,0.00663,0.00688,4.56e-05,0.0001,2.65e-11,0.000905
2320,1.625e-07,1.625e-08,3.214e-09,2.916e-09,9.10116e-09,1.59201e-09,5.4e-05,9.54e-05,3.99e-05,0.00661,0.00687,4.54e-05,0.0001,2.01e-11,0.000905
2330,1.622e-07,1.622e-08,3.204e-09,2.916e-09,9.06304e-09,1.5840399999999998e-09,5.4e-05,9.52e-05,3.98e-05,0.00659,0.00685,4.52e-05,0.0001,2.46e-11,0.000904
2340,1.62e-07,1.619e-08,3.193e-09,2.90521e-09,9.025000000000001e-09,1.5840399999999998e-09,5.39e-05,9.5e-05,3.98e-05,0.00657,0.00683,4.49e-05,0.0001,2.15e-11,0.000904
2350,1.617e-07,1.617e-08,3.182e-09,2.89444e-09,8.96809e-09,1.5760900000000003e-09,5.38e-05,9.47e-05,3.97e-05,0.00656,0.00682,4.47e-05,0.0001,2.04e-11,0.000903
2360,1.615e-07,1.614e-08,3.172e-09,2.8836899999999996e-09,8.930250000000001e-09,1.56816e-09,5.37e-05,9.45e-05,3.96e-05,0.00654,0.0068,4.45e-05,0.0001,1.94e-11,0.000903
2370,1.612e-07,1.612e-08,3.162e-09,2.8836899999999996e-09,8.87364e-09,1.56816e-09,5.37e-05,9.42e-05,3.96e-05,0.00652,0.00678,4.42e-05,0.0001,2.09e-11,0.000902
2380,1.609e-07,1.609e-08,3.152e-09,2.8729600000000004e-09,8.835999999999999e-09,1.56816e-09,5.36e-05,9.4e-05,3.96e-05,0.0065,0.00677,4.4e-05,0.0001,2.18e-11,0.000902
2390,1.607e-07,1.606e-08,3.141e-09,2.86225e-09,8.79844e-09,1.5523600000000002e-09,5.35e-05,9.38e-05,3.94e-05,0.00648,0.00675,4.38e-05,0.0001,1.92e-11,0.000901
2400,1.604e-07,1.604e-08,3.132e-09,2.86225e-09,8.76096e-09,1.5523600000000002e-09,5.35e-05,9.36e-05,3.94e-05,0.00647,0.00674,4.36e-05,0.0001,2e-11,0.000901
2410,1.602e-07,1.601e-08,3.121e-09,2.8515599999999996e-09,8.70489e-09,1.54449e-09,5.34e-05,9.33e-05,3.93e-05,0.00645,0.00672,4.33e-05,0.0001,2.16e-11,0.0009
2420,1.599e-07,1.599e-08,3.112e-09,2.84089e-09,8.66761e-09,1.54449e-09,5.33e-05,9.31e-05,3.93e-05,0.00643,0.00671,4.31e-05,0.0001,2.53e-11,0.0009
2430,1.597e-07,1.597e-08,3.102e-09,2.83024e-09,8.630409999999999e-09,1.5366399999999998e-09,5.32e-05,9.29e-05,3.92e-05,0.00641,0.00669,4.29e-05,0.0001,2.54e-11,0.000899
2440,1.594e-07,1.594e-08,3.092e-09,2.83024e-09,8.593290000000001e-09,1.5366399999999998e-09,5.32e-05,9.27e-05,3.92e-05,0.0064,0.00668,4.27e-05,0.0001,2.35e-11,0.000899
2450,1.592e-07,1.592e-08,3.083e-09,2.8196100000000004e-09,8.55625e-09,1.5288100000000002e-09,5.31e-05,9.25e-05,3.91e-05,0.00638,0.00666,4.25e-05,0.0001,2.06e-11,0.000898
2460,1.589e-07,1.589e-08,3.074e-09,2.809e-09,8.519289999999998e-09,1.5288100000000002e-09,5.3e-05,9.23e-05,3.91e-05,0.00636,0.00665,4.23e-05,0.0001,1.97e-11,0.000898
2470,1.587e-07,1.587e-08,3.064e-09,2.809e-09,8.464e-09,1.521e-09,5.3e-05,9.2e-05,3.9e-05,0.00634,0.00663,4.21e-05,0.0001,1.86e-11,0.000897
2480,1.585e-07,1.584e-08,3.055e-09,2.7984099999999996e-09,8.427239999999999e-09,1.521e-09,5.29e-05,9.18e-05,3.9e-05,0.00633,0.00662,4.19e-05,0.0001,2.39e-11,0.000897
2490,1.582e-07,1.582e-08,3.046e-09,2.78784e-09,8.390560000000001e-09,1.5132099999999998e-09,5.28e-05,9.16e-05,3.89e-05,0.00631,0.0066,4.17e-05,0.0001,2.05e-11,0.000896
2500,1.58e-07,1.58e-08,3.037e-09,2.78784e-09,8.35396e-09,1.5054400000000001e-09,5.28e-05,9.14e-05,3.88e-05,0.00629,0.00659,4.15e-05,0.0001,1.94e-11,0.000896
2510,1.578e-07,1.577e-08,3.028e-09,2.77729e-09,8.317439999999999e-09,1.5054400000000001e-09,5.27e-05,9.12e-05,3.88e-05,0.00628,0.00657,4.13e-05,0.0001,2.22e-11,0.000895
2520,1.575e-07,1.575e-08,3.019e-09,2.7667599999999997e-09,8.281e-09,1.4976899999999998e-09,5.26e-05,9.1e-05,3.87e-05,0.00626,0.00656,4.11e-05,0.0001,2.26e-11,0.000895
2530,1.573e-07,1.573e-08,3.009e-09,2.7667599999999997e-09,8.24464e-09,1.4899600000000003e-09,5.26e-05,9.08e-05,3.86e-05,0.00625,0.00654,4.09e-05,0.0001,2.12e-11,0.000894
2540,1.571e-07,1.57e-08,3.001e-09,2.7562500000000003e-09,8.208360000000002e-09,1.4899600000000003e-09,5.25e-05,9.06e-05,3.86e-05,0.00623,0.00653,4.07e-05,0.0001,2.2e-11,0.000894
2550,1.568e-07,1.568e-08,2.993e-09,2.74576e-09,8.17216e-09,1.4899600000000003e-09,5.24e-05,9.04e-05,3.86e-05,0.00621,0.00651,4.05e-05,0.0001,2.38e-11,0.000893
2560,1.566e-07,1.566e-08,2.984e-09,2.74576e-09,8.136039999999999e-09,1.4822500000000001e-09,5.24e-05,9.02e-05,3.85e-05,0.0062,0.0065,4.03e-05,0.0001,1.84e-11,0.000893
2570,1.564e-07,1.564e-08,2.975e-09,2.7352899999999996e-09,8.100000000000001e-09,1.4822500000000001e-09,5.23e-05,9e-05,3.85e-05,0.00618,0.00649,4.01e-05,0.0001,1.86e-11,0.000892
2580,1.562e-07,1.561e-08,2.967e-09,2.7352899999999996e-09,8.08201e-09,1.47456e-09,5.23e-05,8.99e-05,3.84e-05,0.00617,0.00647,3.99e-05,0.0001,2.07e-11,0.000892
2590,1.559e-07,1.559e-08,2.958e-09,2.7248400000000003e-09,8.04609e-09,1.47456e-09,5.22e-05,8.97e-05,3.84e-05,0.00615,0.00646,3.97e-05,0.0001,1.94e-11,0.000892
2600,1.557e-07,1.557e-08,2.95e-09,2.71441e-09,8.010249999999999e-09,1.4668900000000003e-09,5.21e-05,8.95e-05,3.83e-05,0.00614,0.00644,3.95e-05,0.0001,2.33e-11,0.000891
2610,1.555e-07,1.555e-08,2.942e-09,2.71441e-09,7.97449e-09,1.4668900000000003e-09,5.21e-05,8.93e-05,3.83e-05,0.00612,0.00643,3.94e-05,0.0001,1.77e-11,0.000891
2620,1.553e-07,1.553e-08,2.933e-09,2.7039999999999998e-09,7.93881e-09,1.45924e-09,5.2e-05,8.91e-05,3.82e-05,0.00611,0.00642,3.92e-05,0.0001,2.3e-11,0.00089
2630,1.551e-07,1.551e-08,2.925e-09,2.69361e-09,7.90321e-09,1.45161e-09,5.19e-05,8.89e-05,3.81e-05,0.00609,0.0064,3.9e-05,0.0001,1.57e-11,0.00089
2640,1.549e-07,1.548e-08,2.917e-09,2.69361e-09,7.86769e-09,1.45161e-09,5.19e-05,8.87e-05,3.81e-05,0.00608,0.00639,3.88e-05,0.0001,1.84e-11,0.000889
2650,1.547e-07,1.546e-08,2.909e-09,2.68324e-09,7.84996e-09,1.4440000000000002e-09,5.18e-05,8.86e-05,3.8e-05,0.00606,0.00638,3.87e-05,0.0001,2.41e-11,0.000889
2660,1.544e-07,1.544e-08,2.901e-09,2.68324e-09,7.81456e-09,1.4440000000000002e-09,5.18e-05,8.84e-05,3.8e-05,0.00605,0.00636,3.85e-05,0.0001,1.82e-11,0.000888
2670,1.542e-07,1.542e-08,2.894e-09,2.6728900000000003e-09,7.77924e-09,1.4440000000000002e-09,5.17e-05,8.82e-05,3.8e-05,0.00604,0.00635,3.83e-05,0.0001,1.68e-11,0.000888
2680,1.54e-07,1.54e-08,2.885e-09,2.66256e-09,7.744e-09,1.43641e-09,5.16e-05,8.8e-05,3.79e-05,0.00602,0.00634,3.81e-05,0.0001,1.86e-11,0.000888
2690,1.538e-07,1.538e-08,2.878e-09,2.66256e-09,7.726409999999999e-09,1.43641e-09,5.16e-05,8.79e-05,3.79e-05,0.00601,0.00632,3.8e-05,0.0001,2.32e-11,0.000887
2700,1.536e-07,1.536e-08,2.87e-09,2.65225e-09,7.69129e-09,1.4288399999999998e-09,5.15e-05,8.77e-05,3.78e-05,0.00599,0.00631,3.78e-05,0.0001,2.33e-11,0.000887
2710,1.534e-07,1.534e-08,2.863e-09,2.65225e-09,7.65625e-09,1.4288399999999998e-09,5.15e-05,8.75e-05,3.78e-05,0.00598,0.0063,3.77e-05,0.0001,1.79e-11,0.000886
2720,1.532e-07,1.532e-08,2.855e-09,2.6419600000000003e-09,7.63876e-09,1.4212900000000002e-09,5.14e-05,8.74e-05,3.77e-05,0.00596,0.00628,3.75e-05,0.0001,2.02e-11,0.000886
2730,1.53e-07,1.53e-08,2.848e-09,2.6419600000000003e-09,7.603840000000002e-09,1.4212900000000002e-09,5.14e-05,8.72e-05,3.77e-05,0.00595,0.00627,3.73e-05,0.0001,1.74e-11,0.000885
2740,1.528e-07,1.528e-08,2.84e-09,2.63169e-09,7.569e-09,1.4137599999999999e-09,5.13e-05,8.7e-05,3.76e-05,0.00594,0.00626,3.72e-05,0.0001,1.48e-11,0.000885
2750,1.526e-07,1.526e-08,2.832e-09,2.6214399999999996e-09,7.55161e-09,1.4062499999999998e-09,5.12e-05,8.69e-05,3.75e-05,0.00592,0.00625,3.7e-05,0.0001,1.75e-11,0.000885
2760,1.524e-07,1.524e-08,2.825e-09,2.6214399999999996e-09,7.516890000000002e-09,1.4062499999999998e-09,5.12e-05,8.67e-05,3.75e-05,0.00591,0.00623,3.68e-05,0.0001,1.81e-11,0.000884
2770,1.522e-07,1.522e-08,2.818e-09,2.61121e-09,7.48225e-09,1.39876e-09,5.11e-05,8.65e-05,3.74e-05,0.0059,0.00684,4.04e-05,0.0001,1.79e-11,0.000884
2780,1.52e-07,1.52e-08,2.81e-09,2.61121e-09,7.46496e-09,1.39876e-09,5.11e-05,8.64e-05,3.74e-05,0.00588,0.00683,4.02e-05,0.0001,1.79e-11,0.000883
2790,1.518e-07,1.518e-08,2.802e-09,2.601e-09,7.430439999999999e-09,1.39876e-09,5.1e-05,8.62e-05,3.74e-05,0.00587,0.00682,4e-05,0.0001,2.13e-11,0.000883
2800,1.516e-07,1.515e-08,2.794e-09,2.5908099999999997e-09,7.3960000000000005e-09,1.3912899999999999e-09,5.09e-05,8.6e-05,3.73e-05,0.00585,0.0068,3.98e-05,0.0001,1.86e-11,0.000882
2810,1.514e-07,1.513e-08,2.787e-09,2.5908099999999997e-09,7.361639999999999e-09,1.3912899999999999e-09,5.09e-05,8.58e-05,3.73e-05,0.00584,0.00679,3.96e-05,0.0001,2.37e-11,0.000882
2820,1.511e-07,1.511e-08,2.779e-09,2.5806400000000003e-09,7.344489999999999e-09,1.3838400000000003e-09,5.08e-05,8.57e-05,3.72e-05,0.00583,0.00677,3.95e-05,0.0001,1.93e-11,0.000881
2830,1.509e-07,1.509e-08,2.771e-09,2.5806400000000003e-09,7.310250000000001e-09,1.37641e-09,5.08e-05,8.55e-05,3.71e-05,0.00581,0.00676,3.93e-05,0.0001,1.81e-11,0.000881
2840,1.507e-07,1.507e-08,2.764e-09,2.57049e-09,7.27609e-09,1.37641e-09,5.07e-05,8.53e-05,3.71e-05,0.0058,0.00675,3.91e-05,0.0001,2e-11,0.000881
2850,1.505e-07,1.505e-08,2.757e-09,2.5603599999999996e-09,7.259039999999999e-09,1.37641e-09,5.06e-05,8.52e-05,3.71e-05,0.00579,0.00673,3.9e-05,0.0001,1.68e-11,0.00088
2860,1.503e-07,1.503e-08,2.749e-09,2.5603599999999996e-09,7.225000000000001e-09,1.369e-09,5.06e-05,8.5e-05,3.7e-05,0.00577,0.00672,3.88e-05,0.0001,2.43e-11,0.00088
2870,1.501e-07,1.501e-08,2.742e-09,2.55025e-09,7.19104e-09,1.369e-09,5.05e-05,8.48e-05,3.7e-05,0.00576,0.00671,3.86e-05,0.0001,1.74e-11,0.000879
2880,1.499e-07,1.499e-08,2.735e-09,2.55025e-09,7.17409e-09,1.3616100000000002e-09,5.05e-05,8.47e-05,3.69e-05,0.00574,0.00669,3.85e-05,0.0001,1.9e-11,0.000879
2890,1.497e-07,1.497e-08,2.728e-09,2.54016e-09,7.140249999999999e-09,1.3616100000000002e-09,5.04e-05,8.45e-05,3.69e-05,0.00573,0.00668,3.83e-05,0.0001,1.93e-11,0.000878
2900,1.495e-07,1.495e-08,2.72e-09,2.5300900000000003e-09,7.123360000000001e-09,1.35424e-09,5.03e-05,8.44e-05,3.68e-05,0.00572,0.00667,3.81e-05,0.0001,1.86e-11,0.000878
2910,1.493e-07,1.493e-08,2.713e-09,2.5300900000000003e-09,7.08964e-09,1.35424e-09,5.03e-05,8.42e-05,3.68e-05,0.0057,0.00666,3.8e-05,0.0001,2.87e-11,0.000878
2920,1.491e-07,1.491e-08,2.705e-09,2.52004e-09,7.056e-09,1.3468899999999999e-09,5.02e-05,8.4e-05,3.67e-05,0.00569,0.00664,3.78e-05,0.0001,2.1e-11,0.000877
2930,1.489e-07,1.489e-08,2.699e-09,2.52004e-09,7.039210000000001e-09,1.3468899999999999e-09,5.02e-05,8.39e-05,3.67e-05,0.00568,0.00663,3.76e-05,0.0001,1.6e-11,0.000877
2940,1.487e-07,1.487e-08,2.692e-09,2.5100099999999997e-09,7.0056900000000004e-09,1.33956e-09,5.01e-05,8.37e-05,3.66e-05,0.00567,0.00662,3.75e-05,0.0001,2.33e-11,0.000876
2950,1.485e-07,1.485e-08,2.685e-09,2.5100099999999997e-09,6.98896e-09,1.33956e-09,5.01e-05,8.36e-05,3.66e-05,0.00565,0.00661,3.73e-05,0.0001,3.34e-11,0.000876
2960,1.483e-07,1.483e-08,2.678e-09,2.5e-09,6.955559999999999e-09,1.33225e-09,5e-05,8.34e-05,3.65e-05,0.00564,0.00659,3.72e-05,0.0001,2.19e-11,0.000875
2970,1.481e-07,1.481e-08,2.671e-09,2.5e-09,6.938890000000001e-09,1.33225e-09,5e-05,8.33e-05,3.65e-05,0.00563,0.00658,3.7e-05,0.0001,2.15e-11,0.000875
2980,1.479e-07,1.479e-08,2.664e-09,2.49001e-09,6.90561e-09,1.3249599999999997e-09,4.99e-05,8.31e-05,3.64e-05,0.00562,0.00657,3.69e-05,0.0001,2.58e-11,0.000875
2990,1.478e-07,1.477e-08,2.658e-09,2.4800399999999996e-09,6.889e-09,1.3249599999999997e-09,4.98e-05,8.3e-05,3.64e-05,0.0056,0.00656,3.67e-05,0.0001,2.77e-11,0.000874
3000,1.476e-07,1.475e-08,2.652e-09,2.4800399999999996e-09,6.855839999999999e-09,1.3249599999999997e-09,4.98e-05,8.28e-05,3.64e-05,0.00559,0.00654,3.66e-05,0.0001,1.94e-11,0.000874
3010,1.474e-07,1.474e-08,2.645e-09,2.47009e-09,6.839290000000001e-09,1.31769e-09,4.97e-05,8.27e-05,3.63e-05,0.00558,0.00653,3.64e-05,0.0001,2.42e-11,0.000873
3020,1.472e-07,1.472e-08,2.638e-09,2.47009e-09,6.80625e-09,1.31769e-09,4.97e-05,8.25e-05,3.63e-05,0.00557,0.00652,3.63e-05,0.0001,1.87e-11,0.000873
3030,1.47e-07,1.47e-08,2.632e-09,2.46016e-09,6.7897599999999995e-09,1.3104399999999999e-09,4.96e-05,8.24e-05,3.62e-05,0.00555,0.00651,3.61e-05,0.0001,2.32e-11,0.000873
3040,1.468e-07,1.468e-08,2.625e-09,2.46016e-09,6.7732899999999995e-09,1.3032100000000003e-09,4.96e-05,8.23e-05,3.61e-05,0.00554,0.00649,3.6e-05,0.0001,2.67e-11,0.000872
3050,1.466e-07,1.466e-08,2.619e-09,2.45025e-09,6.74041e-09,1.3032100000000003e-09,4.95e-05,8.21e-05,3.61e-05,0.00553,0.00648,3.58e-05,0.0001,2.26e-11,0.000872
3060,1.465e-07,1.464e-08,2.613e-09,2.45025e-09,6.724e-09,1.3032100000000003e-09,4.95e-05,8.2e-05,3.61e-05,0.00552,0.00647,3.57e-05,0.0001,2.76e-11,0.000871
3070,1.463e-07,1.462e-08,2.606e-09,2.44036e-09,6.69124e-09,1.296e-09,4.94e-05,8.18e-05,3.6e-05,0.00551,0.00646,3.56e-05,0.0001,1.88e-11,0.000871
3080,1.461e-07,1.461e-08,2.6e-09,2.44036e-09,6.674889999999999e-09,1.296e-09,4.94e-05,8.17e-05,3.6e-05,0.00549,0.00645,3.54e-05,0.0001,1.92e-11,0.000871
3090,1.459e-07,1.459e-08,2.594e-09,2.43049e-09,6.658560000000001e-09,1.296e-09,4.93e-05,8.16e-05,3.6e-05,0.00548,0.00644,3.53e-05,0.0001,2.3e-11,0.00087
3100,1.457e-07,1.457e-08,2.587e-09,2.43049e-09,6.62596e-09,1.2888099999999998e-09,4.93e-05,8.14e-05,3.59e-05,0.00547,0.00642,3.51e-05,0.0001,2.44e-11,0.00087
3110,1.455e-07,1.455e-08,2.581e-09,2.4206400000000004e-09,6.60969e-09,1.2888099999999998e-09,4.92e-05,8.13e-05,3.59e-05,0.00546,0.00641,3.5e-05,0.0001,2.24e-11,0.000869
3120,1.454e-07,1.453e-08,2.575e-09,2.4206400000000004e-09,6.5934399999999995e-09,1.2816400000000001e-09,4.92e-05,8.12e-05,3.58e-05,0.00545,0.0064,3.49e-05,0.0001,1.95e-11,0.000869
3130,1.452e-07,1.452e-08,2.569e-09,2.4108100000000003e-09,6.561000000000001e-09,1.2816400000000001e-09,4.91e-05,8.1e-05,3.58e-05,0.00544,0.00639,3.47e-05,0.0001,2.67e-11,0.000869
3140,1.45e-07,1.45e-08,2.563e-09,2.4108100000000003e-09,6.54481e-09,1.27449e-09,4.91e-05,8.09e-05,3.57e-05,0.00542,0.00638,3.46e-05,0.0001,1.96e-11,0.000868
3150,1.448e-07,1.448e-08,2.557e-09,2.401e-09,6.5286399999999995e-09,1.27449e-09,4.9e-05,8.08e-05,3.57e-05,0.00541,0.00637,3.45e-05,0.0001,2.4e-11,0.000868
3160,1.447e-07,1.446e-08,2.551e-09,2.401e-09,6.496359999999999e-09,1.2673599999999999e-09,4.9e-05,8.06e-05,3.56e-05,0.0054,0.00635,3.43e-05,0.0001,2.25e-11,0.000868
3170,1.445e-07,1.445e-08,2.545e-09,2.3912100000000005e-09,6.480250000000001e-09,1.2673599999999999e-09,4.89e-05,8.05e-05,3.56e-05,0.00539,0.00634,3.42e-05,0.0001,2.18e-11,0.000867
3180,1.443e-07,1.443e-08,2.539e-09,2.3912100000000005e-09,6.4641600000000006e-09,1.2673599999999999e-09,4.89e-05,8.04e-05,3.56e-05,0.00538,0.00633,3.41e-05,0.0001,2.51e-11,0.000867
3190,1.441e-07,1.441e-08,2.534e-09,2.38144e-09,6.44809e-09,1.26025e-09,4.88e-05,8.03e-05,3.55e-05,0.00537,0.00632,3.39e-05,0.0001,2.79e-11,0.000866
3200,1.44e-07,1.44e-08,2.528e-09,2.38144e-09,6.416009999999999e-09,1.26025e-09,4.88e-05,8.01e-05,3.55e-05,0.00536,0.00631,3.38e-05,0.0001,2.49e-11,0.000866
3210,1.438e-07,1.438e-08,2.523e-09,2.3716899999999997e-09,6.400000000000001e-09,1.26025e-09,4.87e-05,8e-05,3.55e-05,0.00535,0.0063,3.37e-05,0.0001,1.87e-11,0.000866
3220,1.436e-07,1.436e-08,2.517e-09,2.3716899999999997e-09,6.384010000000001e-09,1.25316e-09,4.87e-05,7.99e-05,3.54e-05,0.00534,0.00629,3.36e-05,0.0001,1.93e-11,0.000865
3230,1.435e-07,1.435e-08,2.511e-09,2.3619600000000004e-09,6.36804e-09,1.25316e-09,4.86e-05,7.98e-05,3.54e-05,0.00533,0.00628,3.34e-05,0.0001,2.53e-11,0.000865
3240,1.433e-07,1.433e-08,2.505e-09,2.3619600000000004e-09,6.336159999999999e-09,1.2460899999999998e-09,4.86e-05,7.96e-05,3.53e-05,0.00532,0.00627,3.33e-05,0.0001,2.3e-11,0.000865
3250,1.431e-07,1.431e-08,2.5e-09,2.35225e-09,6.320249999999999e-09,1.2460899999999998e-09,4.85e-05,7.95e-05,3.53e-05,0.00531,0.00625,3.32e-05,0.0001,2.66e-11,0.000864
3260,1.43e-07,1.429e-08,2.495e-09,2.35225e-09,6.304360000000001e-09,1.2460899999999998e-09,4.85e-05,7.94e-05,3.53e-05,0.00529,0.00624,3.31e-05,0.0001,2.36e-11,0.000864
3270,1.428e-07,1.428e-08,2.489e-09,2.34256e-09,6.2884900000000005e-09,1.23904e-09,4.84e-05,7.93e-05,3.52e-05,0.00528,0.00623,3.29e-05,0.0001,2.68e-11,0.000863
3280,1.426e-07,1.426e-08,2.483e-09,2.34256e-09,6.27264e-09,1.23904e-09,4.84e-05,7.92e-05,3.52e-05,0.00527,0.00622,3.28e-05,0.0001,2.13e-11,0.000863
3290,1.425e-07,1.425e-08,2.478e-09,2.33289e-09,6.25681e-09,1.23201e-09,4.83e-05,7.91e-05,3.51e-05,0.00526,0.00621,3.27e-05,0.0001,1.91e-11,0.000863
3300,1.423e-07,1.423e-08,2.473e-09,2.33289e-09,6.225209999999999e-09,1.23201e-09,4.83e-05,7.89e-05,3.51e-05,0.00525,0.0062,3.26e-05,0.0001,2.88e-11,0.000862
3310,1.421e-07,1.421e-08,2.467e-09,2.32324e-09,6.209440000000001e-09,1.23201e-09,4.82e-05,7.88e-05,3.51e-05,0.00524,0.00619,3.25e-05,0.0001,1.93e-11,0.000862
3320,1.42e-07,1.42e-08,2.462e-09,2.32324e-09,6.19369e-09,1.2249999999999998e-09,4.82e-05,7.87e-05,3.5e-05,0.00523,0.00618,3.23e-05,0.0001,2.29e-11,0.000862
3330,1.418e-07,1.418e-08,2.457e-09,2.31361e-09,6.17796e-09,1.2249999999999998e-09,4.81e-05,7.86e-05,3.5e-05,0.00522,0.00617,3.22e-05,0.0001,2.3e-11,0.000861
3340,1.417e-07,1.416e-08,2.452e-09,2.31361e-09,6.1622499999999995e-09,1.21801e-09,4.81e-05,7.85e-05,3.49e-05,0.00521,0.00616,3.21e-05,0.0001,2.26e-11,0.000861
3350,1.415e-07,1.415e-08,2.446e-09,2.3040000000000003e-09,6.146559999999999e-09,1.21801e-09,4.8e-05,7.84e-05,3.49e-05,0.0052,0.00615,3.2e-05,0.0001,2.15e-11,0.000861
3360,1.413e-07,1.413e-08,2.441e-09,2.3040000000000003e-09,6.130890000000001e-09,1.21801e-09,4.8e-05,7.83e-05,3.49e-05,0.00519,0.00614,3.19e-05,0.0001,2.09e-11,0.00086
3370,1.412e-07,1.412e-08,2.436e-09,2.3040000000000003e-09,6.09961e-09,1.21104e-09,4.8e-05,7.81e-05,3.48e-05,0.00518,0.00613,3.18e-05,0.0001,2.08e-11,0.00086
3380,1.41e-07,1.41e-08,2.431e-09,2.2944099999999997e-09,6.084e-09,1.21104e-09,4.79e-05,7.8e-05,3.48e-05,0.00517,0.00612,3.16e-05,0.0001,2.81e-11,0.00086
3390,1.409e-07,1.409e-08,2.425e-09,2.2944099999999997e-09,6.068409999999999e-09,1.2040900000000001e-09,4.79e-05,7.79e-05,3.47e-05,0.00516,0.00611,3.15e-05,0.0001,2.42e-11,0.000859
3400,1.407e-07,1.407e-08,2.42e-09,2.28484e-09,6.052839999999999e-09,1.2040900000000001e-09,4.78e-05,7.78e-05,3.47e-05,0.00515,0.00671,3.46e-05,0.0001,1.95e-11,0.000859
3410,1.405e-07,1.405e-08,2.415e-09,2.28484e-09,6.03729e-09,1.2040900000000001e-09,4.78e-05,7.77e-05,3.47e-05,0.00514,0.0067,3.44e-05,0.0001,2.56e-11,0.000859
3420,1.404e-07,1.404e-08,2.409e-09,2.27529e-09,6.0217600000000005e-09,1.19716e-09,4.77e-05,7.76e-05,3.46e-05,0.00513,0.00668,3.43e-05,0.0001,1.71e-11,0.000858
3430,1.402e-07,1.402e-08,2.404e-09,2.27529e-09,6.00625e-09,1.19716e-09,4.77e-05,7.75e-05,3.46e-05,0.00512,0.00667,3.42e-05,0.0001,2.05e-11,0.000858
3440,1.4e-07,1.4e-08,2.398e-09,2.26576e-09,5.9752899999999995e-09,1.1902499999999999e-09,4.76e-05,7.73e-05,3.45e-05,0.00511,0.00666,3.41e-05,0.0001,2.18e-11,0.000857
3450,1.399e-07,1.398e-08,2.393e-09,2.26576e-09,5.959840000000001e-09,1.1902499999999999e-09,4.76e-05,7.72e-05,3.45e-05,0.0051,0.00665,3.39e-05,0.0001,2.48e-11,0.000857
3460,1.397e-07,1.397e-08,2.388e-09,2.2562500000000004e-09,5.944410000000001e-09,1.1833600000000001e-09,4.75e-05,7.71e-05,3.44e-05,0.00509,0.00664,3.38e-05,0.0001,2.36e-11,0.000857
3470,1.395e-07,1.395e-08,2.383e-09,2.2562500000000004e-09,5.9290000000000005e-09,1.1833600000000001e-09,4.75e-05,7.7e-05,3.44e-05,0.00508,0.00663,3.37e-05,0.0001,2.29e-11,0.000856
3480,1.394e-07,1.394e-08,2.377e-09,2.2467600000000002e-09,5.91361e-09,1.1833600000000001e-09,4.74e-05,7.69e-05,3.44e-05,0.00507,0.00662,3.36e-05,0.0001,2.24e-11,0.000856
3490,1.392e-07,1.392e-08,2.372e-09,2.2467600000000002e-09,5.89824e-09,1.17649e-09,4.74e-05,7.68e-05,3.43e-05,0.00506,0.00661,3.34e-05,0.0001,2.31e-11,0.000856
3500,1.39e-07,1.39e-08,2.367e-09,2.23729e-09,5.882889999999999e-09,1.17649e-09,4.73e-05,7.67e-05,3.43e-05,0.00505,0.0066,3.33e-05,0.0001,2.32e-11,0.000855
3510,1.389e-07,1.389e-08,2.362e-09,2.23729e-09,5.85225e-09,1.16964e-09,4.73e-05,7.65e-05,3.42e-05,0.00504,0.00659,3.32e-05,0.0001,2.09e-11,0.000855
3520,1.387e-07,1.387e-08,2.356e-09,2.23729e-09,5.83696e-09,1.16964e-09,4.73e-05,7.64e-05,3.42e-05,0.00503,0.00658,3.31e-05,0.0001,2.29e-11,0.000855
3530,1.386e-07,1.385e-08,2.352e-09,2.22784e-09,5.8216899999999996e-09,1.16964e-09,4.72e-05,7.63e-05,3.42e-05,0.00502,0.00657,3.3e-05,0.0001,2.05e-11,0.000854
3540,1.384e-07,1.384e-08,2.346e-09,2.22784e-09,5.80644e-09,1.1628100000000002e-09,4.72e-05,7.62e-05,3.41e-05,0.00501,0.00655,3.28e-05,0.0001,2.02e-11,0.000854
3550,1.382e-07,1.382e-08,2.341e-09,2.21841e-09,5.791210000000001e-09,1.1628100000000002e-09,4.71e-05,7.61e-05,3.41e-05,0.005,0.00654,3.27e-05,0.0001,1.53e-11,0.000853
3560,1.381e-07,1.381e-08,2.336e-09,2.21841e-09,5.776000000000001e-09,1.1628100000000002e-09,4.71e-05,7.6e-05,3.41e-05,0.00499,0.00653,3.26e-05,0.0001,2.09e-11,0.000853
3570,1.379e-07,1.379e-08,2.331e-09,2.2089999999999997e-09,5.76081e-09,1.156e-09,4.7e-05,7.59e-05,3.4e-05,0.00498,0.00652,3.25e-05,0.0001,1.82e-11,0.000853
3580,1.378e-07,1.377e-08,2.327e-09,2.2089999999999997e-09,5.74564e-09,1.156e-09,4.7e-05,7.58e-05,3.4e-05,0.00497,0.00651,3.24e-05,0.0001,1.61e-11,0.000852
3590,1.376e-07,1.376e-08,2.322e-09,2.19961e-09,5.73049e-09,1.156e-09,4.69e-05,7.57e-05,3.4e-05,0.00496,0.0065,3.23e-05,0.0001,1.97e-11,0.000852
3600,1.374e-07,1.374e-08,2.317e-09,2.19961e-09,5.715359999999999e-09,1.1492099999999998e-09,4.69e-05,7.56e-05,3.39e-05,0.00495,0.00649,3.22e-05,0.0001,2.07e-11,0.000852
3610,1.373e-07,1.373e-08,2.312e-09,2.19024e-09,5.700250000000001e-09,1.1492099999999998e-09,4.68e-05,7.55e-05,3.39e-05,0.00495,0.00648,3.21e-05,0.0001,2.23e-11,0.000851
3620,1.371e-07,1.371e-08,2.307e-09,2.19024e-09,5.685160000000001e-09,1.14244e-09,4.68e-05,7.54e-05,3.38e-05,0.00494,0.00647,3.19e-05,0.0001,2.24e-11,0.000851
3630,1.37e-07,1.37e-08,2.302e-09,2.19024e-09,5.67009e-09,1.14244e-09,4.68e-05,7.53e-05,3.38e-05,0.00493,0.00646,3.18e-05,0.0001,2.22e-11,0.000851
3640,1.368e-07,1.368e-08,2.297e-09,2.18089e-09,5.6550399999999995e-09,1.14244e-09,4.67e-05,7.52e-05,3.38e-05,0.00492,0.00645,3.17e-05,0.0001,2.58e-11,0.00085
3650,1.367e-07,1.366e-08,2.293e-09,2.18089e-09,5.6400099999999994e-09,1.13569e-09,4.67e-05,7.51e-05,3.37e-05,0.00491,0.00644,3.16e-05,0.0001,2.26e-11,0.00085
3660,1.365e-07,1.365e-08,2.288e-09,2.1715600000000003e-09,5.624999999999999e-09,1.13569e-09,4.66e-05,7.5e-05,3.37e-05,0.0049,0.00643,3.15e-05,0.0001,2.51e-11,0.00085
3670,1.364e-07,1.363e-08,2.283e-09,2.1715600000000003e-09,5.610010000000001e-09,1.1289599999999998e-09,4.66e-05,7.49e-05,3.36e-05,0.00489,0.00642,3.14e-05,0.0001,2.32e-11,0.000849
3680,1.362e-07,1.362e-08,2.279e-09,2.16225e-09,5.59504e-09,1.1289599999999998e-09,4.65e-05,7.48e-05,3.36e-05,0.00488,0.00641,3.13e-05,0.0001,2.62e-11,0.000849
3690,1.361e-07,1.36e-08,2.274e-09,2.16225e-09,5.58009e-09,1.1289599999999998e-09,4.65e-05,7.47e-05,3.36e-05,0.00487,0.0064,3.12e-05,0.0001,2.19e-11,0.000849
3700,1.359e-07,1.359e-08,2.27e-09,2.16225e-09,5.5651599999999994e-09,1.1222500000000001e-09,4.65e-05,7.46e-05,3.35e-05,0.00486,0.00639,3.11e-05,0.0001,2.44e-11,0.000848
3710,1.358e-07,1.357e-08,2.265e-09,2.1529600000000004e-09,5.5502499999999995e-09,1.1222500000000001e-09,4.64e-05,7.45e-05,3.35e-05,0.00485,0.00638,3.1e-05,0.0001,2.06e-11,0.000848
3720,1.356e-07,1.356e-08,2.26e-09,2.1529600000000004e-09,5.535360000000001e-09,1.1222500000000001e-09,4.64e-05,7.44e-05,3.35e-05,0.00484,0.00637,3.09e-05,0.0001,1.55e-11,0.000848
3730,1.354e-07,1.354e-08,2.256e-09,2.14369e-09,5.520490000000001e-09,1.1222500000000001e-09,4.63e-05,7.43e-05,3.35e-05,0.00484,0.00636,3.08e-05,0.0001,2.06e-11,0.000847
3740,1.353e-07,1.353e-08,2.252e-09,2.14369e-09,5.50564e-09,1.1155599999999998e-09,4.63e-05,7.42e-05,3.34e-05,0.00483,0.00635,3.07e-05,0.0001,1.88e-11,0.000847
3750,1.352e-07,1.351e-08,2.247e-09,2.13444e-09,5.49081e-09,1.1155599999999998e-09,4.62e-05,7.41e-05,3.34e-05,0.00482,0.00634,3.06e-05,0.0001,2e-11,0.000847
3760,1.35e-07,1.35e-08,2.242e-09,2.13444e-09,5.476e-09,1.1088900000000003e-09,4.62e-05,7.4e-05,3.33e-05,0.00481,0.00633,3.05e-05,0.0001,2.3e-11,0.000846
3770,1.349e-07,1.348e-08,2.238e-09,2.13444e-09,5.461209999999999e-09,1.1088900000000003e-09,4.62e-05,7.39e-05,3.33e-05,0.0048,0.00632,3.04e-05,0.0001,1.85e-11,0.000846
3780,1.347e-07,1.347e-08,2.234e-09,2.1252100000000004e-09,5.446440000000001e-09,1.1088900000000003e-09,4.61e-05,7.38e-05,3.33e-05,0.00479,0.00631,3.03e-05,0.0001,1.78e-11,0.000846
3790,1.346e-07,1.346e-08,2.23e-09,2.1252100000000004e-09,5.431690000000001e-09,1.1088900000000003e-09,4.61e-05,7.37e-05,3.33e-05,0.00478,0.00631,3.02e-05,0.0001,1.89e-11,0.000845
3800,1.344e-07,1.344e-08,2.225e-09,2.116e-09,5.41696e-09,1.1022400000000001e-09,4.6e-05,7.36e-05,3.32e-05,0.00478,0.0063,3.01e-05,0.0001,1.65e-11,0.000845
3810,1.343e-07,1.343e-08,2.221e-09,2.116e-09,5.40225e-09,1.1022400000000001e-09,4.6e-05,7.35e-05,3.32e-05,0.00477,0.00629,3e-05,0.0001,1.94e-11,0.000845
3820,1.341e-07,1.341e-08,2.216e-09,2.116e-09,5.40225e-09,1.09561e-09,4.6e-05,7.35e-05,3.31e-05,0.00476,0.00628,2.99e-05,0.0001,1.65e-11,0.000844
3830,1.34e-07,1.34e-08,2.212e-09,2.1068099999999997e-09,5.3875599999999995e-09,1.09561e-09,4.59e-05,7.34e-05,3.31e-05,0.00475,0.00627,2.98e-05,0.0001,1.85e-11,0.000844
3840,1.338e-07,1.338e-08,2.208e-09,2.1068099999999997e-09,5.372890000000001e-09,1.089e-09,4.59e-05,7.33e-05,3.3e-05,0.00474,0.00626,2.97e-05,0.0001,1.61e-11,0.000844
3850,1.337e-07,1.337e-08,2.203e-09,2.0976400000000002e-09,5.35824e-09,1.089e-09,4.58e-05,7.32e-05,3.3e-05,0.00473,0.00625,2.96e-05,0.0001,1.57e-11,0.000843
3860,1.336e-07,1.335e-08,2.199e-09,2.0976400000000002e-09,5.34361e-09,1.089e-09,4.58e-05,7.31e-05,3.3e-05,0.00473,0.00624,2.95e-05,0.0001,1.35e-11,0.000843
3870,1.334e-07,1.334e-08,2.195e-09,2.0976400000000002e-09,5.329e-09,1.089e-09,4.58e-05,7.3e-05,3.3e-05,0.00472,0.00623,2.94e-05,0.0001,1.84e-11,0.000843
3880,1.333e-07,1.333e-08,2.191e-09,2.08849e-09,5.31441e-09,1.08241e-09,4.57e-05,7.29e-05,3.29e-05,0.00471,0.00622,2.93e-05,0.0001,3.03e-11,0.000843
3890,1.331e-07,1.331e-08,2.187e-09,2.08849e-09,5.299839999999999e-09,1.08241e-09,4.57e-05,7.28e-05,3.29e-05,0.0047,0.00621,2.92e-05,0.0001,2.19e-11,0.000842
3900,1.33e-07,1.33e-08,2.182e-09,2.0793599999999997e-09,5.2852900000000005e-09,1.0758399999999999e-09,4.56e-05,7.27e-05,3.28e-05,0.00469,0.0062,2.91e-05,0.0001,2.26e-11,0.000842
3910,1.329e-07,1.328e-08,2.179e-09,2.0793599999999997e-09,5.2852900000000005e-09,1.0758399999999999e-09,4.56e-05,7.27e-05,3.28e-05,0.00468,0.00619,2.9e-05,0.0001,2.26e-11,0.000842
3920,1.327e-07,1.327e-08,2.175e-09,2.0793599999999997e-09,5.27076e-09,1.0758399999999999e-09,4.56e-05,7.26e-05,3.28e-05,0.00468,0.00618,2.89e-05,0.0001,2.5e-11,0.000841
3930,1.326e-07,1.326e-08,2.17e-09,2.07025e-09,5.25625e-09,1.0692900000000001e-09,4.55e-05,7.25e-05,3.27e-05,0.00467,0.00618,2.88e-05,0.0001,2.22e-11,0.000841
3940,1.324e-07,1.324e-08,2.167e-09,2.07025e-09,5.2417599999999995e-09,1.0692900000000001e-09,4.55e-05,7.24e-05,3.27e-05,0.00466,0.00617,2.87e-05,0.0001,1.83e-11,0.000841
3950,1.323e-07,1.323e-08,2.162e-09,2.06116e-09,5.227289999999999e-09,1.0692900000000001e-09,4.54e-05,7.23e-05,3.27e-05,0.00465,0.00616,2.87e-05,0.0001,1.91e-11,0.00084
3960,1.322e-07,1.322e-08,2.158e-09,2.06116e-09,5.212840000000001e-09,1.06276e-09,4.54e-05,7.22e-05,3.26e-05,0.00465,0.00615,2.86e-05,0.0001,1.8e-11,0.00084
3970,1.32e-07,1.32e-08,2.155e-09,2.06116e-09,5.212840000000001e-09,1.06276e-09,4.54e-05,7.22e-05,3.26e-05,0.00464,0.00614,2.85e-05,0.0001,2.14e-11,0.00084
3980,1.319e-07,1.319e-08,2.151e-09,2.0520900000000005e-09,5.1984100000000005e-09,1.06276e-09,4.53e-05,7.21e-05,3.26e-05,0.00463,0.00613,2.84e-05,0.0001,1.41e-11,0.000839
3990,1.318e-07,1.317e-08,2.147e-09,2.0520900000000005e-09,5.184e-09,1.06276e-09,4.53e-05,7.2e-05,3.26e-05,0.00462,0.00612,2.83e-05,0.0001,2.39e-11,0.000839
4000,1.316e-07,1.316e-08,2.143e-09,2.0520900000000005e-09,5.16961e-09,1.0562499999999997e-09,4.53e-05,7.19e-05,3.25e-05,0.00461,0.00611,2.82e-05,0.0001,2.73e-11,0.000839
4010,1.315e-07,1.315e-08,2.139e-09,2.04304e-09,5.155239999999999e-09,1.0562499999999997e-09,4.52e-05,7.18e-05,3.25e-05,0.00461,0.00611,2.81e-05,0.0001,1.59e-11,0.000839
4020,1.314e-07,1.313e-08,2.135e-09,2.04304e-09,5.140889999999999e-09,1.0562499999999997e-09,4.52e-05,7.17e-05,3.25e-05,0.0046,0.0061,2.8e-05,0.0001,1.82e-11,0.000838
4030,1.312e-07,1.312e-08,2.132e-09,2.0340099999999997e-09,5.140889999999999e-09,1.0497600000000001e-09,4.51e-05,7.17e-05,3.24e-05,0.00459,0.00609,2.79e-05,0.0001,2.83e-11,0.000838
4040,1.311e-07,1.311e-08,2.128e-09,2.0340099999999997e-09,5.1265600000000005e-09,1.0497600000000001e-09,4.51e-05,7.16e-05,3.24e-05,0.00458,0.00608,2.79e-05,0.0001,2.44e-11,0.000838
4050,1.31e-07,1.309e-08,2.124e-09,2.0340099999999997e-09,5.112250000000001e-09,1.0497600000000001e-09,4.51e-05,7.15e-05,3.24e-05,0.00458,0.00607,2.78e-05,0.0001,1.97e-11,0.000837
4060,1.308e-07,1.308e-08,2.12e-09,2.0250000000000003e-09,5.09796e-09,1.04329e-09,4.5e-05,7.14e-05,3.23e-05,0.00457,0.00606,2.77e-05,0.0001,2.62e-11,0.000837
4070,1.307e-07,1.307e-08,2.116e-09,2.0250000000000003e-09,5.08369e-09,1.04329e-09,4.5e-05,7.13e-05,3.23e-05,0.00456,0.00605,2.76e-05,0.0001,2.16e-11,0.000837
4080,1.306e-07,1.305e-08,2.112e-09,2.0250000000000003e-09,5.08369e-09,1.04329e-09,4.5e-05,7.13e-05,3.23e-05,0.00455,0.00605,2.75e-05,0.0001,2.37e-11,0.000836
4090,1.304e-07,1.304e-08,2.109e-09,2.01601e-09,5.069439999999999e-09,1.0368399999999997e-09,4.49e-05,7.12e-05,3.22e-05,0.00455,0.00604,2.74e-05,0.0001,2.16e-11,0.000836
4100,1.303e-07,1.303e-08,2.105e-09,2.01601e-09,5.055209999999999e-09,1.0368399999999997e-09,4.49e-05,7.11e-05,3.22e-05,0.00454,0.00603,2.74e-05,0.0001,1.57e-11,0.000836
4110,1.302e-07,1.302e-08,2.102e-09,2.0070399999999997e-09,5.041e-09,1.0368399999999997e-09,4.48e-05,7.1e-05,3.22e-05,0.00453,0.00602,2.73e-05,0.0001,1.87e-11,0.000836
4120,1.3e-07,1.3e-08,2.098e-09,2.0070399999999997e-09,5.041e-09,1.03041e-09,4.48e-05,7.1e-05,3.21e-05,0.00452,0.00601,2.72e-05,0.0001,1.82e-11,0.000835
4130,1.299e-07,1.299e-08,2.094e-09,2.0070399999999997e-09,5.02681e-09,1.03041e-09,4.48e-05,7.09e-05,3.21e-05,0.00452,0.006,2.71e-05,0.0001,1.88e-11,0.000835
4140,1.298e-07,1.298e-08,2.091e-09,1.99809e-09,5.01264e-09,1.03041e-09,4.47e-05,7.08e-05,3.21e-05,0.00451,0.00599,2.7e-05,0.0001,1.65e-11,0.000835
4150,1.297e-07,1.296e-08,2.087e-09,1.99809e-09,4.998489999999999e-09,1.03041e-09,4.47e-05,7.07e-05,3.21e-05,0.0045,0.00599,2.7e-05,0.0001,1.42e-11,0.000834
4160,1.295e-07,1.295e-08,2.084e-09,1.99809e-09,4.998489999999999e-09,1.024e-09,4.47e-05,7.07e-05,3.2e-05,0.0045,0.00598,2.69e-05,0.0001,1.57e-11,0.000834
4170,1.294e-07,1.294e-08,2.08e-09,1.98916e-09,4.984359999999999e-09,1.024e-09,4.46e-05,7.06e-05,3.2e-05,0.00449,0.00597,2.68e-05,0.0001,2.2e-11,0.000834
4180,1.293e-07,1.293e-08,2.076e-09,1.98916e-09,4.970250000000001e-09,1.024e-09,4.46e-05,7.05e-05,3.2e-05,0.00448,0.00596,2.67e-05,0.0001,1.72e-11,0.000834
4190,1.291e-07,1.291e-08,2.073e-09,1.98916e-09,4.95616e-09,1.0176100000000002e-09,4.46e-05,7.04e-05,3.19e-05,0.00447,0.00595,2.66e-05,0.0001,1.76e-11,0.000833
4200,1.29e-07,1.29e-08,2.069e-09,1.9802499999999996e-09,4.95616e-09,1.0176100000000002e-09,4.45e-05,7.04e-05,3.19e-05,0.00447,0.00595,2.66e-05,0.0001,2.28e-11,0.000833
4210,1.289e-07,1.289e-08,2.066e-09,1.9802499999999996e-09,4.94209e-09,1.0176100000000002e-09,4.45e-05,7.03e-05,3.19e-05,0.00446,0.00594,2.65e-05,0.0001,1.97e-11,0.000833
4220,1.288e-07,1.288e-08,2.062e-09,1.9802499999999996e-09,4.92804e-09,1.0112400000000001e-09,4.45e-05,7.02e-05,3.18e-05,0.00445,0.00593,2.64e-05,0.0001,1.74e-11,0.000832
4230,1.286e-07,1.286e-08,2.059e-09,1.97136e-09,4.914009999999999e-09,1.0112400000000001e-09,4.44e-05,7.01e-05,3.18e-05,0.00445,0.00592,2.63e-05,0.0001,1.86e-11,0.000832
4240,1.285e-07,1.285e-08,2.056e-09,1.97136e-09,4.914009999999999e-09,1.0112400000000001e-09,4.44e-05,7.01e-05,3.18e-05,0.00444,0.00591,2.63e-05,0.0001,2.14e-11,0.000832
4250,1.284e-07,1.284e-08,2.052e-09,1.97136e-09,4.899999999999999e-09,1.0112400000000001e-09,4.44e-05,7e-05,3.18e-05,0.00443,0.00591,2.62e-05,0.0001,2.15e-11,0.000832
4260,1.283e-07,1.283e-08,2.049e-09,1.96249e-09,4.8860100000000006e-09,1.0048899999999998e-09,4.43e-05,6.99e-05,3.17e-05,0.00443,0.0059,2.61e-05,0.0001,2.39e-11,0.000831
4270,1.282e-07,1.281e-08,2.045e-09,1.96249e-09,4.8860100000000006e-09,1.0048899999999998e-09,4.43e-05,6.99e-05,3.17e-05,0.00442,0.00589,2.6e-05,0.0001,2.13e-11,0.000831
4280,1.28e-07,1.28e-08,2.042e-09,1.96249e-09,4.87204e-09,1.0048899999999998e-09,4.43e-05,6.98e-05,3.17e-05,0.00441,0.00588,2.6e-05,0.0001,2.09e-11,0.000831
4290,1.279e-07,1.279e-08,2.038e-09,1.95364e-09,4.85809e-09,9.985600000000001e-10,4.42e-05,6.97e-05,3.16e-05,0.00441,0.00587,2.59e-05,0.0001,1.97e-11,0.000831
4300,1.278e-07,1.278e-08,2.035e-09,1.95364e-09,4.85809e-09,9.985600000000001e-10,4.42e-05,6.97e-05,3.16e-05,0.0044,0.00587,2.58e-05,0.0001,1.78e-11,0.00083
4310,1.277e-07,1.277e-08,2.032e-09,1.95364e-09,4.84416e-09,9.985600000000001e-10,4.42e-05,6.96e-05,3.16e-05,0.00439,0.00586,2.57e-05,0.0001,2.58e-11,0.00083
4320,1.275e-07,1.275e-08,2.029e-09,1.94481e-09,4.8302499999999995e-09,9.985600000000001e-10,4.41e-05,6.95e-05,3.16e-05,0.00439,0.00585,2.57e-05,0.0001,2.07e-11,0.00083
4330,1.274e-07,1.274e-08,2.025e-09,1.94481e-09,4.8163600000000005e-09,9.9225e-10,4.41e-05,6.94e-05,3.15e-05,0.00438,0.00584,2.56e-05,0.0001,1.72e-11,0.000829
4340,1.273e-07,1.273e-08,2.022e-09,1.94481e-09,4.8163600000000005e-09,9.9225e-10,4.41e-05,6.94e-05,3.15e-05,0.00437,0.00583,2.55e-05,0.0001,1.81e-11,0.000829
4350,1.272e-07,1.272e-08,2.019e-09,1.936e-09,4.8024900000000004e-09,9.9225e-10,4.4e-05,6.93e-05,3.15e-05,0.00437,0.00583,2.54e-05,0.0001,2.11e-11,0.000829
4360,1.271e-07,1.271e-08,2.016e-09,1.936e-09,4.78864e-09,9.9225e-10,4.4e-05,6.92e-05,3.15e-05,0.00436,0.00582,2.54e-05,0.0001,1.93e-11,0.000829
4370,1.269e-07,1.269e-08,2.012e-09,1.936e-09,4.78864e-09,9.859599999999998e-10,4.4e-05,6.92e-05,3.14e-05,0.00435,0.00581,2.53e-05,0.0001,2.52e-11,0.000828
4380,1.268e-07,1.268e-08,2.009e-09,1.9272100000000004e-09,4.7748099999999996e-09,9.859599999999998e-10,4.39e-05,6.91e-05,3.14e-05,0.00435,0.0058,2.52e-05,0.0001,1.71e-11,0.000828
4390,1.267e-07,1.267e-08,2.006e-09,1.9272100000000004e-09,4.7609999999999996e-09,9.859599999999998e-10,4.39e-05,6.9e-05,3.14e-05,0.00434,0.0058,2.52e-05,0.0001,1.91e-11,0.000828
4400,1.266e-07,1.266e-08,2.003e-09,1.9272100000000004e-09,4.7609999999999996e-09,9.796900000000002e-10,4.39e-05,6.9e-05,3.13e-05,0.00433,0.00579,2.51e-05,0.0001,1.88e-11,0.000828
4410,1.265e-07,1.265e-08,1.999e-09,1.9184400000000003e-09,4.747209999999999e-09,9.796900000000002e-10,4.38e-05,6.89e-05,3.13e-05,0.00433,0.00578,2.5e-05,0.0001,2.07e-11,0.000827
4420,1.264e-07,1.263e-08,1.996e-09,1.9184400000000003e-09,4.7334400000000006e-09,9.796900000000002e-10,4.38e-05,6.88e-05,3.13e-05,0.00432,0.00577,2.49e-05,0.0001,1.57e-11,0.000827
4430,1.262e-07,1.262e-08,1.993e-09,1.9184400000000003e-09,4.7334400000000006e-09,9.796900000000002e-10,4.38e-05,6.88e-05,3.13e-05,0.00431,0.00577,2.49e-05,0.0001,2.34e-11,0.000827
4440,1.261e-07,1.261e-08,1.99e-09,1.90969e-09,4.719690000000001e-09,9.7344e-10,4.37e-05,6.87e-05,3.12e-05,0.00431,0.00576,2.48e-05,0.0001,2.46e-11,0.000827
4450,1.26e-07,1.26e-08,1.987e-09,1.90969e-09,4.719690000000001e-09,9.7344e-10,4.37e-05,6.87e-05,3.12e-05,0.0043,0.00575,2.47e-05,0.0001,2.11e-11,0.000826
4460,1.259e-07,1.259e-08,1.984e-09,1.90969e-09,4.70596e-09,9.7344e-10,4.37e-05,6.86e-05,3.12e-05,0.0043,0.00574,2.47e-05,0.0001,1.9e-11,0.000826
4470,1.258e-07,1.258e-08,1.98e-09,1.9009600000000004e-09,4.692249999999999e-09,9.672099999999998e-10,4.36e-05,6.85e-05,3.11e-05,0.00429,0.00574,2.46e-05,0.0001,1.57e-11,0.000826
4480,1.257e-07,1.256e-08,1.978e-09,1.9009600000000004e-09,4.692249999999999e-09,9.672099999999998e-10,4.36e-05,6.85e-05,3.11e-05,0.00428,0.00573,2.45e-05,0.0001,1.71e-11,0.000825
4490,1.255e-07,1.255e-08,1.974e-09,1.9009600000000004e-09,4.67856e-09,9.672099999999998e-10,4.36e-05,6.84e-05,3.11e-05,0.00428,0.00629,2.69e-05,0.0001,1.9e-11,0.000825
4500,1.254e-07,1.254e-08,1.971e-09,1.89225e-09,4.664890000000001e-09,9.672099999999998e-10,4.35e-05,6.83e-05,3.11e-05,0.00427,0.00571,2.44e-05,0.0001,2.41e-11,0.000825
4510,1.253e-07,1.253e-08,1.968e-09,1.89225e-09,4.664890000000001e-09,9.61e-10,4.35e-05,6.83e-05,3.1e-05,0.00426,0.00628,2.68e-05,0.0001,2.16e-11,0.000825
4520,1.252e-07,1.252e-08,1.965e-09,1.89225e-09,4.651240000000001e-09,9.61e-10,4.35e-05,6.82e-05,3.1e-05,0.00426,0.0057,2.43e-05,0.0001,2.36e-11,0.000824
4530,1.251e-07,1.25e-08,1.962e-09,1.8835599999999996e-09,4.6376100000000005e-09,9.61e-10,4.34e-05,6.81e-05,3.1e-05,0.00425,0.00626,2.66e-05,0.0001,2.38e-11,0.000824
4540,1.249e-07,1.249e-08,1.958e-09,1.8835599999999996e-09,4.6376100000000005e-09,9.5481e-10,4.34e-05,6.81e-05,3.09e-05,0.00424,0.00625,2.65e-05,0.0001,2.25e-11,0.000824
4550,1.248e-07,1.248e-08,1.955e-09,1.8835599999999996e-09,4.624e-09,9.5481e-10,4.34e-05,6.8e-05,3.09e-05,0.00424,0.00625,2.65e-05,0.0001,1.69e-11,0.000824
4560,1.247e-07,1.247e-08,1.952e-09,1.8748900000000003e-09,4.61041e-09,9.5481e-10,4.33e-05,6.79e-05,3.09e-05,0.00423,0.00624,2.64e-05,0.0001,1.83e-11,0.000823
4570,1.246e-07,1.245e-08,1.948e-09,1.8748900000000003e-09,4.61041e-09,9.486400000000001e-10,4.33e-05,6.79e-05,3.08e-05,0.00422,0.00623,2.63e-05,0.0001,2.13e-11,0.000823
4580,1.244e-07,1.244e-08,1.945e-09,1.8748900000000003e-09,4.596839999999999e-09,9.486400000000001e-10,4.33e-05,6.78e-05,3.08e-05,0.00422,0.00622,2.62e-05,0.0001,1.87e-11,0.000823
4590,1.243e-07,1.243e-08,1.942e-09,1.86624e-09,4.583290000000001e-09,9.486400000000001e-10,4.32e-05,6.77e-05,3.08e-05,0.00421,0.00622,2.62e-05,0.0001,1.35e-11,0.000822
4600,1.242e-07,1.242e-08,1.939e-09,1.86624e-09,4.583290000000001e-09,9.486400000000001e-10,4.32e-05,6.77e-05,3.08e-05,0.0042,0.00621,2.61e-05,0.0001,1.71e-11,0.000822
4610,1.241e-07,1.241e-08,1.936e-09,1.86624e-09,4.56976e-09,9.424900000000001e-10,4.32e-05,6.76e-05,3.07e-05,0.0042,0.0062,2.6e-05,0.0001,1.37e-11,0.000822
4620,1.239e-07,1.239e-08,1.933e-09,1.8576099999999998e-09,4.55625e-09,9.424900000000001e-10,4.31e-05,6.75e-05,3.07e-05,0.00419,0.00619,2.6e-05,0.0001,1.95e-11,0.000822
4630,1.238e-07,1.238e-08,1.93e-09,1.8576099999999998e-09,4.55625e-09,9.424900000000001e-10,4.31e-05,6.75e-05,3.07e-05,0.00419,0.00618,2.59e-05,0.0001,1.34e-11,0.000821
4640,1.237e-07,1.237e-08,1.926e-09,1.8576099999999998e-09,4.54276e-09,9.424900000000001e-10,4.31e-05,6.74e-05,3.07e-05,0.00418,0.00618,2.58e-05,0.0001,1.4e-11,0.000821
4650,1.236e-07,1.236e-08,1.923e-09,1.8490000000000001e-09,4.529289999999999e-09,9.363599999999999e-10,4.3e-05,6.73e-05,3.06e-05,0.00417,0.00617,2.57e-05,0.0001,1.22e-11,0.000821
4660,1.235e-07,1.235e-08,1.92e-09,1.8490000000000001e-09,4.529289999999999e-09,9.363599999999999e-10,4.3e-05,6.73e-05,3.06e-05,0.00417,0.00616,2.57e-05,0.0001,1.55e-11,0.000821
4670,1.233e-07,1.233e-08,1.917e-09,1.8490000000000001e-09,4.515839999999999e-09,9.3025e-10,4.3e-05,6.72e-05,3.05e-05,0.00416,0.00615,2.56e-05,0.0001,1.4e-11,0.00082
4680,1.232e-07,1.232e-08,1.914e-09,1.8404099999999999e-09,4.50241e-09,9.363599999999999e-10,4.29e-05,6.71e-05,3.06e-05,0.00415,0.00615,2.55e-05,0.0001,1.32e-11,0.00082
4690,1.231e-07,1.231e-08,1.911e-09,1.8404099999999999e-09,4.50241e-09,9.3025e-10,4.29e-05,6.71e-05,3.05e-05,0.00415,0.00614,2.55e-05,0.0001,2.43e-11,0.00082
4700,1.23e-07,1.23e-08,1.908e-09,1.8404099999999999e-09,4.4890000000000005e-09,9.3025e-10,4.29e-05,6.7e-05,3.05e-05,0.00414,0.00613,2.54e-05,0.0001,1.88e-11,0.000819
4710,1.229e-07,1.229e-08,1.905e-09,1.8318399999999997e-09,4.4890000000000005e-09,9.3025e-10,4.28e-05,6.7e-05,3.05e-05,0.00414,0.00612,2.53e-05,0.0001,2.48e-11,0.000819
4720,1.228e-07,1.227e-08,1.902e-09,1.8318399999999997e-09,4.47561e-09,9.2416e-10,4.28e-05,6.69e-05,3.04e-05,0.00413,0.00612,2.53e-05,0.0001,1.93e-11,0.000819
4730,1.226e-07,1.226e-08,1.899e-09,1.8318399999999997e-09,4.462239999999999e-09,9.2416e-10,4.28e-05,6.68e-05,3.04e-05,0.00412,0.00611,2.52e-05,0.0001,1.82e-11,0.000819
4740,1.225e-07,1.225e-08,1.896e-09,1.82329e-09,4.462239999999999e-09,9.2416e-10,4.27e-05,6.68e-05,3.04e-05,0.00412,0.0061,2.51e-05,0.0001,1.88e-11,0.000818
4750,1.224e-07,1.224e-08,1.893e-09,1.82329e-09,4.4488899999999995e-09,9.180900000000001e-10,4.27e-05,6.67e-05,3.03e-05,0.00411,0.00609,2.5e-05,0.0001,2.58e-11,0.000818
4760,1.223e-07,1.223e-08,1.89e-09,1.82329e-09,4.4488899999999995e-09,9.180900000000001e-10,4.27e-05,6.67e-05,3.03e-05,0.0041,0.00609,2.5e-05,0.0001,2.18e-11,0.000818
4770,1.222e-07,1.222e-08,1.887e-09,1.82329e-09,4.435560000000001e-09,9.180900000000001e-10,4.27e-05,6.66e-05,3.03e-05,0.0041,0.00608,2.49e-05,0.0001,2.14e-11,0.000818
4780,1.221e-07,1.22e-08,1.884e-09,1.8147599999999998e-09,4.42225e-09,9.180900000000001e-10,4.26e-05,6.65e-05,3.03e-05,0.00409,0.00607,2.49e-05,0.0001,1.52e-11,0.000817
4790,1.219e-07,1.219e-08,1.881e-09,1.8147599999999998e-09,4.42225e-09,9.120399999999999e-10,4.26e-05,6.65e-05,3.02e-05,0.00409,0.00606,2.48e-05,0.0001,2.25e-11,0.000817
4800,1.218e-07,1.218e-08,1.878e-09,1.8147599999999998e-09,4.4089600000000005e-09,9.120399999999999e-10,4.26e-05,6.64e-05,3.02e-05,0.00408,0.00606,2.47e-05,0.0001,1.86e-11,0.000817
4810,1.217e-07,1.217e-08,1.875e-09,1.8062500000000003e-09,4.39569e-09,9.120399999999999e-10,4.25e-05,6.63e-05,3.02e-05,0.00407,0.00605,2.47e-05,0.0001,1.76e-11,0.000817
4820,1.216e-07,1.216e-08,1.872e-09,1.8062500000000003e-09,4.39569e-09,9.120399999999999e-10,4.25e-05,6.63e-05,3.02e-05,0.00407,0.00604,2.46e-05,0.0001,1.88e-11,0.000816
4830,1.215e-07,1.215e-08,1.87e-09,1.8062500000000003e-09,4.38244e-09,9.0601e-10,4.25e-05,6.62e-05,3.01e-05,0.00406,0.00604,2.45e-05,0.0001,2.03e-11,0.000816
4840,1.214e-07,1.214e-08,1.867e-09,1.79776e-09,4.38244e-09,9.0601e-10,4.24e-05,6.62e-05,3.01e-05,0.00406,0.00603,2.45e-05,0.0001,1.95e-11,0.000816
4850,1.213e-07,1.212e-08,1.864e-09,1.79776e-09,4.369209999999999e-09,9.0601e-10,4.24e-05,6.61e-05,3.01e-05,0.00405,0.00602,2.44e-05,0.0001,1.89e-11,0.000816
4860,1.212e-07,1.211e-08,1.861e-09,1.79776e-09,4.369209999999999e-09,9.0601e-10,4.24e-05,6.61e-05,3.01e-05,0.00405,0.00601,2.43e-05,0.0001,2.03e-11,0.000815
4870,1.21e-07,1.21e-08,1.858e-09,1.78929e-09,4.356e-09,9e-10,4.23e-05,6.6e-05,3e-05,0.00404,0.00601,2.43e-05,0.0001,2.89e-11,0.000815
4880,1.209e-07,1.209e-08,1.855e-09,1.78929e-09,4.34281e-09,9e-10,4.23e-05,6.59e-05,3e-05,0.00403,0.006,2.42e-05,0.0001,2.09e-11,0.000815
4890,1.208e-07,1.208e-08,1.853e-09,1.78929e-09,4.34281e-09,9e-10,4.23e-05,6.59e-05,3e-05,0.00403,0.00599,2.41e-05,0.0001,1.51e-11,0.000815
4900,1.207e-07,1.207e-08,1.85e-09,1.78929e-09,4.32964e-09,9e-10,4.23e-05,6.58e-05,3e-05,0.00402,0.00599,2.41e-05,0.0001,1.8e-11,0.000814
4910,1.206e-07,1.206e-08,1.847e-09,1.7808400000000002e-09,4.32964e-09,8.940099999999999e-10,4.22e-05,6.58e-05,2.99e-05,0.00402,0.00598,2.4e-05,0.0001,1.9e-11,0.000814
4920,1.205e-07,1.205e-08,1.844e-09,1.7808400000000002e-09,4.3164899999999994e-09,8.940099999999999e-10,4.22e-05,6.57e-05,2.99e-05,0.00401,0.00597,2.4e-05,0.0001,2.1e-11,0.000814
4930,1.204e-07,1.204e-08,1.842e-09,1.7808400000000002e-09,4.3164899999999994e-09,8.940099999999999e-10,4.22e-05,6.57e-05,2.99e-05,0.00401,0.00596,2.39e-05,0.0001,1.66e-11,0.000814
4940,1.203e-07,1.202e-08,1.839e-09,1.77241e-09,4.3033599999999995e-09,8.940099999999999e-10,4.21e-05,6.56e-05,2.99e-05,0.004,0.00596,2.38e-05,0.0001,1.9e-11,0.000813
4950,1.201e-07,1.201e-08,1.836e-09,1.77241e-09,4.290250000000001e-09,8.8804e-10,4.21e-05,6.55e-05,2.98e-05,0.00399,0.00595,2.38e-05,0.0001,1.78e-11,0.000813
4960,1.2e-07,1.2e-08,1.833e-09,1.77241e-09,4.290250000000001e-09,8.8804e-10,4.21e-05,6.55e-05,2.98e-05,0.00399,0.00594,2.37e-05,0.0001,2.44e-11,0.000813
4970,1.199e-07,1.199e-08,1.831e-09,1.77241e-09,4.2771600000000006e-09,8.8804e-10,4.21e-05,6.54e-05,2.98e-05,0.00398,0.00594,2.36e-05,0.0001,2.12e-11,0.000813
4980,1.198e-07,1.198e-08,1.828e-09,1.764e-09,4.2771600000000006e-09,8.8804e-10,4.2e-05,6.54e-05,2.98e-05,0.00398,0.00593,2.36e-05,0.0001,1.81e-11,0.000812
4990,1.197e-07,1.197e-08,1.825e-09,1.764e-09,4.26409e-09,8.8209e-10,4.2e-05,6.53e-05,2.97e-05,0.00397,0.00592,2.35e-05,0.0001,2e-11,0.000812
5000,1.196e-07,1.196e-08,1.823e-09,1.764e-09,4.26409e-09,8.8209e-10,4.2e-05,6.53e-05,2.97e-05,0.00397,0.00592,2.35e-05,0.0001,1.69e-11,0.000812
5010,1.195e-07,1.195e-08,1.82e-09,1.75561e-09,4.25104e-09,8.8209e-10,4.19e-05,6.52e-05,2.97e-05,0.00396,0.00591,2.34e-05,0.0001,2.1e-11,0.000812
5020,1.194e-07,1.194e-08,1.817e-09,1.75561e-09,4.25104e-09,8.8209e-10,4.19e-05,6.52e-05,2.97e-05,0.00395,0.0059,2.33e-05,0.0001,2.27e-11,0.000811
5030,1.193e-07,1.193e-08,1.815e-09,1.75561e-09,4.2380099999999995e-09,8.761600000000001e-10,4.19e-05,6.51e-05,2.96e-05,0.00395,0.0059,2.33e-05,0.0001,1.79e-11,0.000811
5040,1.192e-07,1.192e-08,1.812e-09,1.74724e-09,4.224999999999999e-09,8.761600000000001e-10,4.18e-05,6.5e-05,2.96e-05,0.00394,0.00589,2.32e-05,0.0001,1.97e-11,0.000811
5050,1.191e-07,1.191e-08,1.81e-09,1.74724e-09,4.224999999999999e-09,8.761600000000001e-10,4.18e-05,6.5e-05,2.96e-05,0.00394,0.00588,2.32e-05,0.0001,1.81e-11,0.000811
5060,1.19e-07,1.189e-08,1.807e-09,1.74724e-09,4.212010000000001e-09,8.7025e-10,4.18e-05,6.49e-05,2.95e-05,0.00393,0.00588,2.31e-05,0.0001,2.08e-11,0.00081
5070,1.189e-07,1.188e-08,1.804e-09,1.74724e-09,4.212010000000001e-09,8.7025e-10,4.18e-05,6.49e-05,2.95e-05,0.00393,0.00587,2.31e-05,0.0001,1.84e-11,0.00081
5080,1.187e-07,1.187e-08,1.802e-09,1.7388899999999998e-09,4.1990400000000004e-09,8.7025e-10,4.17e-05,6.48e-05,2.95e-05,0.00392,0.00586,2.3e-05,0.0001,2.42e-11,0.00081
5090,1.186e-07,1.186e-08,1.799e-09,1.7388899999999998e-09,4.1990400000000004e-09,8.7025e-10,4.17e-05,6.48e-05,2.95e-05,0.00392,0.00586,2.29e-05,0.0001,1.82e-11,0.00081
5100,1.185e-07,1.185e-08,1.797e-09,1.7388899999999998e-09,4.18609e-09,8.7025e-10,4.17e-05,6.47e-05,2.95e-05,0.00391,0.00585,2.29e-05,0.0001,1.62e-11,0.000809
5110,1.184e-07,1.184e-08,1.794e-09,1.73056e-09,4.18609e-09,8.6436e-10,4.16e-05,6.47e-05,2.94e-05,0.00391,0.00584,2.28e-05,0.0001,1.91e-11,0.000809
5120,1.183e-07,1.183e-08,1.791e-09,1.73056e-09,4.17316e-09,8.6436e-10,4.16e-05,6.46e-05,2.94e-05,0.0039,0.00584,2.28e-05,0.0001,2.39e-11,0.000809
5130,1.182e-07,1.182e-08,1.789e-09,1.73056e-09,4.17316e-09,8.6436e-10,4.16e-05,6.46e-05,2.94e-05,0.0039,0.00583,2.27e-05,0.0001,1.81e-11,0.000809
5140,1.181e-07,1.181e-08,1.787e-09,1.73056e-09,4.160249999999999e-09,8.6436e-10,4.16e-05,6.45e-05,2.94e-05,0.00389,0.00582,2.27e-05,0.0001,1.63e-11,0.000808
5150,1.18e-07,1.18e-08,1.784e-09,1.72225e-09,4.160249999999999e-09,8.5849e-10,4.15e-05,6.45e-05,2.93e-05,0.00389,0.00582,2.26e-05,0.0001,1.82e-11,0.000808
5160,1.179e-07,1.179e-08,1.782e-09,1.72225e-09,4.147359999999999e-09,8.5849e-10,4.15e-05,6.44e-05,2.93e-05,0.00388,0.00581,2.25e-05,0.0001,1.97e-11,0.000808
5170,1.178e-07,1.178e-08,1.779e-09,1.72225e-09,4.147359999999999e-09,8.5849e-10,4.15e-05,6.44e-05,2.93e-05,0.00388,0.0058,2.25e-05,0.0001,2.01e-11,0.000808
5180,1.177e-07,1.177e-08,1.776e-09,1.72225e-09,4.134490000000001e-09,8.5849e-10,4.15e-05,6.43e-05,2.93e-05,0.00387,0.0058,2.24e-05,0.0001,2.63e-11,0.000808
5190,1.176e-07,1.176e-08,1.774e-09,1.7139599999999997e-09,4.134490000000001e-09,8.526400000000001e-10,4.14e-05,6.43e-05,2.92e-05,0.00386,0.00579,2.24e-05,0.0001,1.85e-11,0.000807
5200,1.175e-07,1.175e-08,1.772e-09,1.7139599999999997e-09,4.12164e-09,8.526400000000001e-10,4.14e-05,6.42e-05,2.92e-05,0.00386,0.00578,2.23e-05,0.0001,1.92e-11,0.000807
5210,1.174e-07,1.174e-08,1.769e-09,1.7139599999999997e-09,4.12164e-09,8.526400000000001e-10,4.14e-05,6.42e-05,2.92e-05,0.00385,0.00578,2.23e-05,0.0001,2.28e-11,0.000807
5220,1.173e-07,1.173e-08,1.766e-09,1.7056900000000001e-09,4.10881e-09,8.526400000000001e-10,4.13e-05,6.41e-05,2.92e-05,0.00385,0.00577,2.22e-05,0.0001,1.88e-11,0.000807
5230,1.172e-07,1.172e-08,1.764e-09,1.7056900000000001e-09,4.10881e-09,8.4681e-10,4.13e-05,6.41e-05,2.91e-05,0.00384,0.00576,2.22e-05,0.0001,1.9e-11,0.000806
5240,1.171e-07,1.171e-08,1.762e-09,1.7056900000000001e-09,4.096e-09,8.4681e-10,4.13e-05,6.4e-05,2.91e-05,0.00384,0.00576,2.21e-05,0.0001,1.69e-11,0.000806
5250,1.17e-07,1.17e-08,1.76e-09,1.7056900000000001e-09,4.096e-09,8.4681e-10,4.13e-05,6.4e-05,2.91e-05,0.00383,0.00575,2.21e-05,0.0001,1.7e-11,0.000806
5260,1.169e-07,1.169e-08,1.757e-09,1.6974399999999999e-09,4.083209999999999e-09,8.4681e-10,4.12e-05,6.39e-05,2.91e-05,0.00383,0.00575,2.2e-05,0.0001,1.76e-11,0.000806
5270,1.168e-07,1.168e-08,1.755e-09,1.6974399999999999e-09,4.083209999999999e-09,8.4681e-10,4.12e-05,6.39e-05,2.91e-05,0.00383,0.00574,2.2e-05,0.0001,1.63e-11,0.000805
5280,1.167e-07,1.167e-08,1.752e-09,1.6974399999999999e-09,4.070440000000001e-09,8.41e-10,4.12e-05,6.38e-05,2.9e-05,0.00382,0.00573,2.19e-05,0.0001,2.18e-11,0.000805
5290,1.166e-07,1.166e-08,1.75e-09,1.6974399999999999e-09,4.070440000000001e-09,8.41e-10,4.12e-05,6.38e-05,2.9e-05,0.00381,0.00573,2.18e-05,0.0001,1.95e-11,0.000805
5300,1.165e-07,1.165e-08,1.748e-09,1.6892100000000002e-09,4.05769e-09,8.41e-10,4.11e-05,6.37e-05,2.9e-05,0.00381,0.00572,2.18e-05,0.0001,2.55e-11,0.000805
5310,1.164e-07,1.164e-08,1.745e-09,1.6892100000000002e-09,4.05769e-09,8.41e-10,4.11e-05,6.37e-05,2.9e-05,0.0038,0.00571,2.17e-05,0.0001,1.86e-11,0.000805
5320,1.163e-07,1.163e-08,1.743e-09,1.6892100000000002e-09,4.0449600000000005e-09,8.352100000000001e-10,4.11e-05,6.36e-05,2.89e-05,0.0038,0.00571,2.17e-05,0.0001,2.18e-11,0.000804
5330,1.162e-07,1.162e-08,1.74e-09,1.6892100000000002e-09,4.0449600000000005e-09,8.352100000000001e-10,4.11e-05,6.36e-05,2.89e-05,0.0038,0.0057,2.16e-05,0.0001,1.74e-11,0.000804
5340,1.161e-07,1.161e-08,1.738e-09,1.681e-09,4.03225e-09,8.352100000000001e-10,4.1e-05,6.35e-05,2.89e-05,0.00379,0.0057,2.16e-05,0.0001,1.47e-11,0.000804
5350,1.16e-07,1.16e-08,1.736e-09,1.681e-09,4.03225e-09,8.352100000000001e-10,4.1e-05,6.35e-05,2.89e-05,0.00379,0.00569,2.15e-05,0.0001,1.88e-11,0.000804
5360,1.159e-07,1.159e-08,1.733e-09,1.681e-09,4.019559999999999e-09,8.294399999999999e-10,4.1e-05,6.34e-05,2.88e-05,0.00378,0.00568,2.15e-05,0.0001,1.43e-11,0.000803
5370,1.158e-07,1.158e-08,1.731e-09,1.681e-09,4.019559999999999e-09,8.294399999999999e-10,4.1e-05,6.34e-05,2.88e-05,0.00378,0.00568,2.14e-05,0.0001,1.69e-11,0.000803
5380,1.157e-07,1.157e-08,1.729e-09,1.67281e-09,4.00689e-09,8.294399999999999e-10,4.09e-05,6.33e-05,2.88e-05,0.00377,0.00567,2.14e-05,0.0001,1.62e-11,0.000803
5390,1.156e-07,1.156e-08,1.727e-09,1.67281e-09,4.00689e-09,8.294399999999999e-10,4.09e-05,6.33e-05,2.88e-05,0.00377,0.00567,2.13e-05,0.0001,1.61e-11,0.000803
5400,1.155e-07,1.155e-08,1.724e-09,1.67281e-09,3.9942400000000005e-09,8.294399999999999e-10,4.09e-05,6.32e-05,2.88e-05,0.00376,0.00566,2.13e-05,0.0001,1.92e-11,0.000803
5410,1.154e-07,1.154e-08,1.722e-09,1.6646400000000002e-09,3.9942400000000005e-09,8.2369e-10,4.08e-05,6.32e-05,2.87e-05,0.00376,0.00565,2.12e-05,0.0001,1.65e-11,0.000802
5420,1.153e-07,1.153e-08,1.72e-09,1.6646400000000002e-09,3.9942400000000005e-09,8.2369e-10,4.08e-05,6.32e-05,2.87e-05,0.00375,0.00565,2.12e-05,0.0001,1.85e-11,0.000802
5430,1.152e-07,1.152e-08,1.717e-09,1.6646400000000002e-09,3.98161e-09,8.2369e-10,4.08e-05,6.31e-05,2.87e-05,0.00375,0.00564,2.11e-05,0.0001,1.52e-11,0.000802
5440,1.151e-07,1.151e-08,1.715e-09,1.6646400000000002e-09,3.98161e-09,8.2369e-10,4.08e-05,6.31e-05,2.87e-05,0.00374,0.00564,2.11e-05,0.0001,2.18e-11,0.000802
5450,1.15e-07,1.15e-08,1.714e-09,1.6646400000000002e-09,3.969e-09,8.2369e-10,4.08e-05,6.3e-05,2.87e-05,0.00374,0.00563,2.1e-05,0.0001,1.6e-11,0.000801
5460,1.149e-07,1.149e-08,1.711e-09,1.65649e-09,3.969e-09,8.1796e-10,4.07e-05,6.3e-05,2.86e-05,0.00373,0.00562,2.1e-05,0.0001,1.56e-11,0.000801
5470,1.148e-07,1.148e-08,1.709e-09,1.65649e-09,3.95641e-09,8.1796e-10,4.07e-05,6.29e-05,2.86e-05,0.00373,0.00562,2.09e-05,0.0001,2.9e-11,0.000801
5480,1.147e-07,1.147e-08,1.707e-09,1.65649e-09,3.95641e-09,8.1796e-10,4.07e-05,6.29e-05,2.86e-05,0.00372,0.00561,2.09e-05,0.0001,1.47e-11,0.000801
5490,1.146e-07,1.146e-08,1.704e-09,1.6483599999999999e-09,3.943839999999999e-09,8.1796e-10,4.06e-05,6.28e-05,2.86e-05,0.00372,0.00561,2.08e-05,0.0001,1.78e-11,0.000801
5500,1.145e-07,1.145e-08,1.702e-09,1.6483599999999999e-09,3.943839999999999e-09,8.1796e-10,4.06e-05,6.28e-05,2.86e-05,0.00372,0.0056,2.08e-05,0.0001,1.47e-11,0.0008
5510,1.144e-07,1.144e-08,1.7e-09,1.6483599999999999e-09,3.93129e-09,8.122500000000001e-10,4.06e-05,6.27e-05,2.85e-05,0.00371,0.00559,2.08e-05,0.0001,1.76e-11,0.0008
5520,1.143e-07,1.143e-08,1.698e-09,1.6483599999999999e-09,3.93129e-09,8.122500000000001e-10,4.06e-05,6.27e-05,2.85e-05,0.0037,0.00559,2.07e-05,0.0001,1.57e-11,0.0008
5530,1.143e-07,1.142e-08,1.696e-09,1.6402500000000002e-09,3.93129e-09,8.122500000000001e-10,4.05e-05,6.27e-05,2.85e-05,0.0037,0.00558,2.07e-05,0.0001,1.72e-11,0.0008
5540,1.142e-07,1.142e-08,1.693e-09,1.6402500000000002e-09,3.918760000000001e-09,8.122500000000001e-10,4.05e-05,6.26e-05,2.85e-05,0.0037,0.00558,2.06e-05,0.0001,1.9e-11,0.0008
5550,1.141e-07,1.141e-08,1.691e-09,1.6402500000000002e-09,3.918760000000001e-09,8.122500000000001e-10,4.05e-05,6.26e-05,2.85e-05,0.00369,0.00557,2.06e-05,0.0001,1.61e-11,0.000799
5560,1.14e-07,1.14e-08,1.69e-09,1.6402500000000002e-09,3.90625e-09,8.122500000000001e-10,4.05e-05,6.25e-05,2.85e-05,0.00369,0.00556,2.05e-05,0.0001,1.72e-11,0.000799
5570,1.139e-07,1.139e-08,1.687e-09,1.6321599999999999e-09,3.90625e-09,8.0656e-10,4.04e-05,6.25e-05,2.84e-05,0.00368,0.00556,2.05e-05,0.0001,1.88e-11,0.000799
5580,1.138e-07,1.138e-08,1.685e-09,1.6321599999999999e-09,3.89376e-09,8.0656e-10,4.04e-05,6.24e-05,2.84e-05,0.00368,0.00555,2.04e-05,0.0001,2.11e-11,0.000799
5590,1.137e-07,1.137e-08,1.683e-09,1.6321599999999999e-09,3.89376e-09,8.0656e-10,4.04e-05,6.24e-05,2.84e-05,0.00367,0.00555,2.04e-05,0.0001,1.62e-11,0.000798
5600,1.136e-07,1.136e-08,1.681e-09,1.6321599999999999e-09,3.88129e-09,8.0656e-10,4.04e-05,6.23e-05,2.84e-05,0.00367,0.00554,2.03e-05,0.0001,1.84e-11,0.000798
5610,1.135e-07,1.135e-08,1.679e-09,1.6321599999999999e-09,3.88129e-09,8.0089e-10,4.04e-05,6.23e-05,2.83e-05,0.00367,0.00554,2.03e-05,0.0001,1.93e-11,0.000798
5620,1.134e-07,1.134e-08,1.676e-09,1.6240899999999997e-09,3.88129e-09,8.0089e-10,4.03e-05,6.23e-05,2.83e-05,0.00366,0.00553,2.02e-05,0.0001,1.96e-11,0.000798
5630,1.133e-07,1.133e-08,1.674e-09,1.6240899999999997e-09,3.868839999999999e-09,8.0089e-10,4.03e-05,6.22e-05,2.83e-05,0.00366,0.00552,2.02e-05,0.0001,1.78e-11,0.000798
5640,1.132e-07,1.132e-08,1.673e-09,1.6240899999999997e-09,3.868839999999999e-09,8.0089e-10,4.03e-05,6.22e-05,2.83e-05,0.00365,0.00552,2.02e-05,0.0001,1.77e-11,0.000797
5650,1.131e-07,1.131e-08,1.67e-09,1.6240899999999997e-09,3.856410000000001e-09,7.9524e-10,4.03e-05,6.21e-05,2.82e-05,0.00365,0.00551,2.01e-05,0.0001,1.87e-11,0.000797
5660,1.131e-07,1.13e-08,1.668e-09,1.6160400000000001e-09,3.856410000000001e-09,7.9524e-10,4.02e-05,6.21e-05,2.82e-05,0.00364,0.00551,2.01e-05,0.0001,1.92e-11,0.000797
5670,1.13e-07,1.13e-08,1.666e-09,1.6160400000000001e-09,3.856410000000001e-09,7.9524e-10,4.02e-05,6.21e-05,2.82e-05,0.00364,0.0055,2e-05,0.0001,1.75e-11,0.000797
5680,1.129e-07,1.129e-08,1.664e-09,1.6160400000000001e-09,3.844e-09,7.9524e-10,4.02e-05,6.2e-05,2.82e-05,0.00363,0.0055,2e-05,0.0001,1.75e-11,0.000797
5690,1.128e-07,1.128e-08,1.662e-09,1.6160400000000001e-09,3.844e-09,7.9524e-10,4.02e-05,6.2e-05,2.82e-05,0.00363,0.00549,1.99e-05,0.0001,1.83e-11,0.000796
5700,1.127e-07,1.127e-08,1.66e-09,1.60801e-09,3.83161e-09,7.896099999999999e-10,4.01e-05,6.19e-05,2.81e-05,0.00363,0.00548,1.99e-05,0.0001,1.8e-11,0.000796
5710,1.126e-07,1.126e-08,1.658e-09,1.60801e-09,3.83161e-09,7.896099999999999e-10,4.01e-05,6.19e-05,2.81e-05,0.00362,0.00548,1.98e-05,0.0001,1.65e-11,0.000796
5720,1.125e-07,1.125e-08,1.656e-09,1.60801e-09,3.81924e-09,7.896099999999999e-10,4.01e-05,6.18e-05,2.81e-05,0.00362,0.00547,1.98e-05,0.0001,1.47e-11,0.000796
5730,1.124e-07,1.124e-08,1.654e-09,1.60801e-09,3.81924e-09,7.896099999999999e-10,4.01e-05,6.18e-05,2.81e-05,0.00361,0.00547,1.98e-05,0.0001,1.89e-11,0.000796
5740,1.123e-07,1.123e-08,1.652e-09,1.6000000000000003e-09,3.81924e-09,7.896099999999999e-10,4e-05,6.18e-05,2.81e-05,0.00361,0.00546,1.97e-05,0.0001,2.38e-11,0.000795
5750,1.122e-07,1.122e-08,1.65e-09,1.6000000000000003e-09,3.8068899999999995e-09,7.84e-10,4e-05,6.17e-05,2.8e-05,0.0036,0.00546,1.97e-05,0.0001,1.91e-11,0.000795
5760,1.122e-07,1.121e-08,1.648e-09,1.6000000000000003e-09,3.8068899999999995e-09,7.84e-10,4e-05,6.17e-05,2.8e-05,0.0036,0.00545,1.96e-05,0.0001,2.44e-11,0.000795
5770,1.121e-07,1.121e-08,1.646e-09,1.6000000000000003e-09,3.794560000000001e-09,7.84e-10,4e-05,6.16e-05,2.8e-05,0.0036,0.00545,1.96e-05,0.0001,1.59e-11,0.000795
5780,1.12e-07,1.12e-08,1.644e-09,1.6000000000000003e-09,3.794560000000001e-09,7.84e-10,4e-05,6.16e-05,2.8e-05,0.00359,0.00544,1.95e-05,0.0001,2.35e-11,0.000795
5790,1.119e-07,1.119e-08,1.642e-09,1.59201e-09,3.794560000000001e-09,7.84e-10,3.99e-05,6.16e-05,2.8e-05,0.00359,0.00544,1.95e-05,0.0001,2.29e-11,0.000794
5800,1.118e-07,1.118e-08,1.64e-09,1.59201e-09,3.782250000000001e-09,7.7841e-10,3.99e-05,6.15e-05,2.79e-05,0.00358,0.00543,1.95e-05,0.0001,1.97e-11,0.000794
5810,1.117e-07,1.117e-08,1.638e-09,1.59201e-09,3.782250000000001e-09,7.7841e-10,3.99e-05,6.15e-05,2.79e-05,0.00358,0.00542,1.94e-05,0.0001,1.42e-11,0.000794
5820,1.116e-07,1.116e-08,1.636e-09,1.59201e-09,3.7699600000000005e-09,7.7841e-10,3.99e-05,6.14e-05,2.79e-05,0.00358,0.00542,1.94e-05,0.0001,1.51e-11,0.000794
5830,1.115e-07,1.115e-08,1.634e-09,1.5840399999999998e-09,3.7699600000000005e-09,7.7841e-10,3.98e-05,6.14e-05,2.79e-05,0.00357,0.00541,1.93e-05,0.0001,1.58e-11,0.000794
5840,1.115e-07,1.114e-08,1.632e-09,1.5840399999999998e-09,3.7699600000000005e-09,7.7841e-10,3.98e-05,6.14e-05,2.79e-05,0.00357,0.00541,1.93e-05,0.0001,1.97e-11,0.000793
5850,1.114e-07,1.114e-08,1.631e-09,1.5840399999999998e-09,3.75769e-09,7.7841e-10,3.98e-05,6.13e-05,2.79e-05,0.00356,0.0054,1.93e-05,0.0001,1.82e-11,0.000793
5860,1.113e-07,1.113e-08,1.628e-09,1.5840399999999998e-09,3.75769e-09,7.728400000000001e-10,3.98e-05,6.13e-05,2.78e-05,0.00356,0.0054,1.92e-05,0.0001,1.84e-11,0.000793
5870,1.112e-07,1.112e-08,1.626e-09,1.5840399999999998e-09,3.7454399999999994e-09,7.728400000000001e-10,3.98e-05,6.12e-05,2.78e-05,0.00355,0.00539,1.92e-05,0.0001,1.6e-11,0.000793
5880,1.111e-07,1.111e-08,1.625e-09,1.5760900000000003e-09,3.7454399999999994e-09,7.728400000000001e-10,3.97e-05,6.12e-05,2.78e-05,0.00355,0.00539,1.91e-05,0.0001,1.52e-11,0.000793
5890,1.11e-07,1.11e-08,1.623e-09,1.5760900000000003e-09,3.7454399999999994e-09,7.728400000000001e-10,3.97e-05,6.12e-05,2.78e-05,0.00355,0.00538,1.91e-05,0.0001,1.88e-11,0.000792
5900,1.109e-07,1.109e-08,1.621e-09,1.5760900000000003e-09,3.733209999999999e-09,7.728400000000001e-10,3.97e-05,6.11e-05,2.78e-05,0.00354,0.00538,1.9e-05,0.0001,1.86e-11,0.000792
5910,1.108e-07,1.108e-08,1.619e-09,1.5760900000000003e-09,3.733209999999999e-09,7.672899999999999e-10,3.97e-05,6.11e-05,2.77e-05,0.00354,0.00537,1.9e-05,0.0001,1.66e-11,0.000792
5920,1.108e-07,1.107e-08,1.617e-09,1.56816e-09,3.721e-09,7.672899999999999e-10,3.96e-05,6.1e-05,2.77e-05,0.00353,0.00537,1.9e-05,0.0001,1.34e-11,0.000792
5930,1.107e-07,1.107e-08,1.615e-09,1.56816e-09,3.721e-09,7.672899999999999e-10,3.96e-05,6.1e-05,2.77e-05,0.00353,0.00536,1.89e-05,0.0001,1.34e-11,0.000792
5940,1.106e-07,1.106e-08,1.613e-09,1.56816e-09,3.721e-09,7.672899999999999e-10,3.96e-05,6.1e-05,2.77e-05,0.00353,0.00536,1.89e-05,0.0001,1.51e-11,0.000791
5950,1.105e-07,1.105e-08,1.611e-09,1.56816e-09,3.7088100000000006e-09,7.672899999999999e-10,3.96e-05,6.09e-05,2.77e-05,0.00352,0.00535,1.88e-05,0.0001,1.61e-11,0.000791
5960,1.104e-07,1.104e-08,1.609e-09,1.56816e-09,3.7088100000000006e-09,7.6176e-10,3.96e-05,6.09e-05,2.76e-05,0.00352,0.00534,1.88e-05,0.0001,1.17e-11,0.000791
5970,1.103e-07,1.103e-08,1.608e-09,1.5602499999999999e-09,3.69664e-09,7.6176e-10,3.95e-05,6.08e-05,2.76e-05,0.00351,0.00534,1.88e-05,0.0001,1.81e-11,0.000791
5980,1.102e-07,1.102e-08,1.606e-09,1.5602499999999999e-09,3.69664e-09,7.6176e-10,3.95e-05,6.08e-05,2.76e-05,0.00351,0.00533,1.87e-05,0.0001,1.66e-11,0.000791
5990,1.102e-07,1.102e-08,1.604e-09,1.5602499999999999e-09,3.69664e-09,7.6176e-10,3.95e-05,6.08e-05,2.76e-05,0.00351,0.00533,1.87e-05,0.0001,1.34e-11,0.00079
6000,1.101e-07,1.101e-08,1.602e-09,1.5602499999999999e-09,3.68449e-09,7.6176e-10,3.95e-05,6.07e-05,2.76e-05,0.0035,0.00532,1.87e-05,0.0001,1.52e-11,0.00079
6010,1.1e-07,1.1e-08,1.6e-09,1.5523600000000002e-09,3.68449e-09,7.6176e-10,3.94e-05,6.07e-05,2.76e-05,0.0035,0.00532,1.86e-05,0.0001,1.51e-11,0.00079
6020,1.099e-07,1.099e-08,1.598e-09,1.5523600000000002e-09,3.68449e-09,7.5625e-10,3.94e-05,6.07e-05,2.75e-05,0.0035,0.00531,1.86e-05,0.0001,1.51e-11,0.00079
6030,1.098e-07,1.098e-08,1.597e-09,1.5523600000000002e-09,3.6723600000000003e-09,7.5625e-10,3.94e-05,6.06e-05,2.75e-05,0.00349,0.00531,1.85e-05,0.0001,1.88e-11,0.00079
6040,1.097e-07,1.097e-08,1.595e-09,1.5523600000000002e-09,3.6723600000000003e-09,7.5625e-10,3.94e-05,6.06e-05,2.75e-05,0.00349,0.0053,1.85e-05,0.0001,1.75e-11,0.000789
6050,1.097e-07,1.097e-08,1.593e-09,1.5523600000000002e-09,3.66025e-09,7.5625e-10,3.94e-05,6.05e-05,2.75e-05,0.00348,0.0053,1.85e-05,0.0001,1.81e-11,0.000789
6060,1.096e-07,1.096e-08,1.591e-09,1.54449e-09,3.66025e-09,7.5625e-10,3.93e-05,6.05e-05,2.75e-05,0.00348,0.00529,1.84e-05,0.0001,1.89e-11,0.000789
6070,1.095e-07,1.095e-08,1.589e-09,1.54449e-09,3.66025e-09,7.507599999999999e-10,3.93e-05,6.05e-05,2.74e-05,0.00347,0.00529,1.84e-05,0.0001,1.52e-11,0.000789
6080,1.094e-07,1.094e-08,1.588e-09,1.54449e-09,3.6481599999999995e-09,7.507599999999999e-10,3.93e-05,6.04e-05,2.74e-05,0.00347,0.00528,1.83e-05,0.0001,1.5e-11,0.000789
6090,1.093e-07,1.093e-08,1.586e-09,1.54449e-09,3.6481599999999995e-09,7.507599999999999e-10,3.93e-05,6.04e-05,2.74e-05,0.00347,0.00528,1.83e-05,0.0001,2.01e-11,0.000788
6100,1.092e-07,1.092e-08,1.584e-09,1.54449e-09,3.6481599999999995e-09,7.507599999999999e-10,3.93e-05,6.04e-05,2.74e-05,0.00346,0.00527,1.83e-05,0.0001,1.64e-11,0.000788
6110,1.092e-07,1.092e-08,1.582e-09,1.5366399999999998e-09,3.6360900000000004e-09,7.507599999999999e-10,3.92e-05,6.03e-05,2.74e-05,0.00346,0.00527,1.82e-05,0.0001,1.63e-11,0.000788
6120,1.091e-07,1.091e-08,1.58e-09,1.5366399999999998e-09,3.6360900000000004e-09,7.4529e-10,3.92e-05,6.03e-05,2.73e-05,0.00346,0.00526,1.82e-05,0.0001,1.46e-11,0.000788
6130,1.09e-07,1.09e-08,1.579e-09,1.5366399999999998e-09,3.62404e-09,7.4529e-10,3.92e-05,6.02e-05,2.73e-05,0.00345,0.00526,1.82e-05,0.0001,1.9e-11,0.000788
6140,1.089e-07,1.089e-08,1.577e-09,1.5366399999999998e-09,3.62404e-09,7.4529e-10,3.92e-05,6.02e-05,2.73e-05,0.00345,0.00525,1.81e-05,0.0001,2.01e-11,0.000787
6150,1.088e-07,1.088e-08,1.575e-09,1.5288100000000002e-09,3.62404e-09,7.4529e-10,3.91e-05,6.02e-05,2.73e-05,0.00344,0.00525,1.81e-05,0.0001,2.02e-11,0.000787
6160,1.087e-07,1.087e-08,1.573e-09,1.5288100000000002e-09,3.61201e-09,7.4529e-10,3.91e-05,6.01e-05,2.73e-05,0.00344,0.00524,1.8e-05,0.0001,1.59e-11,0.000787
6170,1.087e-07,1.087e-08,1.571e-09,1.5288100000000002e-09,3.61201e-09,7.3984e-10,3.91e-05,6.01e-05,2.72e-05,0.00344,0.00576,1.98e-05,0.0001,1.69e-11,0.000787
6180,1.086e-07,1.086e-08,1.569e-09,1.5288100000000002e-09,3.61201e-09,7.3984e-10,3.91e-05,6.01e-05,2.72e-05,0.00343,0.00576,1.98e-05,0.0001,1.79e-11,0.000787
6190,1.085e-07,1.085e-08,1.568e-09,1.5288100000000002e-09,3.6000000000000004e-09,7.3984e-10,3.91e-05,6e-05,2.72e-05,0.00343,0.00575,1.97e-05,0.0001,1.86e-11,0.000787
6200,1.084e-07,1.084e-08,1.566e-09,1.521e-09,3.6000000000000004e-09,7.3984e-10,3.9e-05,6e-05,2.72e-05,0.00342,0.00522,1.79e-05,0.0001,1.66e-11,0.000786
6210,1.083e-07,1.083e-08,1.564e-09,1.521e-09,3.58801e-09,7.3984e-10,3.9e-05,5.99e-05,2.72e-05,0.00342,0.00574,1.96e-05,0.0001,2.18e-11,0.000786
6220,1.082e-07,1.082e-08,1.562e-09,1.521e-09,3.58801e-09,7.3984e-10,3.9e-05,5.99e-05,2.72e-05,0.00342,0.00574,1.96e-05,0.0001,1.27e-11,0.000786
6230,1.082e-07,1.081e-08,1.56e-09,1.521e-09,3.58801e-09,7.344100000000001e-10,3.9e-05,5.99e-05,2.71e-05,0.00341,0.00573,1.96e-05,0.0001,1.91e-11,0.000786
6240,1.081e-07,1.081e-08,1.559e-09,1.5132099999999998e-09,3.5760399999999996e-09,7.344100000000001e-10,3.89e-05,5.98e-05,2.71e-05,0.00341,0.00572,1.95e-05,0.0001,1.57e-11,0.000786
6250,1.08e-07,1.08e-08,1.557e-09,1.5132099999999998e-09,3.5760399999999996e-09,7.344100000000001e-10,3.89e-05,5.98e-05,2.71e-05,0.00341,0.0052,1.77e-05,0.0001,2.28e-11,0.000785
6260,1.079e-07,1.079e-08,1.555e-09,1.5132099999999998e-09,3.5760399999999996e-09,7.344100000000001e-10,3.89e-05,5.98e-05,2.71e-05,0.0034,0.00519,1.77e-05,0.0001,1.65e-11,0.000785
6270,1.078e-07,1.078e-08,1.553e-09,1.5132099999999998e-09,3.5640900000000003e-09,7.344100000000001e-10,3.89e-05,5.97e-05,2.71e-05,0.0034,0.00571,1.94e-05,0.0001,1.89e-11,0.000785
6280,1.077e-07,1.077e-08,1.551e-09,1.5132099999999998e-09,3.5640900000000003e-09,7.29e-10,3.89e-05,5.97e-05,2.7e-05,0.00339,0.0057,1.94e-05,0.0001,2.15e-11,0.000785
6290,1.076e-07,1.076e-08,1.549e-09,1.5054400000000001e-09,3.55216e-09,7.29e-10,3.88e-05,5.96e-05,2.7e-05,0.00339,0.0057,1.93e-05,0.0001,1.64e-11,0.000785
6300,1.075e-07,1.075e-08,1.548e-09,1.5054400000000001e-09,3.55216e-09,7.29e-10,3.88e-05,5.96e-05,2.7e-05,0.00339,0.00569,1.93e-05,0.0001,1.73e-11,0.000784
6310,1.075e-07,1.075e-08,1.546e-09,1.5054400000000001e-09,3.55216e-09,7.29e-10,3.88e-05,5.96e-05,2.7e-05,0.00338,0.00569,1.92e-05,0.0001,2.01e-11,0.000784
6320,1.074e-07,1.074e-08,1.544e-09,1.5054400000000001e-09,3.5402500000000005e-09,7.29e-10,3.88e-05,5.95e-05,2.7e-05,0.00338,0.00568,1.92e-05,0.0001,1.38e-11,0.000784
6330,1.073e-07,1.073e-08,1.542e-09,1.5054400000000001e-09,3.5402500000000005e-09,7.29e-10,3.88e-05,5.95e-05,2.7e-05,0.00337,0.00568,1.92e-05,0.0001,2.34e-11,0.000784
6340,1.072e-07,1.072e-08,1.54e-09,1.4976899999999998e-09,3.5402500000000005e-09,7.2361e-10,3.87e-05,5.95e-05,2.69e-05,0.00337,0.00567,1.91e-05,0.0001,1.81e-11,0.000784
6350,1.071e-07,1.071e-08,1.539e-09,1.4976899999999998e-09,3.52836e-09,7.2361e-10,3.87e-05,5.94e-05,2.69e-05,0.00337,0.00567,1.91e-05,0.0001,1.99e-11,0.000783
6360,1.07e-07,1.07e-08,1.537e-09,1.4976899999999998e-09,3.52836e-09,7.2361e-10,3.87e-05,5.94e-05,2.69e-05,0.00336,0.00566,1.9e-05,0.0001,2.08e-11,0.000783
6370,1.07e-07,1.069e-08,1.535e-09,1.4976899999999998e-09,3.5164899999999997e-09,7.2361e-10,3.87e-05,5.93e-05,2.69e-05,0.00336,0.00566,1.9e-05,0.0001,1.77e-11,0.000783
6380,1.069e-07,1.069e-08,1.533e-09,1.4899600000000003e-09,3.5164899999999997e-09,7.2361e-10,3.86e-05,5.93e-05,2.69e-05,0.00335,0.00565,1.9e-05,0.0001,2.01e-11,0.000783
6390,1.068e-07,1.068e-08,1.531e-09,1.4899600000000003e-09,3.5164899999999997e-09,7.182400000000001e-10,3.86e-05,5.93e-05,2.68e-05,0.00335,0.00565,1.89e-05,0.0001,1.76e-11,0.000783
6400,1.067e-07,1.067e-08,1.53e-09,1.4899600000000003e-09,3.5046400000000004e-09,7.182400000000001e-10,3.86e-05,5.92e-05,2.68e-05,0.00335,0.00564,1.89e-05,0.0001,2.29e-11,0.000782
6410,1.066e-07,1.066e-08,1.528e-09,1.4899600000000003e-09,3.5046400000000004e-09,7.182400000000001e-10,3.86e-05,5.92e-05,2.68e-05,0.00334,0.00564,1.88e-05,0.0001,1.34e-11,0.000782
6420,1.065e-07,1.065e-08,1.526e-09,1.4899600000000003e-09,3.5046400000000004e-09,7.182400000000001e-10,3.86e-05,5.92e-05,2.68e-05,0.00334,0.00563,1.88e-05,0.0001,1.98e-11,0.000782
6430,1.064e-07,1.064e-08,1.524e-09,1.4822500000000001e-09,3.49281e-09,7.182400000000001e-10,3.85e-05,5.91e-05,2.68e-05,0.00334,0.00563,1.88e-05,0.0001,1.9e-11,0.000782
6440,1.064e-07,1.064e-08,1.523e-09,1.4822500000000001e-09,3.49281e-09,7.128899999999999e-10,3.85e-05,5.91e-05,2.67e-05,0.00333,0.00562,1.87e-05,0.0001,1.3e-11,0.000782
6450,1.063e-07,1.063e-08,1.521e-09,1.4822500000000001e-09,3.49281e-09,7.128899999999999e-10,3.85e-05,5.91e-05,2.67e-05,0.00333,0.00562,1.87e-05,0.0001,2.35e-11,0.000781
6460,1.062e-07,1.062e-08,1.519e-09,1.4822500000000001e-09,3.481e-09,7.128899999999999e-10,3.85e-05,5.9e-05,2.67e-05,0.00332,0.00561,1.87e-05,0.0001,1.68e-11,0.000781
6470,1.061e-07,1.061e-08,1.518e-09,1.4822500000000001e-09,3.481e-09,7.128899999999999e-10,3.85e-05,5.9e-05,2.67e-05,0.00332,0.00561,1.86e-05,0.0001,1.52e-11,0.000781
6480,1.06e-07,1.06e-08,1.516e-09,1.47456e-09,3.4692100000000003e-09,7.128899999999999e-10,3.84e-05,5.89e-05,2.67e-05,0.00332,0.0056,1.86e-05,0.0001,1.71e-11,0.000781
6490,1.059e-07,1.059e-08,1.514e-09,1.47456e-09,3.4692100000000003e-09,7.0756e-10,3.84e-05,5.89e-05,2.66e-05,0.00331,0.0056,1.85e-05,0.0001,1.89e-11,0.000781
6500,1.059e-07,1.059e-08,1.512e-09,1.47456e-09,3.4692100000000003e-09,7.0756e-10,3.84e-05,5.89e-05,2.66e-05,0.00331,0.00559,1.85e-05,0.0001,1.76e-11,0.00078
6510,1.058e-07,1.058e-08,1.51e-09,1.47456e-09,3.45744e-09,7.0756e-10,3.84e-05,5.88e-05,2.66e-05,0.00331,0.00558,1.85e-05,0.0001,2.21e-11,0.00078
6520,1.057e-07,1.057e-08,1.509e-09,1.4668900000000003e-09,3.45744e-09,7.0756e-10,3.83e-05,5.88e-05,2.66e-05,0.0033,0.00558,1.84e-05,0.0001,1.92e-11,0.00078
6530,1.056e-07,1.056e-08,1.507e-09,1.4668900000000003e-09,3.45744e-09,7.0756e-10,3.83e-05,5.88e-05,2.66e-05,0.0033,0.00558,1.84e-05,0.0001,1.89e-11,0.00078
6540,1.055e-07,1.055e-08,1.506e-09,1.4668900000000003e-09,3.4456899999999995e-09,7.0756e-10,3.83e-05,5.87e-05,2.66e-05,0.0033,0.00557,1.84e-05,0.0001,1.36e-11,0.00078
6550,1.055e-07,1.054e-08,1.504e-09,1.4668900000000003e-09,3.4456899999999995e-09,7.0225e-10,3.83e-05,5.87e-05,2.65e-05,0.00329,0.00557,1.83e-05,0.0001,2.39e-11,0.00078
6560,1.054e-07,1.054e-08,1.502e-09,1.4668900000000003e-09,3.4456899999999995e-09,7.0225e-10,3.83e-05,5.87e-05,2.65e-05,0.00329,0.00556,1.83e-05,0.0001,1.54e-11,0.000779
6570,1.053e-07,1.053e-08,1.5e-09,1.45924e-09,3.43396e-09,7.0225e-10,3.82e-05,5.86e-05,2.65e-05,0.00328,0.00556,1.82e-05,0.0001,1.78e-11,0.000779
6580,1.052e-07,1.052e-08,1.499e-09,1.45924e-09,3.43396e-09,7.0225e-10,3.82e-05,5.86e-05,2.65e-05,0.00328,0.00555,1.82e-05,0.0001,1.52e-11,0.000779
6590,1.051e-07,1.051e-08,1.497e-09,1.45924e-09,3.43396e-09,7.0225e-10,3.82e-05,5.86e-05,2.65e-05,0.00328,0.00555,1.82e-05,0.0001,1.53e-11,0.000779
6600,1.05e-07,1.05e-08,1.495e-09,1.45924e-09,3.42225e-09,7.0225e-10,3.82e-05,5.85e-05,2.65e-05,0.00327,0.00554,1.81e-05,0.0001,1.8e-11,0.000779
6610,1.05e-07,1.05e-08,1.494e-09,1.45924e-09,3.42225e-09,6.9696e-10,3.82e-05,5.85e-05,2.64e-05,0.00327,0.00554,1.81e-05,0.0001,1.77e-11,0.000778
6620,1.049e-07,1.049e-08,1.492e-09,1.45161e-09,3.42225e-09,6.9696e-10,3.81e-05,5.85e-05,2.64e-05,0.00327,0.00553,1.81e-05,0.0001,1.78e-11,0.000778
6630,1.048e-07,1.048e-08,1.491e-09,1.45161e-09,3.4105600000000003e-09,6.9696e-10,3.81e-05,5.84e-05,2.64e-05,0.00326,0.00553,1.8e-05,0.0001,1.53e-11,0.000778
6640,1.047e-07,1.047e-08,1.489e-09,1.45161e-09,3.4105600000000003e-09,6.9696e-10,3.81e-05,5.84e-05,2.64e-05,0.00326,0.00552,1.8e-05,0.0001,3.24e-11,0.000778
6650,1.047e-07,1.046e-08,1.487e-09,1.45161e-09,3.4105600000000003e-09,6.9696e-10,3.81e-05,5.84e-05,2.64e-05,0.00326,0.00552,1.8e-05,0.0001,1.94e-11,0.000778
6660,1.046e-07,1.046e-08,1.486e-09,1.45161e-09,3.39889e-09,6.9696e-10,3.81e-05,5.83e-05,2.64e-05,0.00325,0.00551,1.79e-05,0.0001,2.08e-11,0.000777
6670,1.045e-07,1.045e-08,1.484e-09,1.4440000000000002e-09,3.39889e-09,6.916899999999999e-10,3.8e-05,5.83e-05,2.63e-05,0.00325,0.00551,1.79e-05,0.0001,1.5e-11,0.000777
6680,1.044e-07,1.044e-08,1.482e-09,1.4440000000000002e-09,3.39889e-09,6.916899999999999e-10,3.8e-05,5.83e-05,2.63e-05,0.00324,0.0055,1.79e-05,0.0001,2.17e-11,0.000777
6690,1.043e-07,1.043e-08,1.481e-09,1.4440000000000002e-09,3.38724e-09,6.916899999999999e-10,3.8e-05,5.82e-05,2.63e-05,0.00324,0.0055,1.78e-05,0.0001,2.52e-11,0.000777
6700,1.043e-07,1.042e-08,1.479e-09,1.4440000000000002e-09,3.38724e-09,6.916899999999999e-10,3.8e-05,5.82e-05,2.63e-05,0.00324,0.00549,1.78e-05,0.0001,1.78e-11,0.000777
6710,1.042e-07,1.042e-08,1.478e-09,1.4440000000000002e-09,3.38724e-09,6.8644e-10,3.8e-05,5.82e-05,2.62e-05,0.00323,0.00549,1.77e-05,0.0001,1.75e-11,0.000777
6720,1.041e-07,1.041e-08,1.476e-09,1.43641e-09,3.3756100000000005e-09,6.916899999999999e-10,3.79e-05,5.81e-05,2.63e-05,0.00323,0.00548,1.77e-05,0.0001,1.81e-11,0.000776
6730,1.04e-07,1.04e-08,1.475e-09,1.43641e-09,3.3756100000000005e-09,6.916899999999999e-10,3.79e-05,5.81e-05,2.63e-05,0.00323,0.00548,1.77e-05,0.0001,2.12e-11,0.000776
6740,1.039e-07,1.039e-08,1.473e-09,1.43641e-09,3.3756100000000005e-09,6.8644e-10,3.79e-05,5.81e-05,2.62e-05,0.00322,0.00547,1.76e-05,0.0001,1.77e-11,0.000776
6750,1.039e-07,1.039e-08,1.471e-09,1.43641e-09,3.364e-09,6.8644e-10,3.79e-05,5.8e-05,2.62e-05,0.00322,0.00547,1.76e-05,0.0001,2.05e-11,0.000776
6760,1.038e-07,1.038e-08,1.469e-09,1.43641e-09,3.364e-09,6.8644e-10,3.79e-05,5.8e-05,2.62e-05,0.00322,0.00546,1.76e-05,0.0001,1.54e-11,0.000776
6770,1.037e-07,1.037e-08,1.468e-09,1.4288399999999998e-09,3.364e-09,6.8644e-10,3.78e-05,5.8e-05,2.62e-05,0.00321,0.00546,1.75e-05,0.0001,1.46e-11,0.000775
6780,1.036e-07,1.036e-08,1.466e-09,1.4288399999999998e-09,3.3524099999999996e-09,6.812100000000001e-10,3.78e-05,5.79e-05,2.61e-05,0.00321,0.00545,1.75e-05,0.0001,1.82e-11,0.000775
6790,1.036e-07,1.035e-08,1.465e-09,1.4288399999999998e-09,3.3524099999999996e-09,6.812100000000001e-10,3.78e-05,5.79e-05,2.61e-05,0.00321,0.00545,1.75e-05,0.0001,1.99e-11,0.000775
6800,1.035e-07,1.035e-08,1.463e-09,1.4288399999999998e-09,3.3524099999999996e-09,6.812100000000001e-10,3.78e-05,5.79e-05,2.61e-05,0.0032,0.00544,1.74e-05,0.0001,1.64e-11,0.000775
6810,1.034e-07,1.034e-08,1.462e-09,1.4288399999999998e-09,3.3408400000000002e-09,6.812100000000001e-10,3.78e-05,5.78e-05,2.61e-05,0.0032,0.00544,1.74e-05,0.0001,2.13e-11,0.000775
6820,1.033e-07,1.033e-08,1.46e-09,1.4212900000000002e-09,3.3408400000000002e-09,6.812100000000001e-10,3.77e-05,5.78e-05,2.61e-05,0.0032,0.00544,1.74e-05,0.0001,1.52e-11,0.000775
6830,1.032e-07,1.032e-08,1.459e-09,1.4212900000000002e-09,3.3408400000000002e-09,6.812100000000001e-10,3.77e-05,5.78e-05,2.61e-05,0.00319,0.00543,1.73e-05,0.0001,1.58e-11,0.000774
6840,1.032e-07,1.032e-08,1.457e-09,1.4212900000000002e-09,3.3292899999999998e-09,6.812100000000001e-10,3.77e-05,5.77e-05,2.61e-05,0.00319,0.00543,1.73e-05,0.0001,1.81e-11,0.000774
6850,1.031e-07,1.031e-08,1.456e-09,1.4212900000000002e-09,3.3292899999999998e-09,6.759999999999999e-10,3.77e-05,5.77e-05,2.6e-05,0.00319,0.00542,1.73e-05,0.0001,1.28e-11,0.000774
6860,1.03e-07,1.03e-08,1.454e-09,1.4212900000000002e-09,3.3292899999999998e-09,6.759999999999999e-10,3.77e-05,5.77e-05,2.6e-05,0.00318,0.00542,1.72e-05,0.0001,1.89e-11,0.000774
6870,1.029e-07,1.029e-08,1.453e-09,1.4212900000000002e-09,3.3177599999999995e-09,6.759999999999999e-10,3.77e-05,5.76e-05,2.6e-05,0.00318,0.00541,1.72e-05,0.0001,1.96e-11,0.000774
6880,1.029e-07,1.029e-08,1.451e-09,1.4137599999999999e-09,3.3177599999999995e-09,6.759999999999999e-10,3.76e-05,5.76e-05,2.6e-05,0.00318,0.00541,1.72e-05,0.0001,1.36e-11,0.000774
6890,1.028e-07,1.028e-08,1.45e-09,1.4137599999999999e-09,3.3177599999999995e-09,6.759999999999999e-10,3.76e-05,5.76e-05,2.6e-05,0.00317,0.0054,1.71e-05,0.0001,2.15e-11,0.000773
6900,1.027e-07,1.027e-08,1.448e-09,1.4137599999999999e-09,3.3062500000000002e-09,6.759999999999999e-10,3.76e-05,5.75e-05,2.6e-05,0.00317,0.0054,1.71e-05,0.0001,1.43e-11,0.000773
6910,1.026e-07,1.026e-08,1.447e-09,1.4137599999999999e-09,3.3062500000000002e-09,6.759999999999999e-10,3.76e-05,5.75e-05,2.6e-05,0.00317,0.00539,1.71e-05,0.0001,1.9e-11,0.000773
6920,1.026e-07,1.026e-08,1.445e-09,1.4137599999999999e-09,3.3062500000000002e-09,6.7081e-10,3.76e-05,5.75e-05,2.59e-05,0.00316,0.00539,1.7e-05,0.0001,1.75e-11,0.000773
6930,1.025e-07,1.025e-08,1.443e-09,1.4062499999999998e-09,3.29476e-09,6.7081e-10,3.75e-05,5.74e-05,2.59e-05,0.00316,0.00539,1.7e-05,0.0001,1.27e-11,0.000773
6940,1.024e-07,1.024e-08,1.442e-09,1.4062499999999998e-09,3.29476e-09,6.7081e-10,3.75e-05,5.74e-05,2.59e-05,0.00316,0.00538,1.7e-05,0.0001,1.82e-11,0.000772
6950,1.023e-07,1.023e-08,1.441e-09,1.4062499999999998e-09,3.29476e-09,6.7081e-10,3.75e-05,5.74e-05,2.59e-05,0.00315,0.00538,1.7e-05,0.0001,2.14e-11,0.000772
6960,1.023e-07,1.023e-08,1.439e-09,1.4062499999999998e-09,3.29476e-09,6.7081e-10,3.75e-05,5.74e-05,2.59e-05,0.00315,0.00537,1.69e-05,0.0001,1.73e-11,0.000772
6970,1.022e-07,1.022e-08,1.438e-09,1.4062499999999998e-09,3.2832899999999997e-09,6.6564e-10,3.75e-05,5.73e-05,2.58e-05,0.00315,0.00537,1.69e-05,0.0001,1.68e-11,0.000772
6980,1.021e-07,1.021e-08,1.436e-09,1.39876e-09,3.2832899999999997e-09,6.6564e-10,3.74e-05,5.73e-05,2.58e-05,0.00314,0.00536,1.69e-05,0.0001,1.38e-11,0.000772
6990,1.02e-07,1.02e-08,1.435e-09,1.39876e-09,3.2832899999999997e-09,6.6564e-10,3.74e-05,5.73e-05,2.58e-05,0.00314,0.00536,1.68e-05,0.0001,1.49e-11,0.000772
7000,1.02e-07,1.02e-08,1.433e-09,1.39876e-09,3.27184e-09,6.6564e-10,3.74e-05,5.72e-05,2.58e-05,0.00314,0.00535,1.68e-05,0.0001,1.93e-11,0.000771
7010,1.019e-07,1.019e-08,1.432e-09,1.39876e-09,3.27184e-09,6.6564e-10,3.74e-05,5.72e-05,2.58e-05,0.00313,0.00535,1.68e-05,0.0001,1.8e-11,0.000771
7020,1.018e-07,1.018e-08,1.43e-09,1.39876e-09,3.27184e-09,6.6564e-10,3.74e-05,5.72e-05,2.58e-05,0.00313,0.00534,1.67e-05,0.0001,1.74e-11,0.000771
7030,1.018e-07,1.017e-08,1.429e-09,1.39876e-09,3.26041e-09,6.604900000000001e-10,3.74e-05,5.71e-05,2.57e-05,0.00313,0.00534,1.67e-05,0.0001,2.29e-11,0.000771
7040,1.017e-07,1.017e-08,1.427e-09,1.3912899999999999e-09,3.26041e-09,6.604900000000001e-10,3.73e-05,5.71e-05,2.57e-05,0.00312,0.00534,1.67e-05,0.0001,2.18e-11,0.000771
7050,1.016e-07,1.016e-08,1.426e-09,1.3912899999999999e-09,3.26041e-09,6.604900000000001e-10,3.73e-05,5.71e-05,2.57e-05,0.00312,0.00533,1.66e-05,0.0001,1.38e-11,0.000771
7060,1.015e-07,1.015e-08,1.425e-09,1.3912899999999999e-09,3.2490000000000003e-09,6.604900000000001e-10,3.73e-05,5.7e-05,2.57e-05,0.00312,0.00533,1.66e-05,0.0001,1.56e-11,0.00077
7070,1.015e-07,1.014e-08,1.423e-09,1.3912899999999999e-09,3.2490000000000003e-09,6.604900000000001e-10,3.73e-05,5.7e-05,2.57e-05,0.00312,0.00532,1.66e-05,0.0001,1.86e-11,0.00077
7080,1.014e-07,1.014e-08,1.422e-09,1.3912899999999999e-09,3.2490000000000003e-09,6.604900000000001e-10,3.73e-05,5.7e-05,2.57e-05,0.00311,0.00532,1.66e-05,0.0001,1.87e-11,0.00077
7090,1.013e-07,1.013e-08,1.42e-09,1.3838400000000003e-09,3.2490000000000003e-09,6.553599999999999e-10,3.72e-05,5.7e-05,2.56e-05,0.00311,0.00531,1.65e-05,0.0001,1.67e-11,0.00077
7100,1.012e-07,1.012e-08,1.419e-09,1.3838400000000003e-09,3.23761e-09,6.553599999999999e-10,3.72e-05,5.69e-05,2.56e-05,0.00311,0.00531,1.65e-05,0.0001,2.17e-11,0.00077
7110,1.012e-07,1.012e-08,1.417e-09,1.3838400000000003e-09,3.23761e-09,6.553599999999999e-10,3.72e-05,5.69e-05,2.56e-05,0.0031,0.00531,1.65e-05,0.0001,2.66e-11,0.00077
7120,1.011e-07,1.011e-08,1.416e-09,1.3838400000000003e-09,3.23761e-09,6.553599999999999e-10,3.72e-05,5.69e-05,2.56e-05,0.0031,0.0053,1.64e-05,0.0001,1.51e-11,0.000769
7130,1.01e-07,1.01e-08,1.414e-09,1.3838400000000003e-09,3.22624e-09,6.553599999999999e-10,3.72e-05,5.68e-05,2.56e-05,0.0031,0.0053,1.64e-05,0.0001,1.68e-11,0.000769
7140,1.01e-07,1.009e-08,1.413e-09,1.3838400000000003e-09,3.22624e-09,6.553599999999999e-10,3.72e-05,5.68e-05,2.56e-05,0.00309,0.00529,1.64e-05,0.0001,2.49e-11,0.000769
7150,1.009e-07,1.009e-08,1.412e-09,1.37641e-09,3.22624e-09,6.553599999999999e-10,3.71e-05,5.68e-05,2.56e-05,0.00309,0.00529,1.63e-05,0.0001,1.54e-11,0.000769
7160,1.008e-07,1.008e-08,1.41e-09,1.37641e-09,3.2148900000000003e-09,6.5025e-10,3.71e-05,5.67e-05,2.55e-05,0.00309,0.00528,1.63e-05,0.0001,2.17e-11,0.000769
7170,1.007e-07,1.007e-08,1.409e-09,1.37641e-09,3.2148900000000003e-09,6.5025e-10,3.71e-05,5.67e-05,2.55e-05,0.00308,0.00528,1.63e-05,0.0001,2.11e-11,0.000769
7180,1.007e-07,1.007e-08,1.408e-09,1.37641e-09,3.2148900000000003e-09,6.5025e-10,3.71e-05,5.67e-05,2.55e-05,0.00308,0.00527,1.63e-05,0.0001,1.93e-11,0.000768
7190,1.006e-07,1.006e-08,1.406e-09,1.37641e-09,3.2148900000000003e-09,6.5025e-10,3.71e-05,5.67e-05,2.55e-05,0.00308,0.00527,1.62e-05,0.0001,2.19e-11,0.000768
7200,1.005e-07,1.005e-08,1.405e-09,1.369e-09,3.20356e-09,6.5025e-10,3.7e-05,5.66e-05,2.55e-05,0.00308,0.00527,1.62e-05,0.0001,1.82e-11,0.000768
7210,1.005e-07,1.004e-08,1.403e-09,1.369e-09,3.20356e-09,6.5025e-10,3.7e-05,5.66e-05,2.55e-05,0.00307,0.00526,1.62e-05,0.0001,1.72e-11,0.000768
7220,1.004e-07,1.004e-08,1.402e-09,1.369e-09,3.20356e-09,6.5025e-10,3.7e-05,5.66e-05,2.55e-05,0.00307,0.00526,1.61e-05,0.0001,1.53e-11,0.000768
7230,1.003e-07,1.003e-08,1.4e-09,1.369e-09,3.1922499999999996e-09,6.451600000000001e-10,3.7e-05,5.65e-05,2.54e-05,0.00307,0.00525,1.61e-05,0.0001,1.71e-11,0.000768
7240,1.002e-07,1.002e-08,1.399e-09,1.369e-09,3.1922499999999996e-09,6.451600000000001e-10,3.7e-05,5.65e-05,2.54e-05,0.00306,0.00525,1.61e-05,0.0001,2.16e-11,0.000767
7250,1.002e-07,1.002e-08,1.398e-09,1.369e-09,3.1922499999999996e-09,6.451600000000001e-10,3.7e-05,5.65e-05,2.54e-05,0.00306,0.00525,1.61e-05,0.0001,1.82e-11,0.000767
7260,1.001e-07,1.001e-08,1.396e-09,1.3616100000000002e-09,3.1922499999999996e-09,6.451600000000001e-10,3.69e-05,5.65e-05,2.54e-05,0.00306,0.00524,1.6e-05,0.0001,1.85e-11,0.000767
7270,1e-07,1e-08,1.395e-09,1.3616100000000002e-09,3.18096e-09,6.451600000000001e-10,3.69e-05,5.64e-05,2.54e-05,0.00305,0.00524,1.6e-05,0.0001,1.75e-11,0.000767
7280,9.996e-08,9.996e-09,1.394e-09,1.3616100000000002e-09,3.18096e-09,6.451600000000001e-10,3.69e-05,5.64e-05,2.54e-05,0.00305,0.00523,1.6e-05,0.0001,1.51e-11,0.000767
7290,9.989e-08,9.989e-09,1.392e-09,1.3616100000000002e-09,3.18096e-09,6.400899999999999e-10,3.69e-05,5.64e-05,2.53e-05,0.00305,0.00523,1.59e-05,0.0001,1.78e-11,0.000767
7300,9.982e-08,9.982e-09,1.391e-09,1.3616100000000002e-09,3.16969e-09,6.451600000000001e-10,3.69e-05,5.63e-05,2.54e-05,0.00305,0.00522,1.59e-05,0.0001,1.36e-11,0.000766
7310,9.976e-08,9.975e-09,1.39e-09,1.3616100000000002e-09,3.16969e-09,6.400899999999999e-10,3.69e-05,5.63e-05,2.53e-05,0.00304,0.00522,1.59e-05,0.0001,2.37e-11,0.000766
7320,9.969e-08,9.968e-09,1.388e-09,1.35424e-09,3.16969e-09,6.400899999999999e-10,3.68e-05,5.63e-05,2.53e-05,0.00304,0.00522,1.59e-05,0.0001,1.91e-11,0.000766
7330,9.963e-08,9.961e-09,1.387e-09,1.35424e-09,3.16969e-09,6.400899999999999e-10,3.68e-05,5.63e-05,2.53e-05,0.00304,0.00521,1.58e-05,0.0001,1.54e-11,0.000766
7340,9.955e-08,9.954e-09,1.386e-09,1.35424e-09,3.1584399999999997e-09,6.400899999999999e-10,3.68e-05,5.62e-05,2.53e-05,0.00303,0.00521,1.58e-05,0.0001,2.14e-11,0.000766
7350,9.948e-08,9.947e-09,1.384e-09,1.35424e-09,3.1584399999999997e-09,6.400899999999999e-10,3.68e-05,5.62e-05,2.53e-05,0.00303,0.0052,1.58e-05,0.0001,2.12e-11,0.000766
7360,9.942e-08,9.94e-09,1.383e-09,1.35424e-09,3.1584399999999997e-09,6.400899999999999e-10,3.68e-05,5.62e-05,2.53e-05,0.00303,0.0052,1.57e-05,0.0001,2.11e-11,0.000765
7370,9.934e-08,9.934e-09,1.382e-09,1.3468899999999999e-09,3.1472100000000003e-09,6.400899999999999e-10,3.67e-05,5.61e-05,2.53e-05,0.00302,0.0052,1.57e-05,0.0001,1.95e-11,0.000765
7380,9.928e-08,9.927e-09,1.381e-09,1.3468899999999999e-09,3.1472100000000003e-09,6.3504e-10,3.67e-05,5.61e-05,2.52e-05,0.00302,0.00519,1.57e-05,0.0001,2.12e-11,0.000765
7390,9.92e-08,9.92e-09,1.379e-09,1.3468899999999999e-09,3.1472100000000003e-09,6.3504e-10,3.67e-05,5.61e-05,2.52e-05,0.00302,0.00519,1.57e-05,0.0001,1.66e-11,0.000765
7400,9.913e-08,9.913e-09,1.378e-09,1.3468899999999999e-09,3.1472100000000003e-09,6.3504e-10,3.67e-05,5.61e-05,2.52e-05,0.00302,0.00518,1.56e-05,0.0001,1.59e-11,0.000765
7410,9.907e-08,9.906e-09,1.376e-09,1.3468899999999999e-09,3.136e-09,6.3504e-10,3.67e-05,5.6e-05,2.52e-05,0.00301,0.00518,1.56e-05,0.0001,2.35e-11,0.000765
7420,9.9e-08,9.9e-09,1.375e-09,1.3468899999999999e-09,3.136e-09,6.3504e-10,3.67e-05,5.6e-05,2.52e-05,0.00301,0.00517,1.56e-05,0.0001,1.58e-11,0.000764
7430,9.894e-08,9.893e-09,1.374e-09,1.33956e-09,3.136e-09,6.3504e-10,3.66e-05,5.6e-05,2.52e-05,0.00301,0.00517,1.56e-05,0.0001,1.3e-11,0.000764
7440,9.887e-08,9.886e-09,1.373e-09,1.33956e-09,3.136e-09,6.3001e-10,3.66e-05,5.6e-05,2.51e-05,0.003,0.00517,1.55e-05,0.0001,1.65e-11,0.000764
7450,9.88e-08,9.879e-09,1.371e-09,1.33956e-09,3.1248099999999997e-09,6.3001e-10,3.66e-05,5.59e-05,2.51e-05,0.003,0.00516,1.55e-05,0.0001,1.5e-11,0.000764
7460,9.874e-08,9.873e-09,1.37e-09,1.33956e-09,3.1248099999999997e-09,6.3001e-10,3.66e-05,5.59e-05,2.51e-05,0.003,0.00516,1.55e-05,0.0001,1.8e-11,0.000764
7470,9.866e-08,9.866e-09,1.369e-09,1.33956e-09,3.1248099999999997e-09,6.3001e-10,3.66e-05,5.59e-05,2.51e-05,0.003,0.00515,1.54e-05,0.0001,1.61e-11,0.000764
7480,9.86e-08,9.859e-09,1.368e-09,1.33956e-09,3.11364e-09,6.3001e-10,3.66e-05,5.58e-05,2.51e-05,0.00299,0.00515,1.54e-05,0.0001,1.82e-11,0.000764
7490,9.853e-08,9.853e-09,1.366e-09,1.33225e-09,3.11364e-09,6.3001e-10,3.65e-05,5.58e-05,2.51e-05,0.00299,0.00515,1.54e-05,0.0001,1.43e-11,0.000763
7500,9.847e-08,9.846e-09,1.365e-09,1.33225e-09,3.11364e-09,6.3001e-10,3.65e-05,5.58e-05,2.51e-05,0.00299,0.00514,1.54e-05,0.0001,1.62e-11,0.000763
7510,9.84e-08,9.839e-09,1.363e-09,1.33225e-09,3.11364e-09,6.25e-10,3.65e-05,5.58e-05,2.5e-05,0.00298,0.00514,1.53e-05,0.0001,1.53e-11,0.000763
7520,9.833e-08,9.833e-09,1.362e-09,1.33225e-09,3.1024899999999997e-09,6.25e-10,3.65e-05,5.57e-05,2.5e-05,0.00298,0.00513,1.53e-05,0.0001,1.5e-11,0.000763
7530,9.827e-08,9.826e-09,1.361e-09,1.33225e-09,3.1024899999999997e-09,6.25e-10,3.65e-05,5.57e-05,2.5e-05,0.00298,0.00513,1.53e-05,0.0001,1.37e-11,0.000763
7540,9.82e-08,9.819e-09,1.36e-09,1.33225e-09,3.1024899999999997e-09,6.25e-10,3.65e-05,5.57e-05,2.5e-05,0.00298,0.00513,1.53e-05,0.0001,1.15e-11,0.000763
7550,9.814e-08,9.813e-09,1.359e-09,1.3249599999999997e-09,3.1024899999999997e-09,6.25e-10,3.64e-05,5.57e-05,2.5e-05,0.00297,0.00512,1.52e-05,0.0001,2.14e-11,0.000762
7560,9.807e-08,9.806e-09,1.357e-09,1.3249599999999997e-09,3.0913600000000004e-09,6.25e-10,3.64e-05,5.56e-05,2.5e-05,0.00297,0.00512,1.52e-05,0.0001,1.95e-11,0.000762
7570,9.8e-08,9.8e-09,1.356e-09,1.3249599999999997e-09,3.0913600000000004e-09,6.25e-10,3.64e-05,5.56e-05,2.5e-05,0.00297,0.00511,1.52e-05,0.0001,1.63e-11,0.000762
7580,9.794e-08,9.793e-09,1.355e-09,1.3249599999999997e-09,3.0913600000000004e-09,6.200099999999999e-10,3.64e-05,5.56e-05,2.49e-05,0.00297,0.00511,1.52e-05,0.0001,1.54e-11,0.000762
7590,9.787e-08,9.786e-09,1.354e-09,1.3249599999999997e-09,3.0913600000000004e-09,6.200099999999999e-10,3.64e-05,5.56e-05,2.49e-05,0.00296,0.00511,1.51e-05,0.0001,1.51e-11,0.000762
7600,9.78e-08,9.78e-09,1.352e-09,1.3249599999999997e-09,3.08025e-09,6.200099999999999e-10,3.64e-05,5.55e-05,2.49e-05,0.00296,0.0051,1.51e-05,0.0001,1.74e-11,0.000762
7610,9.774e-08,9.773e-09,1.351e-09,1.3249599999999997e-09,3.08025e-09,6.200099999999999e-10,3.64e-05,5.55e-05,2.49e-05,0.00296,0.0051,1.51e-05,0.0001,1.65e-11,0.000761
7620,9.767e-08,9.767e-09,1.35e-09,1.31769e-09,3.08025e-09,6.200099999999999e-10,3.63e-05,5.55e-05,2.49e-05,0.00295,0.00509,1.51e-05,0.0001,1.31e-11,0.000761
7630,9.761e-08,9.76e-09,1.348e-09,1.31769e-09,3.0691599999999998e-09,6.200099999999999e-10,3.63e-05,5.54e-05,2.49e-05,0.00295,0.00509,1.5e-05,0.0001,1.89e-11,0.000761
7640,9.754e-08,9.754e-09,1.347e-09,1.31769e-09,3.0691599999999998e-09,6.200099999999999e-10,3.63e-05,5.54e-05,2.49e-05,0.00295,0.00509,1.5e-05,0.0001,1.36e-11,0.000761
7650,9.748e-08,9.747e-09,1.346e-09,1.31769e-09,3.0691599999999998e-09,6.1504e-10,3.63e-05,5.54e-05,2.48e-05,0.00295,0.00508,1.5e-05,0.0001,1.55e-11,0.000761
7660,9.741e-08,9.741e-09,1.345e-09,1.31769e-09,3.0691599999999998e-09,6.1504e-10,3.63e-05,5.54e-05,2.48e-05,0.00294,0.00508,1.49e-05,0.0001,1.32e-11,0.000761
7670,9.735e-08,9.734e-09,1.344e-09,1.31769e-09,3.05809e-09,6.1504e-10,3.63e-05,5.53e-05,2.48e-05,0.00294,0.00508,1.49e-05,0.0001,1.82e-11,0.000761
7680,9.729e-08,9.728e-09,1.343e-09,1.3104399999999999e-09,3.05809e-09,6.1504e-10,3.62e-05,5.53e-05,2.48e-05,0.00294,0.00507,1.49e-05,0.0001,2.1e-11,0.00076
7690,9.723e-08,9.722e-09,1.341e-09,1.3104399999999999e-09,3.05809e-09,6.1504e-10,3.62e-05,5.53e-05,2.48e-05,0.00294,0.00507,1.49e-05,0.0001,1.65e-11,0.00076
7700,9.716e-08,9.715e-09,1.34e-09,1.3104399999999999e-09,3.05809e-09,6.1504e-10,3.62e-05,5.53e-05,2.48e-05,0.00293,0.00506,1.49e-05,0.0001,1.89e-11,0.00076
7710,9.71e-08,9.709e-09,1.339e-09,1.3104399999999999e-09,3.04704e-09,6.1504e-10,3.62e-05,5.52e-05,2.48e-05,0.00293,0.00506,1.48e-05,0.0001,2.01e-11,0.00076
7720,9.703e-08,9.702e-09,1.338e-09,1.3104399999999999e-09,3.04704e-09,6.1009e-10,3.62e-05,5.52e-05,2.47e-05,0.00293,0.00506,1.48e-05,0.0001,1.73e-11,0.00076
7730,9.696e-08,9.696e-09,1.337e-09,1.3104399999999999e-09,3.04704e-09,6.1009e-10,3.62e-05,5.52e-05,2.47e-05,0.00292,0.00505,1.48e-05,0.0001,2.05e-11,0.00076
7740,9.691e-08,9.69e-09,1.335e-09,1.3032100000000003e-09,3.04704e-09,6.1009e-10,3.61e-05,5.52e-05,2.47e-05,0.00292,0.00505,1.47e-05,0.0001,1.94e-11,0.000759
7750,9.684e-08,9.683e-09,1.334e-09,1.3032100000000003e-09,3.0360099999999997e-09,6.1009e-10,3.61e-05,5.51e-05,2.47e-05,0.00292,0.00504,1.47e-05,0.0001,1.68e-11,0.000759
7760,9.678e-08,9.677e-09,1.333e-09,1.3032100000000003e-09,3.0360099999999997e-09,6.1009e-10,3.61e-05,5.51e-05,2.47e-05,0.00292,0.00504,1.47e-05,0.0001,1.68e-11,0.000759
7770,9.671e-08,9.671e-09,1.332e-09,1.3032100000000003e-09,3.0360099999999997e-09,6.1009e-10,3.61e-05,5.51e-05,2.47e-05,0.00291,0.00504,1.47e-05,0.0001,1.64e-11,0.000759
7780,9.665e-08,9.664e-09,1.33e-09,1.3032100000000003e-09,3.0360099999999997e-09,6.1009e-10,3.61e-05,5.51e-05,2.47e-05,0.00291,0.00503,1.47e-05,0.0001,1.59e-11,0.000759
7790,9.659e-08,9.658e-09,1.329e-09,1.3032100000000003e-09,3.025e-09,6.1009e-10,3.61e-05,5.5e-05,2.47e-05,0.00291,0.00503,1.46e-05,0.0001,1.34e-11,0.000759
7800,9.652e-08,9.652e-09,1.328e-09,1.3032100000000003e-09,3.025e-09,6.051600000000001e-10,3.61e-05,5.5e-05,2.46e-05,0.00291,0.00503,1.46e-05,0.0001,1.61e-11,0.000759
7810,9.646e-08,9.646e-09,1.327e-09,1.296e-09,3.025e-09,6.051600000000001e-10,3.6e-05,5.5e-05,2.46e-05,0.0029,0.00502,1.46e-05,0.0001,1.37e-11,0.000758
7820,9.64e-08,9.639e-09,1.326e-09,1.296e-09,3.025e-09,6.051600000000001e-10,3.6e-05,5.5e-05,2.46e-05,0.0029,0.00502,1.46e-05,0.0001,1.73e-11,0.000758
7830,9.633e-08,9.633e-09,1.325e-09,1.296e-09,3.01401e-09,6.051600000000001e-10,3.6e-05,5.49e-05,2.46e-05,0.0029,0.00501,1.45e-05,0.0001,1.46e-11,0.000758
7840,9.628e-08,9.627e-09,1.324e-09,1.296e-09,3.01401e-09,6.051600000000001e-10,3.6e-05,5.49e-05,2.46e-05,0.0029,0.00501,1.45e-05,0.0001,1.53e-11,0.000758
7850,9.622e-08,9.62e-09,1.322e-09,1.296e-09,3.01401e-09,6.051600000000001e-10,3.6e-05,5.49e-05,2.46e-05,0.00289,0.00501,1.45e-05,0.0001,1.41e-11,0.000758
7860,9.615e-08,9.614e-09,1.321e-09,1.296e-09,3.01401e-09,6.051600000000001e-10,3.6e-05,5.49e-05,2.46e-05,0.00289,0.005,1.45e-05,0.0001,1.46e-11,0.000758
7870,9.609e-08,9.608e-09,1.32e-09,1.2888099999999998e-09,3.0030399999999996e-09,6.051600000000001e-10,3.59e-05,5.48e-05,2.46e-05,0.00289,0.005,1.44e-05,0.0001,1.22e-11,0.000758
7880,9.603e-08,9.602e-09,1.319e-09,1.2888099999999998e-09,3.0030399999999996e-09,6.051600000000001e-10,3.59e-05,5.48e-05,2.46e-05,0.00289,0.005,1.44e-05,0.0001,1.71e-11,0.000757
7890,9.596e-08,9.596e-09,1.318e-09,1.2888099999999998e-09,3.0030399999999996e-09,6.0025e-10,3.59e-05,5.48e-05,2.45e-05,0.00288,0.00499,1.44e-05,0.0001,1.32e-11,0.000757
7900,9.59e-08,9.589e-09,1.317e-09,1.2888099999999998e-09,3.0030399999999996e-09,6.0025e-10,3.59e-05,5.48e-05,2.45e-05,0.00288,0.00499,1.44e-05,0.0001,1.72e-11,0.000757
7910,9.584e-08,9.583e-09,1.316e-09,1.2888099999999998e-09,2.99209e-09,6.0025e-10,3.59e-05,5.47e-05,2.45e-05,0.00288,0.00498,1.43e-05,0.0001,1.57e-11,0.000757
7920,9.578e-08,9.577e-09,1.314e-09,1.2888099999999998e-09,2.99209e-09,6.0025e-10,3.59e-05,5.47e-05,2.45e-05,0.00288,0.00498,1.43e-05,0.0001,1.27e-11,0.000757
7930,9.572e-08,9.571e-09,1.313e-09,1.2816400000000001e-09,2.99209e-09,6.0025e-10,3.58e-05,5.47e-05,2.45e-05,0.00287,0.00498,1.43e-05,0.0001,1.87e-11,0.000757
7940,9.566e-08,9.565e-09,1.312e-09,1.2816400000000001e-09,2.99209e-09,6.0025e-10,3.58e-05,5.47e-05,2.45e-05,0.00287,0.00497,1.43e-05,0.0001,1.89e-11,0.000757
7950,9.559e-08,9.559e-09,1.311e-09,1.2816400000000001e-09,2.98116e-09,6.0025e-10,3.58e-05,5.46e-05,2.45e-05,0.00287,0.00497,1.43e-05,0.0001,1.58e-11,0.000756
7960,9.554e-08,9.553e-09,1.31e-09,1.2816400000000001e-09,2.98116e-09,6.0025e-10,3.58e-05,5.46e-05,2.45e-05,0.00287,0.00497,1.42e-05,0.0001,1.18e-11,0.000756
7970,9.547e-08,9.547e-09,1.309e-09,1.2816400000000001e-09,2.98116e-09,5.9536e-10,3.58e-05,5.46e-05,2.44e-05,0.00286,0.00496,1.42e-05,0.0001,1.87e-11,0.000756
7980,9.541e-08,9.541e-09,1.307e-09,1.2816400000000001e-09,2.98116e-09,5.9536e-10,3.58e-05,5.46e-05,2.44e-05,0.00286,0.00496,1.42e-05,0.0001,1.24e-11,0.000756
7990,9.535e-08,9.534e-09,1.306e-09,1.2816400000000001e-09,2.97025e-09,5.9536e-10,3.58e-05,5.45e-05,2.44e-05,0.00286,0.00496,1.42e-05,0.0001,1.38e-11,0.000756
8000,9.529e-08,9.528e-09,1.305e-09,1.27449e-09,2.97025e-09,5.9536e-10,3.57e-05,5.45e-05,2.44e-05,0.00286,0.00495,1.41e-05,0.0001,1.87e-11,0.000756
8010,9.523e-08,9.522e-09,1.304e-09,1.27449e-09,2.97025e-09,5.9536e-10,3.57e-05,5.45e-05,2.44e-05,0.00285,0.00495,1.41e-05,0.0001,1.49e-11,0.000756
8020,9.517e-08,9.516e-09,1.303e-09,1.27449e-09,2.97025e-09,5.9536e-10,3.57e-05,5.45e-05,2.44e-05,0.00285,0.00494,1.41e-05,0.0001,1.55e-11,0.000755
8030,9.511e-08,9.51e-09,1.302e-09,1.27449e-09,2.95936e-09,5.9536e-10,3.57e-05,5.44e-05,2.44e-05,0.00285,0.00494,1.41e-05,0.0001,1.7e-11,0.000755
8040,9.505e-08,9.504e-09,1.301e-09,1.27449e-09,2.95936e-09,5.9536e-10,3.57e-05,5.44e-05,2.44e-05,0.00285,0.00494,1.4e-05,0.0001,1.76e-11,0.000755
8050,9.498e-08,9.498e-09,1.3e-09,1.27449e-09,2.95936e-09,5.904900000000001e-10,3.57e-05,5.44e-05,2.43e-05,0.00284,0.00493,1.4e-05,0.0001,1.33e-11,0.000755
8060,9.492e-08,9.492e-09,1.299e-09,1.27449e-09,2.95936e-09,5.904900000000001e-10,3.57e-05,5.44e-05,2.43e-05,0.00284,0.00493,1.4e-05,0.0001,1.58e-11,0.000755
8070,9.486e-08,9.486e-09,1.298e-09,1.2673599999999999e-09,2.95936e-09,5.904900000000001e-10,3.56e-05,5.44e-05,2.43e-05,0.00284,0.00493,1.4e-05,0.0001,1.75e-11,0.000755
8080,9.481e-08,9.48e-09,1.296e-09,1.2673599999999999e-09,2.94849e-09,5.904900000000001e-10,3.56e-05,5.43e-05,2.43e-05,0.00284,0.00492,1.4e-05,0.0001,1.43e-11,0.000755
8090,9.475e-08,9.474e-09,1.295e-09,1.2673599999999999e-09,2.94849e-09,5.904900000000001e-10,3.56e-05,5.43e-05,2.43e-05,0.00283,0.00492,1.39e-05,0.0001,1.37e-11,0.000754
8100,9.469e-08,9.468e-09,1.294e-09,1.2673599999999999e-09,2.94849e-09,5.904900000000001e-10,3.56e-05,5.43e-05,2.43e-05,0.00283,0.00492,1.39e-05,0.0001,1.71e-11,0.000754
8110,9.463e-08,9.462e-09,1.293e-09,1.2673599999999999e-09,2.94849e-09,5.904900000000001e-10,3.56e-05,5.43e-05,2.43e-05,0.00283,0.00491,1.39e-05,0.0001,1.7e-11,0.000754
8120,9.457e-08,9.457e-09,1.292e-09,1.2673599999999999e-09,2.9376400000000002e-09,5.8564e-10,3.56e-05,5.42e-05,2.42e-05,0.00283,0.00491,1.39e-05,0.0001,1.32e-11,0.000754
8130,9.451e-08,9.451e-09,1.291e-09,1.2673599999999999e-09,2.9376400000000002e-09,5.904900000000001e-10,3.56e-05,5.42e-05,2.43e-05,0.00282,0.00491,1.38e-05,0.0001,1.16e-11,0.000754
8140,9.445e-08,9.445e-09,1.29e-09,1.26025e-09,2.9376400000000002e-09,5.8564e-10,3.55e-05,5.42e-05,2.42e-05,0.00282,0.0049,1.38e-05,0.0001,1.31e-11,0.000754
8150,9.439e-08,9.439e-09,1.289e-09,1.26025e-09,2.9376400000000002e-09,5.8564e-10,3.55e-05,5.42e-05,2.42e-05,0.00282,0.0049,1.38e-05,0.0001,1.47e-11,0.000754
8160,9.434e-08,9.433e-09,1.288e-09,1.26025e-09,2.92681e-09,5.8564e-10,3.55e-05,5.41e-05,2.42e-05,0.00282,0.00489,1.38e-05,0.0001,2e-11,0.000753
8170,9.427e-08,9.427e-09,1.287e-09,1.26025e-09,2.92681e-09,5.8564e-10,3.55e-05,5.41e-05,2.42e-05,0.00281,0.00489,1.38e-05,0.0001,1.28e-11,0.000753
8180,9.421e-08,9.421e-09,1.285e-09,1.26025e-09,2.92681e-09,5.8564e-10,3.55e-05,5.41e-05,2.42e-05,0.00281,0.00489,1.37e-05,0.0001,2.33e-11,0.000753
8190,9.416e-08,9.415e-09,1.284e-09,1.26025e-09,2.92681e-09,5.8564e-10,3.55e-05,5.41e-05,2.42e-05,0.00281,0.00488,1.37e-05,0.0001,1.58e-11,0.000753
8200,9.41e-08,9.409e-09,1.284e-09,1.26025e-09,2.916e-09,5.8564e-10,3.55e-05,5.4e-05,2.42e-05,0.00281,0.00488,1.37e-05,0.0001,1.71e-11,0.000753
8210,9.404e-08,9.403e-09,1.283e-09,1.25316e-09,2.916e-09,5.8564e-10,3.54e-05,5.4e-05,2.42e-05,0.0028,0.00488,1.37e-05,0.0001,2.08e-11,0.000753
8220,9.398e-08,9.398e-09,1.281e-09,1.25316e-09,2.916e-09,5.8081e-10,3.54e-05,5.4e-05,2.41e-05,0.0028,0.00487,1.37e-05,0.0001,1.17e-11,0.000753
8230,9.392e-08,9.392e-09,1.28e-09,1.25316e-09,2.916e-09,5.8081e-10,3.54e-05,5.4e-05,2.41e-05,0.0028,0.00487,1.36e-05,0.0001,1.39e-11,0.000752
8240,9.386e-08,9.386e-09,1.279e-09,1.25316e-09,2.916e-09,5.8081e-10,3.54e-05,5.4e-05,2.41e-05,0.0028,0.00487,1.36e-05,0.0001,1.8e-11,0.000752
8250,9.38e-08,9.38e-09,1.278e-09,1.25316e-09,2.90521e-09,5.8081e-10,3.54e-05,5.39e-05,2.41e-05,0.00279,0.00535,1.49e-05,0.0001,1.91e-11,0.000752
8260,9.374e-08,9.374e-09,1.277e-09,1.25316e-09,2.90521e-09,5.8081e-10,3.54e-05,5.39e-05,2.41e-05,0.00279,0.00486,1.36e-05,0.0001,1.91e-11,0.000752
8270,9.368e-08,9.368e-09,1.276e-09,1.25316e-09,2.90521e-09,5.8081e-10,3.54e-05,5.39e-05,2.41e-05,0.00279,0.00486,1.35e-05,0.0001,1.17e-11,0.000752
8280,9.362e-08,9.362e-09,1.275e-09,1.2460899999999998e-09,2.90521e-09,5.8081e-10,3.53e-05,5.39e-05,2.41e-05,0.00279,0.00485,1.35e-05,0.0001,1.13e-11,0.000752
8290,9.357e-08,9.356e-09,1.274e-09,1.2460899999999998e-09,2.89444e-09,5.760000000000001e-10,3.53e-05,5.38e-05,2.4e-05,0.00278,0.00485,1.35e-05,0.0001,1.65e-11,0.000752
8300,9.351e-08,9.35e-09,1.273e-09,1.2460899999999998e-09,2.89444e-09,5.760000000000001e-10,3.53e-05,5.38e-05,2.4e-05,0.00278,0.00533,1.48e-05,0.0001,2.37e-11,0.000751
8310,9.345e-08,9.344e-09,1.272e-09,1.2460899999999998e-09,2.89444e-09,5.760000000000001e-10,3.53e-05,5.38e-05,2.4e-05,0.00278,0.00533,1.48e-05,0.0001,1.87e-11,0.000751
8320,9.338e-08,9.338e-09,1.27e-09,1.2460899999999998e-09,2.89444e-09,5.760000000000001e-10,3.53e-05,5.38e-05,2.4e-05,0.00278,0.00532,1.48e-05,0.0001,2.31e-11,0.000751
8330,9.332e-08,9.332e-09,1.269e-09,1.2460899999999998e-09,2.8836899999999996e-09,5.760000000000001e-10,3.53e-05,5.37e-05,2.4e-05,0.00277,0.00532,1.48e-05,0.0001,1.93e-11,0.000751
8340,9.326e-08,9.326e-09,1.268e-09,1.23904e-09,2.8836899999999996e-09,5.760000000000001e-10,3.52e-05,5.37e-05,2.4e-05,0.00277,0.00532,1.47e-05,0.0001,2.42e-11,0.000751
8350,9.32e-08,9.319e-09,1.267e-09,1.23904e-09,2.8836899999999996e-09,5.760000000000001e-10,3.52e-05,5.37e-05,2.4e-05,0.00277,0.00531,1.47e-05,0.0001,1.57e-11,0.000751
8360,9.314e-08,9.313e-09,1.266e-09,1.23904e-09,2.8836899999999996e-09,5.760000000000001e-10,3.52e-05,5.37e-05,2.4e-05,0.00277,0.00531,1.47e-05,0.0001,1.44e-11,0.000751
8370,9.308e-08,9.307e-09,1.265e-09,1.23904e-09,2.8729600000000004e-09,5.760000000000001e-10,3.52e-05,5.36e-05,2.4e-05,0.00276,0.0053,1.47e-05,0.0001,2.06e-11,0.00075
8380,9.3e-08,9.301e-09,1.264e-09,1.23904e-09,2.8729600000000004e-09,5.7121e-10,3.52e-05,5.36e-05,2.39e-05,0.00276,0.0053,1.46e-05,0.0001,1.82e-11,0.00075
8390,9.295e-08,9.295e-09,1.263e-09,1.23904e-09,2.8729600000000004e-09,5.7121e-10,3.52e-05,5.36e-05,2.39e-05,0.00276,0.0053,1.46e-05,0.0001,1.52e-11,0.00075
8400,9.289e-08,9.288e-09,1.261e-09,1.23904e-09,2.8729600000000004e-09,5.7121e-10,3.52e-05,5.36e-05,2.39e-05,0.00276,0.00529,1.46e-05,0.0001,2.15e-11,0.00075
8410,9.283e-08,9.282e-09,1.26e-09,1.23201e-09,2.8729600000000004e-09,5.7121e-10,3.51e-05,5.36e-05,2.39e-05,0.00275,0.00529,1.46e-05,0.0001,1.62e-11,0.00075
8420,9.276e-08,9.276e-09,1.259e-09,1.23201e-09,2.86225e-09,5.7121e-10,3.51e-05,5.35e-05,2.39e-05,0.00275,0.00529,1.45e-05,0.0001,1.48e-11,0.00075
8430,9.27e-08,9.27e-09,1.258e-09,1.23201e-09,2.86225e-09,5.7121e-10,3.51e-05,5.35e-05,2.39e-05,0.00275,0.00528,1.45e-05,0.0001,1.86e-11,0.000749
8440,9.264e-08,9.264e-09,1.257e-09,1.23201e-09,2.86225e-09,5.7121e-10,3.51e-05,5.35e-05,2.39e-05,0.00275,0.00528,1.45e-05,0.0001,1.92e-11,0.000749
8450,9.258e-08,9.258e-09,1.256e-09,1.23201e-09,2.86225e-09,5.6644e-10,3.51e-05,5.35e-05,2.38e-05,0.00274,0.00528,1.45e-05,0.0001,1.49e-11,0.000749
8460,9.253e-08,9.252e-09,1.255e-09,1.23201e-09,2.8515599999999996e-09,5.6644e-10,3.51e-05,5.34e-05,2.38e-05,0.00274,0.00527,1.45e-05,0.0001,1.85e-11,0.000749
8470,9.246e-08,9.246e-09,1.254e-09,1.23201e-09,2.8515599999999996e-09,5.6644e-10,3.51e-05,5.34e-05,2.38e-05,0.00274,0.00527,1.44e-05,0.0001,1.62e-11,0.000749
8480,9.24e-08,9.239e-09,1.253e-09,1.2249999999999998e-09,2.8515599999999996e-09,5.6644e-10,3.5e-05,5.34e-05,2.38e-05,0.00274,0.00526,1.44e-05,0.0001,1.69e-11,0.000749
8490,9.234e-08,9.233e-09,1.252e-09,1.2249999999999998e-09,2.8515599999999996e-09,5.6644e-10,3.5e-05,5.34e-05,2.38e-05,0.00273,0.00526,1.44e-05,0.0001,1.74e-11,0.000749
8500,9.228e-08,9.227e-09,1.251e-09,1.2249999999999998e-09,2.84089e-09,5.6644e-10,3.5e-05,5.33e-05,2.38e-05,0.00273,0.00526,1.44e-05,0.0001,1.47e-11,0.000748
8510,9.222e-08,9.221e-09,1.25e-09,1.2249999999999998e-09,2.84089e-09,5.6644e-10,3.5e-05,5.33e-05,2.38e-05,0.00273,0.00525,1.43e-05,0.0001,1.75e-11,0.000748
8520,9.216e-08,9.215e-09,1.248e-09,1.2249999999999998e-09,2.84089e-09,5.6644e-10,3.5e-05,5.33e-05,2.38e-05,0.00273,0.00525,1.43e-05,0.0001,2.03e-11,0.000748
8530,9.21e-08,9.209e-09,1.247e-09,1.2249999999999998e-09,2.84089e-09,5.6644e-10,3.5e-05,5.33e-05,2.38e-05,0.00273,0.00525,1.43e-05,0.0001,1.86e-11,0.000748
8540,9.204e-08,9.203e-09,1.246e-09,1.21801e-09,2.83024e-09,5.6644e-10,3.49e-05,5.32e-05,2.38e-05,0.00272,0.00524,1.43e-05,0.0001,1.72e-11,0.000748
8550,9.198e-08,9.197e-09,1.245e-09,1.21801e-09,2.83024e-09,5.616900000000001e-10,3.49e-05,5.32e-05,2.37e-05,0.00272,0.00524,1.43e-05,0.0001,2.48e-11,0.000748
8560,9.191e-08,9.191e-09,1.244e-09,1.21801e-09,2.83024e-09,5.616900000000001e-10,3.49e-05,5.32e-05,2.37e-05,0.00272,0.00524,1.42e-05,0.0001,1.42e-11,0.000748
8570,9.185e-08,9.185e-09,1.243e-09,1.21801e-09,2.83024e-09,5.616900000000001e-10,3.49e-05,5.32e-05,2.37e-05,0.00272,0.00523,1.42e-05,0.0001,1.74e-11,0.000747
8580,9.18e-08,9.179e-09,1.242e-09,1.21801e-09,2.8196100000000004e-09,5.616900000000001e-10,3.49e-05,5.31e-05,2.37e-05,0.00271,0.00523,1.42e-05,0.0001,1.62e-11,0.000747
8590,9.173e-08,9.173e-09,1.241e-09,1.21801e-09,2.8196100000000004e-09,5.616900000000001e-10,3.49e-05,5.31e-05,2.37e-05,0.00271,0.00522,1.42e-05,0.0001,1.38e-11,0.000747
8600,9.168e-08,9.167e-09,1.24e-09,1.21801e-09,2.8196100000000004e-09,5.616900000000001e-10,3.49e-05,5.31e-05,2.37e-05,0.00271,0.00522,1.41e-05,0.0001,1.47e-11,0.000747
8610,9.162e-08,9.161e-09,1.239e-09,1.21104e-09,2.8196100000000004e-09,5.616900000000001e-10,3.48e-05,5.31e-05,2.37e-05,0.00271,0.00522,1.41e-05,0.0001,1.6e-11,0.000747
8620,9.156e-08,9.155e-09,1.238e-09,1.21104e-09,2.8196100000000004e-09,5.616900000000001e-10,3.48e-05,5.31e-05,2.37e-05,0.0027,0.00521,1.41e-05,0.0001,1.56e-11,0.000747
8630,9.15e-08,9.149e-09,1.236e-09,1.21104e-09,2.809e-09,5.5696e-10,3.48e-05,5.3e-05,2.36e-05,0.0027,0.00521,1.41e-05,0.0001,1.5e-11,0.000747
8640,9.144e-08,9.143e-09,1.236e-09,1.21104e-09,2.809e-09,5.5696e-10,3.48e-05,5.3e-05,2.36e-05,0.0027,0.00521,1.41e-05,0.0001,1.85e-11,0.000746
8650,9.138e-08,9.138e-09,1.235e-09,1.21104e-09,2.809e-09,5.5696e-10,3.48e-05,5.3e-05,2.36e-05,0.0027,0.0052,1.4e-05,0.0001,1.79e-11,0.000746
8660,9.132e-08,9.132e-09,1.233e-09,1.21104e-09,2.809e-09,5.5696e-10,3.48e-05,5.3e-05,2.36e-05,0.00269,0.0052,1.4e-05,0.0001,1.71e-11,0.000746
8670,9.126e-08,9.126e-09,1.232e-09,1.21104e-09,2.7984099999999996e-09,5.5696e-10,3.48e-05,5.29e-05,2.36e-05,0.00269,0.0052,1.4e-05,0.0001,2.12e-11,0.000746
8680,9.121e-08,9.12e-09,1.231e-09,1.2040900000000001e-09,2.7984099999999996e-09,5.5696e-10,3.47e-05,5.29e-05,2.36e-05,0.00269,0.00519,1.4e-05,0.0001,1.63e-11,0.000746
8690,9.115e-08,9.114e-09,1.23e-09,1.2040900000000001e-09,2.7984099999999996e-09,5.5696e-10,3.47e-05,5.29e-05,2.36e-05,0.00269,0.00519,1.39e-05,0.0001,2.04e-11,0.000746
8700,9.109e-08,9.108e-09,1.229e-09,1.2040900000000001e-09,2.7984099999999996e-09,5.5696e-10,3.47e-05,5.29e-05,2.36e-05,0.00269,0.00519,1.39e-05,0.0001,1.26e-11,0.000746
8710,9.103e-08,9.102e-09,1.229e-09,1.2040900000000001e-09,2.7984099999999996e-09,5.5696e-10,3.47e-05,5.29e-05,2.36e-05,0.00268,0.00518,1.39e-05,0.0001,1.48e-11,0.000745
8720,9.097e-08,9.096e-09,1.227e-09,1.2040900000000001e-09,2.78784e-09,5.522499999999999e-10,3.47e-05,5.28e-05,2.35e-05,0.00268,0.00518,1.39e-05,0.0001,1.4e-11,0.000745
8730,9.092e-08,9.091e-09,1.226e-09,1.2040900000000001e-09,2.78784e-09,5.522499999999999e-10,3.47e-05,5.28e-05,2.35e-05,0.00268,0.00518,1.39e-05,0.0001,1.52e-11,0.000745
8740,9.086e-08,9.085e-09,1.225e-09,1.2040900000000001e-09,2.78784e-09,5.522499999999999e-10,3.47e-05,5.28e-05,2.35e-05,0.00268,0.00517,1.38e-05,0.0001,1.65e-11,0.000745
8750,9.08e-08,9.079e-09,1.224e-09,1.19716e-09,2.78784e-09,5.522499999999999e-10,3.46e-05,5.28e-05,2.35e-05,0.00267,0.00517,1.38e-05,0.0001,1.81e-11,0.000745
8760,9.074e-08,9.073e-09,1.223e-09,1.19716e-09,2.77729e-09,5.522499999999999e-10,3.46e-05,5.27e-05,2.35e-05,0.00267,0.00516,1.38e-05,0.0001,1.25e-11,0.000745
8770,9.068e-08,9.067e-09,1.222e-09,1.19716e-09,2.77729e-09,5.522499999999999e-10,3.46e-05,5.27e-05,2.35e-05,0.00267,0.00516,1.38e-05,0.0001,1.4e-11,0.000745
8780,9.062e-08,9.062e-09,1.221e-09,1.19716e-09,2.77729e-09,5.522499999999999e-10,3.46e-05,5.27e-05,2.35e-05,0.00267,0.00516,1.38e-05,0.0001,1.66e-11,0.000744
8790,9.056e-08,9.056e-09,1.22e-09,1.19716e-09,2.77729e-09,5.4756e-10,3.46e-05,5.27e-05,2.34e-05,0.00266,0.00515,1.37e-05,0.0001,1.65e-11,0.000744
8800,9.051e-08,9.05e-09,1.219e-09,1.19716e-09,2.77729e-09,5.4756e-10,3.46e-05,5.27e-05,2.34e-05,0.00266,0.00515,1.37e-05,0.0001,1.97e-11,0.000744
8810,9.045e-08,9.045e-09,1.218e-09,1.19716e-09,2.7667599999999997e-09,5.4756e-10,3.46e-05,5.26e-05,2.34e-05,0.00266,0.00515,1.37e-05,0.0001,1.71e-11,0.000744
8820,9.04e-08,9.039e-09,1.217e-09,1.1902499999999999e-09,2.7667599999999997e-09,5.4756e-10,3.45e-05,5.26e-05,2.34e-05,0.00266,0.00514,1.37e-05,0.0001,1.79e-11,0.000744
8830,9.033e-08,9.033e-09,1.216e-09,1.1902499999999999e-09,2.7667599999999997e-09,5.4756e-10,3.45e-05,5.26e-05,2.34e-05,0.00266,0.00514,1.37e-05,0.0001,1.41e-11,0.000744
8840,9.028e-08,9.027e-09,1.215e-09,1.1902499999999999e-09,2.7667599999999997e-09,5.4756e-10,3.45e-05,5.26e-05,2.34e-05,0.00265,0.00514,1.36e-05,0.0001,1.48e-11,0.000744
8850,9.022e-08,9.022e-09,1.214e-09,1.1902499999999999e-09,2.7562500000000003e-09,5.4756e-10,3.45e-05,5.25e-05,2.34e-05,0.00265,0.00513,1.36e-05,0.0001,1.86e-11,0.000743
8860,9.017e-08,9.016e-09,1.213e-09,1.1902499999999999e-09,2.7562500000000003e-09,5.4756e-10,3.45e-05,5.25e-05,2.34e-05,0.00265,0.00513,1.36e-05,0.0001,1.55e-11,0.000743
8870,9.011e-08,9.01e-09,1.212e-09,1.1902499999999999e-09,2.7562500000000003e-09,5.4756e-10,3.45e-05,5.25e-05,2.34e-05,0.00265,0.00513,1.36e-05,0.0001,1.26e-11,0.000743
8880,9.005e-08,9.005e-09,1.211e-09,1.1902499999999999e-09,2.7562500000000003e-09,5.428900000000001e-10,3.45e-05,5.25e-05,2.33e-05,0.00264,0.00512,1.35e-05,0.0001,1.22e-11,0.000743
8890,9e-08,8.999e-09,1.21e-09,1.1902499999999999e-09,2.7562500000000003e-09,5.4756e-10,3.45e-05,5.25e-05,2.34e-05,0.00264,0.00512,1.35e-05,0.0001,1.45e-11,0.000743
8900,8.994e-08,8.993e-09,1.209e-09,1.1833600000000001e-09,2.74576e-09,5.428900000000001e-10,3.44e-05,5.24e-05,2.33e-05,0.00264,0.00512,1.35e-05,0.0001,1.43e-11,0.000743
8910,8.988e-08,8.988e-09,1.208e-09,1.1833600000000001e-09,2.74576e-09,5.428900000000001e-10,3.44e-05,5.24e-05,2.33e-05,0.00264,0.00511,1.35e-05,0.0001,1.44e-11,0.000743
8920,8.982e-08,8.982e-09,1.207e-09,1.1833600000000001e-09,2.74576e-09,5.428900000000001e-10,3.44e-05,5.24e-05,2.33e-05,0.00263,0.00511,1.35e-05,0.0001,1.5e-11,0.000743
8930,8.977e-08,8.976e-09,1.206e-09,1.1833600000000001e-09,2.74576e-09,5.428900000000001e-10,3.44e-05,5.24e-05,2.33e-05,0.00263,0.00511,1.34e-05,0.0001,1.34e-11,0.000742
8940,8.971e-08,8.971e-09,1.205e-09,1.1833600000000001e-09,2.7352899999999996e-09,5.428900000000001e-10,3.44e-05,5.23e-05,2.33e-05,0.00263,0.0051,1.34e-05,0.0001,1.6e-11,0.000742
8950,8.966e-08,8.965e-09,1.204e-09,1.1833600000000001e-09,2.7352899999999996e-09,5.428900000000001e-10,3.44e-05,5.23e-05,2.33e-05,0.00263,0.0051,1.34e-05,0.0001,1.28e-11,0.000742
8960,8.96e-08,8.96e-09,1.203e-09,1.1833600000000001e-09,2.7352899999999996e-09,5.428900000000001e-10,3.44e-05,5.23e-05,2.33e-05,0.00263,0.0051,1.34e-05,0.0001,1.14e-11,0.000742
8970,8.954e-08,8.954e-09,1.202e-09,1.17649e-09,2.7352899999999996e-09,5.428900000000001e-10,3.43e-05,5.23e-05,2.33e-05,0.00262,0.00509,1.34e-05,0.0001,1.31e-11,0.000742
8980,8.949e-08,8.948e-09,1.201e-09,1.17649e-09,2.7352899999999996e-09,5.382400000000001e-10,3.43e-05,5.23e-05,2.32e-05,0.00262,0.00509,1.33e-05,0.0001,1.68e-11,0.000742
8990,8.943e-08,8.943e-09,1.2e-09,1.17649e-09,2.7248400000000003e-09,5.382400000000001e-10,3.43e-05,5.22e-05,2.32e-05,0.00262,0.00509,1.33e-05,0.0001,1.42e-11,0.000742
9000,8.938e-08,8.937e-09,1.199e-09,1.17649e-09,2.7248400000000003e-09,5.382400000000001e-10,3.43e-05,5.22e-05,2.32e-05,0.00262,0.00508,1.33e-05,0.0001,1.44e-11,0.000741
9010,8.932e-08,8.932e-09,1.198e-09,1.17649e-09,2.7248400000000003e-09,5.382400000000001e-10,3.43e-05,5.22e-05,2.32e-05,0.00262,0.00508,1.33e-05,0.0001,1.16e-11,0.000741
9020,8.927e-08,8.926e-09,1.198e-09,1.17649e-09,2.7248400000000003e-09,5.382400000000001e-10,3.43e-05,5.22e-05,2.32e-05,0.00261,0.00508,1.33e-05,0.0001,1.38e-11,0.000741
9030,8.922e-08,8.921e-09,1.196e-09,1.17649e-09,2.7248400000000003e-09,5.382400000000001e-10,3.43e-05,5.22e-05,2.32e-05,0.00261,0.00507,1.32e-05,0.0001,1.54e-11,0.000741
9040,8.916e-08,8.915e-09,1.196e-09,1.16964e-09,2.71441e-09,5.382400000000001e-10,3.42e-05,5.21e-05,2.32e-05,0.00261,0.00507,1.32e-05,0.0001,1.24e-11,0.000741
9050,8.91e-08,8.91e-09,1.195e-09,1.16964e-09,2.71441e-09,5.382400000000001e-10,3.42e-05,5.21e-05,2.32e-05,0.00261,0.00507,1.32e-05,0.0001,1.36e-11,0.000741
9060,8.905e-08,8.904e-09,1.194e-09,1.16964e-09,2.71441e-09,5.3361e-10,3.42e-05,5.21e-05,2.31e-05,0.0026,0.00506,1.32e-05,0.0001,1.23e-11,0.000741
9070,8.899e-08,8.899e-09,1.193e-09,1.16964e-09,2.71441e-09,5.3361e-10,3.42e-05,5.21e-05,2.31e-05,0.0026,0.00506,1.32e-05,0.0001,1.33e-11,0.00074
9080,8.894e-08,8.893e-09,1.192e-09,1.16964e-09,2.7039999999999998e-09,5.3361e-10,3.42e-05,5.2e-05,2.31e-05,0.0026,0.00506,1.31e-05,0.0001,1.45e-11,0.00074
9090,8.889e-08,8.888e-09,1.191e-09,1.16964e-09,2.7039999999999998e-09,5.3361e-10,3.42e-05,5.2e-05,2.31e-05,0.0026,0.00505,1.31e-05,0.0001,1.33e-11,0.00074
9100,8.883e-08,8.882e-09,1.19e-09,1.16964e-09,2.7039999999999998e-09,5.3361e-10,3.42e-05,5.2e-05,2.31e-05,0.0026,0.00505,1.31e-05,0.0001,1.16e-11,0.00074
9110,8.877e-08,8.877e-09,1.189e-09,1.16964e-09,2.7039999999999998e-09,5.3361e-10,3.42e-05,5.2e-05,2.31e-05,0.00259,0.00505,1.31e-05,0.0001,1.32e-11,0.00074
9120,8.873e-08,8.872e-09,1.188e-09,1.1628100000000002e-09,2.7039999999999998e-09,5.3361e-10,3.41e-05,5.2e-05,2.31e-05,0.00259,0.00504,1.31e-05,0.0001,1.46e-11,0.00074
9130,8.867e-08,8.866e-09,1.187e-09,1.1628100000000002e-09,2.69361e-09,5.3361e-10,3.41e-05,5.19e-05,2.31e-05,0.00259,0.00504,1.31e-05,0.0001,1.55e-11,0.00074
9140,8.862e-08,8.861e-09,1.186e-09,1.1628100000000002e-09,2.69361e-09,5.3361e-10,3.41e-05,5.19e-05,2.31e-05,0.00259,0.00504,1.3e-05,0.0001,1.46e-11,0.00074
9150,8.856e-08,8.855e-09,1.185e-09,1.1628100000000002e-09,2.69361e-09,5.3361e-10,3.41e-05,5.19e-05,2.31e-05,0.00259,0.00503,1.3e-05,0.0001,1.37e-11,0.000739
9160,8.85e-08,8.85e-09,1.184e-09,1.1628100000000002e-09,2.69361e-09,5.29e-10,3.41e-05,5.19e-05,2.3e-05,0.00258,0.00503,1.3e-05,0.0001,1.3e-11,0.000739
9170,8.845e-08,8.845e-09,1.183e-09,1.1628100000000002e-09,2.69361e-09,5.29e-10,3.41e-05,5.19e-05,2.3e-05,0.00258,0.00503,1.3e-05,0.0001,1.54e-11,0.000739
9180,8.839e-08,8.839e-09,1.182e-09,1.1628100000000002e-09,2.68324e-09,5.29e-10,3.41e-05,5.18e-05,2.3e-05,0.00258,0.00502,1.3e-05,0.0001,1.28e-11,0.000739
9190,8.835e-08,8.834e-09,1.181e-09,1.156e-09,2.68324e-09,5.29e-10,3.4e-05,5.18e-05,2.3e-05,0.00258,0.00502,1.29e-05,0.0001,1.19e-11,0.000739
9200,8.829e-08,8.829e-09,1.181e-09,1.156e-09,2.68324e-09,5.29e-10,3.4e-05,5.18e-05,2.3e-05,0.00257,0.00502,1.29e-05,0.0001,1.16e-11,0.000739
9210,8.824e-08,8.823e-09,1.18e-09,1.156e-09,2.68324e-09,5.29e-10,3.4e-05,5.18e-05,2.3e-05,0.00257,0.00502,1.29e-05,0.0001,1.76e-11,0.000739
9220,8.819e-08,8.818e-09,1.179e-09,1.156e-09,2.68324e-09,5.29e-10,3.4e-05,5.18e-05,2.3e-05,0.00257,0.00501,1.29e-05,0.0001,1.24e-11,0.000738
9230,8.813e-08,8.812e-09,1.178e-09,1.156e-09,2.6728900000000003e-09,5.29e-10,3.4e-05,5.17e-05,2.3e-05,0.00257,0.00501,1.29e-05,0.0001,1.29e-11,0.000738
9240,8.807e-08,8.807e-09,1.177e-09,1.156e-09,2.6728900000000003e-09,5.29e-10,3.4e-05,5.17e-05,2.3e-05,0.00257,0.00501,1.28e-05,0.0001,1.12e-11,0.000738
9250,8.802e-08,8.802e-09,1.176e-09,1.156e-09,2.6728900000000003e-09,5.244100000000001e-10,3.4e-05,5.17e-05,2.29e-05,0.00256,0.005,1.28e-05,0.0001,1.31e-11,0.000738
9260,8.797e-08,8.797e-09,1.175e-09,1.156e-09,2.6728900000000003e-09,5.244100000000001e-10,3.4e-05,5.17e-05,2.29e-05,0.00256,0.005,1.28e-05,0.0001,1.36e-11,0.000738
9270,8.792e-08,8.791e-09,1.174e-09,1.1492099999999998e-09,2.6728900000000003e-09,5.244100000000001e-10,3.39e-05,5.17e-05,2.29e-05,0.00256,0.005,1.28e-05,0.0001,1.57e-11,0.000738
9280,8.787e-08,8.786e-09,1.173e-09,1.1492099999999998e-09,2.66256e-09,5.244100000000001e-10,3.39e-05,5.16e-05,2.29e-05,0.00256,0.00499,1.28e-05,0.0001,1.4e-11,0.000738
9290,8.781e-08,8.781e-09,1.172e-09,1.1492099999999998e-09,2.66256e-09,5.244100000000001e-10,3.39e-05,5.16e-05,2.29e-05,0.00256,0.00499,1.28e-05,0.0001,1.34e-11,0.000738
9300,8.776e-08,8.775e-09,1.172e-09,1.1492099999999998e-09,2.66256e-09,5.244100000000001e-10,3.39e-05,5.16e-05,2.29e-05,0.00255,0.00499,1.27e-05,0.0001,1.27e-11,0.000737
9310,8.771e-08,8.77e-09,1.17e-09,1.1492099999999998e-09,2.66256e-09,5.244100000000001e-10,3.39e-05,5.16e-05,2.29e-05,0.00255,0.00498,1.27e-05,0.0001,1.56e-11,0.000737
9320,8.765e-08,8.765e-09,1.17e-09,1.1492099999999998e-09,2.66256e-09,5.244100000000001e-10,3.39e-05,5.16e-05,2.29e-05,0.00255,0.00498,1.27e-05,0.0001,1.09e-11,0.000737
9330,8.76e-08,8.76e-09,1.169e-09,1.1492099999999998e-09,2.65225e-09,5.244100000000001e-10,3.39e-05,5.15e-05,2.29e-05,0.00255,0.00498,1.27e-05,0.0001,1.52e-11,0.000737
9340,8.755e-08,8.754e-09,1.168e-09,1.1492099999999998e-09,2.65225e-09,5.244100000000001e-10,3.39e-05,5.15e-05,2.29e-05,0.00255,0.00497,1.27e-05,0.0001,1.1e-11,0.000737
9350,8.75e-08,8.749e-09,1.167e-09,1.14244e-09,2.65225e-09,5.198399999999999e-10,3.38e-05,5.15e-05,2.28e-05,0.00254,0.00497,1.26e-05,0.0001,1.77e-11,0.000737
9360,8.744e-08,8.744e-09,1.166e-09,1.14244e-09,2.65225e-09,5.198399999999999e-10,3.38e-05,5.15e-05,2.28e-05,0.00254,0.00497,1.26e-05,0.0001,1.23e-11,0.000737
9370,8.739e-08,8.739e-09,1.165e-09,1.14244e-09,2.65225e-09,5.198399999999999e-10,3.38e-05,5.15e-05,2.28e-05,0.00254,0.00496,1.26e-05,0.0001,1.51e-11,0.000737
9380,8.734e-08,8.734e-09,1.164e-09,1.14244e-09,2.6419600000000003e-09,5.198399999999999e-10,3.38e-05,5.14e-05,2.28e-05,0.00254,0.00496,1.26e-05,0.0001,1.31e-11,0.000736
9390,8.729e-08,8.728e-09,1.163e-09,1.14244e-09,2.6419600000000003e-09,5.198399999999999e-10,3.38e-05,5.14e-05,2.28e-05,0.00253,0.00496,1.26e-05,0.0001,1.19e-11,0.000736
9400,8.723e-08,8.723e-09,1.162e-09,1.14244e-09,2.6419600000000003e-09,5.198399999999999e-10,3.38e-05,5.14e-05,2.28e-05,0.00253,0.00496,1.26e-05,0.0001,1.27e-11,0.000736
9410,8.718e-08,8.718e-09,1.162e-09,1.14244e-09,2.6419600000000003e-09,5.198399999999999e-10,3.38e-05,5.14e-05,2.28e-05,0.00253,0.00495,1.25e-05,0.0001,1.41e-11,0.000736
9420,8.713e-08,8.713e-09,1.161e-09,1.14244e-09,2.6419600000000003e-09,5.198399999999999e-10,3.38e-05,5.14e-05,2.28e-05,0.00253,0.00495,1.25e-05,0.0001,1.37e-11,0.000736
9430,8.708e-08,8.708e-09,1.16e-09,1.13569e-09,2.63169e-09,5.198399999999999e-10,3.37e-05,5.13e-05,2.28e-05,0.00253,0.00495,1.25e-05,0.0001,1.33e-11,0.000736
9440,8.703e-08,8.703e-09,1.159e-09,1.13569e-09,2.63169e-09,5.198399999999999e-10,3.37e-05,5.13e-05,2.28e-05,0.00253,0.00494,1.25e-05,0.0001,1.26e-11,0.000736
9450,8.698e-08,8.698e-09,1.158e-09,1.13569e-09,2.63169e-09,5.198399999999999e-10,3.37e-05,5.13e-05,2.28e-05,0.00252,0.00494,1.25e-05,0.0001,9.8e-12,0.000736
9460,8.693e-08,8.692e-09,1.157e-09,1.13569e-09,2.63169e-09,5.1529e-10,3.37e-05,5.13e-05,2.27e-05,0.00252,0.00494,1.24e-05,0.0001,1.35e-11,0.000735
9470,8.688e-08,8.687e-09,1.156e-09,1.13569e-09,2.63169e-09,5.1529e-10,3.37e-05,5.13e-05,2.27e-05,0.00252,0.00493,1.24e-05,0.0001,1.27e-11,0.000735
9480,8.683e-08,8.682e-09,1.156e-09,1.13569e-09,2.6214399999999996e-09,5.1529e-10,3.37e-05,5.12e-05,2.27e-05,0.00252,0.00493,1.24e-05,0.0001,1.23e-11,0.000735
9490,8.677e-08,8.677e-09,1.155e-09,1.13569e-09,2.6214399999999996e-09,5.1529e-10,3.37e-05,5.12e-05,2.27e-05,0.00252,0.00493,1.24e-05,0.0001,1.56e-11,0.000735
9500,8.672e-08,8.672e-09,1.154e-09,1.13569e-09,2.6214399999999996e-09,5.1529e-10,3.37e-05,5.12e-05,2.27e-05,0.00251,0.00492,1.24e-05,0.0001,1.61e-11,0.000735
9510,8.667e-08,8.667e-09,1.153e-09,1.1289599999999998e-09,2.6214399999999996e-09,5.1529e-10,3.36e-05,5.12e-05,2.27e-05,0.00251,0.00492,1.24e-05,0.0001,1.55e-11,0.000735
9520,8.662e-08,8.662e-09,1.152e-09,1.1289599999999998e-09,2.6214399999999996e-09,5.1529e-10,3.36e-05,5.12e-05,2.27e-05,0.00251,0.00492,1.23e-05,0.0001,1.43e-11,0.000735
9530,8.657e-08,8.657e-09,1.151e-09,1.1289599999999998e-09,2.61121e-09,5.1529e-10,3.36e-05,5.11e-05,2.27e-05,0.00251,0.00492,1.23e-05,0.0001,1.24e-11,0.000735
9540,8.652e-08,8.652e-09,1.15e-09,1.1289599999999998e-09,2.61121e-09,5.1076e-10,3.36e-05,5.11e-05,2.26e-05,0.00251,0.00491,1.23e-05,0.0001,2.11e-11,0.000734
9550,8.647e-08,8.647e-09,1.149e-09,1.1289599999999998e-09,2.61121e-09,5.1076e-10,3.36e-05,5.11e-05,2.26e-05,0.0025,0.00491,1.23e-05,0.0001,1.21e-11,0.000734
9560,8.642e-08,8.642e-09,1.149e-09,1.1289599999999998e-09,2.61121e-09,5.1076e-10,3.36e-05,5.11e-05,2.26e-05,0.0025,0.00491,1.23e-05,0.0001,1.47e-11,0.000734
9570,8.637e-08,8.637e-09,1.148e-09,1.1289599999999998e-09,2.61121e-09,5.1076e-10,3.36e-05,5.11e-05,2.26e-05,0.0025,0.0049,1.23e-05,0.0001,1.77e-11,0.000734
9580,8.632e-08,8.632e-09,1.147e-09,1.1289599999999998e-09,2.601e-09,5.1076e-10,3.36e-05,5.1e-05,2.26e-05,0.0025,0.0049,1.22e-05,0.0001,1.58e-11,0.000734
9590,8.627e-08,8.627e-09,1.146e-09,1.1222500000000001e-09,2.601e-09,5.1076e-10,3.35e-05,5.1e-05,2.26e-05,0.0025,0.0049,1.22e-05,0.0001,1.7e-11,0.000734
9600,8.622e-08,8.622e-09,1.145e-09,1.1222500000000001e-09,2.601e-09,5.1076e-10,3.35e-05,5.1e-05,2.26e-05,0.00249,0.00489,1.22e-05,0.0001,1.57e-11,0.000734
9610,8.617e-08,8.616e-09,1.144e-09,1.1222500000000001e-09,2.601e-09,5.1076e-10,3.35e-05,5.1e-05,2.26e-05,0.00249,0.00489,1.22e-05,0.0001,1.91e-11,0.000734
9620,8.612e-08,8.611e-09,1.144e-09,1.1222500000000001e-09,2.601e-09,5.1076e-10,3.35e-05,5.1e-05,2.26e-05,0.00249,0.00489,1.22e-05,0.0001,1.68e-11,0.000733
9630,8.607e-08,8.606e-09,1.143e-09,1.1222500000000001e-09,2.601e-09,5.1076e-10,3.35e-05,5.1e-05,2.26e-05,0.00249,0.00489,1.22e-05,0.0001,1.43e-11,0.000733
9640,8.602e-08,8.601e-09,1.142e-09,1.1222500000000001e-09,2.5908099999999997e-09,5.062500000000001e-10,3.35e-05,5.09e-05,2.25e-05,0.00249,0.00488,1.21e-05,0.0001,1.63e-11,0.000733
9650,8.597e-08,8.597e-09,1.141e-09,1.1222500000000001e-09,2.5908099999999997e-09,5.062500000000001e-10,3.35e-05,5.09e-05,2.25e-05,0.00248,0.00488,1.21e-05,0.0001,1.38e-11,0.000733
9660,8.592e-08,8.592e-09,1.14e-09,1.1222500000000001e-09,2.5908099999999997e-09,5.062500000000001e-10,3.35e-05,5.09e-05,2.25e-05,0.00248,0.00488,1.21e-05,0.0001,1.98e-11,0.000733
9670,8.587e-08,8.587e-09,1.139e-09,1.1222500000000001e-09,2.5908099999999997e-09,5.062500000000001e-10,3.35e-05,5.09e-05,2.25e-05,0.00248,0.00487,1.21e-05,0.0001,1.58e-11,0.000733
9680,8.583e-08,8.582e-09,1.139e-09,1.1155599999999998e-09,2.5908099999999997e-09,5.062500000000001e-10,3.34e-05,5.09e-05,2.25e-05,0.00248,0.00487,1.21e-05,0.0001,1.72e-11,0.000733
9690,8.577e-08,8.577e-09,1.138e-09,1.1155599999999998e-09,2.5806400000000003e-09,5.062500000000001e-10,3.34e-05,5.08e-05,2.25e-05,0.00248,0.00487,1.21e-05,0.0001,1.23e-11,0.000733
9700,8.572e-08,8.572e-09,1.137e-09,1.1155599999999998e-09,2.5806400000000003e-09,5.062500000000001e-10,3.34e-05,5.08e-05,2.25e-05,0.00247,0.00486,1.2e-05,0.0001,1.32e-11,0.000732
9710,8.567e-08,8.567e-09,1.136e-09,1.1155599999999998e-09,2.5806400000000003e-09,5.062500000000001e-10,3.34e-05,5.08e-05,2.25e-05,0.00247,0.00486,1.2e-05,0.0001,1.86e-11,0.000732
9720,8.562e-08,8.562e-09,1.135e-09,1.1155599999999998e-09,2.5806400000000003e-09,5.062500000000001e-10,3.34e-05,5.08e-05,2.25e-05,0.00247,0.00486,1.2e-05,0.0001,1.5e-11,0.000732
9730,8.557e-08,8.557e-09,1.135e-09,1.1155599999999998e-09,2.5806400000000003e-09,5.062500000000001e-10,3.34e-05,5.08e-05,2.25e-05,0.00247,0.00486,1.2e-05,0.0001,1.5e-11,0.000732
9740,8.553e-08,8.552e-09,1.134e-09,1.1155599999999998e-09,2.57049e-09,5.062500000000001e-10,3.34e-05,5.07e-05,2.25e-05,0.00247,0.00485,1.2e-05,0.0001,1.53e-11,0.000732
9750,8.547e-08,8.547e-09,1.133e-09,1.1155599999999998e-09,2.57049e-09,5.017599999999999e-10,3.34e-05,5.07e-05,2.24e-05,0.00247,0.00485,1.2e-05,0.0001,2.07e-11,0.000732
9760,8.543e-08,8.542e-09,1.132e-09,1.1088900000000003e-09,2.57049e-09,5.062500000000001e-10,3.33e-05,5.07e-05,2.25e-05,0.00246,0.00485,1.19e-05,0.0001,1.25e-11,0.000732
9770,8.538e-08,8.537e-09,1.131e-09,1.1088900000000003e-09,2.57049e-09,5.062500000000001e-10,3.33e-05,5.07e-05,2.25e-05,0.00246,0.00484,1.19e-05,0.0001,1.55e-11,0.000732
9780,8.533e-08,8.533e-09,1.13e-09,1.1088900000000003e-09,2.57049e-09,5.017599999999999e-10,3.33e-05,5.07e-05,2.24e-05,0.00246,0.00484,1.19e-05,0.0001,1.44e-11,0.000731
9790,8.528e-08,8.528e-09,1.13e-09,1.1088900000000003e-09,2.57049e-09,5.017599999999999e-10,3.33e-05,5.07e-05,2.24e-05,0.00246,0.00484,1.19e-05,0.0001,1.69e-11,0.000731
9800,8.524e-08,8.523e-09,1.129e-09,1.1088900000000003e-09,2.5603599999999996e-09,5.017599999999999e-10,3.33e-05,5.06e-05,2.24e-05,0.00246,0.00484,1.19e-05,0.0001,1.53e-11,0.000731
9810,8.519e-08,8.518e-09,1.128e-09,1.1088900000000003e-09,2.5603599999999996e-09,5.017599999999999e-10,3.33e-05,5.06e-05,2.24e-05,0.00245,0.00483,1.19e-05,0.0001,1.66e-11,0.000731
9820,8.514e-08,8.513e-09,1.127e-09,1.1088900000000003e-09,2.5603599999999996e-09,5.017599999999999e-10,3.33e-05,5.06e-05,2.24e-05,0.00245,0.00483,1.18e-05,0.0001,1.68e-11,0.000731
9830,8.509e-08,8.509e-09,1.126e-09,1.1088900000000003e-09,2.5603599999999996e-09,5.017599999999999e-10,3.33e-05,5.06e-05,2.24e-05,0.00245,0.00483,1.18e-05,0.0001,1.69e-11,0.000731
9840,8.504e-08,8.504e-09,1.125e-09,1.1022400000000001e-09,2.5603599999999996e-09,5.017599999999999e-10,3.32e-05,5.06e-05,2.24e-05,0.00245,0.00482,1.18e-05,0.0001,1.83e-11,0.000731
9850,8.499e-08,8.499e-09,1.125e-09,1.1022400000000001e-09,2.55025e-09,5.017599999999999e-10,3.32e-05,5.05e-05,2.24e-05,0.00245,0.00482,1.18e-05,0.0001,1.41e-11,0.000731
9860,8.495e-08,8.494e-09,1.124e-09,1.1022400000000001e-09,2.55025e-09,4.9729e-10,3.32e-05,5.05e-05,2.23e-05,0.00245,0.00482,1.18e-05,0.0001,1.54e-11,0.00073
9870,8.49e-08,8.489e-09,1.123e-09,1.1022400000000001e-09,2.55025e-09,4.9729e-10,3.32e-05,5.05e-05,2.23e-05,0.00244,0.00482,1.18e-05,0.0001,1.46e-11,0.00073
9880,8.485e-08,8.485e-09,1.122e-09,1.1022400000000001e-09,2.55025e-09,4.9729e-10,3.32e-05,5.05e-05,2.23e-05,0.00244,0.00481,1.17e-05,0.0001,1.64e-11,0.00073
9890,8.48e-08,8.48e-09,1.122e-09,1.1022400000000001e-09,2.55025e-09,4.9729e-10,3.32e-05,5.05e-05,2.23e-05,0.00244,0.00481,1.17e-05,0.0001,1.42e-11,0.00073
9900,8.476e-08,8.475e-09,1.121e-09,1.1022400000000001e-09,2.55025e-09,4.9729e-10,3.32e-05,5.05e-05,2.23e-05,0.00244,0.00481,1.17e-05,0.0001,1.8e-11,0.00073
9910,8.471e-08,8.47e-09,1.12e-09,1.1022400000000001e-09,2.54016e-09,4.9729e-10,3.32e-05,5.04e-05,2.23e-05,0.00244,0.0048,1.17e-05,0.0001,1.7e-11,0.00073
9920,8.466e-08,8.466e-09,1.119e-09,1.1022400000000001e-09,2.54016e-09,4.9729e-10,3.32e-05,5.04e-05,2.23e-05,0.00243,0.0048,1.17e-05,0.0001,2.34e-11,0.00073
9930,8.461e-08,8.461e-09,1.118e-09,1.09561e-09,2.54016e-09,4.9729e-10,3.31e-05,5.04e-05,2.23e-05,0.00243,0.0048,1.17e-05,0.0001,2.29e-11,0.00073
9940,8.457e-08,8.456e-09,1.118e-09,1.09561e-09,2.54016e-09,4.9729e-10,3.31e-05,5.04e-05,2.23e-05,0.00243,0.0048,1.17e-05,0.0001,2.19e-11,0.00073
9950,8.452e-08,8.451e-09,1.117e-09,1.09561e-09,2.54016e-09,4.9729e-10,3.31e-05,5.04e-05,2.23e-05,0.00243,0.00479,1.16e-05,0.0001,1.63e-11,0.000729
9960,8.447e-08,8.447e-09,1.116e-09,1.09561e-09,2.5300900000000003e-09,4.9729e-10,3.31e-05,5.03e-05,2.23e-05,0.00243,0.00479,1.16e-05,0.0001,1.9e-11,0.000729
9970,8.442e-08,8.442e-09,1.115e-09,1.09561e-09,2.5300900000000003e-09,4.9284e-10,3.31e-05,5.03e-05,2.22e-05,0.00243,0.00479,1.16e-05,0.0001,1.19e-11,0.000729
9980,8.437e-08,8.437e-09,1.115e-09,1.09561e-09,2.5300900000000003e-09,4.9284e-10,3.31e-05,5.03e-05,2.22e-05,0.00242,0.00478,1.16e-05,0.0001,1.47e-11,0.000729
9990,8.433e-08,8.433e-09,1.114e-09,1.09561e-09,2.5300900000000003e-09,4.9284e-10,3.31e-05,5.03e-05,2.22e-05,0.00242,0.00478,1.16e-05,0.0001,1.29e-11,0.000729
10000,8.428e-08,8.428e-09,1.113e-09,1.09561e-09,2.5300900000000003e-09,4.9284e-10,3.31e-05,5.03e-05,2.22e-05,0.00242,0.00478,1.16e-05,0.0001,1.99e-11,0.000729
