
Generated transport data: t (600,), x (256,), usol (600, 256), c=40.0
Domain: x in [0.0, 6.283185307179586], t in [0.0, 1.0]
Constraint dimension M_CON = 1200
Fixed damping lambda = 1.0e-04
Residual scaling: (u_t + c*u_x)/sqrt(1+c^2)
Jitter: kind=gaussian, sigma_x=1.0e-04, sigma_t=0.0e+00
Derivative periodic BC: deleted. Constraint blocks: PDE=900, BC=100, IC=200
  iter |        obj |     pdeMSE |       feas |       PDE |        BC |        IC |      stat |     alpha |   stepInf |      lam |       kkt |     relL2
--------------------------------------------------------------------------------------------------------------------------------------------------------
    10 |  1.030e-01 |  1.027e-02 |  1.181e-01 |  1.02e-01 |  2.90e-01 |  7.87e-01 |  1.47e+01 |  4.60e-04 |  6.76e-03 |  1.0e-04 |  3.53e-09 |  1.02e+00
    20 |  1.007e-01 |  1.005e-02 |  1.169e-01 |  1.01e-01 |  2.87e-01 |  7.84e-01 |  1.81e+01 |  4.92e-04 |  8.92e-03 |  1.0e-04 |  2.63e-09 |  1.02e+00
    30 |  9.914e-02 |  9.902e-03 |  1.159e-01 |  1.01e-01 |  2.85e-01 |  7.81e-01 |  1.96e+01 |  4.79e-04 |  9.38e-03 |  1.0e-04 |  3.98e-09 |  1.02e+00
    40 |  9.806e-02 |  9.797e-03 |  1.148e-01 |  1.00e-01 |  2.83e-01 |  7.77e-01 |  1.70e+01 |  5.14e-04 |  8.72e-03 |  1.0e-04 |  1.68e-09 |  1.02e+00
    50 |  9.719e-02 |  9.709e-03 |  1.135e-01 |  9.95e-02 |  2.82e-01 |  7.73e-01 |  1.84e+01 |  6.07e-04 |  1.11e-02 |  1.0e-04 |  2.23e-09 |  1.02e+00
    60 |  9.622e-02 |  9.611e-03 |  1.121e-01 |  9.90e-02 |  2.81e-01 |  7.67e-01 |  1.82e+01 |  6.52e-04 |  1.19e-02 |  1.0e-04 |  2.35e-09 |  1.02e+00
    70 |  9.509e-02 |  9.496e-03 |  1.103e-01 |  9.84e-02 |  2.80e-01 |  7.61e-01 |  1.69e+01 |  8.48e-04 |  1.44e-02 |  1.0e-04 |  2.47e-09 |  1.02e+00
    80 |  9.343e-02 |  9.319e-03 |  1.082e-01 |  9.75e-02 |  2.78e-01 |  7.53e-01 |  1.56e+01 |  1.10e-03 |  1.73e-02 |  1.0e-04 |  2.02e-09 |  1.02e+00
    90 |  9.027e-02 |  8.987e-03 |  1.052e-01 |  9.57e-02 |  2.74e-01 |  7.43e-01 |  1.28e+01 |  1.58e-03 |  2.02e-02 |  1.0e-04 |  2.08e-09 |  1.02e+00
   100 |  8.435e-02 |  8.330e-03 |  9.934e-02 |  9.22e-02 |  2.65e-01 |  7.23e-01 |  6.63e+00 |  4.02e-03 |  2.67e-02 |  1.0e-04 |  2.01e-09 |  1.01e+00
   110 |  7.459e-02 |  7.402e-03 |  8.990e-02 |  8.69e-02 |  2.48e-01 |  6.89e-01 |  5.28e+00 |  4.34e-03 |  2.29e-02 |  1.0e-04 |  1.99e-09 |  1.00e+00
   120 |  6.689e-02 |  6.582e-03 |  8.056e-02 |  8.20e-02 |  2.42e-01 |  6.51e-01 |  3.44e+00 |  7.55e-03 |  2.60e-02 |  1.0e-04 |  1.78e-09 |  9.87e-01
   130 |  5.158e-02 |  4.916e-03 |  6.109e-02 |  7.09e-02 |  2.02e-01 |  5.69e-01 |  2.72e+00 |  1.92e-02 |  5.23e-02 |  1.0e-04 |  1.79e-09 |  9.42e-01
   140 |  3.530e-02 |  3.445e-03 |  4.486e-02 |  5.94e-02 |  1.60e-01 |  4.90e-01 |  2.50e+00 |  1.17e-02 |  2.93e-02 |  1.0e-04 |  1.76e-09 |  8.96e-01
   150 |  2.627e-02 |  2.532e-03 |  3.337e-02 |  5.09e-02 |  1.31e-01 |  4.24e-01 |  2.14e+00 |  1.69e-02 |  3.61e-02 |  1.0e-04 |  1.72e-09 |  8.38e-01
   160 |  2.062e-02 |  2.042e-03 |  2.594e-02 |  4.57e-02 |  9.98e-02 |  3.76e-01 |  3.05e+00 |  8.51e-03 |  2.59e-02 |  1.0e-04 |  1.36e-09 |  7.93e-01
   170 |  1.935e-02 |  1.928e-03 |  2.306e-02 |  4.44e-02 |  9.22e-02 |  3.54e-01 |  3.81e+00 |  5.20e-03 |  1.98e-02 |  1.0e-04 |  1.86e-09 |  7.67e-01
   180 |  1.875e-02 |  1.868e-03 |  2.125e-02 |  4.36e-02 |  9.02e-02 |  3.39e-01 |  3.95e+00 |  4.65e-03 |  1.83e-02 |  1.0e-04 |  1.07e-09 |  7.42e-01
   190 |  1.757e-02 |  1.734e-03 |  1.895e-02 |  4.20e-02 |  8.96e-02 |  3.19e-01 |  2.80e+00 |  8.92e-03 |  2.49e-02 |  1.0e-04 |  4.51e-10 |  7.02e-01
   200 |  1.279e-02 |  1.198e-03 |  1.284e-02 |  3.49e-02 |  7.74e-02 |  2.62e-01 |  1.36e+00 |  3.67e-02 |  4.99e-02 |  1.0e-04 |  4.72e-10 |  5.70e-01
   210 |  3.514e-03 |  2.692e-04 |  2.600e-03 |  1.66e-02 |  5.29e-02 |  1.14e-01 |  6.80e-01 |  1.37e-01 |  9.34e-02 |  1.0e-04 |  2.34e-10 |  2.47e-01
   220 |  2.517e-05 |  1.622e-06 |  8.117e-06 |  1.22e-03 |  4.74e-03 |  5.55e-03 |  8.93e-02 |  2.90e-01 |  2.59e-02 |  1.0e-04 |  9.60e-11 |  1.18e-02
   230 |  2.126e-06 |  1.885e-07 |  3.005e-07 |  3.40e-04 |  1.11e-03 |  8.18e-04 |  4.55e-02 |  1.33e-01 |  6.07e-03 |  1.0e-04 |  9.13e-11 |  2.57e-03
   240 |  9.763e-07 |  9.370e-08 |  7.669e-08 |  2.00e-04 |  5.86e-04 |  3.29e-04 |  3.55e-02 |  6.75e-02 |  2.40e-03 |  1.0e-04 |  7.02e-11 |  1.63e-03
   250 |  7.242e-07 |  7.098e-08 |  4.050e-08 |  1.57e-04 |  4.30e-04 |  1.99e-04 |  3.15e-02 |  4.55e-02 |  1.43e-03 |  1.0e-04 |  6.99e-11 |  1.41e-03
   260 |  6.227e-07 |  6.158e-08 |  2.891e-08 |  1.39e-04 |  3.62e-04 |  1.46e-04 |  2.92e-02 |  3.07e-02 |  8.95e-04 |  1.0e-04 |  7.04e-11 |  1.32e-03
   270 |  5.680e-07 |  5.640e-08 |  2.364e-08 |  1.29e-04 |  3.27e-04 |  1.19e-04 |  2.77e-02 |  2.28e-02 |  6.29e-04 |  1.0e-04 |  7.39e-11 |  1.28e-03
   280 |  5.329e-07 |  5.302e-08 |  2.068e-08 |  1.22e-04 |  3.05e-04 |  1.03e-04 |  2.66e-02 |  1.86e-02 |  4.93e-04 |  1.0e-04 |  5.88e-11 |  1.25e-03
   290 |  5.080e-07 |  5.058e-08 |  1.879e-08 |  1.18e-04 |  2.90e-04 |  9.23e-05 |  2.57e-02 |  1.67e-02 |  4.29e-04 |  1.0e-04 |  5.70e-11 |  1.23e-03
   300 |  4.885e-07 |  4.867e-08 |  1.746e-08 |  1.14e-04 |  2.78e-04 |  8.51e-05 |  2.50e-02 |  1.50e-02 |  3.74e-04 |  1.0e-04 |  6.38e-11 |  1.22e-03
   310 |  4.725e-07 |  4.711e-08 |  1.646e-08 |  1.12e-04 |  2.70e-04 |  7.99e-05 |  2.44e-02 |  1.35e-02 |  3.28e-04 |  1.0e-04 |  6.19e-11 |  1.20e-03
   320 |  4.589e-07 |  4.578e-08 |  1.568e-08 |  1.09e-04 |  2.63e-04 |  7.59e-05 |  2.38e-02 |  1.21e-02 |  2.88e-04 |  1.0e-04 |  5.14e-11 |  1.19e-03
   330 |  4.475e-07 |  4.464e-08 |  1.505e-08 |  1.07e-04 |  2.57e-04 |  7.30e-05 |  2.33e-02 |  1.19e-02 |  2.79e-04 |  1.0e-04 |  6.64e-11 |  1.19e-03
   340 |  4.372e-07 |  4.363e-08 |  1.452e-08 |  1.06e-04 |  2.52e-04 |  7.06e-05 |  2.29e-02 |  1.07e-02 |  2.46e-04 |  1.0e-04 |  4.52e-11 |  1.18e-03
   350 |  4.282e-07 |  4.274e-08 |  1.408e-08 |  1.04e-04 |  2.48e-04 |  6.87e-05 |  2.25e-02 |  1.06e-02 |  2.39e-04 |  1.0e-04 |  7.17e-11 |  1.17e-03
   360 |  4.198e-07 |  4.190e-08 |  1.368e-08 |  1.03e-04 |  2.44e-04 |  6.72e-05 |  2.21e-02 |  1.05e-02 |  2.32e-04 |  1.0e-04 |  6.66e-11 |  1.17e-03
   370 |  4.119e-07 |  4.111e-08 |  1.331e-08 |  1.02e-04 |  2.41e-04 |  6.58e-05 |  2.17e-02 |  1.04e-02 |  2.26e-04 |  1.0e-04 |  5.46e-11 |  1.16e-03
   380 |  4.049e-07 |  4.042e-08 |  1.301e-08 |  1.01e-04 |  2.38e-04 |  6.49e-05 |  2.14e-02 |  9.36e-03 |  2.00e-04 |  1.0e-04 |  6.32e-11 |  1.15e-03
   390 |  3.984e-07 |  3.978e-08 |  1.273e-08 |  9.96e-05 |  2.35e-04 |  6.40e-05 |  2.11e-02 |  9.26e-03 |  1.95e-04 |  1.0e-04 |  5.31e-11 |  1.15e-03
   400 |  3.923e-07 |  3.917e-08 |  1.247e-08 |  9.86e-05 |  2.33e-04 |  6.32e-05 |  2.08e-02 |  9.17e-03 |  1.91e-04 |  1.0e-04 |  4.89e-11 |  1.15e-03
   410 |  3.864e-07 |  3.858e-08 |  1.222e-08 |  9.77e-05 |  2.30e-04 |  6.25e-05 |  2.05e-02 |  9.08e-03 |  1.86e-04 |  1.0e-04 |  4.92e-11 |  1.14e-03
   420 |  3.808e-07 |  3.803e-08 |  1.200e-08 |  9.68e-05 |  2.28e-04 |  6.20e-05 |  2.02e-02 |  8.99e-03 |  1.82e-04 |  1.0e-04 |  5.02e-11 |  1.14e-03
   430 |  3.754e-07 |  3.749e-08 |  1.178e-08 |  9.60e-05 |  2.26e-04 |  6.16e-05 |  1.99e-02 |  8.90e-03 |  1.78e-04 |  1.0e-04 |  5.96e-11 |  1.13e-03
   440 |  3.703e-07 |  3.698e-08 |  1.158e-08 |  9.52e-05 |  2.24e-04 |  6.11e-05 |  1.97e-02 |  8.82e-03 |  1.74e-04 |  1.0e-04 |  7.02e-11 |  1.13e-03
   450 |  3.654e-07 |  3.649e-08 |  1.139e-08 |  9.44e-05 |  2.22e-04 |  6.07e-05 |  1.94e-02 |  8.74e-03 |  1.70e-04 |  1.0e-04 |  4.58e-11 |  1.13e-03
   460 |  3.607e-07 |  3.602e-08 |  1.121e-08 |  9.36e-05 |  2.20e-04 |  6.04e-05 |  1.92e-02 |  8.66e-03 |  1.66e-04 |  1.0e-04 |  6.37e-11 |  1.12e-03
   470 |  3.561e-07 |  3.557e-08 |  1.103e-08 |  9.29e-05 |  2.18e-04 |  6.00e-05 |  1.89e-02 |  8.58e-03 |  1.63e-04 |  1.0e-04 |  6.50e-11 |  1.12e-03
   480 |  3.518e-07 |  3.514e-08 |  1.087e-08 |  9.22e-05 |  2.16e-04 |  5.97e-05 |  1.87e-02 |  8.50e-03 |  1.59e-04 |  1.0e-04 |  5.19e-11 |  1.12e-03
   490 |  3.476e-07 |  3.472e-08 |  1.071e-08 |  9.16e-05 |  2.14e-04 |  5.94e-05 |  1.85e-02 |  8.43e-03 |  1.56e-04 |  1.0e-04 |  5.80e-11 |  1.11e-03
   500 |  3.436e-07 |  3.432e-08 |  1.055e-08 |  9.09e-05 |  2.13e-04 |  5.92e-05 |  1.83e-02 |  8.36e-03 |  1.53e-04 |  1.0e-04 |  4.51e-11 |  1.11e-03
   510 |  3.397e-07 |  3.393e-08 |  1.041e-08 |  9.03e-05 |  2.11e-04 |  5.90e-05 |  1.81e-02 |  8.29e-03 |  1.50e-04 |  1.0e-04 |  5.29e-11 |  1.11e-03
   520 |  3.359e-07 |  3.355e-08 |  1.027e-08 |  8.97e-05 |  2.10e-04 |  5.87e-05 |  1.79e-02 |  8.22e-03 |  1.47e-04 |  1.0e-04 |  4.49e-11 |  1.10e-03
   530 |  3.323e-07 |  3.319e-08 |  1.013e-08 |  8.91e-05 |  2.08e-04 |  5.85e-05 |  1.77e-02 |  8.15e-03 |  1.44e-04 |  1.0e-04 |  5.39e-11 |  1.10e-03
   540 |  3.288e-07 |  3.284e-08 |  9.997e-09 |  8.85e-05 |  2.07e-04 |  5.83e-05 |  1.75e-02 |  8.08e-03 |  1.41e-04 |  1.0e-04 |  4.74e-11 |  1.10e-03
   550 |  3.254e-07 |  3.250e-08 |  9.871e-09 |  8.79e-05 |  2.05e-04 |  5.81e-05 |  1.73e-02 |  8.02e-03 |  1.39e-04 |  1.0e-04 |  5.25e-11 |  1.10e-03
   560 |  3.221e-07 |  3.218e-08 |  9.747e-09 |  8.74e-05 |  2.04e-04 |  5.79e-05 |  1.71e-02 |  7.96e-03 |  1.36e-04 |  1.0e-04 |  5.08e-11 |  1.09e-03
   570 |  3.189e-07 |  3.186e-08 |  9.627e-09 |  8.69e-05 |  2.02e-04 |  5.77e-05 |  1.69e-02 |  8.68e-03 |  1.47e-04 |  1.0e-04 |  5.66e-11 |  1.09e-03
   580 |  3.155e-07 |  3.152e-08 |  9.500e-09 |  8.63e-05 |  2.01e-04 |  5.76e-05 |  1.67e-02 |  8.62e-03 |  1.44e-04 |  1.0e-04 |  3.99e-11 |  1.09e-03
   590 |  3.123e-07 |  3.120e-08 |  9.377e-09 |  8.57e-05 |  1.99e-04 |  5.74e-05 |  1.65e-02 |  8.55e-03 |  1.41e-04 |  1.0e-04 |  5.72e-11 |  1.09e-03
   600 |  3.091e-07 |  3.088e-08 |  9.259e-09 |  8.52e-05 |  1.98e-04 |  5.72e-05 |  1.64e-02 |  8.49e-03 |  1.39e-04 |  1.0e-04 |  5.17e-11 |  1.08e-03
   610 |  3.061e-07 |  3.058e-08 |  9.144e-09 |  8.47e-05 |  1.97e-04 |  5.71e-05 |  1.62e-02 |  8.42e-03 |  1.36e-04 |  1.0e-04 |  5.04e-11 |  1.08e-03
   620 |  3.031e-07 |  3.028e-08 |  9.033e-09 |  8.42e-05 |  1.95e-04 |  5.69e-05 |  1.60e-02 |  8.36e-03 |  1.34e-04 |  1.0e-04 |  5.00e-11 |  1.08e-03
   630 |  3.003e-07 |  3.000e-08 |  8.924e-09 |  8.37e-05 |  1.94e-04 |  5.68e-05 |  1.58e-02 |  8.30e-03 |  1.31e-04 |  1.0e-04 |  4.46e-11 |  1.08e-03
   640 |  2.975e-07 |  2.972e-08 |  8.818e-09 |  8.32e-05 |  1.93e-04 |  5.66e-05 |  1.57e-02 |  8.24e-03 |  1.29e-04 |  1.0e-04 |  4.62e-11 |  1.07e-03
   650 |  2.948e-07 |  2.945e-08 |  8.715e-09 |  8.27e-05 |  1.91e-04 |  5.64e-05 |  1.55e-02 |  8.18e-03 |  1.27e-04 |  1.0e-04 |  5.39e-11 |  1.07e-03
   660 |  2.922e-07 |  2.919e-08 |  8.617e-09 |  8.23e-05 |  1.90e-04 |  5.63e-05 |  1.54e-02 |  8.12e-03 |  1.25e-04 |  1.0e-04 |  4.63e-11 |  1.07e-03
   670 |  2.897e-07 |  2.894e-08 |  8.519e-09 |  8.18e-05 |  1.89e-04 |  5.61e-05 |  1.52e-02 |  8.07e-03 |  1.23e-04 |  1.0e-04 |  5.64e-11 |  1.07e-03
   680 |  2.872e-07 |  2.870e-08 |  8.426e-09 |  8.14e-05 |  1.88e-04 |  5.60e-05 |  1.51e-02 |  8.01e-03 |  1.21e-04 |  1.0e-04 |  7.19e-11 |  1.06e-03
   690 |  2.848e-07 |  2.846e-08 |  8.334e-09 |  8.10e-05 |  1.86e-04 |  5.58e-05 |  1.49e-02 |  7.96e-03 |  1.19e-04 |  1.0e-04 |  5.82e-11 |  1.06e-03
   700 |  2.825e-07 |  2.823e-08 |  8.244e-09 |  8.06e-05 |  1.85e-04 |  5.56e-05 |  1.48e-02 |  7.91e-03 |  1.17e-04 |  1.0e-04 |  5.58e-11 |  1.06e-03
   710 |  2.803e-07 |  2.801e-08 |  8.157e-09 |  8.01e-05 |  1.84e-04 |  5.55e-05 |  1.47e-02 |  7.85e-03 |  1.15e-04 |  1.0e-04 |  4.68e-11 |  1.06e-03
   720 |  2.781e-07 |  2.779e-08 |  8.073e-09 |  7.97e-05 |  1.83e-04 |  5.54e-05 |  1.45e-02 |  7.80e-03 |  1.13e-04 |  1.0e-04 |  4.70e-11 |  1.06e-03
   730 |  2.760e-07 |  2.758e-08 |  7.991e-09 |  7.94e-05 |  1.82e-04 |  5.53e-05 |  1.44e-02 |  7.75e-03 |  1.12e-04 |  1.0e-04 |  5.45e-11 |  1.05e-03
   740 |  2.739e-07 |  2.737e-08 |  7.910e-09 |  7.90e-05 |  1.81e-04 |  5.51e-05 |  1.43e-02 |  7.70e-03 |  1.10e-04 |  1.0e-04 |  4.76e-11 |  1.05e-03
   750 |  2.719e-07 |  2.717e-08 |  7.831e-09 |  7.86e-05 |  1.80e-04 |  5.49e-05 |  1.41e-02 |  7.65e-03 |  1.08e-04 |  1.0e-04 |  4.51e-11 |  1.05e-03
   760 |  2.699e-07 |  2.698e-08 |  7.755e-09 |  7.82e-05 |  1.79e-04 |  5.48e-05 |  1.40e-02 |  7.61e-03 |  1.07e-04 |  1.0e-04 |  4.79e-11 |  1.05e-03
   770 |  2.680e-07 |  2.679e-08 |  7.679e-09 |  7.79e-05 |  1.78e-04 |  5.47e-05 |  1.39e-02 |  7.56e-03 |  1.05e-04 |  1.0e-04 |  4.94e-11 |  1.05e-03
   780 |  2.661e-07 |  2.659e-08 |  7.599e-09 |  7.75e-05 |  1.77e-04 |  5.45e-05 |  1.38e-02 |  8.26e-03 |  1.14e-04 |  1.0e-04 |  4.17e-11 |  1.05e-03
   790 |  2.641e-07 |  2.639e-08 |  7.521e-09 |  7.71e-05 |  1.75e-04 |  5.44e-05 |  1.37e-02 |  8.21e-03 |  1.12e-04 |  1.0e-04 |  4.25e-11 |  1.04e-03
   800 |  2.622e-07 |  2.620e-08 |  7.445e-09 |  7.68e-05 |  1.74e-04 |  5.42e-05 |  1.35e-02 |  8.16e-03 |  1.11e-04 |  1.0e-04 |  4.45e-11 |  1.04e-03
   810 |  2.603e-07 |  2.601e-08 |  7.370e-09 |  7.64e-05 |  1.73e-04 |  5.41e-05 |  1.34e-02 |  8.12e-03 |  1.09e-04 |  1.0e-04 |  5.16e-11 |  1.04e-03
   820 |  2.585e-07 |  2.583e-08 |  7.298e-09 |  7.61e-05 |  1.72e-04 |  5.39e-05 |  1.33e-02 |  8.07e-03 |  1.07e-04 |  1.0e-04 |  4.37e-11 |  1.04e-03
   830 |  2.567e-07 |  2.565e-08 |  7.226e-09 |  7.57e-05 |  1.71e-04 |  5.38e-05 |  1.32e-02 |  8.02e-03 |  1.06e-04 |  1.0e-04 |  4.70e-11 |  1.04e-03
   840 |  2.550e-07 |  2.548e-08 |  7.157e-09 |  7.54e-05 |  1.70e-04 |  5.37e-05 |  1.31e-02 |  7.97e-03 |  1.04e-04 |  1.0e-04 |  6.23e-11 |  1.04e-03
   850 |  2.533e-07 |  2.531e-08 |  7.089e-09 |  7.51e-05 |  1.69e-04 |  5.35e-05 |  1.30e-02 |  7.93e-03 |  1.03e-04 |  1.0e-04 |  4.70e-11 |  1.03e-03
   860 |  2.516e-07 |  2.515e-08 |  7.022e-09 |  7.47e-05 |  1.68e-04 |  5.34e-05 |  1.29e-02 |  7.88e-03 |  1.01e-04 |  1.0e-04 |  3.13e-11 |  1.03e-03
   870 |  2.500e-07 |  2.499e-08 |  6.958e-09 |  7.44e-05 |  1.67e-04 |  5.32e-05 |  1.28e-02 |  7.84e-03 |  1.00e-04 |  1.0e-04 |  4.41e-11 |  1.03e-03
   880 |  2.485e-07 |  2.483e-08 |  6.894e-09 |  7.41e-05 |  1.66e-04 |  5.31e-05 |  1.27e-02 |  7.80e-03 |  9.88e-05 |  1.0e-04 |  4.17e-11 |  1.03e-03
   890 |  2.470e-07 |  2.468e-08 |  6.832e-09 |  7.38e-05 |  1.65e-04 |  5.29e-05 |  1.26e-02 |  7.75e-03 |  9.75e-05 |  1.0e-04 |  3.96e-11 |  1.03e-03
   900 |  2.455e-07 |  2.453e-08 |  6.771e-09 |  7.35e-05 |  1.64e-04 |  5.28e-05 |  1.25e-02 |  7.71e-03 |  9.62e-05 |  1.0e-04 |  5.25e-11 |  1.03e-03
   910 |  2.440e-07 |  2.439e-08 |  6.711e-09 |  7.32e-05 |  1.63e-04 |  5.26e-05 |  1.24e-02 |  7.67e-03 |  9.50e-05 |  1.0e-04 |  3.85e-11 |  1.02e-03
   920 |  2.426e-07 |  2.425e-08 |  6.653e-09 |  7.30e-05 |  1.63e-04 |  5.25e-05 |  1.23e-02 |  7.63e-03 |  9.37e-05 |  1.0e-04 |  6.18e-11 |  1.02e-03
   930 |  2.412e-07 |  2.411e-08 |  6.597e-09 |  7.27e-05 |  1.62e-04 |  5.24e-05 |  1.22e-02 |  7.59e-03 |  9.26e-05 |  1.0e-04 |  4.44e-11 |  1.02e-03
   940 |  2.399e-07 |  2.398e-08 |  6.543e-09 |  7.24e-05 |  1.61e-04 |  5.23e-05 |  1.21e-02 |  7.55e-03 |  9.14e-05 |  1.0e-04 |  5.01e-11 |  1.02e-03
   950 |  2.386e-07 |  2.385e-08 |  6.487e-09 |  7.21e-05 |  1.60e-04 |  5.21e-05 |  1.20e-02 |  7.51e-03 |  9.03e-05 |  1.0e-04 |  3.82e-11 |  1.02e-03
   960 |  2.373e-07 |  2.372e-08 |  6.434e-09 |  7.19e-05 |  1.59e-04 |  5.21e-05 |  1.19e-02 |  7.47e-03 |  8.92e-05 |  1.0e-04 |  4.33e-11 |  1.02e-03
   970 |  2.360e-07 |  2.359e-08 |  6.381e-09 |  7.16e-05 |  1.58e-04 |  5.19e-05 |  1.19e-02 |  7.43e-03 |  8.81e-05 |  1.0e-04 |  4.25e-11 |  1.02e-03
   980 |  2.348e-07 |  2.347e-08 |  6.330e-09 |  7.14e-05 |  1.57e-04 |  5.17e-05 |  1.18e-02 |  7.39e-03 |  8.70e-05 |  1.0e-04 |  4.59e-11 |  1.01e-03
   990 |  2.336e-07 |  2.335e-08 |  6.281e-09 |  7.11e-05 |  1.57e-04 |  5.17e-05 |  1.17e-02 |  7.36e-03 |  8.60e-05 |  1.0e-04 |  7.18e-11 |  1.01e-03
  1000 |  2.325e-07 |  2.323e-08 |  6.231e-09 |  7.09e-05 |  1.56e-04 |  5.15e-05 |  1.16e-02 |  7.32e-03 |  8.50e-05 |  1.0e-04 |  3.99e-11 |  1.01e-03
  1010 |  2.313e-07 |  2.312e-08 |  6.183e-09 |  7.06e-05 |  1.55e-04 |  5.14e-05 |  1.15e-02 |  7.28e-03 |  8.40e-05 |  1.0e-04 |  5.96e-11 |  1.01e-03
  1020 |  2.302e-07 |  2.301e-08 |  6.136e-09 |  7.04e-05 |  1.54e-04 |  5.13e-05 |  1.15e-02 |  7.25e-03 |  8.31e-05 |  1.0e-04 |  5.15e-11 |  1.01e-03
  1030 |  2.291e-07 |  2.290e-08 |  6.090e-09 |  7.02e-05 |  1.53e-04 |  5.11e-05 |  1.14e-02 |  7.21e-03 |  8.21e-05 |  1.0e-04 |  5.25e-11 |  1.01e-03
  1040 |  2.280e-07 |  2.279e-08 |  6.044e-09 |  6.99e-05 |  1.53e-04 |  5.10e-05 |  1.13e-02 |  7.18e-03 |  8.12e-05 |  1.0e-04 |  4.55e-11 |  1.01e-03
  1050 |  2.270e-07 |  2.269e-08 |  5.999e-09 |  6.97e-05 |  1.52e-04 |  5.09e-05 |  1.12e-02 |  7.14e-03 |  8.03e-05 |  1.0e-04 |  4.52e-11 |  1.01e-03
  1060 |  2.259e-07 |  2.258e-08 |  5.957e-09 |  6.95e-05 |  1.51e-04 |  5.08e-05 |  1.12e-02 |  7.11e-03 |  7.94e-05 |  1.0e-04 |  5.02e-11 |  1.00e-03
  1070 |  2.249e-07 |  2.248e-08 |  5.912e-09 |  6.93e-05 |  1.50e-04 |  5.06e-05 |  1.11e-02 |  7.78e-03 |  8.64e-05 |  1.0e-04 |  4.01e-11 |  1.00e-03
  1080 |  2.239e-07 |  2.237e-08 |  5.867e-09 |  6.91e-05 |  1.50e-04 |  5.06e-05 |  1.10e-02 |  7.74e-03 |  8.54e-05 |  1.0e-04 |  4.05e-11 |  1.00e-03
  1090 |  2.228e-07 |  2.227e-08 |  5.822e-09 |  6.88e-05 |  1.49e-04 |  5.04e-05 |  1.10e-02 |  7.71e-03 |  8.45e-05 |  1.0e-04 |  4.35e-11 |  1.00e-03
  1100 |  2.217e-07 |  2.217e-08 |  5.778e-09 |  6.86e-05 |  1.48e-04 |  5.03e-05 |  1.09e-02 |  7.67e-03 |  8.35e-05 |  1.0e-04 |  3.37e-11 |  9.99e-04
  1110 |  2.207e-07 |  2.206e-08 |  5.734e-09 |  6.84e-05 |  1.47e-04 |  5.02e-05 |  1.08e-02 |  7.64e-03 |  8.26e-05 |  1.0e-04 |  3.76e-11 |  9.98e-04
  1120 |  2.197e-07 |  2.196e-08 |  5.691e-09 |  6.82e-05 |  1.47e-04 |  5.00e-05 |  1.07e-02 |  7.60e-03 |  8.17e-05 |  1.0e-04 |  3.94e-11 |  9.96e-04
  1130 |  2.188e-07 |  2.187e-08 |  5.649e-09 |  6.80e-05 |  1.46e-04 |  4.99e-05 |  1.07e-02 |  7.57e-03 |  8.08e-05 |  1.0e-04 |  3.30e-11 |  9.95e-04
  1140 |  2.178e-07 |  2.177e-08 |  5.608e-09 |  6.77e-05 |  1.45e-04 |  4.98e-05 |  1.06e-02 |  7.53e-03 |  8.00e-05 |  1.0e-04 |  3.72e-11 |  9.94e-04
  1150 |  2.169e-07 |  2.168e-08 |  5.568e-09 |  6.75e-05 |  1.44e-04 |  4.97e-05 |  1.05e-02 |  7.50e-03 |  7.91e-05 |  1.0e-04 |  4.25e-11 |  9.93e-04
  1160 |  2.160e-07 |  2.159e-08 |  5.529e-09 |  6.73e-05 |  1.44e-04 |  4.96e-05 |  1.05e-02 |  7.47e-03 |  7.83e-05 |  1.0e-04 |  4.20e-11 |  9.92e-04
  1170 |  2.151e-07 |  2.150e-08 |  5.490e-09 |  6.71e-05 |  1.43e-04 |  4.95e-05 |  1.04e-02 |  7.43e-03 |  7.75e-05 |  1.0e-04 |  3.59e-11 |  9.90e-04
  1180 |  2.142e-07 |  2.141e-08 |  5.451e-09 |  6.69e-05 |  1.42e-04 |  4.93e-05 |  1.04e-02 |  7.40e-03 |  7.67e-05 |  1.0e-04 |  3.47e-11 |  9.89e-04
  1190 |  2.133e-07 |  2.132e-08 |  5.414e-09 |  6.68e-05 |  1.42e-04 |  4.92e-05 |  1.03e-02 |  7.37e-03 |  7.59e-05 |  1.0e-04 |  4.49e-11 |  9.88e-04
  1200 |  2.125e-07 |  2.124e-08 |  5.378e-09 |  6.66e-05 |  1.41e-04 |  4.91e-05 |  1.02e-02 |  7.34e-03 |  7.52e-05 |  1.0e-04 |  3.63e-11 |  9.87e-04
  1210 |  2.117e-07 |  2.116e-08 |  5.342e-09 |  6.64e-05 |  1.40e-04 |  4.90e-05 |  1.02e-02 |  7.31e-03 |  7.44e-05 |  1.0e-04 |  4.07e-11 |  9.86e-04
  1220 |  2.108e-07 |  2.108e-08 |  5.306e-09 |  6.62e-05 |  1.40e-04 |  4.88e-05 |  1.01e-02 |  7.28e-03 |  7.37e-05 |  1.0e-04 |  5.34e-11 |  9.85e-04
  1230 |  2.100e-07 |  2.100e-08 |  5.272e-09 |  6.60e-05 |  1.39e-04 |  4.88e-05 |  1.01e-02 |  7.25e-03 |  7.30e-05 |  1.0e-04 |  4.34e-11 |  9.84e-04
  1240 |  2.093e-07 |  2.092e-08 |  5.238e-09 |  6.58e-05 |  1.38e-04 |  4.86e-05 |  1.00e-02 |  7.22e-03 |  7.23e-05 |  1.0e-04 |  3.24e-11 |  9.83e-04
  1250 |  2.085e-07 |  2.084e-08 |  5.204e-09 |  6.57e-05 |  1.38e-04 |  4.85e-05 |  9.96e-03 |  7.19e-03 |  7.15e-05 |  1.0e-04 |  5.12e-11 |  9.82e-04
  1260 |  2.077e-07 |  2.077e-08 |  5.171e-09 |  6.55e-05 |  1.37e-04 |  4.84e-05 |  9.91e-03 |  7.16e-03 |  7.09e-05 |  1.0e-04 |  4.38e-11 |  9.81e-04
  1270 |  2.070e-07 |  2.069e-08 |  5.139e-09 |  6.53e-05 |  1.36e-04 |  4.83e-05 |  9.85e-03 |  7.13e-03 |  7.02e-05 |  1.0e-04 |  3.31e-11 |  9.80e-04
  1280 |  2.063e-07 |  2.062e-08 |  5.107e-09 |  6.52e-05 |  1.36e-04 |  4.82e-05 |  9.80e-03 |  7.10e-03 |  6.96e-05 |  1.0e-04 |  3.38e-11 |  9.79e-04
  1290 |  2.056e-07 |  2.055e-08 |  5.075e-09 |  6.50e-05 |  1.35e-04 |  4.81e-05 |  9.75e-03 |  7.07e-03 |  6.89e-05 |  1.0e-04 |  4.04e-11 |  9.78e-04
  1300 |  2.049e-07 |  2.048e-08 |  5.044e-09 |  6.48e-05 |  1.35e-04 |  4.80e-05 |  9.70e-03 |  7.04e-03 |  6.83e-05 |  1.0e-04 |  3.28e-11 |  9.77e-04
  1310 |  2.042e-07 |  2.041e-08 |  5.014e-09 |  6.47e-05 |  1.34e-04 |  4.79e-05 |  9.65e-03 |  7.01e-03 |  6.77e-05 |  1.0e-04 |  3.38e-11 |  9.76e-04
  1320 |  2.035e-07 |  2.034e-08 |  4.984e-09 |  6.45e-05 |  1.33e-04 |  4.78e-05 |  9.60e-03 |  6.99e-03 |  6.71e-05 |  1.0e-04 |  3.56e-11 |  9.75e-04
  1330 |  2.028e-07 |  2.028e-08 |  4.955e-09 |  6.44e-05 |  1.33e-04 |  4.77e-05 |  9.55e-03 |  6.96e-03 |  6.65e-05 |  1.0e-04 |  3.81e-11 |  9.74e-04
  1340 |  2.022e-07 |  2.021e-08 |  4.926e-09 |  6.42e-05 |  1.32e-04 |  4.76e-05 |  9.51e-03 |  6.93e-03 |  6.59e-05 |  1.0e-04 |  3.64e-11 |  9.73e-04
  1350 |  2.015e-07 |  2.015e-08 |  4.898e-09 |  6.41e-05 |  1.32e-04 |  4.75e-05 |  9.46e-03 |  6.90e-03 |  6.53e-05 |  1.0e-04 |  3.39e-11 |  9.72e-04
  1360 |  2.009e-07 |  2.008e-08 |  4.870e-09 |  6.39e-05 |  1.31e-04 |  4.74e-05 |  9.41e-03 |  6.88e-03 |  6.48e-05 |  1.0e-04 |  4.32e-11 |  9.71e-04
  1370 |  2.003e-07 |  2.002e-08 |  4.843e-09 |  6.38e-05 |  1.31e-04 |  4.73e-05 |  9.37e-03 |  6.85e-03 |  6.42e-05 |  1.0e-04 |  4.73e-11 |  9.70e-04
  1380 |  1.997e-07 |  1.996e-08 |  4.816e-09 |  6.36e-05 |  1.30e-04 |  4.72e-05 |  9.32e-03 |  6.83e-03 |  6.36e-05 |  1.0e-04 |  3.88e-11 |  9.69e-04
  1390 |  1.991e-07 |  1.990e-08 |  4.789e-09 |  6.35e-05 |  1.30e-04 |  4.71e-05 |  9.28e-03 |  6.80e-03 |  6.31e-05 |  1.0e-04 |  3.43e-11 |  9.68e-04
  1400 |  1.984e-07 |  1.984e-08 |  4.763e-09 |  6.33e-05 |  1.29e-04 |  4.70e-05 |  9.24e-03 |  6.77e-03 |  6.26e-05 |  1.0e-04 |  3.19e-11 |  9.68e-04
  1410 |  1.978e-07 |  1.977e-08 |  4.734e-09 |  6.32e-05 |  1.28e-04 |  4.69e-05 |  9.19e-03 |  7.42e-03 |  6.82e-05 |  1.0e-04 |  3.19e-11 |  9.67e-04
  1420 |  1.972e-07 |  1.971e-08 |  4.706e-09 |  6.30e-05 |  1.28e-04 |  4.68e-05 |  9.14e-03 |  7.40e-03 |  6.76e-05 |  1.0e-04 |  3.71e-11 |  9.66e-04
  1430 |  1.966e-07 |  1.965e-08 |  4.679e-09 |  6.29e-05 |  1.27e-04 |  4.67e-05 |  9.10e-03 |  7.37e-03 |  6.71e-05 |  1.0e-04 |  3.68e-11 |  9.65e-04
  1440 |  1.959e-07 |  1.959e-08 |  4.652e-09 |  6.27e-05 |  1.27e-04 |  4.66e-05 |  9.06e-03 |  7.34e-03 |  6.65e-05 |  1.0e-04 |  3.16e-11 |  9.64e-04
  1450 |  1.953e-07 |  1.953e-08 |  4.625e-09 |  6.26e-05 |  1.26e-04 |  4.65e-05 |  9.01e-03 |  7.31e-03 |  6.59e-05 |  1.0e-04 |  3.37e-11 |  9.63e-04
  1460 |  1.948e-07 |  1.947e-08 |  4.599e-09 |  6.24e-05 |  1.26e-04 |  4.64e-05 |  8.97e-03 |  7.29e-03 |  6.54e-05 |  1.0e-04 |  2.64e-11 |  9.62e-04
  1470 |  1.942e-07 |  1.941e-08 |  4.574e-09 |  6.23e-05 |  1.25e-04 |  4.63e-05 |  8.93e-03 |  7.26e-03 |  6.48e-05 |  1.0e-04 |  2.70e-11 |  9.61e-04
  1480 |  1.936e-07 |  1.935e-08 |  4.548e-09 |  6.22e-05 |  1.25e-04 |  4.62e-05 |  8.88e-03 |  7.24e-03 |  6.43e-05 |  1.0e-04 |  3.45e-11 |  9.60e-04
  1490 |  1.930e-07 |  1.930e-08 |  4.523e-09 |  6.20e-05 |  1.24e-04 |  4.61e-05 |  8.84e-03 |  7.21e-03 |  6.38e-05 |  1.0e-04 |  3.11e-11 |  9.59e-04
  1500 |  1.925e-07 |  1.924e-08 |  4.499e-09 |  6.19e-05 |  1.24e-04 |  4.60e-05 |  8.80e-03 |  7.19e-03 |  6.33e-05 |  1.0e-04 |  3.34e-11 |  9.58e-04
  1510 |  1.919e-07 |  1.919e-08 |  4.474e-09 |  6.18e-05 |  1.23e-04 |  4.59e-05 |  8.76e-03 |  7.16e-03 |  6.27e-05 |  1.0e-04 |  4.05e-11 |  9.58e-04
  1520 |  1.914e-07 |  1.913e-08 |  4.452e-09 |  6.16e-05 |  1.23e-04 |  4.59e-05 |  8.72e-03 |  7.13e-03 |  6.22e-05 |  1.0e-04 |  4.30e-11 |  9.57e-04
  1530 |  1.909e-07 |  1.908e-08 |  4.428e-09 |  6.15e-05 |  1.22e-04 |  4.57e-05 |  8.68e-03 |  7.11e-03 |  6.17e-05 |  1.0e-04 |  3.86e-11 |  9.56e-04
  1540 |  1.903e-07 |  1.903e-08 |  4.405e-09 |  6.14e-05 |  1.22e-04 |  4.56e-05 |  8.65e-03 |  7.09e-03 |  6.13e-05 |  1.0e-04 |  4.68e-11 |  9.55e-04
  1550 |  1.898e-07 |  1.898e-08 |  4.383e-09 |  6.12e-05 |  1.21e-04 |  4.56e-05 |  8.61e-03 |  7.06e-03 |  6.08e-05 |  1.0e-04 |  3.74e-11 |  9.54e-04
  1560 |  1.893e-07 |  1.893e-08 |  4.359e-09 |  6.11e-05 |  1.21e-04 |  4.54e-05 |  8.57e-03 |  7.04e-03 |  6.03e-05 |  1.0e-04 |  3.83e-11 |  9.53e-04
  1570 |  1.888e-07 |  1.888e-08 |  4.338e-09 |  6.10e-05 |  1.20e-04 |  4.54e-05 |  8.53e-03 |  7.01e-03 |  5.98e-05 |  1.0e-04 |  3.06e-11 |  9.53e-04
  1580 |  1.883e-07 |  1.883e-08 |  4.316e-09 |  6.09e-05 |  1.20e-04 |  4.53e-05 |  8.50e-03 |  6.99e-03 |  5.94e-05 |  1.0e-04 |  3.30e-11 |  9.52e-04
  1590 |  1.878e-07 |  1.878e-08 |  4.294e-09 |  6.07e-05 |  1.19e-04 |  4.52e-05 |  8.46e-03 |  6.97e-03 |  5.89e-05 |  1.0e-04 |  3.75e-11 |  9.51e-04
  1600 |  1.874e-07 |  1.873e-08 |  4.273e-09 |  6.06e-05 |  1.19e-04 |  4.51e-05 |  8.43e-03 |  6.94e-03 |  5.85e-05 |  1.0e-04 |  3.50e-11 |  9.50e-04
  1610 |  1.869e-07 |  1.868e-08 |  4.253e-09 |  6.05e-05 |  1.18e-04 |  4.50e-05 |  8.39e-03 |  6.92e-03 |  5.81e-05 |  1.0e-04 |  4.45e-11 |  9.49e-04
  1620 |  1.864e-07 |  1.864e-08 |  4.232e-09 |  6.04e-05 |  1.18e-04 |  4.49e-05 |  8.36e-03 |  6.90e-03 |  5.76e-05 |  1.0e-04 |  3.35e-11 |  9.49e-04
  1630 |  1.860e-07 |  1.859e-08 |  4.212e-09 |  6.03e-05 |  1.18e-04 |  4.48e-05 |  8.32e-03 |  6.87e-03 |  5.72e-05 |  1.0e-04 |  3.20e-11 |  9.48e-04
  1640 |  1.855e-07 |  1.855e-08 |  4.191e-09 |  6.02e-05 |  1.17e-04 |  4.47e-05 |  8.29e-03 |  6.85e-03 |  5.68e-05 |  1.0e-04 |  2.96e-11 |  9.47e-04
  1650 |  1.851e-07 |  1.850e-08 |  4.172e-09 |  6.01e-05 |  1.17e-04 |  4.47e-05 |  8.26e-03 |  6.83e-03 |  5.64e-05 |  1.0e-04 |  4.16e-11 |  9.46e-04
  1660 |  1.846e-07 |  1.846e-08 |  4.153e-09 |  5.99e-05 |  1.16e-04 |  4.46e-05 |  8.22e-03 |  6.81e-03 |  5.60e-05 |  1.0e-04 |  3.89e-11 |  9.46e-04
  1670 |  1.842e-07 |  1.841e-08 |  4.134e-09 |  5.98e-05 |  1.16e-04 |  4.45e-05 |  8.19e-03 |  6.79e-03 |  5.56e-05 |  1.0e-04 |  3.37e-11 |  9.45e-04
  1680 |  1.837e-07 |  1.837e-08 |  4.115e-09 |  5.97e-05 |  1.15e-04 |  4.44e-05 |  8.16e-03 |  6.76e-03 |  5.52e-05 |  1.0e-04 |  3.39e-11 |  9.44e-04
  1690 |  1.833e-07 |  1.833e-08 |  4.096e-09 |  5.96e-05 |  1.15e-04 |  4.43e-05 |  8.13e-03 |  6.74e-03 |  5.48e-05 |  1.0e-04 |  2.89e-11 |  9.44e-04
  1700 |  1.829e-07 |  1.829e-08 |  4.077e-09 |  5.95e-05 |  1.15e-04 |  4.42e-05 |  8.10e-03 |  6.72e-03 |  5.44e-05 |  1.0e-04 |  3.64e-11 |  9.43e-04
  1710 |  1.825e-07 |  1.824e-08 |  4.060e-09 |  5.94e-05 |  1.14e-04 |  4.42e-05 |  8.07e-03 |  6.70e-03 |  5.41e-05 |  1.0e-04 |  2.90e-11 |  9.42e-04
  1720 |  1.821e-07 |  1.820e-08 |  4.042e-09 |  5.93e-05 |  1.14e-04 |  4.41e-05 |  8.04e-03 |  6.68e-03 |  5.37e-05 |  1.0e-04 |  3.48e-11 |  9.41e-04
  1730 |  1.817e-07 |  1.816e-08 |  4.024e-09 |  5.92e-05 |  1.13e-04 |  4.40e-05 |  8.01e-03 |  6.66e-03 |  5.33e-05 |  1.0e-04 |  2.48e-11 |  9.41e-04
  1740 |  1.813e-07 |  1.812e-08 |  4.006e-09 |  5.91e-05 |  1.13e-04 |  4.39e-05 |  7.98e-03 |  6.64e-03 |  5.30e-05 |  1.0e-04 |  3.58e-11 |  9.40e-04
  1750 |  1.809e-07 |  1.808e-08 |  3.989e-09 |  5.90e-05 |  1.13e-04 |  4.39e-05 |  7.95e-03 |  6.62e-03 |  5.26e-05 |  1.0e-04 |  2.88e-11 |  9.39e-04
  1760 |  1.805e-07 |  1.805e-08 |  3.972e-09 |  5.89e-05 |  1.12e-04 |  4.38e-05 |  7.92e-03 |  6.60e-03 |  5.23e-05 |  1.0e-04 |  2.85e-11 |  9.39e-04
  1770 |  1.801e-07 |  1.800e-08 |  3.955e-09 |  5.88e-05 |  1.12e-04 |  4.37e-05 |  7.89e-03 |  7.23e-03 |  5.71e-05 |  1.0e-04 |  2.70e-11 |  9.38e-04
  1780 |  1.797e-07 |  1.796e-08 |  3.937e-09 |  5.87e-05 |  1.12e-04 |  4.36e-05 |  7.86e-03 |  7.21e-03 |  5.67e-05 |  1.0e-04 |  3.98e-11 |  9.37e-04
  1790 |  1.793e-07 |  1.792e-08 |  3.919e-09 |  5.86e-05 |  1.11e-04 |  4.35e-05 |  7.83e-03 |  7.19e-03 |  5.63e-05 |  1.0e-04 |  2.79e-11 |  9.36e-04
  1800 |  1.789e-07 |  1.788e-08 |  3.901e-09 |  5.85e-05 |  1.11e-04 |  4.34e-05 |  7.80e-03 |  7.17e-03 |  5.59e-05 |  1.0e-04 |  2.62e-11 |  9.36e-04
  1810 |  1.784e-07 |  1.784e-08 |  3.884e-09 |  5.84e-05 |  1.10e-04 |  4.34e-05 |  7.77e-03 |  7.15e-03 |  5.55e-05 |  1.0e-04 |  3.22e-11 |  9.35e-04
  1820 |  1.780e-07 |  1.780e-08 |  3.866e-09 |  5.83e-05 |  1.10e-04 |  4.33e-05 |  7.74e-03 |  7.13e-03 |  5.52e-05 |  1.0e-04 |  2.73e-11 |  9.34e-04
  1830 |  1.777e-07 |  1.776e-08 |  3.849e-09 |  5.81e-05 |  1.10e-04 |  4.32e-05 |  7.71e-03 |  7.11e-03 |  5.48e-05 |  1.0e-04 |  2.52e-11 |  9.34e-04
  1840 |  1.773e-07 |  1.772e-08 |  3.833e-09 |  5.80e-05 |  1.09e-04 |  4.31e-05 |  7.68e-03 |  7.08e-03 |  5.44e-05 |  1.0e-04 |  2.30e-11 |  9.33e-04
  1850 |  1.769e-07 |  1.768e-08 |  3.816e-09 |  5.79e-05 |  1.09e-04 |  4.31e-05 |  7.66e-03 |  7.06e-03 |  5.41e-05 |  1.0e-04 |  2.68e-11 |  9.32e-04
  1860 |  1.765e-07 |  1.765e-08 |  3.799e-09 |  5.78e-05 |  1.09e-04 |  4.30e-05 |  7.63e-03 |  7.04e-03 |  5.37e-05 |  1.0e-04 |  3.07e-11 |  9.32e-04
  1870 |  1.761e-07 |  1.761e-08 |  3.783e-09 |  5.77e-05 |  1.08e-04 |  4.29e-05 |  7.60e-03 |  7.02e-03 |  5.34e-05 |  1.0e-04 |  2.29e-11 |  9.31e-04
  1880 |  1.757e-07 |  1.757e-08 |  3.767e-09 |  5.76e-05 |  1.08e-04 |  4.28e-05 |  7.57e-03 |  7.00e-03 |  5.30e-05 |  1.0e-04 |  2.53e-11 |  9.30e-04
  1890 |  1.754e-07 |  1.753e-08 |  3.752e-09 |  5.76e-05 |  1.07e-04 |  4.27e-05 |  7.55e-03 |  6.98e-03 |  5.27e-05 |  1.0e-04 |  2.83e-11 |  9.30e-04
  1900 |  1.750e-07 |  1.750e-08 |  3.736e-09 |  5.75e-05 |  1.07e-04 |  4.27e-05 |  7.52e-03 |  6.96e-03 |  5.23e-05 |  1.0e-04 |  2.39e-11 |  9.29e-04
  1910 |  1.747e-07 |  1.746e-08 |  3.720e-09 |  5.74e-05 |  1.07e-04 |  4.26e-05 |  7.49e-03 |  6.94e-03 |  5.20e-05 |  1.0e-04 |  2.58e-11 |  9.28e-04
  1920 |  1.743e-07 |  1.743e-08 |  3.705e-09 |  5.73e-05 |  1.06e-04 |  4.25e-05 |  7.47e-03 |  6.92e-03 |  5.17e-05 |  1.0e-04 |  2.40e-11 |  9.28e-04
  1930 |  1.740e-07 |  1.739e-08 |  3.690e-09 |  5.72e-05 |  1.06e-04 |  4.24e-05 |  7.44e-03 |  6.90e-03 |  5.14e-05 |  1.0e-04 |  2.27e-11 |  9.27e-04
  1940 |  1.736e-07 |  1.736e-08 |  3.675e-09 |  5.71e-05 |  1.06e-04 |  4.24e-05 |  7.41e-03 |  6.88e-03 |  5.10e-05 |  1.0e-04 |  2.79e-11 |  9.26e-04
  1950 |  1.733e-07 |  1.732e-08 |  3.661e-09 |  5.70e-05 |  1.05e-04 |  4.23e-05 |  7.39e-03 |  6.86e-03 |  5.07e-05 |  1.0e-04 |  2.68e-11 |  9.26e-04
  1960 |  1.729e-07 |  1.729e-08 |  3.646e-09 |  5.69e-05 |  1.05e-04 |  4.22e-05 |  7.36e-03 |  6.85e-03 |  5.04e-05 |  1.0e-04 |  2.71e-11 |  9.25e-04
  1970 |  1.726e-07 |  1.726e-08 |  3.632e-09 |  5.68e-05 |  1.05e-04 |  4.21e-05 |  7.34e-03 |  6.83e-03 |  5.01e-05 |  1.0e-04 |  2.60e-11 |  9.24e-04
  1980 |  1.723e-07 |  1.722e-08 |  3.618e-09 |  5.67e-05 |  1.05e-04 |  4.21e-05 |  7.32e-03 |  6.81e-03 |  4.98e-05 |  1.0e-04 |  2.99e-11 |  9.24e-04
  1990 |  1.719e-07 |  1.719e-08 |  3.604e-09 |  5.66e-05 |  1.04e-04 |  4.20e-05 |  7.29e-03 |  6.79e-03 |  4.95e-05 |  1.0e-04 |  2.37e-11 |  9.23e-04
  2000 |  1.716e-07 |  1.716e-08 |  3.590e-09 |  5.65e-05 |  1.04e-04 |  4.19e-05 |  7.27e-03 |  6.77e-03 |  4.92e-05 |  1.0e-04 |  2.58e-11 |  9.23e-04
  2010 |  1.713e-07 |  1.712e-08 |  3.577e-09 |  5.65e-05 |  1.04e-04 |  4.19e-05 |  7.24e-03 |  6.75e-03 |  4.89e-05 |  1.0e-04 |  2.37e-11 |  9.22e-04
  2020 |  1.710e-07 |  1.709e-08 |  3.562e-09 |  5.64e-05 |  1.03e-04 |  4.18e-05 |  7.22e-03 |  6.73e-03 |  4.86e-05 |  1.0e-04 |  2.93e-11 |  9.21e-04
  2030 |  1.706e-07 |  1.706e-08 |  3.550e-09 |  5.63e-05 |  1.03e-04 |  4.17e-05 |  7.20e-03 |  6.72e-03 |  4.83e-05 |  1.0e-04 |  3.07e-11 |  9.21e-04
  2040 |  1.703e-07 |  1.703e-08 |  3.536e-09 |  5.62e-05 |  1.03e-04 |  4.16e-05 |  7.18e-03 |  6.70e-03 |  4.81e-05 |  1.0e-04 |  2.21e-11 |  9.20e-04
  2050 |  1.700e-07 |  1.700e-08 |  3.523e-09 |  5.61e-05 |  1.02e-04 |  4.16e-05 |  7.15e-03 |  6.68e-03 |  4.78e-05 |  1.0e-04 |  2.32e-11 |  9.20e-04
  2060 |  1.697e-07 |  1.697e-08 |  3.510e-09 |  5.60e-05 |  1.02e-04 |  4.15e-05 |  7.13e-03 |  6.66e-03 |  4.75e-05 |  1.0e-04 |  2.44e-11 |  9.19e-04
  2070 |  1.694e-07 |  1.694e-08 |  3.498e-09 |  5.59e-05 |  1.02e-04 |  4.15e-05 |  7.11e-03 |  6.64e-03 |  4.72e-05 |  1.0e-04 |  3.08e-11 |  9.18e-04
  2080 |  1.691e-07 |  1.691e-08 |  3.485e-09 |  5.59e-05 |  1.02e-04 |  4.14e-05 |  7.09e-03 |  6.63e-03 |  4.70e-05 |  1.0e-04 |  2.18e-11 |  9.18e-04
  2090 |  1.688e-07 |  1.688e-08 |  3.473e-09 |  5.58e-05 |  1.01e-04 |  4.13e-05 |  7.07e-03 |  6.61e-03 |  4.67e-05 |  1.0e-04 |  2.91e-11 |  9.17e-04
  2100 |  1.685e-07 |  1.685e-08 |  3.460e-09 |  5.57e-05 |  1.01e-04 |  4.12e-05 |  7.04e-03 |  6.59e-03 |  4.64e-05 |  1.0e-04 |  2.04e-11 |  9.17e-04
  2110 |  1.682e-07 |  1.682e-08 |  3.448e-09 |  5.56e-05 |  1.01e-04 |  4.12e-05 |  7.02e-03 |  6.58e-03 |  4.62e-05 |  1.0e-04 |  2.07e-11 |  9.16e-04
  2120 |  1.679e-07 |  1.679e-08 |  3.436e-09 |  5.55e-05 |  1.00e-04 |  4.11e-05 |  7.00e-03 |  6.56e-03 |  4.59e-05 |  1.0e-04 |  2.39e-11 |  9.16e-04
  2130 |  1.676e-07 |  1.676e-08 |  3.424e-09 |  5.55e-05 |  1.00e-04 |  4.10e-05 |  6.98e-03 |  6.54e-03 |  4.57e-05 |  1.0e-04 |  2.36e-11 |  9.15e-04
  2140 |  1.673e-07 |  1.673e-08 |  3.413e-09 |  5.54e-05 |  9.99e-05 |  4.10e-05 |  6.96e-03 |  6.52e-03 |  4.54e-05 |  1.0e-04 |  2.39e-11 |  9.14e-04
  2150 |  1.671e-07 |  1.670e-08 |  3.401e-09 |  5.53e-05 |  9.96e-05 |  4.09e-05 |  6.94e-03 |  6.51e-03 |  4.52e-05 |  1.0e-04 |  3.41e-11 |  9.14e-04
  2160 |  1.668e-07 |  1.668e-08 |  3.388e-09 |  5.52e-05 |  9.94e-05 |  4.08e-05 |  6.92e-03 |  6.49e-03 |  4.49e-05 |  1.0e-04 |  2.38e-11 |  9.13e-04
  2170 |  1.665e-07 |  1.665e-08 |  3.377e-09 |  5.52e-05 |  9.91e-05 |  4.08e-05 |  6.90e-03 |  6.48e-03 |  4.47e-05 |  1.0e-04 |  2.83e-11 |  9.13e-04
  2180 |  1.662e-07 |  1.662e-08 |  3.366e-09 |  5.51e-05 |  9.89e-05 |  4.07e-05 |  6.88e-03 |  6.46e-03 |  4.44e-05 |  1.0e-04 |  3.33e-11 |  9.12e-04
  2190 |  1.660e-07 |  1.659e-08 |  3.355e-09 |  5.50e-05 |  9.86e-05 |  4.07e-05 |  6.86e-03 |  6.44e-03 |  4.42e-05 |  1.0e-04 |  2.64e-11 |  9.12e-04
  2200 |  1.657e-07 |  1.657e-08 |  3.344e-09 |  5.49e-05 |  9.84e-05 |  4.06e-05 |  6.84e-03 |  6.43e-03 |  4.40e-05 |  1.0e-04 |  2.60e-11 |  9.11e-04
  2210 |  1.654e-07 |  1.654e-08 |  3.333e-09 |  5.49e-05 |  9.81e-05 |  4.06e-05 |  6.82e-03 |  6.41e-03 |  4.37e-05 |  1.0e-04 |  2.45e-11 |  9.11e-04
  2220 |  1.652e-07 |  1.651e-08 |  3.322e-09 |  5.48e-05 |  9.79e-05 |  4.05e-05 |  6.80e-03 |  6.39e-03 |  4.35e-05 |  1.0e-04 |  2.94e-11 |  9.10e-04
  2230 |  1.649e-07 |  1.649e-08 |  3.311e-09 |  5.47e-05 |  9.76e-05 |  4.04e-05 |  6.78e-03 |  6.38e-03 |  4.33e-05 |  1.0e-04 |  1.99e-11 |  9.10e-04
  2240 |  1.646e-07 |  1.646e-08 |  3.301e-09 |  5.46e-05 |  9.74e-05 |  4.04e-05 |  6.76e-03 |  6.36e-03 |  4.30e-05 |  1.0e-04 |  2.22e-11 |  9.09e-04
  2250 |  1.644e-07 |  1.643e-08 |  3.290e-09 |  5.46e-05 |  9.71e-05 |  4.03e-05 |  6.74e-03 |  6.35e-03 |  4.28e-05 |  1.0e-04 |  2.01e-11 |  9.09e-04
  2260 |  1.641e-07 |  1.641e-08 |  3.280e-09 |  5.45e-05 |  9.69e-05 |  4.03e-05 |  6.73e-03 |  6.33e-03 |  4.26e-05 |  1.0e-04 |  2.08e-11 |  9.08e-04
  2270 |  1.639e-07 |  1.638e-08 |  3.269e-09 |  5.44e-05 |  9.67e-05 |  4.02e-05 |  6.71e-03 |  6.32e-03 |  4.24e-05 |  1.0e-04 |  2.33e-11 |  9.08e-04
  2280 |  1.636e-07 |  1.636e-08 |  3.258e-09 |  5.43e-05 |  9.64e-05 |  4.02e-05 |  6.69e-03 |  6.30e-03 |  4.21e-05 |  1.0e-04 |  2.97e-11 |  9.07e-04
  2290 |  1.633e-07 |  1.633e-08 |  3.248e-09 |  5.43e-05 |  9.62e-05 |  4.01e-05 |  6.67e-03 |  6.91e-03 |  4.61e-05 |  1.0e-04 |  2.49e-11 |  9.06e-04
  2300 |  1.630e-07 |  1.630e-08 |  3.237e-09 |  5.42e-05 |  9.59e-05 |  4.00e-05 |  6.65e-03 |  6.90e-03 |  4.59e-05 |  1.0e-04 |  2.27e-11 |  9.06e-04
  2310 |  1.628e-07 |  1.627e-08 |  3.225e-09 |  5.41e-05 |  9.57e-05 |  3.99e-05 |  6.63e-03 |  6.88e-03 |  4.56e-05 |  1.0e-04 |  2.65e-11 |  9.05e-04
  2320 |  1.625e-07 |  1.625e-08 |  3.214e-09 |  5.40e-05 |  9.54e-05 |  3.99e-05 |  6.61e-03 |  6.87e-03 |  4.54e-05 |  1.0e-04 |  2.01e-11 |  9.05e-04
  2330 |  1.622e-07 |  1.622e-08 |  3.204e-09 |  5.40e-05 |  9.52e-05 |  3.98e-05 |  6.59e-03 |  6.85e-03 |  4.52e-05 |  1.0e-04 |  2.46e-11 |  9.04e-04
  2340 |  1.620e-07 |  1.619e-08 |  3.193e-09 |  5.39e-05 |  9.50e-05 |  3.98e-05 |  6.57e-03 |  6.83e-03 |  4.49e-05 |  1.0e-04 |  2.15e-11 |  9.04e-04
  2350 |  1.617e-07 |  1.617e-08 |  3.182e-09 |  5.38e-05 |  9.47e-05 |  3.97e-05 |  6.56e-03 |  6.82e-03 |  4.47e-05 |  1.0e-04 |  2.04e-11 |  9.03e-04
  2360 |  1.615e-07 |  1.614e-08 |  3.172e-09 |  5.37e-05 |  9.45e-05 |  3.96e-05 |  6.54e-03 |  6.80e-03 |  4.45e-05 |  1.0e-04 |  1.94e-11 |  9.03e-04
  2370 |  1.612e-07 |  1.612e-08 |  3.162e-09 |  5.37e-05 |  9.42e-05 |  3.96e-05 |  6.52e-03 |  6.78e-03 |  4.42e-05 |  1.0e-04 |  2.09e-11 |  9.02e-04
  2380 |  1.609e-07 |  1.609e-08 |  3.152e-09 |  5.36e-05 |  9.40e-05 |  3.96e-05 |  6.50e-03 |  6.77e-03 |  4.40e-05 |  1.0e-04 |  2.18e-11 |  9.02e-04
  2390 |  1.607e-07 |  1.606e-08 |  3.141e-09 |  5.35e-05 |  9.38e-05 |  3.94e-05 |  6.48e-03 |  6.75e-03 |  4.38e-05 |  1.0e-04 |  1.92e-11 |  9.01e-04
  2400 |  1.604e-07 |  1.604e-08 |  3.132e-09 |  5.35e-05 |  9.36e-05 |  3.94e-05 |  6.47e-03 |  6.74e-03 |  4.36e-05 |  1.0e-04 |  2.00e-11 |  9.01e-04
  2410 |  1.602e-07 |  1.601e-08 |  3.121e-09 |  5.34e-05 |  9.33e-05 |  3.93e-05 |  6.45e-03 |  6.72e-03 |  4.33e-05 |  1.0e-04 |  2.16e-11 |  9.00e-04
  2420 |  1.599e-07 |  1.599e-08 |  3.112e-09 |  5.33e-05 |  9.31e-05 |  3.93e-05 |  6.43e-03 |  6.71e-03 |  4.31e-05 |  1.0e-04 |  2.53e-11 |  9.00e-04
  2430 |  1.597e-07 |  1.597e-08 |  3.102e-09 |  5.32e-05 |  9.29e-05 |  3.92e-05 |  6.41e-03 |  6.69e-03 |  4.29e-05 |  1.0e-04 |  2.54e-11 |  8.99e-04
  2440 |  1.594e-07 |  1.594e-08 |  3.092e-09 |  5.32e-05 |  9.27e-05 |  3.92e-05 |  6.40e-03 |  6.68e-03 |  4.27e-05 |  1.0e-04 |  2.35e-11 |  8.99e-04
  2450 |  1.592e-07 |  1.592e-08 |  3.083e-09 |  5.31e-05 |  9.25e-05 |  3.91e-05 |  6.38e-03 |  6.66e-03 |  4.25e-05 |  1.0e-04 |  2.06e-11 |  8.98e-04
  2460 |  1.589e-07 |  1.589e-08 |  3.074e-09 |  5.30e-05 |  9.23e-05 |  3.91e-05 |  6.36e-03 |  6.65e-03 |  4.23e-05 |  1.0e-04 |  1.97e-11 |  8.98e-04
  2470 |  1.587e-07 |  1.587e-08 |  3.064e-09 |  5.30e-05 |  9.20e-05 |  3.90e-05 |  6.34e-03 |  6.63e-03 |  4.21e-05 |  1.0e-04 |  1.86e-11 |  8.97e-04
  2480 |  1.585e-07 |  1.584e-08 |  3.055e-09 |  5.29e-05 |  9.18e-05 |  3.90e-05 |  6.33e-03 |  6.62e-03 |  4.19e-05 |  1.0e-04 |  2.39e-11 |  8.97e-04
  2490 |  1.582e-07 |  1.582e-08 |  3.046e-09 |  5.28e-05 |  9.16e-05 |  3.89e-05 |  6.31e-03 |  6.60e-03 |  4.17e-05 |  1.0e-04 |  2.05e-11 |  8.96e-04
  2500 |  1.580e-07 |  1.580e-08 |  3.037e-09 |  5.28e-05 |  9.14e-05 |  3.88e-05 |  6.29e-03 |  6.59e-03 |  4.15e-05 |  1.0e-04 |  1.94e-11 |  8.96e-04
  2510 |  1.578e-07 |  1.577e-08 |  3.028e-09 |  5.27e-05 |  9.12e-05 |  3.88e-05 |  6.28e-03 |  6.57e-03 |  4.13e-05 |  1.0e-04 |  2.22e-11 |  8.95e-04
  2520 |  1.575e-07 |  1.575e-08 |  3.019e-09 |  5.26e-05 |  9.10e-05 |  3.87e-05 |  6.26e-03 |  6.56e-03 |  4.11e-05 |  1.0e-04 |  2.26e-11 |  8.95e-04
  2530 |  1.573e-07 |  1.573e-08 |  3.009e-09 |  5.26e-05 |  9.08e-05 |  3.86e-05 |  6.25e-03 |  6.54e-03 |  4.09e-05 |  1.0e-04 |  2.12e-11 |  8.94e-04
  2540 |  1.571e-07 |  1.570e-08 |  3.001e-09 |  5.25e-05 |  9.06e-05 |  3.86e-05 |  6.23e-03 |  6.53e-03 |  4.07e-05 |  1.0e-04 |  2.20e-11 |  8.94e-04
  2550 |  1.568e-07 |  1.568e-08 |  2.993e-09 |  5.24e-05 |  9.04e-05 |  3.86e-05 |  6.21e-03 |  6.51e-03 |  4.05e-05 |  1.0e-04 |  2.38e-11 |  8.93e-04
  2560 |  1.566e-07 |  1.566e-08 |  2.984e-09 |  5.24e-05 |  9.02e-05 |  3.85e-05 |  6.20e-03 |  6.50e-03 |  4.03e-05 |  1.0e-04 |  1.84e-11 |  8.93e-04
  2570 |  1.564e-07 |  1.564e-08 |  2.975e-09 |  5.23e-05 |  9.00e-05 |  3.85e-05 |  6.18e-03 |  6.49e-03 |  4.01e-05 |  1.0e-04 |  1.86e-11 |  8.92e-04
  2580 |  1.562e-07 |  1.561e-08 |  2.967e-09 |  5.23e-05 |  8.99e-05 |  3.84e-05 |  6.17e-03 |  6.47e-03 |  3.99e-05 |  1.0e-04 |  2.07e-11 |  8.92e-04
  2590 |  1.559e-07 |  1.559e-08 |  2.958e-09 |  5.22e-05 |  8.97e-05 |  3.84e-05 |  6.15e-03 |  6.46e-03 |  3.97e-05 |  1.0e-04 |  1.94e-11 |  8.92e-04
  2600 |  1.557e-07 |  1.557e-08 |  2.950e-09 |  5.21e-05 |  8.95e-05 |  3.83e-05 |  6.14e-03 |  6.44e-03 |  3.95e-05 |  1.0e-04 |  2.33e-11 |  8.91e-04
  2610 |  1.555e-07 |  1.555e-08 |  2.942e-09 |  5.21e-05 |  8.93e-05 |  3.83e-05 |  6.12e-03 |  6.43e-03 |  3.94e-05 |  1.0e-04 |  1.77e-11 |  8.91e-04
  2620 |  1.553e-07 |  1.553e-08 |  2.933e-09 |  5.20e-05 |  8.91e-05 |  3.82e-05 |  6.11e-03 |  6.42e-03 |  3.92e-05 |  1.0e-04 |  2.30e-11 |  8.90e-04
  2630 |  1.551e-07 |  1.551e-08 |  2.925e-09 |  5.19e-05 |  8.89e-05 |  3.81e-05 |  6.09e-03 |  6.40e-03 |  3.90e-05 |  1.0e-04 |  1.57e-11 |  8.90e-04
  2640 |  1.549e-07 |  1.548e-08 |  2.917e-09 |  5.19e-05 |  8.87e-05 |  3.81e-05 |  6.08e-03 |  6.39e-03 |  3.88e-05 |  1.0e-04 |  1.84e-11 |  8.89e-04
  2650 |  1.547e-07 |  1.546e-08 |  2.909e-09 |  5.18e-05 |  8.86e-05 |  3.80e-05 |  6.06e-03 |  6.38e-03 |  3.87e-05 |  1.0e-04 |  2.41e-11 |  8.89e-04
  2660 |  1.544e-07 |  1.544e-08 |  2.901e-09 |  5.18e-05 |  8.84e-05 |  3.80e-05 |  6.05e-03 |  6.36e-03 |  3.85e-05 |  1.0e-04 |  1.82e-11 |  8.88e-04
  2670 |  1.542e-07 |  1.542e-08 |  2.894e-09 |  5.17e-05 |  8.82e-05 |  3.80e-05 |  6.04e-03 |  6.35e-03 |  3.83e-05 |  1.0e-04 |  1.68e-11 |  8.88e-04
  2680 |  1.540e-07 |  1.540e-08 |  2.885e-09 |  5.16e-05 |  8.80e-05 |  3.79e-05 |  6.02e-03 |  6.34e-03 |  3.81e-05 |  1.0e-04 |  1.86e-11 |  8.88e-04
  2690 |  1.538e-07 |  1.538e-08 |  2.878e-09 |  5.16e-05 |  8.79e-05 |  3.79e-05 |  6.01e-03 |  6.32e-03 |  3.80e-05 |  1.0e-04 |  2.32e-11 |  8.87e-04
  2700 |  1.536e-07 |  1.536e-08 |  2.870e-09 |  5.15e-05 |  8.77e-05 |  3.78e-05 |  5.99e-03 |  6.31e-03 |  3.78e-05 |  1.0e-04 |  2.33e-11 |  8.87e-04
  2710 |  1.534e-07 |  1.534e-08 |  2.863e-09 |  5.15e-05 |  8.75e-05 |  3.78e-05 |  5.98e-03 |  6.30e-03 |  3.77e-05 |  1.0e-04 |  1.79e-11 |  8.86e-04
  2720 |  1.532e-07 |  1.532e-08 |  2.855e-09 |  5.14e-05 |  8.74e-05 |  3.77e-05 |  5.96e-03 |  6.28e-03 |  3.75e-05 |  1.0e-04 |  2.02e-11 |  8.86e-04
  2730 |  1.530e-07 |  1.530e-08 |  2.848e-09 |  5.14e-05 |  8.72e-05 |  3.77e-05 |  5.95e-03 |  6.27e-03 |  3.73e-05 |  1.0e-04 |  1.74e-11 |  8.85e-04
  2740 |  1.528e-07 |  1.528e-08 |  2.840e-09 |  5.13e-05 |  8.70e-05 |  3.76e-05 |  5.94e-03 |  6.26e-03 |  3.72e-05 |  1.0e-04 |  1.48e-11 |  8.85e-04
  2750 |  1.526e-07 |  1.526e-08 |  2.832e-09 |  5.12e-05 |  8.69e-05 |  3.75e-05 |  5.92e-03 |  6.25e-03 |  3.70e-05 |  1.0e-04 |  1.75e-11 |  8.85e-04
  2760 |  1.524e-07 |  1.524e-08 |  2.825e-09 |  5.12e-05 |  8.67e-05 |  3.75e-05 |  5.91e-03 |  6.23e-03 |  3.68e-05 |  1.0e-04 |  1.81e-11 |  8.84e-04
  2770 |  1.522e-07 |  1.522e-08 |  2.818e-09 |  5.11e-05 |  8.65e-05 |  3.74e-05 |  5.90e-03 |  6.84e-03 |  4.04e-05 |  1.0e-04 |  1.79e-11 |  8.84e-04
  2780 |  1.520e-07 |  1.520e-08 |  2.810e-09 |  5.11e-05 |  8.64e-05 |  3.74e-05 |  5.88e-03 |  6.83e-03 |  4.02e-05 |  1.0e-04 |  1.79e-11 |  8.83e-04
  2790 |  1.518e-07 |  1.518e-08 |  2.802e-09 |  5.10e-05 |  8.62e-05 |  3.74e-05 |  5.87e-03 |  6.82e-03 |  4.00e-05 |  1.0e-04 |  2.13e-11 |  8.83e-04
  2800 |  1.516e-07 |  1.515e-08 |  2.794e-09 |  5.09e-05 |  8.60e-05 |  3.73e-05 |  5.85e-03 |  6.80e-03 |  3.98e-05 |  1.0e-04 |  1.86e-11 |  8.82e-04
  2810 |  1.514e-07 |  1.513e-08 |  2.787e-09 |  5.09e-05 |  8.58e-05 |  3.73e-05 |  5.84e-03 |  6.79e-03 |  3.96e-05 |  1.0e-04 |  2.37e-11 |  8.82e-04
  2820 |  1.511e-07 |  1.511e-08 |  2.779e-09 |  5.08e-05 |  8.57e-05 |  3.72e-05 |  5.83e-03 |  6.77e-03 |  3.95e-05 |  1.0e-04 |  1.93e-11 |  8.81e-04
  2830 |  1.509e-07 |  1.509e-08 |  2.771e-09 |  5.08e-05 |  8.55e-05 |  3.71e-05 |  5.81e-03 |  6.76e-03 |  3.93e-05 |  1.0e-04 |  1.81e-11 |  8.81e-04
  2840 |  1.507e-07 |  1.507e-08 |  2.764e-09 |  5.07e-05 |  8.53e-05 |  3.71e-05 |  5.80e-03 |  6.75e-03 |  3.91e-05 |  1.0e-04 |  2.00e-11 |  8.81e-04
  2850 |  1.505e-07 |  1.505e-08 |  2.757e-09 |  5.06e-05 |  8.52e-05 |  3.71e-05 |  5.79e-03 |  6.73e-03 |  3.90e-05 |  1.0e-04 |  1.68e-11 |  8.80e-04
  2860 |  1.503e-07 |  1.503e-08 |  2.749e-09 |  5.06e-05 |  8.50e-05 |  3.70e-05 |  5.77e-03 |  6.72e-03 |  3.88e-05 |  1.0e-04 |  2.43e-11 |  8.80e-04
  2870 |  1.501e-07 |  1.501e-08 |  2.742e-09 |  5.05e-05 |  8.48e-05 |  3.70e-05 |  5.76e-03 |  6.71e-03 |  3.86e-05 |  1.0e-04 |  1.74e-11 |  8.79e-04
  2880 |  1.499e-07 |  1.499e-08 |  2.735e-09 |  5.05e-05 |  8.47e-05 |  3.69e-05 |  5.74e-03 |  6.69e-03 |  3.85e-05 |  1.0e-04 |  1.90e-11 |  8.79e-04
  2890 |  1.497e-07 |  1.497e-08 |  2.728e-09 |  5.04e-05 |  8.45e-05 |  3.69e-05 |  5.73e-03 |  6.68e-03 |  3.83e-05 |  1.0e-04 |  1.93e-11 |  8.78e-04
  2900 |  1.495e-07 |  1.495e-08 |  2.720e-09 |  5.03e-05 |  8.44e-05 |  3.68e-05 |  5.72e-03 |  6.67e-03 |  3.81e-05 |  1.0e-04 |  1.86e-11 |  8.78e-04
  2910 |  1.493e-07 |  1.493e-08 |  2.713e-09 |  5.03e-05 |  8.42e-05 |  3.68e-05 |  5.70e-03 |  6.66e-03 |  3.80e-05 |  1.0e-04 |  2.87e-11 |  8.78e-04
  2920 |  1.491e-07 |  1.491e-08 |  2.705e-09 |  5.02e-05 |  8.40e-05 |  3.67e-05 |  5.69e-03 |  6.64e-03 |  3.78e-05 |  1.0e-04 |  2.10e-11 |  8.77e-04
  2930 |  1.489e-07 |  1.489e-08 |  2.699e-09 |  5.02e-05 |  8.39e-05 |  3.67e-05 |  5.68e-03 |  6.63e-03 |  3.76e-05 |  1.0e-04 |  1.60e-11 |  8.77e-04
  2940 |  1.487e-07 |  1.487e-08 |  2.692e-09 |  5.01e-05 |  8.37e-05 |  3.66e-05 |  5.67e-03 |  6.62e-03 |  3.75e-05 |  1.0e-04 |  2.33e-11 |  8.76e-04
  2950 |  1.485e-07 |  1.485e-08 |  2.685e-09 |  5.01e-05 |  8.36e-05 |  3.66e-05 |  5.65e-03 |  6.61e-03 |  3.73e-05 |  1.0e-04 |  3.34e-11 |  8.76e-04
  2960 |  1.483e-07 |  1.483e-08 |  2.678e-09 |  5.00e-05 |  8.34e-05 |  3.65e-05 |  5.64e-03 |  6.59e-03 |  3.72e-05 |  1.0e-04 |  2.19e-11 |  8.75e-04
  2970 |  1.481e-07 |  1.481e-08 |  2.671e-09 |  5.00e-05 |  8.33e-05 |  3.65e-05 |  5.63e-03 |  6.58e-03 |  3.70e-05 |  1.0e-04 |  2.15e-11 |  8.75e-04
  2980 |  1.479e-07 |  1.479e-08 |  2.664e-09 |  4.99e-05 |  8.31e-05 |  3.64e-05 |  5.62e-03 |  6.57e-03 |  3.69e-05 |  1.0e-04 |  2.58e-11 |  8.75e-04
  2990 |  1.478e-07 |  1.477e-08 |  2.658e-09 |  4.98e-05 |  8.30e-05 |  3.64e-05 |  5.60e-03 |  6.56e-03 |  3.67e-05 |  1.0e-04 |  2.77e-11 |  8.74e-04
  3000 |  1.476e-07 |  1.475e-08 |  2.652e-09 |  4.98e-05 |  8.28e-05 |  3.64e-05 |  5.59e-03 |  6.54e-03 |  3.66e-05 |  1.0e-04 |  1.94e-11 |  8.74e-04
  3010 |  1.474e-07 |  1.474e-08 |  2.645e-09 |  4.97e-05 |  8.27e-05 |  3.63e-05 |  5.58e-03 |  6.53e-03 |  3.64e-05 |  1.0e-04 |  2.42e-11 |  8.73e-04
  3020 |  1.472e-07 |  1.472e-08 |  2.638e-09 |  4.97e-05 |  8.25e-05 |  3.63e-05 |  5.57e-03 |  6.52e-03 |  3.63e-05 |  1.0e-04 |  1.87e-11 |  8.73e-04
  3030 |  1.470e-07 |  1.470e-08 |  2.632e-09 |  4.96e-05 |  8.24e-05 |  3.62e-05 |  5.55e-03 |  6.51e-03 |  3.61e-05 |  1.0e-04 |  2.32e-11 |  8.73e-04
  3040 |  1.468e-07 |  1.468e-08 |  2.625e-09 |  4.96e-05 |  8.23e-05 |  3.61e-05 |  5.54e-03 |  6.49e-03 |  3.60e-05 |  1.0e-04 |  2.67e-11 |  8.72e-04
  3050 |  1.466e-07 |  1.466e-08 |  2.619e-09 |  4.95e-05 |  8.21e-05 |  3.61e-05 |  5.53e-03 |  6.48e-03 |  3.58e-05 |  1.0e-04 |  2.26e-11 |  8.72e-04
  3060 |  1.465e-07 |  1.464e-08 |  2.613e-09 |  4.95e-05 |  8.20e-05 |  3.61e-05 |  5.52e-03 |  6.47e-03 |  3.57e-05 |  1.0e-04 |  2.76e-11 |  8.71e-04
  3070 |  1.463e-07 |  1.462e-08 |  2.606e-09 |  4.94e-05 |  8.18e-05 |  3.60e-05 |  5.51e-03 |  6.46e-03 |  3.56e-05 |  1.0e-04 |  1.88e-11 |  8.71e-04
  3080 |  1.461e-07 |  1.461e-08 |  2.600e-09 |  4.94e-05 |  8.17e-05 |  3.60e-05 |  5.49e-03 |  6.45e-03 |  3.54e-05 |  1.0e-04 |  1.92e-11 |  8.71e-04
  3090 |  1.459e-07 |  1.459e-08 |  2.594e-09 |  4.93e-05 |  8.16e-05 |  3.60e-05 |  5.48e-03 |  6.44e-03 |  3.53e-05 |  1.0e-04 |  2.30e-11 |  8.70e-04
  3100 |  1.457e-07 |  1.457e-08 |  2.587e-09 |  4.93e-05 |  8.14e-05 |  3.59e-05 |  5.47e-03 |  6.42e-03 |  3.51e-05 |  1.0e-04 |  2.44e-11 |  8.70e-04
  3110 |  1.455e-07 |  1.455e-08 |  2.581e-09 |  4.92e-05 |  8.13e-05 |  3.59e-05 |  5.46e-03 |  6.41e-03 |  3.50e-05 |  1.0e-04 |  2.24e-11 |  8.69e-04
  3120 |  1.454e-07 |  1.453e-08 |  2.575e-09 |  4.92e-05 |  8.12e-05 |  3.58e-05 |  5.45e-03 |  6.40e-03 |  3.49e-05 |  1.0e-04 |  1.95e-11 |  8.69e-04
  3130 |  1.452e-07 |  1.452e-08 |  2.569e-09 |  4.91e-05 |  8.10e-05 |  3.58e-05 |  5.44e-03 |  6.39e-03 |  3.47e-05 |  1.0e-04 |  2.67e-11 |  8.69e-04
  3140 |  1.450e-07 |  1.450e-08 |  2.563e-09 |  4.91e-05 |  8.09e-05 |  3.57e-05 |  5.42e-03 |  6.38e-03 |  3.46e-05 |  1.0e-04 |  1.96e-11 |  8.68e-04
  3150 |  1.448e-07 |  1.448e-08 |  2.557e-09 |  4.90e-05 |  8.08e-05 |  3.57e-05 |  5.41e-03 |  6.37e-03 |  3.45e-05 |  1.0e-04 |  2.40e-11 |  8.68e-04
  3160 |  1.447e-07 |  1.446e-08 |  2.551e-09 |  4.90e-05 |  8.06e-05 |  3.56e-05 |  5.40e-03 |  6.35e-03 |  3.43e-05 |  1.0e-04 |  2.25e-11 |  8.68e-04
  3170 |  1.445e-07 |  1.445e-08 |  2.545e-09 |  4.89e-05 |  8.05e-05 |  3.56e-05 |  5.39e-03 |  6.34e-03 |  3.42e-05 |  1.0e-04 |  2.18e-11 |  8.67e-04
  3180 |  1.443e-07 |  1.443e-08 |  2.539e-09 |  4.89e-05 |  8.04e-05 |  3.56e-05 |  5.38e-03 |  6.33e-03 |  3.41e-05 |  1.0e-04 |  2.51e-11 |  8.67e-04
  3190 |  1.441e-07 |  1.441e-08 |  2.534e-09 |  4.88e-05 |  8.03e-05 |  3.55e-05 |  5.37e-03 |  6.32e-03 |  3.39e-05 |  1.0e-04 |  2.79e-11 |  8.66e-04
  3200 |  1.440e-07 |  1.440e-08 |  2.528e-09 |  4.88e-05 |  8.01e-05 |  3.55e-05 |  5.36e-03 |  6.31e-03 |  3.38e-05 |  1.0e-04 |  2.49e-11 |  8.66e-04
  3210 |  1.438e-07 |  1.438e-08 |  2.523e-09 |  4.87e-05 |  8.00e-05 |  3.55e-05 |  5.35e-03 |  6.30e-03 |  3.37e-05 |  1.0e-04 |  1.87e-11 |  8.66e-04
  3220 |  1.436e-07 |  1.436e-08 |  2.517e-09 |  4.87e-05 |  7.99e-05 |  3.54e-05 |  5.34e-03 |  6.29e-03 |  3.36e-05 |  1.0e-04 |  1.93e-11 |  8.65e-04
  3230 |  1.435e-07 |  1.435e-08 |  2.511e-09 |  4.86e-05 |  7.98e-05 |  3.54e-05 |  5.33e-03 |  6.28e-03 |  3.34e-05 |  1.0e-04 |  2.53e-11 |  8.65e-04
  3240 |  1.433e-07 |  1.433e-08 |  2.505e-09 |  4.86e-05 |  7.96e-05 |  3.53e-05 |  5.32e-03 |  6.27e-03 |  3.33e-05 |  1.0e-04 |  2.30e-11 |  8.65e-04
  3250 |  1.431e-07 |  1.431e-08 |  2.500e-09 |  4.85e-05 |  7.95e-05 |  3.53e-05 |  5.31e-03 |  6.25e-03 |  3.32e-05 |  1.0e-04 |  2.66e-11 |  8.64e-04
  3260 |  1.430e-07 |  1.429e-08 |  2.495e-09 |  4.85e-05 |  7.94e-05 |  3.53e-05 |  5.29e-03 |  6.24e-03 |  3.31e-05 |  1.0e-04 |  2.36e-11 |  8.64e-04
  3270 |  1.428e-07 |  1.428e-08 |  2.489e-09 |  4.84e-05 |  7.93e-05 |  3.52e-05 |  5.28e-03 |  6.23e-03 |  3.29e-05 |  1.0e-04 |  2.68e-11 |  8.63e-04
  3280 |  1.426e-07 |  1.426e-08 |  2.483e-09 |  4.84e-05 |  7.92e-05 |  3.52e-05 |  5.27e-03 |  6.22e-03 |  3.28e-05 |  1.0e-04 |  2.13e-11 |  8.63e-04
  3290 |  1.425e-07 |  1.425e-08 |  2.478e-09 |  4.83e-05 |  7.91e-05 |  3.51e-05 |  5.26e-03 |  6.21e-03 |  3.27e-05 |  1.0e-04 |  1.91e-11 |  8.63e-04
  3300 |  1.423e-07 |  1.423e-08 |  2.473e-09 |  4.83e-05 |  7.89e-05 |  3.51e-05 |  5.25e-03 |  6.20e-03 |  3.26e-05 |  1.0e-04 |  2.88e-11 |  8.62e-04
  3310 |  1.421e-07 |  1.421e-08 |  2.467e-09 |  4.82e-05 |  7.88e-05 |  3.51e-05 |  5.24e-03 |  6.19e-03 |  3.25e-05 |  1.0e-04 |  1.93e-11 |  8.62e-04
  3320 |  1.420e-07 |  1.420e-08 |  2.462e-09 |  4.82e-05 |  7.87e-05 |  3.50e-05 |  5.23e-03 |  6.18e-03 |  3.23e-05 |  1.0e-04 |  2.29e-11 |  8.62e-04
  3330 |  1.418e-07 |  1.418e-08 |  2.457e-09 |  4.81e-05 |  7.86e-05 |  3.50e-05 |  5.22e-03 |  6.17e-03 |  3.22e-05 |  1.0e-04 |  2.30e-11 |  8.61e-04
  3340 |  1.417e-07 |  1.416e-08 |  2.452e-09 |  4.81e-05 |  7.85e-05 |  3.49e-05 |  5.21e-03 |  6.16e-03 |  3.21e-05 |  1.0e-04 |  2.26e-11 |  8.61e-04
  3350 |  1.415e-07 |  1.415e-08 |  2.446e-09 |  4.80e-05 |  7.84e-05 |  3.49e-05 |  5.20e-03 |  6.15e-03 |  3.20e-05 |  1.0e-04 |  2.15e-11 |  8.61e-04
  3360 |  1.413e-07 |  1.413e-08 |  2.441e-09 |  4.80e-05 |  7.83e-05 |  3.49e-05 |  5.19e-03 |  6.14e-03 |  3.19e-05 |  1.0e-04 |  2.09e-11 |  8.60e-04
  3370 |  1.412e-07 |  1.412e-08 |  2.436e-09 |  4.80e-05 |  7.81e-05 |  3.48e-05 |  5.18e-03 |  6.13e-03 |  3.18e-05 |  1.0e-04 |  2.08e-11 |  8.60e-04
  3380 |  1.410e-07 |  1.410e-08 |  2.431e-09 |  4.79e-05 |  7.80e-05 |  3.48e-05 |  5.17e-03 |  6.12e-03 |  3.16e-05 |  1.0e-04 |  2.81e-11 |  8.60e-04
  3390 |  1.409e-07 |  1.409e-08 |  2.425e-09 |  4.79e-05 |  7.79e-05 |  3.47e-05 |  5.16e-03 |  6.11e-03 |  3.15e-05 |  1.0e-04 |  2.42e-11 |  8.59e-04
  3400 |  1.407e-07 |  1.407e-08 |  2.420e-09 |  4.78e-05 |  7.78e-05 |  3.47e-05 |  5.15e-03 |  6.71e-03 |  3.46e-05 |  1.0e-04 |  1.95e-11 |  8.59e-04
  3410 |  1.405e-07 |  1.405e-08 |  2.415e-09 |  4.78e-05 |  7.77e-05 |  3.47e-05 |  5.14e-03 |  6.70e-03 |  3.44e-05 |  1.0e-04 |  2.56e-11 |  8.59e-04
  3420 |  1.404e-07 |  1.404e-08 |  2.409e-09 |  4.77e-05 |  7.76e-05 |  3.46e-05 |  5.13e-03 |  6.68e-03 |  3.43e-05 |  1.0e-04 |  1.71e-11 |  8.58e-04
  3430 |  1.402e-07 |  1.402e-08 |  2.404e-09 |  4.77e-05 |  7.75e-05 |  3.46e-05 |  5.12e-03 |  6.67e-03 |  3.42e-05 |  1.0e-04 |  2.05e-11 |  8.58e-04
  3440 |  1.400e-07 |  1.400e-08 |  2.398e-09 |  4.76e-05 |  7.73e-05 |  3.45e-05 |  5.11e-03 |  6.66e-03 |  3.41e-05 |  1.0e-04 |  2.18e-11 |  8.57e-04
  3450 |  1.399e-07 |  1.398e-08 |  2.393e-09 |  4.76e-05 |  7.72e-05 |  3.45e-05 |  5.10e-03 |  6.65e-03 |  3.39e-05 |  1.0e-04 |  2.48e-11 |  8.57e-04
  3460 |  1.397e-07 |  1.397e-08 |  2.388e-09 |  4.75e-05 |  7.71e-05 |  3.44e-05 |  5.09e-03 |  6.64e-03 |  3.38e-05 |  1.0e-04 |  2.36e-11 |  8.57e-04
  3470 |  1.395e-07 |  1.395e-08 |  2.383e-09 |  4.75e-05 |  7.70e-05 |  3.44e-05 |  5.08e-03 |  6.63e-03 |  3.37e-05 |  1.0e-04 |  2.29e-11 |  8.56e-04
  3480 |  1.394e-07 |  1.394e-08 |  2.377e-09 |  4.74e-05 |  7.69e-05 |  3.44e-05 |  5.07e-03 |  6.62e-03 |  3.36e-05 |  1.0e-04 |  2.24e-11 |  8.56e-04
  3490 |  1.392e-07 |  1.392e-08 |  2.372e-09 |  4.74e-05 |  7.68e-05 |  3.43e-05 |  5.06e-03 |  6.61e-03 |  3.34e-05 |  1.0e-04 |  2.31e-11 |  8.56e-04
  3500 |  1.390e-07 |  1.390e-08 |  2.367e-09 |  4.73e-05 |  7.67e-05 |  3.43e-05 |  5.05e-03 |  6.60e-03 |  3.33e-05 |  1.0e-04 |  2.32e-11 |  8.55e-04
  3510 |  1.389e-07 |  1.389e-08 |  2.362e-09 |  4.73e-05 |  7.65e-05 |  3.42e-05 |  5.04e-03 |  6.59e-03 |  3.32e-05 |  1.0e-04 |  2.09e-11 |  8.55e-04
  3520 |  1.387e-07 |  1.387e-08 |  2.356e-09 |  4.73e-05 |  7.64e-05 |  3.42e-05 |  5.03e-03 |  6.58e-03 |  3.31e-05 |  1.0e-04 |  2.29e-11 |  8.55e-04
  3530 |  1.386e-07 |  1.385e-08 |  2.352e-09 |  4.72e-05 |  7.63e-05 |  3.42e-05 |  5.02e-03 |  6.57e-03 |  3.30e-05 |  1.0e-04 |  2.05e-11 |  8.54e-04
  3540 |  1.384e-07 |  1.384e-08 |  2.346e-09 |  4.72e-05 |  7.62e-05 |  3.41e-05 |  5.01e-03 |  6.55e-03 |  3.28e-05 |  1.0e-04 |  2.02e-11 |  8.54e-04
  3550 |  1.382e-07 |  1.382e-08 |  2.341e-09 |  4.71e-05 |  7.61e-05 |  3.41e-05 |  5.00e-03 |  6.54e-03 |  3.27e-05 |  1.0e-04 |  1.53e-11 |  8.53e-04
  3560 |  1.381e-07 |  1.381e-08 |  2.336e-09 |  4.71e-05 |  7.60e-05 |  3.41e-05 |  4.99e-03 |  6.53e-03 |  3.26e-05 |  1.0e-04 |  2.09e-11 |  8.53e-04
  3570 |  1.379e-07 |  1.379e-08 |  2.331e-09 |  4.70e-05 |  7.59e-05 |  3.40e-05 |  4.98e-03 |  6.52e-03 |  3.25e-05 |  1.0e-04 |  1.82e-11 |  8.53e-04
  3580 |  1.378e-07 |  1.377e-08 |  2.327e-09 |  4.70e-05 |  7.58e-05 |  3.40e-05 |  4.97e-03 |  6.51e-03 |  3.24e-05 |  1.0e-04 |  1.61e-11 |  8.52e-04
  3590 |  1.376e-07 |  1.376e-08 |  2.322e-09 |  4.69e-05 |  7.57e-05 |  3.40e-05 |  4.96e-03 |  6.50e-03 |  3.23e-05 |  1.0e-04 |  1.97e-11 |  8.52e-04
  3600 |  1.374e-07 |  1.374e-08 |  2.317e-09 |  4.69e-05 |  7.56e-05 |  3.39e-05 |  4.95e-03 |  6.49e-03 |  3.22e-05 |  1.0e-04 |  2.07e-11 |  8.52e-04
  3610 |  1.373e-07 |  1.373e-08 |  2.312e-09 |  4.68e-05 |  7.55e-05 |  3.39e-05 |  4.95e-03 |  6.48e-03 |  3.21e-05 |  1.0e-04 |  2.23e-11 |  8.51e-04
  3620 |  1.371e-07 |  1.371e-08 |  2.307e-09 |  4.68e-05 |  7.54e-05 |  3.38e-05 |  4.94e-03 |  6.47e-03 |  3.19e-05 |  1.0e-04 |  2.24e-11 |  8.51e-04
  3630 |  1.370e-07 |  1.370e-08 |  2.302e-09 |  4.68e-05 |  7.53e-05 |  3.38e-05 |  4.93e-03 |  6.46e-03 |  3.18e-05 |  1.0e-04 |  2.22e-11 |  8.51e-04
  3640 |  1.368e-07 |  1.368e-08 |  2.297e-09 |  4.67e-05 |  7.52e-05 |  3.38e-05 |  4.92e-03 |  6.45e-03 |  3.17e-05 |  1.0e-04 |  2.58e-11 |  8.50e-04
  3650 |  1.367e-07 |  1.366e-08 |  2.293e-09 |  4.67e-05 |  7.51e-05 |  3.37e-05 |  4.91e-03 |  6.44e-03 |  3.16e-05 |  1.0e-04 |  2.26e-11 |  8.50e-04
  3660 |  1.365e-07 |  1.365e-08 |  2.288e-09 |  4.66e-05 |  7.50e-05 |  3.37e-05 |  4.90e-03 |  6.43e-03 |  3.15e-05 |  1.0e-04 |  2.51e-11 |  8.50e-04
  3670 |  1.364e-07 |  1.363e-08 |  2.283e-09 |  4.66e-05 |  7.49e-05 |  3.36e-05 |  4.89e-03 |  6.42e-03 |  3.14e-05 |  1.0e-04 |  2.32e-11 |  8.49e-04
  3680 |  1.362e-07 |  1.362e-08 |  2.279e-09 |  4.65e-05 |  7.48e-05 |  3.36e-05 |  4.88e-03 |  6.41e-03 |  3.13e-05 |  1.0e-04 |  2.62e-11 |  8.49e-04
  3690 |  1.361e-07 |  1.360e-08 |  2.274e-09 |  4.65e-05 |  7.47e-05 |  3.36e-05 |  4.87e-03 |  6.40e-03 |  3.12e-05 |  1.0e-04 |  2.19e-11 |  8.49e-04
  3700 |  1.359e-07 |  1.359e-08 |  2.270e-09 |  4.65e-05 |  7.46e-05 |  3.35e-05 |  4.86e-03 |  6.39e-03 |  3.11e-05 |  1.0e-04 |  2.44e-11 |  8.48e-04
  3710 |  1.358e-07 |  1.357e-08 |  2.265e-09 |  4.64e-05 |  7.45e-05 |  3.35e-05 |  4.85e-03 |  6.38e-03 |  3.10e-05 |  1.0e-04 |  2.06e-11 |  8.48e-04
  3720 |  1.356e-07 |  1.356e-08 |  2.260e-09 |  4.64e-05 |  7.44e-05 |  3.35e-05 |  4.84e-03 |  6.37e-03 |  3.09e-05 |  1.0e-04 |  1.55e-11 |  8.48e-04
  3730 |  1.354e-07 |  1.354e-08 |  2.256e-09 |  4.63e-05 |  7.43e-05 |  3.35e-05 |  4.84e-03 |  6.36e-03 |  3.08e-05 |  1.0e-04 |  2.06e-11 |  8.47e-04
  3740 |  1.353e-07 |  1.353e-08 |  2.252e-09 |  4.63e-05 |  7.42e-05 |  3.34e-05 |  4.83e-03 |  6.35e-03 |  3.07e-05 |  1.0e-04 |  1.88e-11 |  8.47e-04
  3750 |  1.352e-07 |  1.351e-08 |  2.247e-09 |  4.62e-05 |  7.41e-05 |  3.34e-05 |  4.82e-03 |  6.34e-03 |  3.06e-05 |  1.0e-04 |  2.00e-11 |  8.47e-04
  3760 |  1.350e-07 |  1.350e-08 |  2.242e-09 |  4.62e-05 |  7.40e-05 |  3.33e-05 |  4.81e-03 |  6.33e-03 |  3.05e-05 |  1.0e-04 |  2.30e-11 |  8.46e-04
  3770 |  1.349e-07 |  1.348e-08 |  2.238e-09 |  4.62e-05 |  7.39e-05 |  3.33e-05 |  4.80e-03 |  6.32e-03 |  3.04e-05 |  1.0e-04 |  1.85e-11 |  8.46e-04
  3780 |  1.347e-07 |  1.347e-08 |  2.234e-09 |  4.61e-05 |  7.38e-05 |  3.33e-05 |  4.79e-03 |  6.31e-03 |  3.03e-05 |  1.0e-04 |  1.78e-11 |  8.46e-04
  3790 |  1.346e-07 |  1.346e-08 |  2.230e-09 |  4.61e-05 |  7.37e-05 |  3.33e-05 |  4.78e-03 |  6.31e-03 |  3.02e-05 |  1.0e-04 |  1.89e-11 |  8.45e-04
  3800 |  1.344e-07 |  1.344e-08 |  2.225e-09 |  4.60e-05 |  7.36e-05 |  3.32e-05 |  4.78e-03 |  6.30e-03 |  3.01e-05 |  1.0e-04 |  1.65e-11 |  8.45e-04
  3810 |  1.343e-07 |  1.343e-08 |  2.221e-09 |  4.60e-05 |  7.35e-05 |  3.32e-05 |  4.77e-03 |  6.29e-03 |  3.00e-05 |  1.0e-04 |  1.94e-11 |  8.45e-04
  3820 |  1.341e-07 |  1.341e-08 |  2.216e-09 |  4.60e-05 |  7.35e-05 |  3.31e-05 |  4.76e-03 |  6.28e-03 |  2.99e-05 |  1.0e-04 |  1.65e-11 |  8.44e-04
  3830 |  1.340e-07 |  1.340e-08 |  2.212e-09 |  4.59e-05 |  7.34e-05 |  3.31e-05 |  4.75e-03 |  6.27e-03 |  2.98e-05 |  1.0e-04 |  1.85e-11 |  8.44e-04
  3840 |  1.338e-07 |  1.338e-08 |  2.208e-09 |  4.59e-05 |  7.33e-05 |  3.30e-05 |  4.74e-03 |  6.26e-03 |  2.97e-05 |  1.0e-04 |  1.61e-11 |  8.44e-04
  3850 |  1.337e-07 |  1.337e-08 |  2.203e-09 |  4.58e-05 |  7.32e-05 |  3.30e-05 |  4.73e-03 |  6.25e-03 |  2.96e-05 |  1.0e-04 |  1.57e-11 |  8.43e-04
  3860 |  1.336e-07 |  1.335e-08 |  2.199e-09 |  4.58e-05 |  7.31e-05 |  3.30e-05 |  4.73e-03 |  6.24e-03 |  2.95e-05 |  1.0e-04 |  1.35e-11 |  8.43e-04
  3870 |  1.334e-07 |  1.334e-08 |  2.195e-09 |  4.58e-05 |  7.30e-05 |  3.30e-05 |  4.72e-03 |  6.23e-03 |  2.94e-05 |  1.0e-04 |  1.84e-11 |  8.43e-04
  3880 |  1.333e-07 |  1.333e-08 |  2.191e-09 |  4.57e-05 |  7.29e-05 |  3.29e-05 |  4.71e-03 |  6.22e-03 |  2.93e-05 |  1.0e-04 |  3.03e-11 |  8.43e-04
  3890 |  1.331e-07 |  1.331e-08 |  2.187e-09 |  4.57e-05 |  7.28e-05 |  3.29e-05 |  4.70e-03 |  6.21e-03 |  2.92e-05 |  1.0e-04 |  2.19e-11 |  8.42e-04
  3900 |  1.330e-07 |  1.330e-08 |  2.182e-09 |  4.56e-05 |  7.27e-05 |  3.28e-05 |  4.69e-03 |  6.20e-03 |  2.91e-05 |  1.0e-04 |  2.26e-11 |  8.42e-04
  3910 |  1.329e-07 |  1.328e-08 |  2.179e-09 |  4.56e-05 |  7.27e-05 |  3.28e-05 |  4.68e-03 |  6.19e-03 |  2.90e-05 |  1.0e-04 |  2.26e-11 |  8.42e-04
  3920 |  1.327e-07 |  1.327e-08 |  2.175e-09 |  4.56e-05 |  7.26e-05 |  3.28e-05 |  4.68e-03 |  6.18e-03 |  2.89e-05 |  1.0e-04 |  2.50e-11 |  8.41e-04
  3930 |  1.326e-07 |  1.326e-08 |  2.170e-09 |  4.55e-05 |  7.25e-05 |  3.27e-05 |  4.67e-03 |  6.18e-03 |  2.88e-05 |  1.0e-04 |  2.22e-11 |  8.41e-04
  3940 |  1.324e-07 |  1.324e-08 |  2.167e-09 |  4.55e-05 |  7.24e-05 |  3.27e-05 |  4.66e-03 |  6.17e-03 |  2.87e-05 |  1.0e-04 |  1.83e-11 |  8.41e-04
  3950 |  1.323e-07 |  1.323e-08 |  2.162e-09 |  4.54e-05 |  7.23e-05 |  3.27e-05 |  4.65e-03 |  6.16e-03 |  2.87e-05 |  1.0e-04 |  1.91e-11 |  8.40e-04
  3960 |  1.322e-07 |  1.322e-08 |  2.158e-09 |  4.54e-05 |  7.22e-05 |  3.26e-05 |  4.65e-03 |  6.15e-03 |  2.86e-05 |  1.0e-04 |  1.80e-11 |  8.40e-04
  3970 |  1.320e-07 |  1.320e-08 |  2.155e-09 |  4.54e-05 |  7.22e-05 |  3.26e-05 |  4.64e-03 |  6.14e-03 |  2.85e-05 |  1.0e-04 |  2.14e-11 |  8.40e-04
  3980 |  1.319e-07 |  1.319e-08 |  2.151e-09 |  4.53e-05 |  7.21e-05 |  3.26e-05 |  4.63e-03 |  6.13e-03 |  2.84e-05 |  1.0e-04 |  1.41e-11 |  8.39e-04
  3990 |  1.318e-07 |  1.317e-08 |  2.147e-09 |  4.53e-05 |  7.20e-05 |  3.26e-05 |  4.62e-03 |  6.12e-03 |  2.83e-05 |  1.0e-04 |  2.39e-11 |  8.39e-04
  4000 |  1.316e-07 |  1.316e-08 |  2.143e-09 |  4.53e-05 |  7.19e-05 |  3.25e-05 |  4.61e-03 |  6.11e-03 |  2.82e-05 |  1.0e-04 |  2.73e-11 |  8.39e-04
  4010 |  1.315e-07 |  1.315e-08 |  2.139e-09 |  4.52e-05 |  7.18e-05 |  3.25e-05 |  4.61e-03 |  6.11e-03 |  2.81e-05 |  1.0e-04 |  1.59e-11 |  8.39e-04
  4020 |  1.314e-07 |  1.313e-08 |  2.135e-09 |  4.52e-05 |  7.17e-05 |  3.25e-05 |  4.60e-03 |  6.10e-03 |  2.80e-05 |  1.0e-04 |  1.82e-11 |  8.38e-04
  4030 |  1.312e-07 |  1.312e-08 |  2.132e-09 |  4.51e-05 |  7.17e-05 |  3.24e-05 |  4.59e-03 |  6.09e-03 |  2.79e-05 |  1.0e-04 |  2.83e-11 |  8.38e-04
  4040 |  1.311e-07 |  1.311e-08 |  2.128e-09 |  4.51e-05 |  7.16e-05 |  3.24e-05 |  4.58e-03 |  6.08e-03 |  2.79e-05 |  1.0e-04 |  2.44e-11 |  8.38e-04
  4050 |  1.310e-07 |  1.309e-08 |  2.124e-09 |  4.51e-05 |  7.15e-05 |  3.24e-05 |  4.58e-03 |  6.07e-03 |  2.78e-05 |  1.0e-04 |  1.97e-11 |  8.37e-04
  4060 |  1.308e-07 |  1.308e-08 |  2.120e-09 |  4.50e-05 |  7.14e-05 |  3.23e-05 |  4.57e-03 |  6.06e-03 |  2.77e-05 |  1.0e-04 |  2.62e-11 |  8.37e-04
  4070 |  1.307e-07 |  1.307e-08 |  2.116e-09 |  4.50e-05 |  7.13e-05 |  3.23e-05 |  4.56e-03 |  6.05e-03 |  2.76e-05 |  1.0e-04 |  2.16e-11 |  8.37e-04
  4080 |  1.306e-07 |  1.305e-08 |  2.112e-09 |  4.50e-05 |  7.13e-05 |  3.23e-05 |  4.55e-03 |  6.05e-03 |  2.75e-05 |  1.0e-04 |  2.37e-11 |  8.36e-04
  4090 |  1.304e-07 |  1.304e-08 |  2.109e-09 |  4.49e-05 |  7.12e-05 |  3.22e-05 |  4.55e-03 |  6.04e-03 |  2.74e-05 |  1.0e-04 |  2.16e-11 |  8.36e-04
  4100 |  1.303e-07 |  1.303e-08 |  2.105e-09 |  4.49e-05 |  7.11e-05 |  3.22e-05 |  4.54e-03 |  6.03e-03 |  2.74e-05 |  1.0e-04 |  1.57e-11 |  8.36e-04
  4110 |  1.302e-07 |  1.302e-08 |  2.102e-09 |  4.48e-05 |  7.10e-05 |  3.22e-05 |  4.53e-03 |  6.02e-03 |  2.73e-05 |  1.0e-04 |  1.87e-11 |  8.36e-04
  4120 |  1.300e-07 |  1.300e-08 |  2.098e-09 |  4.48e-05 |  7.10e-05 |  3.21e-05 |  4.52e-03 |  6.01e-03 |  2.72e-05 |  1.0e-04 |  1.82e-11 |  8.35e-04
  4130 |  1.299e-07 |  1.299e-08 |  2.094e-09 |  4.48e-05 |  7.09e-05 |  3.21e-05 |  4.52e-03 |  6.00e-03 |  2.71e-05 |  1.0e-04 |  1.88e-11 |  8.35e-04
  4140 |  1.298e-07 |  1.298e-08 |  2.091e-09 |  4.47e-05 |  7.08e-05 |  3.21e-05 |  4.51e-03 |  5.99e-03 |  2.70e-05 |  1.0e-04 |  1.65e-11 |  8.35e-04
  4150 |  1.297e-07 |  1.296e-08 |  2.087e-09 |  4.47e-05 |  7.07e-05 |  3.21e-05 |  4.50e-03 |  5.99e-03 |  2.70e-05 |  1.0e-04 |  1.42e-11 |  8.34e-04
  4160 |  1.295e-07 |  1.295e-08 |  2.084e-09 |  4.47e-05 |  7.07e-05 |  3.20e-05 |  4.50e-03 |  5.98e-03 |  2.69e-05 |  1.0e-04 |  1.57e-11 |  8.34e-04
  4170 |  1.294e-07 |  1.294e-08 |  2.080e-09 |  4.46e-05 |  7.06e-05 |  3.20e-05 |  4.49e-03 |  5.97e-03 |  2.68e-05 |  1.0e-04 |  2.20e-11 |  8.34e-04
  4180 |  1.293e-07 |  1.293e-08 |  2.076e-09 |  4.46e-05 |  7.05e-05 |  3.20e-05 |  4.48e-03 |  5.96e-03 |  2.67e-05 |  1.0e-04 |  1.72e-11 |  8.34e-04
  4190 |  1.291e-07 |  1.291e-08 |  2.073e-09 |  4.46e-05 |  7.04e-05 |  3.19e-05 |  4.47e-03 |  5.95e-03 |  2.66e-05 |  1.0e-04 |  1.76e-11 |  8.33e-04
  4200 |  1.290e-07 |  1.290e-08 |  2.069e-09 |  4.45e-05 |  7.04e-05 |  3.19e-05 |  4.47e-03 |  5.95e-03 |  2.66e-05 |  1.0e-04 |  2.28e-11 |  8.33e-04
  4210 |  1.289e-07 |  1.289e-08 |  2.066e-09 |  4.45e-05 |  7.03e-05 |  3.19e-05 |  4.46e-03 |  5.94e-03 |  2.65e-05 |  1.0e-04 |  1.97e-11 |  8.33e-04
  4220 |  1.288e-07 |  1.288e-08 |  2.062e-09 |  4.45e-05 |  7.02e-05 |  3.18e-05 |  4.45e-03 |  5.93e-03 |  2.64e-05 |  1.0e-04 |  1.74e-11 |  8.32e-04
  4230 |  1.286e-07 |  1.286e-08 |  2.059e-09 |  4.44e-05 |  7.01e-05 |  3.18e-05 |  4.45e-03 |  5.92e-03 |  2.63e-05 |  1.0e-04 |  1.86e-11 |  8.32e-04
  4240 |  1.285e-07 |  1.285e-08 |  2.056e-09 |  4.44e-05 |  7.01e-05 |  3.18e-05 |  4.44e-03 |  5.91e-03 |  2.63e-05 |  1.0e-04 |  2.14e-11 |  8.32e-04
  4250 |  1.284e-07 |  1.284e-08 |  2.052e-09 |  4.44e-05 |  7.00e-05 |  3.18e-05 |  4.43e-03 |  5.91e-03 |  2.62e-05 |  1.0e-04 |  2.15e-11 |  8.32e-04
  4260 |  1.283e-07 |  1.283e-08 |  2.049e-09 |  4.43e-05 |  6.99e-05 |  3.17e-05 |  4.43e-03 |  5.90e-03 |  2.61e-05 |  1.0e-04 |  2.39e-11 |  8.31e-04
  4270 |  1.282e-07 |  1.281e-08 |  2.045e-09 |  4.43e-05 |  6.99e-05 |  3.17e-05 |  4.42e-03 |  5.89e-03 |  2.60e-05 |  1.0e-04 |  2.13e-11 |  8.31e-04
  4280 |  1.280e-07 |  1.280e-08 |  2.042e-09 |  4.43e-05 |  6.98e-05 |  3.17e-05 |  4.41e-03 |  5.88e-03 |  2.60e-05 |  1.0e-04 |  2.09e-11 |  8.31e-04
  4290 |  1.279e-07 |  1.279e-08 |  2.038e-09 |  4.42e-05 |  6.97e-05 |  3.16e-05 |  4.41e-03 |  5.87e-03 |  2.59e-05 |  1.0e-04 |  1.97e-11 |  8.31e-04
  4300 |  1.278e-07 |  1.278e-08 |  2.035e-09 |  4.42e-05 |  6.97e-05 |  3.16e-05 |  4.40e-03 |  5.87e-03 |  2.58e-05 |  1.0e-04 |  1.78e-11 |  8.30e-04
  4310 |  1.277e-07 |  1.277e-08 |  2.032e-09 |  4.42e-05 |  6.96e-05 |  3.16e-05 |  4.39e-03 |  5.86e-03 |  2.57e-05 |  1.0e-04 |  2.58e-11 |  8.30e-04
  4320 |  1.275e-07 |  1.275e-08 |  2.029e-09 |  4.41e-05 |  6.95e-05 |  3.16e-05 |  4.39e-03 |  5.85e-03 |  2.57e-05 |  1.0e-04 |  2.07e-11 |  8.30e-04
  4330 |  1.274e-07 |  1.274e-08 |  2.025e-09 |  4.41e-05 |  6.94e-05 |  3.15e-05 |  4.38e-03 |  5.84e-03 |  2.56e-05 |  1.0e-04 |  1.72e-11 |  8.29e-04
  4340 |  1.273e-07 |  1.273e-08 |  2.022e-09 |  4.41e-05 |  6.94e-05 |  3.15e-05 |  4.37e-03 |  5.83e-03 |  2.55e-05 |  1.0e-04 |  1.81e-11 |  8.29e-04
  4350 |  1.272e-07 |  1.272e-08 |  2.019e-09 |  4.40e-05 |  6.93e-05 |  3.15e-05 |  4.37e-03 |  5.83e-03 |  2.54e-05 |  1.0e-04 |  2.11e-11 |  8.29e-04
  4360 |  1.271e-07 |  1.271e-08 |  2.016e-09 |  4.40e-05 |  6.92e-05 |  3.15e-05 |  4.36e-03 |  5.82e-03 |  2.54e-05 |  1.0e-04 |  1.93e-11 |  8.29e-04
  4370 |  1.269e-07 |  1.269e-08 |  2.012e-09 |  4.40e-05 |  6.92e-05 |  3.14e-05 |  4.35e-03 |  5.81e-03 |  2.53e-05 |  1.0e-04 |  2.52e-11 |  8.28e-04
  4380 |  1.268e-07 |  1.268e-08 |  2.009e-09 |  4.39e-05 |  6.91e-05 |  3.14e-05 |  4.35e-03 |  5.80e-03 |  2.52e-05 |  1.0e-04 |  1.71e-11 |  8.28e-04
  4390 |  1.267e-07 |  1.267e-08 |  2.006e-09 |  4.39e-05 |  6.90e-05 |  3.14e-05 |  4.34e-03 |  5.80e-03 |  2.52e-05 |  1.0e-04 |  1.91e-11 |  8.28e-04
  4400 |  1.266e-07 |  1.266e-08 |  2.003e-09 |  4.39e-05 |  6.90e-05 |  3.13e-05 |  4.33e-03 |  5.79e-03 |  2.51e-05 |  1.0e-04 |  1.88e-11 |  8.28e-04
  4410 |  1.265e-07 |  1.265e-08 |  1.999e-09 |  4.38e-05 |  6.89e-05 |  3.13e-05 |  4.33e-03 |  5.78e-03 |  2.50e-05 |  1.0e-04 |  2.07e-11 |  8.27e-04
  4420 |  1.264e-07 |  1.263e-08 |  1.996e-09 |  4.38e-05 |  6.88e-05 |  3.13e-05 |  4.32e-03 |  5.77e-03 |  2.49e-05 |  1.0e-04 |  1.57e-11 |  8.27e-04
  4430 |  1.262e-07 |  1.262e-08 |  1.993e-09 |  4.38e-05 |  6.88e-05 |  3.13e-05 |  4.31e-03 |  5.77e-03 |  2.49e-05 |  1.0e-04 |  2.34e-11 |  8.27e-04
  4440 |  1.261e-07 |  1.261e-08 |  1.990e-09 |  4.37e-05 |  6.87e-05 |  3.12e-05 |  4.31e-03 |  5.76e-03 |  2.48e-05 |  1.0e-04 |  2.46e-11 |  8.27e-04
  4450 |  1.260e-07 |  1.260e-08 |  1.987e-09 |  4.37e-05 |  6.87e-05 |  3.12e-05 |  4.30e-03 |  5.75e-03 |  2.47e-05 |  1.0e-04 |  2.11e-11 |  8.26e-04
  4460 |  1.259e-07 |  1.259e-08 |  1.984e-09 |  4.37e-05 |  6.86e-05 |  3.12e-05 |  4.30e-03 |  5.74e-03 |  2.47e-05 |  1.0e-04 |  1.90e-11 |  8.26e-04
  4470 |  1.258e-07 |  1.258e-08 |  1.980e-09 |  4.36e-05 |  6.85e-05 |  3.11e-05 |  4.29e-03 |  5.74e-03 |  2.46e-05 |  1.0e-04 |  1.57e-11 |  8.26e-04
  4480 |  1.257e-07 |  1.256e-08 |  1.978e-09 |  4.36e-05 |  6.85e-05 |  3.11e-05 |  4.28e-03 |  5.73e-03 |  2.45e-05 |  1.0e-04 |  1.71e-11 |  8.25e-04
  4490 |  1.255e-07 |  1.255e-08 |  1.974e-09 |  4.36e-05 |  6.84e-05 |  3.11e-05 |  4.28e-03 |  6.29e-03 |  2.69e-05 |  1.0e-04 |  1.90e-11 |  8.25e-04
  4500 |  1.254e-07 |  1.254e-08 |  1.971e-09 |  4.35e-05 |  6.83e-05 |  3.11e-05 |  4.27e-03 |  5.71e-03 |  2.44e-05 |  1.0e-04 |  2.41e-11 |  8.25e-04
  4510 |  1.253e-07 |  1.253e-08 |  1.968e-09 |  4.35e-05 |  6.83e-05 |  3.10e-05 |  4.26e-03 |  6.28e-03 |  2.68e-05 |  1.0e-04 |  2.16e-11 |  8.25e-04
  4520 |  1.252e-07 |  1.252e-08 |  1.965e-09 |  4.35e-05 |  6.82e-05 |  3.10e-05 |  4.26e-03 |  5.70e-03 |  2.43e-05 |  1.0e-04 |  2.36e-11 |  8.24e-04
  4530 |  1.251e-07 |  1.250e-08 |  1.962e-09 |  4.34e-05 |  6.81e-05 |  3.10e-05 |  4.25e-03 |  6.26e-03 |  2.66e-05 |  1.0e-04 |  2.38e-11 |  8.24e-04
  4540 |  1.249e-07 |  1.249e-08 |  1.958e-09 |  4.34e-05 |  6.81e-05 |  3.09e-05 |  4.24e-03 |  6.25e-03 |  2.65e-05 |  1.0e-04 |  2.25e-11 |  8.24e-04
  4550 |  1.248e-07 |  1.248e-08 |  1.955e-09 |  4.34e-05 |  6.80e-05 |  3.09e-05 |  4.24e-03 |  6.25e-03 |  2.65e-05 |  1.0e-04 |  1.69e-11 |  8.24e-04
  4560 |  1.247e-07 |  1.247e-08 |  1.952e-09 |  4.33e-05 |  6.79e-05 |  3.09e-05 |  4.23e-03 |  6.24e-03 |  2.64e-05 |  1.0e-04 |  1.83e-11 |  8.23e-04
  4570 |  1.246e-07 |  1.245e-08 |  1.948e-09 |  4.33e-05 |  6.79e-05 |  3.08e-05 |  4.22e-03 |  6.23e-03 |  2.63e-05 |  1.0e-04 |  2.13e-11 |  8.23e-04
  4580 |  1.244e-07 |  1.244e-08 |  1.945e-09 |  4.33e-05 |  6.78e-05 |  3.08e-05 |  4.22e-03 |  6.22e-03 |  2.62e-05 |  1.0e-04 |  1.87e-11 |  8.23e-04
  4590 |  1.243e-07 |  1.243e-08 |  1.942e-09 |  4.32e-05 |  6.77e-05 |  3.08e-05 |  4.21e-03 |  6.22e-03 |  2.62e-05 |  1.0e-04 |  1.35e-11 |  8.22e-04
  4600 |  1.242e-07 |  1.242e-08 |  1.939e-09 |  4.32e-05 |  6.77e-05 |  3.08e-05 |  4.20e-03 |  6.21e-03 |  2.61e-05 |  1.0e-04 |  1.71e-11 |  8.22e-04
  4610 |  1.241e-07 |  1.241e-08 |  1.936e-09 |  4.32e-05 |  6.76e-05 |  3.07e-05 |  4.20e-03 |  6.20e-03 |  2.60e-05 |  1.0e-04 |  1.37e-11 |  8.22e-04
  4620 |  1.239e-07 |  1.239e-08 |  1.933e-09 |  4.31e-05 |  6.75e-05 |  3.07e-05 |  4.19e-03 |  6.19e-03 |  2.60e-05 |  1.0e-04 |  1.95e-11 |  8.22e-04
  4630 |  1.238e-07 |  1.238e-08 |  1.930e-09 |  4.31e-05 |  6.75e-05 |  3.07e-05 |  4.19e-03 |  6.18e-03 |  2.59e-05 |  1.0e-04 |  1.34e-11 |  8.21e-04
  4640 |  1.237e-07 |  1.237e-08 |  1.926e-09 |  4.31e-05 |  6.74e-05 |  3.07e-05 |  4.18e-03 |  6.18e-03 |  2.58e-05 |  1.0e-04 |  1.40e-11 |  8.21e-04
  4650 |  1.236e-07 |  1.236e-08 |  1.923e-09 |  4.30e-05 |  6.73e-05 |  3.06e-05 |  4.17e-03 |  6.17e-03 |  2.57e-05 |  1.0e-04 |  1.22e-11 |  8.21e-04
  4660 |  1.235e-07 |  1.235e-08 |  1.920e-09 |  4.30e-05 |  6.73e-05 |  3.06e-05 |  4.17e-03 |  6.16e-03 |  2.57e-05 |  1.0e-04 |  1.55e-11 |  8.21e-04
  4670 |  1.233e-07 |  1.233e-08 |  1.917e-09 |  4.30e-05 |  6.72e-05 |  3.05e-05 |  4.16e-03 |  6.15e-03 |  2.56e-05 |  1.0e-04 |  1.40e-11 |  8.20e-04
  4680 |  1.232e-07 |  1.232e-08 |  1.914e-09 |  4.29e-05 |  6.71e-05 |  3.06e-05 |  4.15e-03 |  6.15e-03 |  2.55e-05 |  1.0e-04 |  1.32e-11 |  8.20e-04
  4690 |  1.231e-07 |  1.231e-08 |  1.911e-09 |  4.29e-05 |  6.71e-05 |  3.05e-05 |  4.15e-03 |  6.14e-03 |  2.55e-05 |  1.0e-04 |  2.43e-11 |  8.20e-04
  4700 |  1.230e-07 |  1.230e-08 |  1.908e-09 |  4.29e-05 |  6.70e-05 |  3.05e-05 |  4.14e-03 |  6.13e-03 |  2.54e-05 |  1.0e-04 |  1.88e-11 |  8.19e-04
  4710 |  1.229e-07 |  1.229e-08 |  1.905e-09 |  4.28e-05 |  6.70e-05 |  3.05e-05 |  4.14e-03 |  6.12e-03 |  2.53e-05 |  1.0e-04 |  2.48e-11 |  8.19e-04
  4720 |  1.228e-07 |  1.227e-08 |  1.902e-09 |  4.28e-05 |  6.69e-05 |  3.04e-05 |  4.13e-03 |  6.12e-03 |  2.53e-05 |  1.0e-04 |  1.93e-11 |  8.19e-04
  4730 |  1.226e-07 |  1.226e-08 |  1.899e-09 |  4.28e-05 |  6.68e-05 |  3.04e-05 |  4.12e-03 |  6.11e-03 |  2.52e-05 |  1.0e-04 |  1.82e-11 |  8.19e-04
  4740 |  1.225e-07 |  1.225e-08 |  1.896e-09 |  4.27e-05 |  6.68e-05 |  3.04e-05 |  4.12e-03 |  6.10e-03 |  2.51e-05 |  1.0e-04 |  1.88e-11 |  8.18e-04
  4750 |  1.224e-07 |  1.224e-08 |  1.893e-09 |  4.27e-05 |  6.67e-05 |  3.03e-05 |  4.11e-03 |  6.09e-03 |  2.50e-05 |  1.0e-04 |  2.58e-11 |  8.18e-04
  4760 |  1.223e-07 |  1.223e-08 |  1.890e-09 |  4.27e-05 |  6.67e-05 |  3.03e-05 |  4.10e-03 |  6.09e-03 |  2.50e-05 |  1.0e-04 |  2.18e-11 |  8.18e-04
  4770 |  1.222e-07 |  1.222e-08 |  1.887e-09 |  4.27e-05 |  6.66e-05 |  3.03e-05 |  4.10e-03 |  6.08e-03 |  2.49e-05 |  1.0e-04 |  2.14e-11 |  8.18e-04
  4780 |  1.221e-07 |  1.220e-08 |  1.884e-09 |  4.26e-05 |  6.65e-05 |  3.03e-05 |  4.09e-03 |  6.07e-03 |  2.49e-05 |  1.0e-04 |  1.52e-11 |  8.17e-04
  4790 |  1.219e-07 |  1.219e-08 |  1.881e-09 |  4.26e-05 |  6.65e-05 |  3.02e-05 |  4.09e-03 |  6.06e-03 |  2.48e-05 |  1.0e-04 |  2.25e-11 |  8.17e-04
  4800 |  1.218e-07 |  1.218e-08 |  1.878e-09 |  4.26e-05 |  6.64e-05 |  3.02e-05 |  4.08e-03 |  6.06e-03 |  2.47e-05 |  1.0e-04 |  1.86e-11 |  8.17e-04
  4810 |  1.217e-07 |  1.217e-08 |  1.875e-09 |  4.25e-05 |  6.63e-05 |  3.02e-05 |  4.07e-03 |  6.05e-03 |  2.47e-05 |  1.0e-04 |  1.76e-11 |  8.17e-04
  4820 |  1.216e-07 |  1.216e-08 |  1.872e-09 |  4.25e-05 |  6.63e-05 |  3.02e-05 |  4.07e-03 |  6.04e-03 |  2.46e-05 |  1.0e-04 |  1.88e-11 |  8.16e-04
  4830 |  1.215e-07 |  1.215e-08 |  1.870e-09 |  4.25e-05 |  6.62e-05 |  3.01e-05 |  4.06e-03 |  6.04e-03 |  2.45e-05 |  1.0e-04 |  2.03e-11 |  8.16e-04
  4840 |  1.214e-07 |  1.214e-08 |  1.867e-09 |  4.24e-05 |  6.62e-05 |  3.01e-05 |  4.06e-03 |  6.03e-03 |  2.45e-05 |  1.0e-04 |  1.95e-11 |  8.16e-04
  4850 |  1.213e-07 |  1.212e-08 |  1.864e-09 |  4.24e-05 |  6.61e-05 |  3.01e-05 |  4.05e-03 |  6.02e-03 |  2.44e-05 |  1.0e-04 |  1.89e-11 |  8.16e-04
  4860 |  1.212e-07 |  1.211e-08 |  1.861e-09 |  4.24e-05 |  6.61e-05 |  3.01e-05 |  4.05e-03 |  6.01e-03 |  2.43e-05 |  1.0e-04 |  2.03e-11 |  8.15e-04
  4870 |  1.210e-07 |  1.210e-08 |  1.858e-09 |  4.23e-05 |  6.60e-05 |  3.00e-05 |  4.04e-03 |  6.01e-03 |  2.43e-05 |  1.0e-04 |  2.89e-11 |  8.15e-04
  4880 |  1.209e-07 |  1.209e-08 |  1.855e-09 |  4.23e-05 |  6.59e-05 |  3.00e-05 |  4.03e-03 |  6.00e-03 |  2.42e-05 |  1.0e-04 |  2.09e-11 |  8.15e-04
  4890 |  1.208e-07 |  1.208e-08 |  1.853e-09 |  4.23e-05 |  6.59e-05 |  3.00e-05 |  4.03e-03 |  5.99e-03 |  2.41e-05 |  1.0e-04 |  1.51e-11 |  8.15e-04
  4900 |  1.207e-07 |  1.207e-08 |  1.850e-09 |  4.23e-05 |  6.58e-05 |  3.00e-05 |  4.02e-03 |  5.99e-03 |  2.41e-05 |  1.0e-04 |  1.80e-11 |  8.14e-04
  4910 |  1.206e-07 |  1.206e-08 |  1.847e-09 |  4.22e-05 |  6.58e-05 |  2.99e-05 |  4.02e-03 |  5.98e-03 |  2.40e-05 |  1.0e-04 |  1.90e-11 |  8.14e-04
  4920 |  1.205e-07 |  1.205e-08 |  1.844e-09 |  4.22e-05 |  6.57e-05 |  2.99e-05 |  4.01e-03 |  5.97e-03 |  2.40e-05 |  1.0e-04 |  2.10e-11 |  8.14e-04
  4930 |  1.204e-07 |  1.204e-08 |  1.842e-09 |  4.22e-05 |  6.57e-05 |  2.99e-05 |  4.01e-03 |  5.96e-03 |  2.39e-05 |  1.0e-04 |  1.66e-11 |  8.14e-04
  4940 |  1.203e-07 |  1.202e-08 |  1.839e-09 |  4.21e-05 |  6.56e-05 |  2.99e-05 |  4.00e-03 |  5.96e-03 |  2.38e-05 |  1.0e-04 |  1.90e-11 |  8.13e-04
  4950 |  1.201e-07 |  1.201e-08 |  1.836e-09 |  4.21e-05 |  6.55e-05 |  2.98e-05 |  3.99e-03 |  5.95e-03 |  2.38e-05 |  1.0e-04 |  1.78e-11 |  8.13e-04
  4960 |  1.200e-07 |  1.200e-08 |  1.833e-09 |  4.21e-05 |  6.55e-05 |  2.98e-05 |  3.99e-03 |  5.94e-03 |  2.37e-05 |  1.0e-04 |  2.44e-11 |  8.13e-04
  4970 |  1.199e-07 |  1.199e-08 |  1.831e-09 |  4.21e-05 |  6.54e-05 |  2.98e-05 |  3.98e-03 |  5.94e-03 |  2.36e-05 |  1.0e-04 |  2.12e-11 |  8.13e-04
  4980 |  1.198e-07 |  1.198e-08 |  1.828e-09 |  4.20e-05 |  6.54e-05 |  2.98e-05 |  3.98e-03 |  5.93e-03 |  2.36e-05 |  1.0e-04 |  1.81e-11 |  8.12e-04
  4990 |  1.197e-07 |  1.197e-08 |  1.825e-09 |  4.20e-05 |  6.53e-05 |  2.97e-05 |  3.97e-03 |  5.92e-03 |  2.35e-05 |  1.0e-04 |  2.00e-11 |  8.12e-04
  5000 |  1.196e-07 |  1.196e-08 |  1.823e-09 |  4.20e-05 |  6.53e-05 |  2.97e-05 |  3.97e-03 |  5.92e-03 |  2.35e-05 |  1.0e-04 |  1.69e-11 |  8.12e-04
  5010 |  1.195e-07 |  1.195e-08 |  1.820e-09 |  4.19e-05 |  6.52e-05 |  2.97e-05 |  3.96e-03 |  5.91e-03 |  2.34e-05 |  1.0e-04 |  2.10e-11 |  8.12e-04
  5020 |  1.194e-07 |  1.194e-08 |  1.817e-09 |  4.19e-05 |  6.52e-05 |  2.97e-05 |  3.95e-03 |  5.90e-03 |  2.33e-05 |  1.0e-04 |  2.27e-11 |  8.11e-04
  5030 |  1.193e-07 |  1.193e-08 |  1.815e-09 |  4.19e-05 |  6.51e-05 |  2.96e-05 |  3.95e-03 |  5.90e-03 |  2.33e-05 |  1.0e-04 |  1.79e-11 |  8.11e-04
  5040 |  1.192e-07 |  1.192e-08 |  1.812e-09 |  4.18e-05 |  6.50e-05 |  2.96e-05 |  3.94e-03 |  5.89e-03 |  2.32e-05 |  1.0e-04 |  1.97e-11 |  8.11e-04
  5050 |  1.191e-07 |  1.191e-08 |  1.810e-09 |  4.18e-05 |  6.50e-05 |  2.96e-05 |  3.94e-03 |  5.88e-03 |  2.32e-05 |  1.0e-04 |  1.81e-11 |  8.11e-04
  5060 |  1.190e-07 |  1.189e-08 |  1.807e-09 |  4.18e-05 |  6.49e-05 |  2.95e-05 |  3.93e-03 |  5.88e-03 |  2.31e-05 |  1.0e-04 |  2.08e-11 |  8.10e-04
  5070 |  1.189e-07 |  1.188e-08 |  1.804e-09 |  4.18e-05 |  6.49e-05 |  2.95e-05 |  3.93e-03 |  5.87e-03 |  2.31e-05 |  1.0e-04 |  1.84e-11 |  8.10e-04
  5080 |  1.187e-07 |  1.187e-08 |  1.802e-09 |  4.17e-05 |  6.48e-05 |  2.95e-05 |  3.92e-03 |  5.86e-03 |  2.30e-05 |  1.0e-04 |  2.42e-11 |  8.10e-04
  5090 |  1.186e-07 |  1.186e-08 |  1.799e-09 |  4.17e-05 |  6.48e-05 |  2.95e-05 |  3.92e-03 |  5.86e-03 |  2.29e-05 |  1.0e-04 |  1.82e-11 |  8.10e-04
  5100 |  1.185e-07 |  1.185e-08 |  1.797e-09 |  4.17e-05 |  6.47e-05 |  2.95e-05 |  3.91e-03 |  5.85e-03 |  2.29e-05 |  1.0e-04 |  1.62e-11 |  8.09e-04
  5110 |  1.184e-07 |  1.184e-08 |  1.794e-09 |  4.16e-05 |  6.47e-05 |  2.94e-05 |  3.91e-03 |  5.84e-03 |  2.28e-05 |  1.0e-04 |  1.91e-11 |  8.09e-04
  5120 |  1.183e-07 |  1.183e-08 |  1.791e-09 |  4.16e-05 |  6.46e-05 |  2.94e-05 |  3.90e-03 |  5.84e-03 |  2.28e-05 |  1.0e-04 |  2.39e-11 |  8.09e-04
  5130 |  1.182e-07 |  1.182e-08 |  1.789e-09 |  4.16e-05 |  6.46e-05 |  2.94e-05 |  3.90e-03 |  5.83e-03 |  2.27e-05 |  1.0e-04 |  1.81e-11 |  8.09e-04
  5140 |  1.181e-07 |  1.181e-08 |  1.787e-09 |  4.16e-05 |  6.45e-05 |  2.94e-05 |  3.89e-03 |  5.82e-03 |  2.27e-05 |  1.0e-04 |  1.63e-11 |  8.08e-04
  5150 |  1.180e-07 |  1.180e-08 |  1.784e-09 |  4.15e-05 |  6.45e-05 |  2.93e-05 |  3.89e-03 |  5.82e-03 |  2.26e-05 |  1.0e-04 |  1.82e-11 |  8.08e-04
  5160 |  1.179e-07 |  1.179e-08 |  1.782e-09 |  4.15e-05 |  6.44e-05 |  2.93e-05 |  3.88e-03 |  5.81e-03 |  2.25e-05 |  1.0e-04 |  1.97e-11 |  8.08e-04
  5170 |  1.178e-07 |  1.178e-08 |  1.779e-09 |  4.15e-05 |  6.44e-05 |  2.93e-05 |  3.88e-03 |  5.80e-03 |  2.25e-05 |  1.0e-04 |  2.01e-11 |  8.08e-04
  5180 |  1.177e-07 |  1.177e-08 |  1.776e-09 |  4.15e-05 |  6.43e-05 |  2.93e-05 |  3.87e-03 |  5.80e-03 |  2.24e-05 |  1.0e-04 |  2.63e-11 |  8.08e-04
  5190 |  1.176e-07 |  1.176e-08 |  1.774e-09 |  4.14e-05 |  6.43e-05 |  2.92e-05 |  3.86e-03 |  5.79e-03 |  2.24e-05 |  1.0e-04 |  1.85e-11 |  8.07e-04
  5200 |  1.175e-07 |  1.175e-08 |  1.772e-09 |  4.14e-05 |  6.42e-05 |  2.92e-05 |  3.86e-03 |  5.78e-03 |  2.23e-05 |  1.0e-04 |  1.92e-11 |  8.07e-04
  5210 |  1.174e-07 |  1.174e-08 |  1.769e-09 |  4.14e-05 |  6.42e-05 |  2.92e-05 |  3.85e-03 |  5.78e-03 |  2.23e-05 |  1.0e-04 |  2.28e-11 |  8.07e-04
  5220 |  1.173e-07 |  1.173e-08 |  1.766e-09 |  4.13e-05 |  6.41e-05 |  2.92e-05 |  3.85e-03 |  5.77e-03 |  2.22e-05 |  1.0e-04 |  1.88e-11 |  8.07e-04
  5230 |  1.172e-07 |  1.172e-08 |  1.764e-09 |  4.13e-05 |  6.41e-05 |  2.91e-05 |  3.84e-03 |  5.76e-03 |  2.22e-05 |  1.0e-04 |  1.90e-11 |  8.06e-04
  5240 |  1.171e-07 |  1.171e-08 |  1.762e-09 |  4.13e-05 |  6.40e-05 |  2.91e-05 |  3.84e-03 |  5.76e-03 |  2.21e-05 |  1.0e-04 |  1.69e-11 |  8.06e-04
  5250 |  1.170e-07 |  1.170e-08 |  1.760e-09 |  4.13e-05 |  6.40e-05 |  2.91e-05 |  3.83e-03 |  5.75e-03 |  2.21e-05 |  1.0e-04 |  1.70e-11 |  8.06e-04
  5260 |  1.169e-07 |  1.169e-08 |  1.757e-09 |  4.12e-05 |  6.39e-05 |  2.91e-05 |  3.83e-03 |  5.75e-03 |  2.20e-05 |  1.0e-04 |  1.76e-11 |  8.06e-04
  5270 |  1.168e-07 |  1.168e-08 |  1.755e-09 |  4.12e-05 |  6.39e-05 |  2.91e-05 |  3.83e-03 |  5.74e-03 |  2.20e-05 |  1.0e-04 |  1.63e-11 |  8.05e-04
  5280 |  1.167e-07 |  1.167e-08 |  1.752e-09 |  4.12e-05 |  6.38e-05 |  2.90e-05 |  3.82e-03 |  5.73e-03 |  2.19e-05 |  1.0e-04 |  2.18e-11 |  8.05e-04
  5290 |  1.166e-07 |  1.166e-08 |  1.750e-09 |  4.12e-05 |  6.38e-05 |  2.90e-05 |  3.81e-03 |  5.73e-03 |  2.18e-05 |  1.0e-04 |  1.95e-11 |  8.05e-04
  5300 |  1.165e-07 |  1.165e-08 |  1.748e-09 |  4.11e-05 |  6.37e-05 |  2.90e-05 |  3.81e-03 |  5.72e-03 |  2.18e-05 |  1.0e-04 |  2.55e-11 |  8.05e-04
  5310 |  1.164e-07 |  1.164e-08 |  1.745e-09 |  4.11e-05 |  6.37e-05 |  2.90e-05 |  3.80e-03 |  5.71e-03 |  2.17e-05 |  1.0e-04 |  1.86e-11 |  8.05e-04
  5320 |  1.163e-07 |  1.163e-08 |  1.743e-09 |  4.11e-05 |  6.36e-05 |  2.89e-05 |  3.80e-03 |  5.71e-03 |  2.17e-05 |  1.0e-04 |  2.18e-11 |  8.04e-04
  5330 |  1.162e-07 |  1.162e-08 |  1.740e-09 |  4.11e-05 |  6.36e-05 |  2.89e-05 |  3.80e-03 |  5.70e-03 |  2.16e-05 |  1.0e-04 |  1.74e-11 |  8.04e-04
  5340 |  1.161e-07 |  1.161e-08 |  1.738e-09 |  4.10e-05 |  6.35e-05 |  2.89e-05 |  3.79e-03 |  5.70e-03 |  2.16e-05 |  1.0e-04 |  1.47e-11 |  8.04e-04
  5350 |  1.160e-07 |  1.160e-08 |  1.736e-09 |  4.10e-05 |  6.35e-05 |  2.89e-05 |  3.79e-03 |  5.69e-03 |  2.15e-05 |  1.0e-04 |  1.88e-11 |  8.04e-04
  5360 |  1.159e-07 |  1.159e-08 |  1.733e-09 |  4.10e-05 |  6.34e-05 |  2.88e-05 |  3.78e-03 |  5.68e-03 |  2.15e-05 |  1.0e-04 |  1.43e-11 |  8.03e-04
  5370 |  1.158e-07 |  1.158e-08 |  1.731e-09 |  4.10e-05 |  6.34e-05 |  2.88e-05 |  3.78e-03 |  5.68e-03 |  2.14e-05 |  1.0e-04 |  1.69e-11 |  8.03e-04
  5380 |  1.157e-07 |  1.157e-08 |  1.729e-09 |  4.09e-05 |  6.33e-05 |  2.88e-05 |  3.77e-03 |  5.67e-03 |  2.14e-05 |  1.0e-04 |  1.62e-11 |  8.03e-04
  5390 |  1.156e-07 |  1.156e-08 |  1.727e-09 |  4.09e-05 |  6.33e-05 |  2.88e-05 |  3.77e-03 |  5.67e-03 |  2.13e-05 |  1.0e-04 |  1.61e-11 |  8.03e-04
  5400 |  1.155e-07 |  1.155e-08 |  1.724e-09 |  4.09e-05 |  6.32e-05 |  2.88e-05 |  3.76e-03 |  5.66e-03 |  2.13e-05 |  1.0e-04 |  1.92e-11 |  8.03e-04
  5410 |  1.154e-07 |  1.154e-08 |  1.722e-09 |  4.08e-05 |  6.32e-05 |  2.87e-05 |  3.76e-03 |  5.65e-03 |  2.12e-05 |  1.0e-04 |  1.65e-11 |  8.02e-04
  5420 |  1.153e-07 |  1.153e-08 |  1.720e-09 |  4.08e-05 |  6.32e-05 |  2.87e-05 |  3.75e-03 |  5.65e-03 |  2.12e-05 |  1.0e-04 |  1.85e-11 |  8.02e-04
  5430 |  1.152e-07 |  1.152e-08 |  1.717e-09 |  4.08e-05 |  6.31e-05 |  2.87e-05 |  3.75e-03 |  5.64e-03 |  2.11e-05 |  1.0e-04 |  1.52e-11 |  8.02e-04
  5440 |  1.151e-07 |  1.151e-08 |  1.715e-09 |  4.08e-05 |  6.31e-05 |  2.87e-05 |  3.74e-03 |  5.64e-03 |  2.11e-05 |  1.0e-04 |  2.18e-11 |  8.02e-04
  5450 |  1.150e-07 |  1.150e-08 |  1.714e-09 |  4.08e-05 |  6.30e-05 |  2.87e-05 |  3.74e-03 |  5.63e-03 |  2.10e-05 |  1.0e-04 |  1.60e-11 |  8.01e-04
  5460 |  1.149e-07 |  1.149e-08 |  1.711e-09 |  4.07e-05 |  6.30e-05 |  2.86e-05 |  3.73e-03 |  5.62e-03 |  2.10e-05 |  1.0e-04 |  1.56e-11 |  8.01e-04
  5470 |  1.148e-07 |  1.148e-08 |  1.709e-09 |  4.07e-05 |  6.29e-05 |  2.86e-05 |  3.73e-03 |  5.62e-03 |  2.09e-05 |  1.0e-04 |  2.90e-11 |  8.01e-04
  5480 |  1.147e-07 |  1.147e-08 |  1.707e-09 |  4.07e-05 |  6.29e-05 |  2.86e-05 |  3.72e-03 |  5.61e-03 |  2.09e-05 |  1.0e-04 |  1.47e-11 |  8.01e-04
  5490 |  1.146e-07 |  1.146e-08 |  1.704e-09 |  4.06e-05 |  6.28e-05 |  2.86e-05 |  3.72e-03 |  5.61e-03 |  2.08e-05 |  1.0e-04 |  1.78e-11 |  8.01e-04
  5500 |  1.145e-07 |  1.145e-08 |  1.702e-09 |  4.06e-05 |  6.28e-05 |  2.86e-05 |  3.72e-03 |  5.60e-03 |  2.08e-05 |  1.0e-04 |  1.47e-11 |  8.00e-04
  5510 |  1.144e-07 |  1.144e-08 |  1.700e-09 |  4.06e-05 |  6.27e-05 |  2.85e-05 |  3.71e-03 |  5.59e-03 |  2.08e-05 |  1.0e-04 |  1.76e-11 |  8.00e-04
  5520 |  1.143e-07 |  1.143e-08 |  1.698e-09 |  4.06e-05 |  6.27e-05 |  2.85e-05 |  3.70e-03 |  5.59e-03 |  2.07e-05 |  1.0e-04 |  1.57e-11 |  8.00e-04
  5530 |  1.143e-07 |  1.142e-08 |  1.696e-09 |  4.05e-05 |  6.27e-05 |  2.85e-05 |  3.70e-03 |  5.58e-03 |  2.07e-05 |  1.0e-04 |  1.72e-11 |  8.00e-04
  5540 |  1.142e-07 |  1.142e-08 |  1.693e-09 |  4.05e-05 |  6.26e-05 |  2.85e-05 |  3.70e-03 |  5.58e-03 |  2.06e-05 |  1.0e-04 |  1.90e-11 |  8.00e-04
  5550 |  1.141e-07 |  1.141e-08 |  1.691e-09 |  4.05e-05 |  6.26e-05 |  2.85e-05 |  3.69e-03 |  5.57e-03 |  2.06e-05 |  1.0e-04 |  1.61e-11 |  7.99e-04
  5560 |  1.140e-07 |  1.140e-08 |  1.690e-09 |  4.05e-05 |  6.25e-05 |  2.85e-05 |  3.69e-03 |  5.56e-03 |  2.05e-05 |  1.0e-04 |  1.72e-11 |  7.99e-04
  5570 |  1.139e-07 |  1.139e-08 |  1.687e-09 |  4.04e-05 |  6.25e-05 |  2.84e-05 |  3.68e-03 |  5.56e-03 |  2.05e-05 |  1.0e-04 |  1.88e-11 |  7.99e-04
  5580 |  1.138e-07 |  1.138e-08 |  1.685e-09 |  4.04e-05 |  6.24e-05 |  2.84e-05 |  3.68e-03 |  5.55e-03 |  2.04e-05 |  1.0e-04 |  2.11e-11 |  7.99e-04
  5590 |  1.137e-07 |  1.137e-08 |  1.683e-09 |  4.04e-05 |  6.24e-05 |  2.84e-05 |  3.67e-03 |  5.55e-03 |  2.04e-05 |  1.0e-04 |  1.62e-11 |  7.98e-04
  5600 |  1.136e-07 |  1.136e-08 |  1.681e-09 |  4.04e-05 |  6.23e-05 |  2.84e-05 |  3.67e-03 |  5.54e-03 |  2.03e-05 |  1.0e-04 |  1.84e-11 |  7.98e-04
  5610 |  1.135e-07 |  1.135e-08 |  1.679e-09 |  4.04e-05 |  6.23e-05 |  2.83e-05 |  3.67e-03 |  5.54e-03 |  2.03e-05 |  1.0e-04 |  1.93e-11 |  7.98e-04
  5620 |  1.134e-07 |  1.134e-08 |  1.676e-09 |  4.03e-05 |  6.23e-05 |  2.83e-05 |  3.66e-03 |  5.53e-03 |  2.02e-05 |  1.0e-04 |  1.96e-11 |  7.98e-04
  5630 |  1.133e-07 |  1.133e-08 |  1.674e-09 |  4.03e-05 |  6.22e-05 |  2.83e-05 |  3.66e-03 |  5.52e-03 |  2.02e-05 |  1.0e-04 |  1.78e-11 |  7.98e-04
  5640 |  1.132e-07 |  1.132e-08 |  1.673e-09 |  4.03e-05 |  6.22e-05 |  2.83e-05 |  3.65e-03 |  5.52e-03 |  2.02e-05 |  1.0e-04 |  1.77e-11 |  7.97e-04
  5650 |  1.131e-07 |  1.131e-08 |  1.670e-09 |  4.03e-05 |  6.21e-05 |  2.82e-05 |  3.65e-03 |  5.51e-03 |  2.01e-05 |  1.0e-04 |  1.87e-11 |  7.97e-04
  5660 |  1.131e-07 |  1.130e-08 |  1.668e-09 |  4.02e-05 |  6.21e-05 |  2.82e-05 |  3.64e-03 |  5.51e-03 |  2.01e-05 |  1.0e-04 |  1.92e-11 |  7.97e-04
  5670 |  1.130e-07 |  1.130e-08 |  1.666e-09 |  4.02e-05 |  6.21e-05 |  2.82e-05 |  3.64e-03 |  5.50e-03 |  2.00e-05 |  1.0e-04 |  1.75e-11 |  7.97e-04
  5680 |  1.129e-07 |  1.129e-08 |  1.664e-09 |  4.02e-05 |  6.20e-05 |  2.82e-05 |  3.63e-03 |  5.50e-03 |  2.00e-05 |  1.0e-04 |  1.75e-11 |  7.97e-04
  5690 |  1.128e-07 |  1.128e-08 |  1.662e-09 |  4.02e-05 |  6.20e-05 |  2.82e-05 |  3.63e-03 |  5.49e-03 |  1.99e-05 |  1.0e-04 |  1.83e-11 |  7.96e-04
  5700 |  1.127e-07 |  1.127e-08 |  1.660e-09 |  4.01e-05 |  6.19e-05 |  2.81e-05 |  3.63e-03 |  5.48e-03 |  1.99e-05 |  1.0e-04 |  1.80e-11 |  7.96e-04
  5710 |  1.126e-07 |  1.126e-08 |  1.658e-09 |  4.01e-05 |  6.19e-05 |  2.81e-05 |  3.62e-03 |  5.48e-03 |  1.98e-05 |  1.0e-04 |  1.65e-11 |  7.96e-04
  5720 |  1.125e-07 |  1.125e-08 |  1.656e-09 |  4.01e-05 |  6.18e-05 |  2.81e-05 |  3.62e-03 |  5.47e-03 |  1.98e-05 |  1.0e-04 |  1.47e-11 |  7.96e-04
  5730 |  1.124e-07 |  1.124e-08 |  1.654e-09 |  4.01e-05 |  6.18e-05 |  2.81e-05 |  3.61e-03 |  5.47e-03 |  1.98e-05 |  1.0e-04 |  1.89e-11 |  7.96e-04
  5740 |  1.123e-07 |  1.123e-08 |  1.652e-09 |  4.00e-05 |  6.18e-05 |  2.81e-05 |  3.61e-03 |  5.46e-03 |  1.97e-05 |  1.0e-04 |  2.38e-11 |  7.95e-04
  5750 |  1.122e-07 |  1.122e-08 |  1.650e-09 |  4.00e-05 |  6.17e-05 |  2.80e-05 |  3.60e-03 |  5.46e-03 |  1.97e-05 |  1.0e-04 |  1.91e-11 |  7.95e-04
  5760 |  1.122e-07 |  1.121e-08 |  1.648e-09 |  4.00e-05 |  6.17e-05 |  2.80e-05 |  3.60e-03 |  5.45e-03 |  1.96e-05 |  1.0e-04 |  2.44e-11 |  7.95e-04
  5770 |  1.121e-07 |  1.121e-08 |  1.646e-09 |  4.00e-05 |  6.16e-05 |  2.80e-05 |  3.60e-03 |  5.45e-03 |  1.96e-05 |  1.0e-04 |  1.59e-11 |  7.95e-04
  5780 |  1.120e-07 |  1.120e-08 |  1.644e-09 |  4.00e-05 |  6.16e-05 |  2.80e-05 |  3.59e-03 |  5.44e-03 |  1.95e-05 |  1.0e-04 |  2.35e-11 |  7.95e-04
  5790 |  1.119e-07 |  1.119e-08 |  1.642e-09 |  3.99e-05 |  6.16e-05 |  2.80e-05 |  3.59e-03 |  5.44e-03 |  1.95e-05 |  1.0e-04 |  2.29e-11 |  7.94e-04
  5800 |  1.118e-07 |  1.118e-08 |  1.640e-09 |  3.99e-05 |  6.15e-05 |  2.79e-05 |  3.58e-03 |  5.43e-03 |  1.95e-05 |  1.0e-04 |  1.97e-11 |  7.94e-04
  5810 |  1.117e-07 |  1.117e-08 |  1.638e-09 |  3.99e-05 |  6.15e-05 |  2.79e-05 |  3.58e-03 |  5.42e-03 |  1.94e-05 |  1.0e-04 |  1.42e-11 |  7.94e-04
  5820 |  1.116e-07 |  1.116e-08 |  1.636e-09 |  3.99e-05 |  6.14e-05 |  2.79e-05 |  3.58e-03 |  5.42e-03 |  1.94e-05 |  1.0e-04 |  1.51e-11 |  7.94e-04
  5830 |  1.115e-07 |  1.115e-08 |  1.634e-09 |  3.98e-05 |  6.14e-05 |  2.79e-05 |  3.57e-03 |  5.41e-03 |  1.93e-05 |  1.0e-04 |  1.58e-11 |  7.94e-04
  5840 |  1.115e-07 |  1.114e-08 |  1.632e-09 |  3.98e-05 |  6.14e-05 |  2.79e-05 |  3.57e-03 |  5.41e-03 |  1.93e-05 |  1.0e-04 |  1.97e-11 |  7.93e-04
  5850 |  1.114e-07 |  1.114e-08 |  1.631e-09 |  3.98e-05 |  6.13e-05 |  2.79e-05 |  3.56e-03 |  5.40e-03 |  1.93e-05 |  1.0e-04 |  1.82e-11 |  7.93e-04
  5860 |  1.113e-07 |  1.113e-08 |  1.628e-09 |  3.98e-05 |  6.13e-05 |  2.78e-05 |  3.56e-03 |  5.40e-03 |  1.92e-05 |  1.0e-04 |  1.84e-11 |  7.93e-04
  5870 |  1.112e-07 |  1.112e-08 |  1.626e-09 |  3.98e-05 |  6.12e-05 |  2.78e-05 |  3.55e-03 |  5.39e-03 |  1.92e-05 |  1.0e-04 |  1.60e-11 |  7.93e-04
  5880 |  1.111e-07 |  1.111e-08 |  1.625e-09 |  3.97e-05 |  6.12e-05 |  2.78e-05 |  3.55e-03 |  5.39e-03 |  1.91e-05 |  1.0e-04 |  1.52e-11 |  7.93e-04
  5890 |  1.110e-07 |  1.110e-08 |  1.623e-09 |  3.97e-05 |  6.12e-05 |  2.78e-05 |  3.55e-03 |  5.38e-03 |  1.91e-05 |  1.0e-04 |  1.88e-11 |  7.92e-04
  5900 |  1.109e-07 |  1.109e-08 |  1.621e-09 |  3.97e-05 |  6.11e-05 |  2.78e-05 |  3.54e-03 |  5.38e-03 |  1.90e-05 |  1.0e-04 |  1.86e-11 |  7.92e-04
  5910 |  1.108e-07 |  1.108e-08 |  1.619e-09 |  3.97e-05 |  6.11e-05 |  2.77e-05 |  3.54e-03 |  5.37e-03 |  1.90e-05 |  1.0e-04 |  1.66e-11 |  7.92e-04
  5920 |  1.108e-07 |  1.107e-08 |  1.617e-09 |  3.96e-05 |  6.10e-05 |  2.77e-05 |  3.53e-03 |  5.37e-03 |  1.90e-05 |  1.0e-04 |  1.34e-11 |  7.92e-04
  5930 |  1.107e-07 |  1.107e-08 |  1.615e-09 |  3.96e-05 |  6.10e-05 |  2.77e-05 |  3.53e-03 |  5.36e-03 |  1.89e-05 |  1.0e-04 |  1.34e-11 |  7.92e-04
  5940 |  1.106e-07 |  1.106e-08 |  1.613e-09 |  3.96e-05 |  6.10e-05 |  2.77e-05 |  3.53e-03 |  5.36e-03 |  1.89e-05 |  1.0e-04 |  1.51e-11 |  7.91e-04
  5950 |  1.105e-07 |  1.105e-08 |  1.611e-09 |  3.96e-05 |  6.09e-05 |  2.77e-05 |  3.52e-03 |  5.35e-03 |  1.88e-05 |  1.0e-04 |  1.61e-11 |  7.91e-04
  5960 |  1.104e-07 |  1.104e-08 |  1.609e-09 |  3.96e-05 |  6.09e-05 |  2.76e-05 |  3.52e-03 |  5.34e-03 |  1.88e-05 |  1.0e-04 |  1.17e-11 |  7.91e-04
  5970 |  1.103e-07 |  1.103e-08 |  1.608e-09 |  3.95e-05 |  6.08e-05 |  2.76e-05 |  3.51e-03 |  5.34e-03 |  1.88e-05 |  1.0e-04 |  1.81e-11 |  7.91e-04
  5980 |  1.102e-07 |  1.102e-08 |  1.606e-09 |  3.95e-05 |  6.08e-05 |  2.76e-05 |  3.51e-03 |  5.33e-03 |  1.87e-05 |  1.0e-04 |  1.66e-11 |  7.91e-04
  5990 |  1.102e-07 |  1.102e-08 |  1.604e-09 |  3.95e-05 |  6.08e-05 |  2.76e-05 |  3.51e-03 |  5.33e-03 |  1.87e-05 |  1.0e-04 |  1.34e-11 |  7.90e-04
  6000 |  1.101e-07 |  1.101e-08 |  1.602e-09 |  3.95e-05 |  6.07e-05 |  2.76e-05 |  3.50e-03 |  5.32e-03 |  1.87e-05 |  1.0e-04 |  1.52e-11 |  7.90e-04
  6010 |  1.100e-07 |  1.100e-08 |  1.600e-09 |  3.94e-05 |  6.07e-05 |  2.76e-05 |  3.50e-03 |  5.32e-03 |  1.86e-05 |  1.0e-04 |  1.51e-11 |  7.90e-04
  6020 |  1.099e-07 |  1.099e-08 |  1.598e-09 |  3.94e-05 |  6.07e-05 |  2.75e-05 |  3.50e-03 |  5.31e-03 |  1.86e-05 |  1.0e-04 |  1.51e-11 |  7.90e-04
  6030 |  1.098e-07 |  1.098e-08 |  1.597e-09 |  3.94e-05 |  6.06e-05 |  2.75e-05 |  3.49e-03 |  5.31e-03 |  1.85e-05 |  1.0e-04 |  1.88e-11 |  7.90e-04
  6040 |  1.097e-07 |  1.097e-08 |  1.595e-09 |  3.94e-05 |  6.06e-05 |  2.75e-05 |  3.49e-03 |  5.30e-03 |  1.85e-05 |  1.0e-04 |  1.75e-11 |  7.89e-04
  6050 |  1.097e-07 |  1.097e-08 |  1.593e-09 |  3.94e-05 |  6.05e-05 |  2.75e-05 |  3.48e-03 |  5.30e-03 |  1.85e-05 |  1.0e-04 |  1.81e-11 |  7.89e-04
  6060 |  1.096e-07 |  1.096e-08 |  1.591e-09 |  3.93e-05 |  6.05e-05 |  2.75e-05 |  3.48e-03 |  5.29e-03 |  1.84e-05 |  1.0e-04 |  1.89e-11 |  7.89e-04
  6070 |  1.095e-07 |  1.095e-08 |  1.589e-09 |  3.93e-05 |  6.05e-05 |  2.74e-05 |  3.47e-03 |  5.29e-03 |  1.84e-05 |  1.0e-04 |  1.52e-11 |  7.89e-04
  6080 |  1.094e-07 |  1.094e-08 |  1.588e-09 |  3.93e-05 |  6.04e-05 |  2.74e-05 |  3.47e-03 |  5.28e-03 |  1.83e-05 |  1.0e-04 |  1.50e-11 |  7.89e-04
  6090 |  1.093e-07 |  1.093e-08 |  1.586e-09 |  3.93e-05 |  6.04e-05 |  2.74e-05 |  3.47e-03 |  5.28e-03 |  1.83e-05 |  1.0e-04 |  2.01e-11 |  7.88e-04
  6100 |  1.092e-07 |  1.092e-08 |  1.584e-09 |  3.93e-05 |  6.04e-05 |  2.74e-05 |  3.46e-03 |  5.27e-03 |  1.83e-05 |  1.0e-04 |  1.64e-11 |  7.88e-04
  6110 |  1.092e-07 |  1.092e-08 |  1.582e-09 |  3.92e-05 |  6.03e-05 |  2.74e-05 |  3.46e-03 |  5.27e-03 |  1.82e-05 |  1.0e-04 |  1.63e-11 |  7.88e-04
  6120 |  1.091e-07 |  1.091e-08 |  1.580e-09 |  3.92e-05 |  6.03e-05 |  2.73e-05 |  3.46e-03 |  5.26e-03 |  1.82e-05 |  1.0e-04 |  1.46e-11 |  7.88e-04
  6130 |  1.090e-07 |  1.090e-08 |  1.579e-09 |  3.92e-05 |  6.02e-05 |  2.73e-05 |  3.45e-03 |  5.26e-03 |  1.82e-05 |  1.0e-04 |  1.90e-11 |  7.88e-04
  6140 |  1.089e-07 |  1.089e-08 |  1.577e-09 |  3.92e-05 |  6.02e-05 |  2.73e-05 |  3.45e-03 |  5.25e-03 |  1.81e-05 |  1.0e-04 |  2.01e-11 |  7.87e-04
  6150 |  1.088e-07 |  1.088e-08 |  1.575e-09 |  3.91e-05 |  6.02e-05 |  2.73e-05 |  3.44e-03 |  5.25e-03 |  1.81e-05 |  1.0e-04 |  2.02e-11 |  7.87e-04
  6160 |  1.087e-07 |  1.087e-08 |  1.573e-09 |  3.91e-05 |  6.01e-05 |  2.73e-05 |  3.44e-03 |  5.24e-03 |  1.80e-05 |  1.0e-04 |  1.59e-11 |  7.87e-04
  6170 |  1.087e-07 |  1.087e-08 |  1.571e-09 |  3.91e-05 |  6.01e-05 |  2.72e-05 |  3.44e-03 |  5.76e-03 |  1.98e-05 |  1.0e-04 |  1.69e-11 |  7.87e-04
  6180 |  1.086e-07 |  1.086e-08 |  1.569e-09 |  3.91e-05 |  6.01e-05 |  2.72e-05 |  3.43e-03 |  5.76e-03 |  1.98e-05 |  1.0e-04 |  1.79e-11 |  7.87e-04
  6190 |  1.085e-07 |  1.085e-08 |  1.568e-09 |  3.91e-05 |  6.00e-05 |  2.72e-05 |  3.43e-03 |  5.75e-03 |  1.97e-05 |  1.0e-04 |  1.86e-11 |  7.87e-04
  6200 |  1.084e-07 |  1.084e-08 |  1.566e-09 |  3.90e-05 |  6.00e-05 |  2.72e-05 |  3.42e-03 |  5.22e-03 |  1.79e-05 |  1.0e-04 |  1.66e-11 |  7.86e-04
  6210 |  1.083e-07 |  1.083e-08 |  1.564e-09 |  3.90e-05 |  5.99e-05 |  2.72e-05 |  3.42e-03 |  5.74e-03 |  1.96e-05 |  1.0e-04 |  2.18e-11 |  7.86e-04
  6220 |  1.082e-07 |  1.082e-08 |  1.562e-09 |  3.90e-05 |  5.99e-05 |  2.72e-05 |  3.42e-03 |  5.74e-03 |  1.96e-05 |  1.0e-04 |  1.27e-11 |  7.86e-04
  6230 |  1.082e-07 |  1.081e-08 |  1.560e-09 |  3.90e-05 |  5.99e-05 |  2.71e-05 |  3.41e-03 |  5.73e-03 |  1.96e-05 |  1.0e-04 |  1.91e-11 |  7.86e-04
  6240 |  1.081e-07 |  1.081e-08 |  1.559e-09 |  3.89e-05 |  5.98e-05 |  2.71e-05 |  3.41e-03 |  5.72e-03 |  1.95e-05 |  1.0e-04 |  1.57e-11 |  7.86e-04
  6250 |  1.080e-07 |  1.080e-08 |  1.557e-09 |  3.89e-05 |  5.98e-05 |  2.71e-05 |  3.41e-03 |  5.20e-03 |  1.77e-05 |  1.0e-04 |  2.28e-11 |  7.85e-04
  6260 |  1.079e-07 |  1.079e-08 |  1.555e-09 |  3.89e-05 |  5.98e-05 |  2.71e-05 |  3.40e-03 |  5.19e-03 |  1.77e-05 |  1.0e-04 |  1.65e-11 |  7.85e-04
  6270 |  1.078e-07 |  1.078e-08 |  1.553e-09 |  3.89e-05 |  5.97e-05 |  2.71e-05 |  3.40e-03 |  5.71e-03 |  1.94e-05 |  1.0e-04 |  1.89e-11 |  7.85e-04
  6280 |  1.077e-07 |  1.077e-08 |  1.551e-09 |  3.89e-05 |  5.97e-05 |  2.70e-05 |  3.39e-03 |  5.70e-03 |  1.94e-05 |  1.0e-04 |  2.15e-11 |  7.85e-04
  6290 |  1.076e-07 |  1.076e-08 |  1.549e-09 |  3.88e-05 |  5.96e-05 |  2.70e-05 |  3.39e-03 |  5.70e-03 |  1.93e-05 |  1.0e-04 |  1.64e-11 |  7.85e-04
  6300 |  1.075e-07 |  1.075e-08 |  1.548e-09 |  3.88e-05 |  5.96e-05 |  2.70e-05 |  3.39e-03 |  5.69e-03 |  1.93e-05 |  1.0e-04 |  1.73e-11 |  7.84e-04
  6310 |  1.075e-07 |  1.075e-08 |  1.546e-09 |  3.88e-05 |  5.96e-05 |  2.70e-05 |  3.38e-03 |  5.69e-03 |  1.92e-05 |  1.0e-04 |  2.01e-11 |  7.84e-04
  6320 |  1.074e-07 |  1.074e-08 |  1.544e-09 |  3.88e-05 |  5.95e-05 |  2.70e-05 |  3.38e-03 |  5.68e-03 |  1.92e-05 |  1.0e-04 |  1.38e-11 |  7.84e-04
  6330 |  1.073e-07 |  1.073e-08 |  1.542e-09 |  3.88e-05 |  5.95e-05 |  2.70e-05 |  3.37e-03 |  5.68e-03 |  1.92e-05 |  1.0e-04 |  2.34e-11 |  7.84e-04
  6340 |  1.072e-07 |  1.072e-08 |  1.540e-09 |  3.87e-05 |  5.95e-05 |  2.69e-05 |  3.37e-03 |  5.67e-03 |  1.91e-05 |  1.0e-04 |  1.81e-11 |  7.84e-04
  6350 |  1.071e-07 |  1.071e-08 |  1.539e-09 |  3.87e-05 |  5.94e-05 |  2.69e-05 |  3.37e-03 |  5.67e-03 |  1.91e-05 |  1.0e-04 |  1.99e-11 |  7.83e-04
  6360 |  1.070e-07 |  1.070e-08 |  1.537e-09 |  3.87e-05 |  5.94e-05 |  2.69e-05 |  3.36e-03 |  5.66e-03 |  1.90e-05 |  1.0e-04 |  2.08e-11 |  7.83e-04
  6370 |  1.070e-07 |  1.069e-08 |  1.535e-09 |  3.87e-05 |  5.93e-05 |  2.69e-05 |  3.36e-03 |  5.66e-03 |  1.90e-05 |  1.0e-04 |  1.77e-11 |  7.83e-04
  6380 |  1.069e-07 |  1.069e-08 |  1.533e-09 |  3.86e-05 |  5.93e-05 |  2.69e-05 |  3.35e-03 |  5.65e-03 |  1.90e-05 |  1.0e-04 |  2.01e-11 |  7.83e-04
  6390 |  1.068e-07 |  1.068e-08 |  1.531e-09 |  3.86e-05 |  5.93e-05 |  2.68e-05 |  3.35e-03 |  5.65e-03 |  1.89e-05 |  1.0e-04 |  1.76e-11 |  7.83e-04
  6400 |  1.067e-07 |  1.067e-08 |  1.530e-09 |  3.86e-05 |  5.92e-05 |  2.68e-05 |  3.35e-03 |  5.64e-03 |  1.89e-05 |  1.0e-04 |  2.29e-11 |  7.82e-04
  6410 |  1.066e-07 |  1.066e-08 |  1.528e-09 |  3.86e-05 |  5.92e-05 |  2.68e-05 |  3.34e-03 |  5.64e-03 |  1.88e-05 |  1.0e-04 |  1.34e-11 |  7.82e-04
  6420 |  1.065e-07 |  1.065e-08 |  1.526e-09 |  3.86e-05 |  5.92e-05 |  2.68e-05 |  3.34e-03 |  5.63e-03 |  1.88e-05 |  1.0e-04 |  1.98e-11 |  7.82e-04
  6430 |  1.064e-07 |  1.064e-08 |  1.524e-09 |  3.85e-05 |  5.91e-05 |  2.68e-05 |  3.34e-03 |  5.63e-03 |  1.88e-05 |  1.0e-04 |  1.90e-11 |  7.82e-04
  6440 |  1.064e-07 |  1.064e-08 |  1.523e-09 |  3.85e-05 |  5.91e-05 |  2.67e-05 |  3.33e-03 |  5.62e-03 |  1.87e-05 |  1.0e-04 |  1.30e-11 |  7.82e-04
  6450 |  1.063e-07 |  1.063e-08 |  1.521e-09 |  3.85e-05 |  5.91e-05 |  2.67e-05 |  3.33e-03 |  5.62e-03 |  1.87e-05 |  1.0e-04 |  2.35e-11 |  7.81e-04
  6460 |  1.062e-07 |  1.062e-08 |  1.519e-09 |  3.85e-05 |  5.90e-05 |  2.67e-05 |  3.32e-03 |  5.61e-03 |  1.87e-05 |  1.0e-04 |  1.68e-11 |  7.81e-04
  6470 |  1.061e-07 |  1.061e-08 |  1.518e-09 |  3.85e-05 |  5.90e-05 |  2.67e-05 |  3.32e-03 |  5.61e-03 |  1.86e-05 |  1.0e-04 |  1.52e-11 |  7.81e-04
  6480 |  1.060e-07 |  1.060e-08 |  1.516e-09 |  3.84e-05 |  5.89e-05 |  2.67e-05 |  3.32e-03 |  5.60e-03 |  1.86e-05 |  1.0e-04 |  1.71e-11 |  7.81e-04
  6490 |  1.059e-07 |  1.059e-08 |  1.514e-09 |  3.84e-05 |  5.89e-05 |  2.66e-05 |  3.31e-03 |  5.60e-03 |  1.85e-05 |  1.0e-04 |  1.89e-11 |  7.81e-04
  6500 |  1.059e-07 |  1.059e-08 |  1.512e-09 |  3.84e-05 |  5.89e-05 |  2.66e-05 |  3.31e-03 |  5.59e-03 |  1.85e-05 |  1.0e-04 |  1.76e-11 |  7.80e-04
  6510 |  1.058e-07 |  1.058e-08 |  1.510e-09 |  3.84e-05 |  5.88e-05 |  2.66e-05 |  3.31e-03 |  5.58e-03 |  1.85e-05 |  1.0e-04 |  2.21e-11 |  7.80e-04
  6520 |  1.057e-07 |  1.057e-08 |  1.509e-09 |  3.83e-05 |  5.88e-05 |  2.66e-05 |  3.30e-03 |  5.58e-03 |  1.84e-05 |  1.0e-04 |  1.92e-11 |  7.80e-04
  6530 |  1.056e-07 |  1.056e-08 |  1.507e-09 |  3.83e-05 |  5.88e-05 |  2.66e-05 |  3.30e-03 |  5.58e-03 |  1.84e-05 |  1.0e-04 |  1.89e-11 |  7.80e-04
  6540 |  1.055e-07 |  1.055e-08 |  1.506e-09 |  3.83e-05 |  5.87e-05 |  2.66e-05 |  3.30e-03 |  5.57e-03 |  1.84e-05 |  1.0e-04 |  1.36e-11 |  7.80e-04
  6550 |  1.055e-07 |  1.054e-08 |  1.504e-09 |  3.83e-05 |  5.87e-05 |  2.65e-05 |  3.29e-03 |  5.57e-03 |  1.83e-05 |  1.0e-04 |  2.39e-11 |  7.80e-04
  6560 |  1.054e-07 |  1.054e-08 |  1.502e-09 |  3.83e-05 |  5.87e-05 |  2.65e-05 |  3.29e-03 |  5.56e-03 |  1.83e-05 |  1.0e-04 |  1.54e-11 |  7.79e-04
  6570 |  1.053e-07 |  1.053e-08 |  1.500e-09 |  3.82e-05 |  5.86e-05 |  2.65e-05 |  3.28e-03 |  5.56e-03 |  1.82e-05 |  1.0e-04 |  1.78e-11 |  7.79e-04
  6580 |  1.052e-07 |  1.052e-08 |  1.499e-09 |  3.82e-05 |  5.86e-05 |  2.65e-05 |  3.28e-03 |  5.55e-03 |  1.82e-05 |  1.0e-04 |  1.52e-11 |  7.79e-04
  6590 |  1.051e-07 |  1.051e-08 |  1.497e-09 |  3.82e-05 |  5.86e-05 |  2.65e-05 |  3.28e-03 |  5.55e-03 |  1.82e-05 |  1.0e-04 |  1.53e-11 |  7.79e-04
  6600 |  1.050e-07 |  1.050e-08 |  1.495e-09 |  3.82e-05 |  5.85e-05 |  2.65e-05 |  3.27e-03 |  5.54e-03 |  1.81e-05 |  1.0e-04 |  1.80e-11 |  7.79e-04
  6610 |  1.050e-07 |  1.050e-08 |  1.494e-09 |  3.82e-05 |  5.85e-05 |  2.64e-05 |  3.27e-03 |  5.54e-03 |  1.81e-05 |  1.0e-04 |  1.77e-11 |  7.78e-04
  6620 |  1.049e-07 |  1.049e-08 |  1.492e-09 |  3.81e-05 |  5.85e-05 |  2.64e-05 |  3.27e-03 |  5.53e-03 |  1.81e-05 |  1.0e-04 |  1.78e-11 |  7.78e-04
  6630 |  1.048e-07 |  1.048e-08 |  1.491e-09 |  3.81e-05 |  5.84e-05 |  2.64e-05 |  3.26e-03 |  5.53e-03 |  1.80e-05 |  1.0e-04 |  1.53e-11 |  7.78e-04
  6640 |  1.047e-07 |  1.047e-08 |  1.489e-09 |  3.81e-05 |  5.84e-05 |  2.64e-05 |  3.26e-03 |  5.52e-03 |  1.80e-05 |  1.0e-04 |  3.24e-11 |  7.78e-04
  6650 |  1.047e-07 |  1.046e-08 |  1.487e-09 |  3.81e-05 |  5.84e-05 |  2.64e-05 |  3.26e-03 |  5.52e-03 |  1.80e-05 |  1.0e-04 |  1.94e-11 |  7.78e-04
  6660 |  1.046e-07 |  1.046e-08 |  1.486e-09 |  3.81e-05 |  5.83e-05 |  2.64e-05 |  3.25e-03 |  5.51e-03 |  1.79e-05 |  1.0e-04 |  2.08e-11 |  7.77e-04
  6670 |  1.045e-07 |  1.045e-08 |  1.484e-09 |  3.80e-05 |  5.83e-05 |  2.63e-05 |  3.25e-03 |  5.51e-03 |  1.79e-05 |  1.0e-04 |  1.50e-11 |  7.77e-04
  6680 |  1.044e-07 |  1.044e-08 |  1.482e-09 |  3.80e-05 |  5.83e-05 |  2.63e-05 |  3.24e-03 |  5.50e-03 |  1.79e-05 |  1.0e-04 |  2.17e-11 |  7.77e-04
  6690 |  1.043e-07 |  1.043e-08 |  1.481e-09 |  3.80e-05 |  5.82e-05 |  2.63e-05 |  3.24e-03 |  5.50e-03 |  1.78e-05 |  1.0e-04 |  2.52e-11 |  7.77e-04
  6700 |  1.043e-07 |  1.042e-08 |  1.479e-09 |  3.80e-05 |  5.82e-05 |  2.63e-05 |  3.24e-03 |  5.49e-03 |  1.78e-05 |  1.0e-04 |  1.78e-11 |  7.77e-04
  6710 |  1.042e-07 |  1.042e-08 |  1.478e-09 |  3.80e-05 |  5.82e-05 |  2.62e-05 |  3.23e-03 |  5.49e-03 |  1.77e-05 |  1.0e-04 |  1.75e-11 |  7.77e-04
  6720 |  1.041e-07 |  1.041e-08 |  1.476e-09 |  3.79e-05 |  5.81e-05 |  2.63e-05 |  3.23e-03 |  5.48e-03 |  1.77e-05 |  1.0e-04 |  1.81e-11 |  7.76e-04
  6730 |  1.040e-07 |  1.040e-08 |  1.475e-09 |  3.79e-05 |  5.81e-05 |  2.63e-05 |  3.23e-03 |  5.48e-03 |  1.77e-05 |  1.0e-04 |  2.12e-11 |  7.76e-04
  6740 |  1.039e-07 |  1.039e-08 |  1.473e-09 |  3.79e-05 |  5.81e-05 |  2.62e-05 |  3.22e-03 |  5.47e-03 |  1.76e-05 |  1.0e-04 |  1.77e-11 |  7.76e-04
  6750 |  1.039e-07 |  1.039e-08 |  1.471e-09 |  3.79e-05 |  5.80e-05 |  2.62e-05 |  3.22e-03 |  5.47e-03 |  1.76e-05 |  1.0e-04 |  2.05e-11 |  7.76e-04
  6760 |  1.038e-07 |  1.038e-08 |  1.469e-09 |  3.79e-05 |  5.80e-05 |  2.62e-05 |  3.22e-03 |  5.46e-03 |  1.76e-05 |  1.0e-04 |  1.54e-11 |  7.76e-04
  6770 |  1.037e-07 |  1.037e-08 |  1.468e-09 |  3.78e-05 |  5.80e-05 |  2.62e-05 |  3.21e-03 |  5.46e-03 |  1.75e-05 |  1.0e-04 |  1.46e-11 |  7.75e-04
  6780 |  1.036e-07 |  1.036e-08 |  1.466e-09 |  3.78e-05 |  5.79e-05 |  2.61e-05 |  3.21e-03 |  5.45e-03 |  1.75e-05 |  1.0e-04 |  1.82e-11 |  7.75e-04
  6790 |  1.036e-07 |  1.035e-08 |  1.465e-09 |  3.78e-05 |  5.79e-05 |  2.61e-05 |  3.21e-03 |  5.45e-03 |  1.75e-05 |  1.0e-04 |  1.99e-11 |  7.75e-04
  6800 |  1.035e-07 |  1.035e-08 |  1.463e-09 |  3.78e-05 |  5.79e-05 |  2.61e-05 |  3.20e-03 |  5.44e-03 |  1.74e-05 |  1.0e-04 |  1.64e-11 |  7.75e-04
  6810 |  1.034e-07 |  1.034e-08 |  1.462e-09 |  3.78e-05 |  5.78e-05 |  2.61e-05 |  3.20e-03 |  5.44e-03 |  1.74e-05 |  1.0e-04 |  2.13e-11 |  7.75e-04
  6820 |  1.033e-07 |  1.033e-08 |  1.460e-09 |  3.77e-05 |  5.78e-05 |  2.61e-05 |  3.20e-03 |  5.44e-03 |  1.74e-05 |  1.0e-04 |  1.52e-11 |  7.75e-04
  6830 |  1.032e-07 |  1.032e-08 |  1.459e-09 |  3.77e-05 |  5.78e-05 |  2.61e-05 |  3.19e-03 |  5.43e-03 |  1.73e-05 |  1.0e-04 |  1.58e-11 |  7.74e-04
  6840 |  1.032e-07 |  1.032e-08 |  1.457e-09 |  3.77e-05 |  5.77e-05 |  2.61e-05 |  3.19e-03 |  5.43e-03 |  1.73e-05 |  1.0e-04 |  1.81e-11 |  7.74e-04
  6850 |  1.031e-07 |  1.031e-08 |  1.456e-09 |  3.77e-05 |  5.77e-05 |  2.60e-05 |  3.19e-03 |  5.42e-03 |  1.73e-05 |  1.0e-04 |  1.28e-11 |  7.74e-04
  6860 |  1.030e-07 |  1.030e-08 |  1.454e-09 |  3.77e-05 |  5.77e-05 |  2.60e-05 |  3.18e-03 |  5.42e-03 |  1.72e-05 |  1.0e-04 |  1.89e-11 |  7.74e-04
  6870 |  1.029e-07 |  1.029e-08 |  1.453e-09 |  3.77e-05 |  5.76e-05 |  2.60e-05 |  3.18e-03 |  5.41e-03 |  1.72e-05 |  1.0e-04 |  1.96e-11 |  7.74e-04
  6880 |  1.029e-07 |  1.029e-08 |  1.451e-09 |  3.76e-05 |  5.76e-05 |  2.60e-05 |  3.18e-03 |  5.41e-03 |  1.72e-05 |  1.0e-04 |  1.36e-11 |  7.74e-04
  6890 |  1.028e-07 |  1.028e-08 |  1.450e-09 |  3.76e-05 |  5.76e-05 |  2.60e-05 |  3.17e-03 |  5.40e-03 |  1.71e-05 |  1.0e-04 |  2.15e-11 |  7.73e-04
  6900 |  1.027e-07 |  1.027e-08 |  1.448e-09 |  3.76e-05 |  5.75e-05 |  2.60e-05 |  3.17e-03 |  5.40e-03 |  1.71e-05 |  1.0e-04 |  1.43e-11 |  7.73e-04
  6910 |  1.026e-07 |  1.026e-08 |  1.447e-09 |  3.76e-05 |  5.75e-05 |  2.60e-05 |  3.17e-03 |  5.39e-03 |  1.71e-05 |  1.0e-04 |  1.90e-11 |  7.73e-04
  6920 |  1.026e-07 |  1.026e-08 |  1.445e-09 |  3.76e-05 |  5.75e-05 |  2.59e-05 |  3.16e-03 |  5.39e-03 |  1.70e-05 |  1.0e-04 |  1.75e-11 |  7.73e-04
  6930 |  1.025e-07 |  1.025e-08 |  1.443e-09 |  3.75e-05 |  5.74e-05 |  2.59e-05 |  3.16e-03 |  5.39e-03 |  1.70e-05 |  1.0e-04 |  1.27e-11 |  7.73e-04
  6940 |  1.024e-07 |  1.024e-08 |  1.442e-09 |  3.75e-05 |  5.74e-05 |  2.59e-05 |  3.16e-03 |  5.38e-03 |  1.70e-05 |  1.0e-04 |  1.82e-11 |  7.72e-04
  6950 |  1.023e-07 |  1.023e-08 |  1.441e-09 |  3.75e-05 |  5.74e-05 |  2.59e-05 |  3.15e-03 |  5.38e-03 |  1.70e-05 |  1.0e-04 |  2.14e-11 |  7.72e-04
  6960 |  1.023e-07 |  1.023e-08 |  1.439e-09 |  3.75e-05 |  5.74e-05 |  2.59e-05 |  3.15e-03 |  5.37e-03 |  1.69e-05 |  1.0e-04 |  1.73e-11 |  7.72e-04
  6970 |  1.022e-07 |  1.022e-08 |  1.438e-09 |  3.75e-05 |  5.73e-05 |  2.58e-05 |  3.15e-03 |  5.37e-03 |  1.69e-05 |  1.0e-04 |  1.68e-11 |  7.72e-04
  6980 |  1.021e-07 |  1.021e-08 |  1.436e-09 |  3.74e-05 |  5.73e-05 |  2.58e-05 |  3.14e-03 |  5.36e-03 |  1.69e-05 |  1.0e-04 |  1.38e-11 |  7.72e-04
  6990 |  1.020e-07 |  1.020e-08 |  1.435e-09 |  3.74e-05 |  5.73e-05 |  2.58e-05 |  3.14e-03 |  5.36e-03 |  1.68e-05 |  1.0e-04 |  1.49e-11 |  7.72e-04
  7000 |  1.020e-07 |  1.020e-08 |  1.433e-09 |  3.74e-05 |  5.72e-05 |  2.58e-05 |  3.14e-03 |  5.35e-03 |  1.68e-05 |  1.0e-04 |  1.93e-11 |  7.71e-04
  7010 |  1.019e-07 |  1.019e-08 |  1.432e-09 |  3.74e-05 |  5.72e-05 |  2.58e-05 |  3.13e-03 |  5.35e-03 |  1.68e-05 |  1.0e-04 |  1.80e-11 |  7.71e-04
  7020 |  1.018e-07 |  1.018e-08 |  1.430e-09 |  3.74e-05 |  5.72e-05 |  2.58e-05 |  3.13e-03 |  5.34e-03 |  1.67e-05 |  1.0e-04 |  1.74e-11 |  7.71e-04
  7030 |  1.018e-07 |  1.017e-08 |  1.429e-09 |  3.74e-05 |  5.71e-05 |  2.57e-05 |  3.13e-03 |  5.34e-03 |  1.67e-05 |  1.0e-04 |  2.29e-11 |  7.71e-04
  7040 |  1.017e-07 |  1.017e-08 |  1.427e-09 |  3.73e-05 |  5.71e-05 |  2.57e-05 |  3.12e-03 |  5.34e-03 |  1.67e-05 |  1.0e-04 |  2.18e-11 |  7.71e-04
  7050 |  1.016e-07 |  1.016e-08 |  1.426e-09 |  3.73e-05 |  5.71e-05 |  2.57e-05 |  3.12e-03 |  5.33e-03 |  1.66e-05 |  1.0e-04 |  1.38e-11 |  7.71e-04
  7060 |  1.015e-07 |  1.015e-08 |  1.425e-09 |  3.73e-05 |  5.70e-05 |  2.57e-05 |  3.12e-03 |  5.33e-03 |  1.66e-05 |  1.0e-04 |  1.56e-11 |  7.70e-04
  7070 |  1.015e-07 |  1.014e-08 |  1.423e-09 |  3.73e-05 |  5.70e-05 |  2.57e-05 |  3.12e-03 |  5.32e-03 |  1.66e-05 |  1.0e-04 |  1.86e-11 |  7.70e-04
  7080 |  1.014e-07 |  1.014e-08 |  1.422e-09 |  3.73e-05 |  5.70e-05 |  2.57e-05 |  3.11e-03 |  5.32e-03 |  1.66e-05 |  1.0e-04 |  1.87e-11 |  7.70e-04
  7090 |  1.013e-07 |  1.013e-08 |  1.420e-09 |  3.72e-05 |  5.70e-05 |  2.56e-05 |  3.11e-03 |  5.31e-03 |  1.65e-05 |  1.0e-04 |  1.67e-11 |  7.70e-04
  7100 |  1.012e-07 |  1.012e-08 |  1.419e-09 |  3.72e-05 |  5.69e-05 |  2.56e-05 |  3.11e-03 |  5.31e-03 |  1.65e-05 |  1.0e-04 |  2.17e-11 |  7.70e-04
  7110 |  1.012e-07 |  1.012e-08 |  1.417e-09 |  3.72e-05 |  5.69e-05 |  2.56e-05 |  3.10e-03 |  5.31e-03 |  1.65e-05 |  1.0e-04 |  2.66e-11 |  7.70e-04
  7120 |  1.011e-07 |  1.011e-08 |  1.416e-09 |  3.72e-05 |  5.69e-05 |  2.56e-05 |  3.10e-03 |  5.30e-03 |  1.64e-05 |  1.0e-04 |  1.51e-11 |  7.69e-04
  7130 |  1.010e-07 |  1.010e-08 |  1.414e-09 |  3.72e-05 |  5.68e-05 |  2.56e-05 |  3.10e-03 |  5.30e-03 |  1.64e-05 |  1.0e-04 |  1.68e-11 |  7.69e-04
  7140 |  1.010e-07 |  1.009e-08 |  1.413e-09 |  3.72e-05 |  5.68e-05 |  2.56e-05 |  3.09e-03 |  5.29e-03 |  1.64e-05 |  1.0e-04 |  2.49e-11 |  7.69e-04
  7150 |  1.009e-07 |  1.009e-08 |  1.412e-09 |  3.71e-05 |  5.68e-05 |  2.56e-05 |  3.09e-03 |  5.29e-03 |  1.63e-05 |  1.0e-04 |  1.54e-11 |  7.69e-04
  7160 |  1.008e-07 |  1.008e-08 |  1.410e-09 |  3.71e-05 |  5.67e-05 |  2.55e-05 |  3.09e-03 |  5.28e-03 |  1.63e-05 |  1.0e-04 |  2.17e-11 |  7.69e-04
  7170 |  1.007e-07 |  1.007e-08 |  1.409e-09 |  3.71e-05 |  5.67e-05 |  2.55e-05 |  3.08e-03 |  5.28e-03 |  1.63e-05 |  1.0e-04 |  2.11e-11 |  7.69e-04
  7180 |  1.007e-07 |  1.007e-08 |  1.408e-09 |  3.71e-05 |  5.67e-05 |  2.55e-05 |  3.08e-03 |  5.27e-03 |  1.63e-05 |  1.0e-04 |  1.93e-11 |  7.68e-04
  7190 |  1.006e-07 |  1.006e-08 |  1.406e-09 |  3.71e-05 |  5.67e-05 |  2.55e-05 |  3.08e-03 |  5.27e-03 |  1.62e-05 |  1.0e-04 |  2.19e-11 |  7.68e-04
  7200 |  1.005e-07 |  1.005e-08 |  1.405e-09 |  3.70e-05 |  5.66e-05 |  2.55e-05 |  3.08e-03 |  5.27e-03 |  1.62e-05 |  1.0e-04 |  1.82e-11 |  7.68e-04
  7210 |  1.005e-07 |  1.004e-08 |  1.403e-09 |  3.70e-05 |  5.66e-05 |  2.55e-05 |  3.07e-03 |  5.26e-03 |  1.62e-05 |  1.0e-04 |  1.72e-11 |  7.68e-04
  7220 |  1.004e-07 |  1.004e-08 |  1.402e-09 |  3.70e-05 |  5.66e-05 |  2.55e-05 |  3.07e-03 |  5.26e-03 |  1.61e-05 |  1.0e-04 |  1.53e-11 |  7.68e-04
  7230 |  1.003e-07 |  1.003e-08 |  1.400e-09 |  3.70e-05 |  5.65e-05 |  2.54e-05 |  3.07e-03 |  5.25e-03 |  1.61e-05 |  1.0e-04 |  1.71e-11 |  7.68e-04
  7240 |  1.002e-07 |  1.002e-08 |  1.399e-09 |  3.70e-05 |  5.65e-05 |  2.54e-05 |  3.06e-03 |  5.25e-03 |  1.61e-05 |  1.0e-04 |  2.16e-11 |  7.67e-04
  7250 |  1.002e-07 |  1.002e-08 |  1.398e-09 |  3.70e-05 |  5.65e-05 |  2.54e-05 |  3.06e-03 |  5.25e-03 |  1.61e-05 |  1.0e-04 |  1.82e-11 |  7.67e-04
  7260 |  1.001e-07 |  1.001e-08 |  1.396e-09 |  3.69e-05 |  5.65e-05 |  2.54e-05 |  3.06e-03 |  5.24e-03 |  1.60e-05 |  1.0e-04 |  1.85e-11 |  7.67e-04
  7270 |  1.000e-07 |  1.000e-08 |  1.395e-09 |  3.69e-05 |  5.64e-05 |  2.54e-05 |  3.05e-03 |  5.24e-03 |  1.60e-05 |  1.0e-04 |  1.75e-11 |  7.67e-04
  7280 |  9.996e-08 |  9.996e-09 |  1.394e-09 |  3.69e-05 |  5.64e-05 |  2.54e-05 |  3.05e-03 |  5.23e-03 |  1.60e-05 |  1.0e-04 |  1.51e-11 |  7.67e-04
  7290 |  9.989e-08 |  9.989e-09 |  1.392e-09 |  3.69e-05 |  5.64e-05 |  2.53e-05 |  3.05e-03 |  5.23e-03 |  1.59e-05 |  1.0e-04 |  1.78e-11 |  7.67e-04
  7300 |  9.982e-08 |  9.982e-09 |  1.391e-09 |  3.69e-05 |  5.63e-05 |  2.54e-05 |  3.05e-03 |  5.22e-03 |  1.59e-05 |  1.0e-04 |  1.36e-11 |  7.66e-04
  7310 |  9.976e-08 |  9.975e-09 |  1.390e-09 |  3.69e-05 |  5.63e-05 |  2.53e-05 |  3.04e-03 |  5.22e-03 |  1.59e-05 |  1.0e-04 |  2.37e-11 |  7.66e-04
  7320 |  9.969e-08 |  9.968e-09 |  1.388e-09 |  3.68e-05 |  5.63e-05 |  2.53e-05 |  3.04e-03 |  5.22e-03 |  1.59e-05 |  1.0e-04 |  1.91e-11 |  7.66e-04
  7330 |  9.963e-08 |  9.961e-09 |  1.387e-09 |  3.68e-05 |  5.63e-05 |  2.53e-05 |  3.04e-03 |  5.21e-03 |  1.58e-05 |  1.0e-04 |  1.54e-11 |  7.66e-04
  7340 |  9.955e-08 |  9.954e-09 |  1.386e-09 |  3.68e-05 |  5.62e-05 |  2.53e-05 |  3.03e-03 |  5.21e-03 |  1.58e-05 |  1.0e-04 |  2.14e-11 |  7.66e-04
  7350 |  9.948e-08 |  9.947e-09 |  1.384e-09 |  3.68e-05 |  5.62e-05 |  2.53e-05 |  3.03e-03 |  5.20e-03 |  1.58e-05 |  1.0e-04 |  2.12e-11 |  7.66e-04
  7360 |  9.942e-08 |  9.940e-09 |  1.383e-09 |  3.68e-05 |  5.62e-05 |  2.53e-05 |  3.03e-03 |  5.20e-03 |  1.57e-05 |  1.0e-04 |  2.11e-11 |  7.65e-04
  7370 |  9.934e-08 |  9.934e-09 |  1.382e-09 |  3.67e-05 |  5.61e-05 |  2.53e-05 |  3.02e-03 |  5.20e-03 |  1.57e-05 |  1.0e-04 |  1.95e-11 |  7.65e-04
  7380 |  9.928e-08 |  9.927e-09 |  1.381e-09 |  3.67e-05 |  5.61e-05 |  2.52e-05 |  3.02e-03 |  5.19e-03 |  1.57e-05 |  1.0e-04 |  2.12e-11 |  7.65e-04
  7390 |  9.920e-08 |  9.920e-09 |  1.379e-09 |  3.67e-05 |  5.61e-05 |  2.52e-05 |  3.02e-03 |  5.19e-03 |  1.57e-05 |  1.0e-04 |  1.66e-11 |  7.65e-04
  7400 |  9.913e-08 |  9.913e-09 |  1.378e-09 |  3.67e-05 |  5.61e-05 |  2.52e-05 |  3.02e-03 |  5.18e-03 |  1.56e-05 |  1.0e-04 |  1.59e-11 |  7.65e-04
  7410 |  9.907e-08 |  9.906e-09 |  1.376e-09 |  3.67e-05 |  5.60e-05 |  2.52e-05 |  3.01e-03 |  5.18e-03 |  1.56e-05 |  1.0e-04 |  2.35e-11 |  7.65e-04
  7420 |  9.900e-08 |  9.900e-09 |  1.375e-09 |  3.67e-05 |  5.60e-05 |  2.52e-05 |  3.01e-03 |  5.17e-03 |  1.56e-05 |  1.0e-04 |  1.58e-11 |  7.64e-04
  7430 |  9.894e-08 |  9.893e-09 |  1.374e-09 |  3.66e-05 |  5.60e-05 |  2.52e-05 |  3.01e-03 |  5.17e-03 |  1.56e-05 |  1.0e-04 |  1.30e-11 |  7.64e-04
  7440 |  9.887e-08 |  9.886e-09 |  1.373e-09 |  3.66e-05 |  5.60e-05 |  2.51e-05 |  3.00e-03 |  5.17e-03 |  1.55e-05 |  1.0e-04 |  1.65e-11 |  7.64e-04
  7450 |  9.880e-08 |  9.879e-09 |  1.371e-09 |  3.66e-05 |  5.59e-05 |  2.51e-05 |  3.00e-03 |  5.16e-03 |  1.55e-05 |  1.0e-04 |  1.50e-11 |  7.64e-04
  7460 |  9.874e-08 |  9.873e-09 |  1.370e-09 |  3.66e-05 |  5.59e-05 |  2.51e-05 |  3.00e-03 |  5.16e-03 |  1.55e-05 |  1.0e-04 |  1.80e-11 |  7.64e-04
  7470 |  9.866e-08 |  9.866e-09 |  1.369e-09 |  3.66e-05 |  5.59e-05 |  2.51e-05 |  3.00e-03 |  5.15e-03 |  1.54e-05 |  1.0e-04 |  1.61e-11 |  7.64e-04
  7480 |  9.860e-08 |  9.859e-09 |  1.368e-09 |  3.66e-05 |  5.58e-05 |  2.51e-05 |  2.99e-03 |  5.15e-03 |  1.54e-05 |  1.0e-04 |  1.82e-11 |  7.64e-04
  7490 |  9.853e-08 |  9.853e-09 |  1.366e-09 |  3.65e-05 |  5.58e-05 |  2.51e-05 |  2.99e-03 |  5.15e-03 |  1.54e-05 |  1.0e-04 |  1.43e-11 |  7.63e-04
  7500 |  9.847e-08 |  9.846e-09 |  1.365e-09 |  3.65e-05 |  5.58e-05 |  2.51e-05 |  2.99e-03 |  5.14e-03 |  1.54e-05 |  1.0e-04 |  1.62e-11 |  7.63e-04
  7510 |  9.840e-08 |  9.839e-09 |  1.363e-09 |  3.65e-05 |  5.58e-05 |  2.50e-05 |  2.98e-03 |  5.14e-03 |  1.53e-05 |  1.0e-04 |  1.53e-11 |  7.63e-04
  7520 |  9.833e-08 |  9.833e-09 |  1.362e-09 |  3.65e-05 |  5.57e-05 |  2.50e-05 |  2.98e-03 |  5.13e-03 |  1.53e-05 |  1.0e-04 |  1.50e-11 |  7.63e-04
  7530 |  9.827e-08 |  9.826e-09 |  1.361e-09 |  3.65e-05 |  5.57e-05 |  2.50e-05 |  2.98e-03 |  5.13e-03 |  1.53e-05 |  1.0e-04 |  1.37e-11 |  7.63e-04
  7540 |  9.820e-08 |  9.819e-09 |  1.360e-09 |  3.65e-05 |  5.57e-05 |  2.50e-05 |  2.98e-03 |  5.13e-03 |  1.53e-05 |  1.0e-04 |  1.15e-11 |  7.63e-04
  7550 |  9.814e-08 |  9.813e-09 |  1.359e-09 |  3.64e-05 |  5.57e-05 |  2.50e-05 |  2.97e-03 |  5.12e-03 |  1.52e-05 |  1.0e-04 |  2.14e-11 |  7.62e-04
  7560 |  9.807e-08 |  9.806e-09 |  1.357e-09 |  3.64e-05 |  5.56e-05 |  2.50e-05 |  2.97e-03 |  5.12e-03 |  1.52e-05 |  1.0e-04 |  1.95e-11 |  7.62e-04
  7570 |  9.800e-08 |  9.800e-09 |  1.356e-09 |  3.64e-05 |  5.56e-05 |  2.50e-05 |  2.97e-03 |  5.11e-03 |  1.52e-05 |  1.0e-04 |  1.63e-11 |  7.62e-04
  7580 |  9.794e-08 |  9.793e-09 |  1.355e-09 |  3.64e-05 |  5.56e-05 |  2.49e-05 |  2.97e-03 |  5.11e-03 |  1.52e-05 |  1.0e-04 |  1.54e-11 |  7.62e-04
  7590 |  9.787e-08 |  9.786e-09 |  1.354e-09 |  3.64e-05 |  5.56e-05 |  2.49e-05 |  2.96e-03 |  5.11e-03 |  1.51e-05 |  1.0e-04 |  1.51e-11 |  7.62e-04
  7600 |  9.780e-08 |  9.780e-09 |  1.352e-09 |  3.64e-05 |  5.55e-05 |  2.49e-05 |  2.96e-03 |  5.10e-03 |  1.51e-05 |  1.0e-04 |  1.74e-11 |  7.62e-04
  7610 |  9.774e-08 |  9.773e-09 |  1.351e-09 |  3.64e-05 |  5.55e-05 |  2.49e-05 |  2.96e-03 |  5.10e-03 |  1.51e-05 |  1.0e-04 |  1.65e-11 |  7.61e-04
  7620 |  9.767e-08 |  9.767e-09 |  1.350e-09 |  3.63e-05 |  5.55e-05 |  2.49e-05 |  2.95e-03 |  5.09e-03 |  1.51e-05 |  1.0e-04 |  1.31e-11 |  7.61e-04
  7630 |  9.761e-08 |  9.760e-09 |  1.348e-09 |  3.63e-05 |  5.54e-05 |  2.49e-05 |  2.95e-03 |  5.09e-03 |  1.50e-05 |  1.0e-04 |  1.89e-11 |  7.61e-04
  7640 |  9.754e-08 |  9.754e-09 |  1.347e-09 |  3.63e-05 |  5.54e-05 |  2.49e-05 |  2.95e-03 |  5.09e-03 |  1.50e-05 |  1.0e-04 |  1.36e-11 |  7.61e-04
  7650 |  9.748e-08 |  9.747e-09 |  1.346e-09 |  3.63e-05 |  5.54e-05 |  2.48e-05 |  2.95e-03 |  5.08e-03 |  1.50e-05 |  1.0e-04 |  1.55e-11 |  7.61e-04
  7660 |  9.741e-08 |  9.741e-09 |  1.345e-09 |  3.63e-05 |  5.54e-05 |  2.48e-05 |  2.94e-03 |  5.08e-03 |  1.49e-05 |  1.0e-04 |  1.32e-11 |  7.61e-04
  7670 |  9.735e-08 |  9.734e-09 |  1.344e-09 |  3.63e-05 |  5.53e-05 |  2.48e-05 |  2.94e-03 |  5.08e-03 |  1.49e-05 |  1.0e-04 |  1.82e-11 |  7.61e-04
  7680 |  9.729e-08 |  9.728e-09 |  1.343e-09 |  3.62e-05 |  5.53e-05 |  2.48e-05 |  2.94e-03 |  5.07e-03 |  1.49e-05 |  1.0e-04 |  2.10e-11 |  7.60e-04
  7690 |  9.723e-08 |  9.722e-09 |  1.341e-09 |  3.62e-05 |  5.53e-05 |  2.48e-05 |  2.94e-03 |  5.07e-03 |  1.49e-05 |  1.0e-04 |  1.65e-11 |  7.60e-04
  7700 |  9.716e-08 |  9.715e-09 |  1.340e-09 |  3.62e-05 |  5.53e-05 |  2.48e-05 |  2.93e-03 |  5.06e-03 |  1.49e-05 |  1.0e-04 |  1.89e-11 |  7.60e-04
  7710 |  9.710e-08 |  9.709e-09 |  1.339e-09 |  3.62e-05 |  5.52e-05 |  2.48e-05 |  2.93e-03 |  5.06e-03 |  1.48e-05 |  1.0e-04 |  2.01e-11 |  7.60e-04
  7720 |  9.703e-08 |  9.702e-09 |  1.338e-09 |  3.62e-05 |  5.52e-05 |  2.47e-05 |  2.93e-03 |  5.06e-03 |  1.48e-05 |  1.0e-04 |  1.73e-11 |  7.60e-04
  7730 |  9.696e-08 |  9.696e-09 |  1.337e-09 |  3.62e-05 |  5.52e-05 |  2.47e-05 |  2.92e-03 |  5.05e-03 |  1.48e-05 |  1.0e-04 |  2.05e-11 |  7.60e-04
  7740 |  9.691e-08 |  9.690e-09 |  1.335e-09 |  3.61e-05 |  5.52e-05 |  2.47e-05 |  2.92e-03 |  5.05e-03 |  1.47e-05 |  1.0e-04 |  1.94e-11 |  7.59e-04
  7750 |  9.684e-08 |  9.683e-09 |  1.334e-09 |  3.61e-05 |  5.51e-05 |  2.47e-05 |  2.92e-03 |  5.04e-03 |  1.47e-05 |  1.0e-04 |  1.68e-11 |  7.59e-04
  7760 |  9.678e-08 |  9.677e-09 |  1.333e-09 |  3.61e-05 |  5.51e-05 |  2.47e-05 |  2.92e-03 |  5.04e-03 |  1.47e-05 |  1.0e-04 |  1.68e-11 |  7.59e-04
  7770 |  9.671e-08 |  9.671e-09 |  1.332e-09 |  3.61e-05 |  5.51e-05 |  2.47e-05 |  2.91e-03 |  5.04e-03 |  1.47e-05 |  1.0e-04 |  1.64e-11 |  7.59e-04
  7780 |  9.665e-08 |  9.664e-09 |  1.330e-09 |  3.61e-05 |  5.51e-05 |  2.47e-05 |  2.91e-03 |  5.03e-03 |  1.47e-05 |  1.0e-04 |  1.59e-11 |  7.59e-04
  7790 |  9.659e-08 |  9.658e-09 |  1.329e-09 |  3.61e-05 |  5.50e-05 |  2.47e-05 |  2.91e-03 |  5.03e-03 |  1.46e-05 |  1.0e-04 |  1.34e-11 |  7.59e-04
  7800 |  9.652e-08 |  9.652e-09 |  1.328e-09 |  3.61e-05 |  5.50e-05 |  2.46e-05 |  2.91e-03 |  5.03e-03 |  1.46e-05 |  1.0e-04 |  1.61e-11 |  7.59e-04
  7810 |  9.646e-08 |  9.646e-09 |  1.327e-09 |  3.60e-05 |  5.50e-05 |  2.46e-05 |  2.90e-03 |  5.02e-03 |  1.46e-05 |  1.0e-04 |  1.37e-11 |  7.58e-04
  7820 |  9.640e-08 |  9.639e-09 |  1.326e-09 |  3.60e-05 |  5.50e-05 |  2.46e-05 |  2.90e-03 |  5.02e-03 |  1.46e-05 |  1.0e-04 |  1.73e-11 |  7.58e-04
  7830 |  9.633e-08 |  9.633e-09 |  1.325e-09 |  3.60e-05 |  5.49e-05 |  2.46e-05 |  2.90e-03 |  5.01e-03 |  1.45e-05 |  1.0e-04 |  1.46e-11 |  7.58e-04
  7840 |  9.628e-08 |  9.627e-09 |  1.324e-09 |  3.60e-05 |  5.49e-05 |  2.46e-05 |  2.90e-03 |  5.01e-03 |  1.45e-05 |  1.0e-04 |  1.53e-11 |  7.58e-04
  7850 |  9.622e-08 |  9.620e-09 |  1.322e-09 |  3.60e-05 |  5.49e-05 |  2.46e-05 |  2.89e-03 |  5.01e-03 |  1.45e-05 |  1.0e-04 |  1.41e-11 |  7.58e-04
  7860 |  9.615e-08 |  9.614e-09 |  1.321e-09 |  3.60e-05 |  5.49e-05 |  2.46e-05 |  2.89e-03 |  5.00e-03 |  1.45e-05 |  1.0e-04 |  1.46e-11 |  7.58e-04
  7870 |  9.609e-08 |  9.608e-09 |  1.320e-09 |  3.59e-05 |  5.48e-05 |  2.46e-05 |  2.89e-03 |  5.00e-03 |  1.44e-05 |  1.0e-04 |  1.22e-11 |  7.58e-04
  7880 |  9.603e-08 |  9.602e-09 |  1.319e-09 |  3.59e-05 |  5.48e-05 |  2.46e-05 |  2.89e-03 |  5.00e-03 |  1.44e-05 |  1.0e-04 |  1.71e-11 |  7.57e-04
  7890 |  9.596e-08 |  9.596e-09 |  1.318e-09 |  3.59e-05 |  5.48e-05 |  2.45e-05 |  2.88e-03 |  4.99e-03 |  1.44e-05 |  1.0e-04 |  1.32e-11 |  7.57e-04
  7900 |  9.590e-08 |  9.589e-09 |  1.317e-09 |  3.59e-05 |  5.48e-05 |  2.45e-05 |  2.88e-03 |  4.99e-03 |  1.44e-05 |  1.0e-04 |  1.72e-11 |  7.57e-04
  7910 |  9.584e-08 |  9.583e-09 |  1.316e-09 |  3.59e-05 |  5.47e-05 |  2.45e-05 |  2.88e-03 |  4.98e-03 |  1.43e-05 |  1.0e-04 |  1.57e-11 |  7.57e-04
  7920 |  9.578e-08 |  9.577e-09 |  1.314e-09 |  3.59e-05 |  5.47e-05 |  2.45e-05 |  2.88e-03 |  4.98e-03 |  1.43e-05 |  1.0e-04 |  1.27e-11 |  7.57e-04
  7930 |  9.572e-08 |  9.571e-09 |  1.313e-09 |  3.58e-05 |  5.47e-05 |  2.45e-05 |  2.87e-03 |  4.98e-03 |  1.43e-05 |  1.0e-04 |  1.87e-11 |  7.57e-04
  7940 |  9.566e-08 |  9.565e-09 |  1.312e-09 |  3.58e-05 |  5.47e-05 |  2.45e-05 |  2.87e-03 |  4.97e-03 |  1.43e-05 |  1.0e-04 |  1.89e-11 |  7.57e-04
  7950 |  9.559e-08 |  9.559e-09 |  1.311e-09 |  3.58e-05 |  5.46e-05 |  2.45e-05 |  2.87e-03 |  4.97e-03 |  1.43e-05 |  1.0e-04 |  1.58e-11 |  7.56e-04
  7960 |  9.554e-08 |  9.553e-09 |  1.310e-09 |  3.58e-05 |  5.46e-05 |  2.45e-05 |  2.87e-03 |  4.97e-03 |  1.42e-05 |  1.0e-04 |  1.18e-11 |  7.56e-04
  7970 |  9.547e-08 |  9.547e-09 |  1.309e-09 |  3.58e-05 |  5.46e-05 |  2.44e-05 |  2.86e-03 |  4.96e-03 |  1.42e-05 |  1.0e-04 |  1.87e-11 |  7.56e-04
  7980 |  9.541e-08 |  9.541e-09 |  1.307e-09 |  3.58e-05 |  5.46e-05 |  2.44e-05 |  2.86e-03 |  4.96e-03 |  1.42e-05 |  1.0e-04 |  1.24e-11 |  7.56e-04
  7990 |  9.535e-08 |  9.534e-09 |  1.306e-09 |  3.58e-05 |  5.45e-05 |  2.44e-05 |  2.86e-03 |  4.96e-03 |  1.42e-05 |  1.0e-04 |  1.38e-11 |  7.56e-04
  8000 |  9.529e-08 |  9.528e-09 |  1.305e-09 |  3.57e-05 |  5.45e-05 |  2.44e-05 |  2.86e-03 |  4.95e-03 |  1.41e-05 |  1.0e-04 |  1.87e-11 |  7.56e-04
  8010 |  9.523e-08 |  9.522e-09 |  1.304e-09 |  3.57e-05 |  5.45e-05 |  2.44e-05 |  2.85e-03 |  4.95e-03 |  1.41e-05 |  1.0e-04 |  1.49e-11 |  7.56e-04
  8020 |  9.517e-08 |  9.516e-09 |  1.303e-09 |  3.57e-05 |  5.45e-05 |  2.44e-05 |  2.85e-03 |  4.94e-03 |  1.41e-05 |  1.0e-04 |  1.55e-11 |  7.55e-04
  8030 |  9.511e-08 |  9.510e-09 |  1.302e-09 |  3.57e-05 |  5.44e-05 |  2.44e-05 |  2.85e-03 |  4.94e-03 |  1.41e-05 |  1.0e-04 |  1.70e-11 |  7.55e-04
  8040 |  9.505e-08 |  9.504e-09 |  1.301e-09 |  3.57e-05 |  5.44e-05 |  2.44e-05 |  2.85e-03 |  4.94e-03 |  1.40e-05 |  1.0e-04 |  1.76e-11 |  7.55e-04
  8050 |  9.498e-08 |  9.498e-09 |  1.300e-09 |  3.57e-05 |  5.44e-05 |  2.43e-05 |  2.84e-03 |  4.93e-03 |  1.40e-05 |  1.0e-04 |  1.33e-11 |  7.55e-04
  8060 |  9.492e-08 |  9.492e-09 |  1.299e-09 |  3.57e-05 |  5.44e-05 |  2.43e-05 |  2.84e-03 |  4.93e-03 |  1.40e-05 |  1.0e-04 |  1.58e-11 |  7.55e-04
  8070 |  9.486e-08 |  9.486e-09 |  1.298e-09 |  3.56e-05 |  5.44e-05 |  2.43e-05 |  2.84e-03 |  4.93e-03 |  1.40e-05 |  1.0e-04 |  1.75e-11 |  7.55e-04
  8080 |  9.481e-08 |  9.480e-09 |  1.296e-09 |  3.56e-05 |  5.43e-05 |  2.43e-05 |  2.84e-03 |  4.92e-03 |  1.40e-05 |  1.0e-04 |  1.43e-11 |  7.55e-04
  8090 |  9.475e-08 |  9.474e-09 |  1.295e-09 |  3.56e-05 |  5.43e-05 |  2.43e-05 |  2.83e-03 |  4.92e-03 |  1.39e-05 |  1.0e-04 |  1.37e-11 |  7.54e-04
  8100 |  9.469e-08 |  9.468e-09 |  1.294e-09 |  3.56e-05 |  5.43e-05 |  2.43e-05 |  2.83e-03 |  4.92e-03 |  1.39e-05 |  1.0e-04 |  1.71e-11 |  7.54e-04
  8110 |  9.463e-08 |  9.462e-09 |  1.293e-09 |  3.56e-05 |  5.43e-05 |  2.43e-05 |  2.83e-03 |  4.91e-03 |  1.39e-05 |  1.0e-04 |  1.70e-11 |  7.54e-04
  8120 |  9.457e-08 |  9.457e-09 |  1.292e-09 |  3.56e-05 |  5.42e-05 |  2.42e-05 |  2.83e-03 |  4.91e-03 |  1.39e-05 |  1.0e-04 |  1.32e-11 |  7.54e-04
  8130 |  9.451e-08 |  9.451e-09 |  1.291e-09 |  3.56e-05 |  5.42e-05 |  2.43e-05 |  2.82e-03 |  4.91e-03 |  1.38e-05 |  1.0e-04 |  1.16e-11 |  7.54e-04
  8140 |  9.445e-08 |  9.445e-09 |  1.290e-09 |  3.55e-05 |  5.42e-05 |  2.42e-05 |  2.82e-03 |  4.90e-03 |  1.38e-05 |  1.0e-04 |  1.31e-11 |  7.54e-04
  8150 |  9.439e-08 |  9.439e-09 |  1.289e-09 |  3.55e-05 |  5.42e-05 |  2.42e-05 |  2.82e-03 |  4.90e-03 |  1.38e-05 |  1.0e-04 |  1.47e-11 |  7.54e-04
  8160 |  9.434e-08 |  9.433e-09 |  1.288e-09 |  3.55e-05 |  5.41e-05 |  2.42e-05 |  2.82e-03 |  4.89e-03 |  1.38e-05 |  1.0e-04 |  2.00e-11 |  7.53e-04
  8170 |  9.427e-08 |  9.427e-09 |  1.287e-09 |  3.55e-05 |  5.41e-05 |  2.42e-05 |  2.81e-03 |  4.89e-03 |  1.38e-05 |  1.0e-04 |  1.28e-11 |  7.53e-04
  8180 |  9.421e-08 |  9.421e-09 |  1.285e-09 |  3.55e-05 |  5.41e-05 |  2.42e-05 |  2.81e-03 |  4.89e-03 |  1.37e-05 |  1.0e-04 |  2.33e-11 |  7.53e-04
  8190 |  9.416e-08 |  9.415e-09 |  1.284e-09 |  3.55e-05 |  5.41e-05 |  2.42e-05 |  2.81e-03 |  4.88e-03 |  1.37e-05 |  1.0e-04 |  1.58e-11 |  7.53e-04
  8200 |  9.410e-08 |  9.409e-09 |  1.284e-09 |  3.55e-05 |  5.40e-05 |  2.42e-05 |  2.81e-03 |  4.88e-03 |  1.37e-05 |  1.0e-04 |  1.71e-11 |  7.53e-04
  8210 |  9.404e-08 |  9.403e-09 |  1.283e-09 |  3.54e-05 |  5.40e-05 |  2.42e-05 |  2.80e-03 |  4.88e-03 |  1.37e-05 |  1.0e-04 |  2.08e-11 |  7.53e-04
  8220 |  9.398e-08 |  9.398e-09 |  1.281e-09 |  3.54e-05 |  5.40e-05 |  2.41e-05 |  2.80e-03 |  4.87e-03 |  1.37e-05 |  1.0e-04 |  1.17e-11 |  7.53e-04
  8230 |  9.392e-08 |  9.392e-09 |  1.280e-09 |  3.54e-05 |  5.40e-05 |  2.41e-05 |  2.80e-03 |  4.87e-03 |  1.36e-05 |  1.0e-04 |  1.39e-11 |  7.52e-04
  8240 |  9.386e-08 |  9.386e-09 |  1.279e-09 |  3.54e-05 |  5.40e-05 |  2.41e-05 |  2.80e-03 |  4.87e-03 |  1.36e-05 |  1.0e-04 |  1.80e-11 |  7.52e-04
  8250 |  9.380e-08 |  9.380e-09 |  1.278e-09 |  3.54e-05 |  5.39e-05 |  2.41e-05 |  2.79e-03 |  5.35e-03 |  1.49e-05 |  1.0e-04 |  1.91e-11 |  7.52e-04
  8260 |  9.374e-08 |  9.374e-09 |  1.277e-09 |  3.54e-05 |  5.39e-05 |  2.41e-05 |  2.79e-03 |  4.86e-03 |  1.36e-05 |  1.0e-04 |  1.91e-11 |  7.52e-04
  8270 |  9.368e-08 |  9.368e-09 |  1.276e-09 |  3.54e-05 |  5.39e-05 |  2.41e-05 |  2.79e-03 |  4.86e-03 |  1.35e-05 |  1.0e-04 |  1.17e-11 |  7.52e-04
  8280 |  9.362e-08 |  9.362e-09 |  1.275e-09 |  3.53e-05 |  5.39e-05 |  2.41e-05 |  2.79e-03 |  4.85e-03 |  1.35e-05 |  1.0e-04 |  1.13e-11 |  7.52e-04
  8290 |  9.357e-08 |  9.356e-09 |  1.274e-09 |  3.53e-05 |  5.38e-05 |  2.40e-05 |  2.78e-03 |  4.85e-03 |  1.35e-05 |  1.0e-04 |  1.65e-11 |  7.52e-04
  8300 |  9.351e-08 |  9.350e-09 |  1.273e-09 |  3.53e-05 |  5.38e-05 |  2.40e-05 |  2.78e-03 |  5.33e-03 |  1.48e-05 |  1.0e-04 |  2.37e-11 |  7.51e-04
  8310 |  9.345e-08 |  9.344e-09 |  1.272e-09 |  3.53e-05 |  5.38e-05 |  2.40e-05 |  2.78e-03 |  5.33e-03 |  1.48e-05 |  1.0e-04 |  1.87e-11 |  7.51e-04
  8320 |  9.338e-08 |  9.338e-09 |  1.270e-09 |  3.53e-05 |  5.38e-05 |  2.40e-05 |  2.78e-03 |  5.32e-03 |  1.48e-05 |  1.0e-04 |  2.31e-11 |  7.51e-04
  8330 |  9.332e-08 |  9.332e-09 |  1.269e-09 |  3.53e-05 |  5.37e-05 |  2.40e-05 |  2.77e-03 |  5.32e-03 |  1.48e-05 |  1.0e-04 |  1.93e-11 |  7.51e-04
  8340 |  9.326e-08 |  9.326e-09 |  1.268e-09 |  3.52e-05 |  5.37e-05 |  2.40e-05 |  2.77e-03 |  5.32e-03 |  1.47e-05 |  1.0e-04 |  2.42e-11 |  7.51e-04
  8350 |  9.320e-08 |  9.319e-09 |  1.267e-09 |  3.52e-05 |  5.37e-05 |  2.40e-05 |  2.77e-03 |  5.31e-03 |  1.47e-05 |  1.0e-04 |  1.57e-11 |  7.51e-04
  8360 |  9.314e-08 |  9.313e-09 |  1.266e-09 |  3.52e-05 |  5.37e-05 |  2.40e-05 |  2.77e-03 |  5.31e-03 |  1.47e-05 |  1.0e-04 |  1.44e-11 |  7.51e-04
  8370 |  9.308e-08 |  9.307e-09 |  1.265e-09 |  3.52e-05 |  5.36e-05 |  2.40e-05 |  2.76e-03 |  5.30e-03 |  1.47e-05 |  1.0e-04 |  2.06e-11 |  7.50e-04
  8380 |  9.300e-08 |  9.301e-09 |  1.264e-09 |  3.52e-05 |  5.36e-05 |  2.39e-05 |  2.76e-03 |  5.30e-03 |  1.46e-05 |  1.0e-04 |  1.82e-11 |  7.50e-04
  8390 |  9.295e-08 |  9.295e-09 |  1.263e-09 |  3.52e-05 |  5.36e-05 |  2.39e-05 |  2.76e-03 |  5.30e-03 |  1.46e-05 |  1.0e-04 |  1.52e-11 |  7.50e-04
  8400 |  9.289e-08 |  9.288e-09 |  1.261e-09 |  3.52e-05 |  5.36e-05 |  2.39e-05 |  2.76e-03 |  5.29e-03 |  1.46e-05 |  1.0e-04 |  2.15e-11 |  7.50e-04
  8410 |  9.283e-08 |  9.282e-09 |  1.260e-09 |  3.51e-05 |  5.36e-05 |  2.39e-05 |  2.75e-03 |  5.29e-03 |  1.46e-05 |  1.0e-04 |  1.62e-11 |  7.50e-04
  8420 |  9.276e-08 |  9.276e-09 |  1.259e-09 |  3.51e-05 |  5.35e-05 |  2.39e-05 |  2.75e-03 |  5.29e-03 |  1.45e-05 |  1.0e-04 |  1.48e-11 |  7.50e-04
  8430 |  9.270e-08 |  9.270e-09 |  1.258e-09 |  3.51e-05 |  5.35e-05 |  2.39e-05 |  2.75e-03 |  5.28e-03 |  1.45e-05 |  1.0e-04 |  1.86e-11 |  7.49e-04
  8440 |  9.264e-08 |  9.264e-09 |  1.257e-09 |  3.51e-05 |  5.35e-05 |  2.39e-05 |  2.75e-03 |  5.28e-03 |  1.45e-05 |  1.0e-04 |  1.92e-11 |  7.49e-04
  8450 |  9.258e-08 |  9.258e-09 |  1.256e-09 |  3.51e-05 |  5.35e-05 |  2.38e-05 |  2.74e-03 |  5.28e-03 |  1.45e-05 |  1.0e-04 |  1.49e-11 |  7.49e-04
  8460 |  9.253e-08 |  9.252e-09 |  1.255e-09 |  3.51e-05 |  5.34e-05 |  2.38e-05 |  2.74e-03 |  5.27e-03 |  1.45e-05 |  1.0e-04 |  1.85e-11 |  7.49e-04
  8470 |  9.246e-08 |  9.246e-09 |  1.254e-09 |  3.51e-05 |  5.34e-05 |  2.38e-05 |  2.74e-03 |  5.27e-03 |  1.44e-05 |  1.0e-04 |  1.62e-11 |  7.49e-04
  8480 |  9.240e-08 |  9.239e-09 |  1.253e-09 |  3.50e-05 |  5.34e-05 |  2.38e-05 |  2.74e-03 |  5.26e-03 |  1.44e-05 |  1.0e-04 |  1.69e-11 |  7.49e-04
  8490 |  9.234e-08 |  9.233e-09 |  1.252e-09 |  3.50e-05 |  5.34e-05 |  2.38e-05 |  2.73e-03 |  5.26e-03 |  1.44e-05 |  1.0e-04 |  1.74e-11 |  7.49e-04
  8500 |  9.228e-08 |  9.227e-09 |  1.251e-09 |  3.50e-05 |  5.33e-05 |  2.38e-05 |  2.73e-03 |  5.26e-03 |  1.44e-05 |  1.0e-04 |  1.47e-11 |  7.48e-04
  8510 |  9.222e-08 |  9.221e-09 |  1.250e-09 |  3.50e-05 |  5.33e-05 |  2.38e-05 |  2.73e-03 |  5.25e-03 |  1.43e-05 |  1.0e-04 |  1.75e-11 |  7.48e-04
  8520 |  9.216e-08 |  9.215e-09 |  1.248e-09 |  3.50e-05 |  5.33e-05 |  2.38e-05 |  2.73e-03 |  5.25e-03 |  1.43e-05 |  1.0e-04 |  2.03e-11 |  7.48e-04
  8530 |  9.210e-08 |  9.209e-09 |  1.247e-09 |  3.50e-05 |  5.33e-05 |  2.38e-05 |  2.73e-03 |  5.25e-03 |  1.43e-05 |  1.0e-04 |  1.86e-11 |  7.48e-04
  8540 |  9.204e-08 |  9.203e-09 |  1.246e-09 |  3.49e-05 |  5.32e-05 |  2.38e-05 |  2.72e-03 |  5.24e-03 |  1.43e-05 |  1.0e-04 |  1.72e-11 |  7.48e-04
  8550 |  9.198e-08 |  9.197e-09 |  1.245e-09 |  3.49e-05 |  5.32e-05 |  2.37e-05 |  2.72e-03 |  5.24e-03 |  1.43e-05 |  1.0e-04 |  2.48e-11 |  7.48e-04
  8560 |  9.191e-08 |  9.191e-09 |  1.244e-09 |  3.49e-05 |  5.32e-05 |  2.37e-05 |  2.72e-03 |  5.24e-03 |  1.42e-05 |  1.0e-04 |  1.42e-11 |  7.48e-04
  8570 |  9.185e-08 |  9.185e-09 |  1.243e-09 |  3.49e-05 |  5.32e-05 |  2.37e-05 |  2.72e-03 |  5.23e-03 |  1.42e-05 |  1.0e-04 |  1.74e-11 |  7.47e-04
  8580 |  9.180e-08 |  9.179e-09 |  1.242e-09 |  3.49e-05 |  5.31e-05 |  2.37e-05 |  2.71e-03 |  5.23e-03 |  1.42e-05 |  1.0e-04 |  1.62e-11 |  7.47e-04
  8590 |  9.173e-08 |  9.173e-09 |  1.241e-09 |  3.49e-05 |  5.31e-05 |  2.37e-05 |  2.71e-03 |  5.22e-03 |  1.42e-05 |  1.0e-04 |  1.38e-11 |  7.47e-04
  8600 |  9.168e-08 |  9.167e-09 |  1.240e-09 |  3.49e-05 |  5.31e-05 |  2.37e-05 |  2.71e-03 |  5.22e-03 |  1.41e-05 |  1.0e-04 |  1.47e-11 |  7.47e-04
  8610 |  9.162e-08 |  9.161e-09 |  1.239e-09 |  3.48e-05 |  5.31e-05 |  2.37e-05 |  2.71e-03 |  5.22e-03 |  1.41e-05 |  1.0e-04 |  1.60e-11 |  7.47e-04
  8620 |  9.156e-08 |  9.155e-09 |  1.238e-09 |  3.48e-05 |  5.31e-05 |  2.37e-05 |  2.70e-03 |  5.21e-03 |  1.41e-05 |  1.0e-04 |  1.56e-11 |  7.47e-04
  8630 |  9.150e-08 |  9.149e-09 |  1.236e-09 |  3.48e-05 |  5.30e-05 |  2.36e-05 |  2.70e-03 |  5.21e-03 |  1.41e-05 |  1.0e-04 |  1.50e-11 |  7.47e-04
  8640 |  9.144e-08 |  9.143e-09 |  1.236e-09 |  3.48e-05 |  5.30e-05 |  2.36e-05 |  2.70e-03 |  5.21e-03 |  1.41e-05 |  1.0e-04 |  1.85e-11 |  7.46e-04
  8650 |  9.138e-08 |  9.138e-09 |  1.235e-09 |  3.48e-05 |  5.30e-05 |  2.36e-05 |  2.70e-03 |  5.20e-03 |  1.40e-05 |  1.0e-04 |  1.79e-11 |  7.46e-04
  8660 |  9.132e-08 |  9.132e-09 |  1.233e-09 |  3.48e-05 |  5.30e-05 |  2.36e-05 |  2.69e-03 |  5.20e-03 |  1.40e-05 |  1.0e-04 |  1.71e-11 |  7.46e-04
  8670 |  9.126e-08 |  9.126e-09 |  1.232e-09 |  3.48e-05 |  5.29e-05 |  2.36e-05 |  2.69e-03 |  5.20e-03 |  1.40e-05 |  1.0e-04 |  2.12e-11 |  7.46e-04
  8680 |  9.121e-08 |  9.120e-09 |  1.231e-09 |  3.47e-05 |  5.29e-05 |  2.36e-05 |  2.69e-03 |  5.19e-03 |  1.40e-05 |  1.0e-04 |  1.63e-11 |  7.46e-04
  8690 |  9.115e-08 |  9.114e-09 |  1.230e-09 |  3.47e-05 |  5.29e-05 |  2.36e-05 |  2.69e-03 |  5.19e-03 |  1.39e-05 |  1.0e-04 |  2.04e-11 |  7.46e-04
  8700 |  9.109e-08 |  9.108e-09 |  1.229e-09 |  3.47e-05 |  5.29e-05 |  2.36e-05 |  2.69e-03 |  5.19e-03 |  1.39e-05 |  1.0e-04 |  1.26e-11 |  7.46e-04
  8710 |  9.103e-08 |  9.102e-09 |  1.229e-09 |  3.47e-05 |  5.29e-05 |  2.36e-05 |  2.68e-03 |  5.18e-03 |  1.39e-05 |  1.0e-04 |  1.48e-11 |  7.45e-04
  8720 |  9.097e-08 |  9.096e-09 |  1.227e-09 |  3.47e-05 |  5.28e-05 |  2.35e-05 |  2.68e-03 |  5.18e-03 |  1.39e-05 |  1.0e-04 |  1.40e-11 |  7.45e-04
  8730 |  9.092e-08 |  9.091e-09 |  1.226e-09 |  3.47e-05 |  5.28e-05 |  2.35e-05 |  2.68e-03 |  5.18e-03 |  1.39e-05 |  1.0e-04 |  1.52e-11 |  7.45e-04
  8740 |  9.086e-08 |  9.085e-09 |  1.225e-09 |  3.47e-05 |  5.28e-05 |  2.35e-05 |  2.68e-03 |  5.17e-03 |  1.38e-05 |  1.0e-04 |  1.65e-11 |  7.45e-04
  8750 |  9.080e-08 |  9.079e-09 |  1.224e-09 |  3.46e-05 |  5.28e-05 |  2.35e-05 |  2.67e-03 |  5.17e-03 |  1.38e-05 |  1.0e-04 |  1.81e-11 |  7.45e-04
  8760 |  9.074e-08 |  9.073e-09 |  1.223e-09 |  3.46e-05 |  5.27e-05 |  2.35e-05 |  2.67e-03 |  5.16e-03 |  1.38e-05 |  1.0e-04 |  1.25e-11 |  7.45e-04
  8770 |  9.068e-08 |  9.067e-09 |  1.222e-09 |  3.46e-05 |  5.27e-05 |  2.35e-05 |  2.67e-03 |  5.16e-03 |  1.38e-05 |  1.0e-04 |  1.40e-11 |  7.45e-04
  8780 |  9.062e-08 |  9.062e-09 |  1.221e-09 |  3.46e-05 |  5.27e-05 |  2.35e-05 |  2.67e-03 |  5.16e-03 |  1.38e-05 |  1.0e-04 |  1.66e-11 |  7.44e-04
  8790 |  9.056e-08 |  9.056e-09 |  1.220e-09 |  3.46e-05 |  5.27e-05 |  2.34e-05 |  2.66e-03 |  5.15e-03 |  1.37e-05 |  1.0e-04 |  1.65e-11 |  7.44e-04
  8800 |  9.051e-08 |  9.050e-09 |  1.219e-09 |  3.46e-05 |  5.27e-05 |  2.34e-05 |  2.66e-03 |  5.15e-03 |  1.37e-05 |  1.0e-04 |  1.97e-11 |  7.44e-04
  8810 |  9.045e-08 |  9.045e-09 |  1.218e-09 |  3.46e-05 |  5.26e-05 |  2.34e-05 |  2.66e-03 |  5.15e-03 |  1.37e-05 |  1.0e-04 |  1.71e-11 |  7.44e-04
  8820 |  9.040e-08 |  9.039e-09 |  1.217e-09 |  3.45e-05 |  5.26e-05 |  2.34e-05 |  2.66e-03 |  5.14e-03 |  1.37e-05 |  1.0e-04 |  1.79e-11 |  7.44e-04
  8830 |  9.033e-08 |  9.033e-09 |  1.216e-09 |  3.45e-05 |  5.26e-05 |  2.34e-05 |  2.66e-03 |  5.14e-03 |  1.37e-05 |  1.0e-04 |  1.41e-11 |  7.44e-04
  8840 |  9.028e-08 |  9.027e-09 |  1.215e-09 |  3.45e-05 |  5.26e-05 |  2.34e-05 |  2.65e-03 |  5.14e-03 |  1.36e-05 |  1.0e-04 |  1.48e-11 |  7.44e-04
  8850 |  9.022e-08 |  9.022e-09 |  1.214e-09 |  3.45e-05 |  5.25e-05 |  2.34e-05 |  2.65e-03 |  5.13e-03 |  1.36e-05 |  1.0e-04 |  1.86e-11 |  7.43e-04
  8860 |  9.017e-08 |  9.016e-09 |  1.213e-09 |  3.45e-05 |  5.25e-05 |  2.34e-05 |  2.65e-03 |  5.13e-03 |  1.36e-05 |  1.0e-04 |  1.55e-11 |  7.43e-04
  8870 |  9.011e-08 |  9.010e-09 |  1.212e-09 |  3.45e-05 |  5.25e-05 |  2.34e-05 |  2.65e-03 |  5.13e-03 |  1.36e-05 |  1.0e-04 |  1.26e-11 |  7.43e-04
  8880 |  9.005e-08 |  9.005e-09 |  1.211e-09 |  3.45e-05 |  5.25e-05 |  2.33e-05 |  2.64e-03 |  5.12e-03 |  1.35e-05 |  1.0e-04 |  1.22e-11 |  7.43e-04
  8890 |  9.000e-08 |  8.999e-09 |  1.210e-09 |  3.45e-05 |  5.25e-05 |  2.34e-05 |  2.64e-03 |  5.12e-03 |  1.35e-05 |  1.0e-04 |  1.45e-11 |  7.43e-04
  8900 |  8.994e-08 |  8.993e-09 |  1.209e-09 |  3.44e-05 |  5.24e-05 |  2.33e-05 |  2.64e-03 |  5.12e-03 |  1.35e-05 |  1.0e-04 |  1.43e-11 |  7.43e-04
  8910 |  8.988e-08 |  8.988e-09 |  1.208e-09 |  3.44e-05 |  5.24e-05 |  2.33e-05 |  2.64e-03 |  5.11e-03 |  1.35e-05 |  1.0e-04 |  1.44e-11 |  7.43e-04
  8920 |  8.982e-08 |  8.982e-09 |  1.207e-09 |  3.44e-05 |  5.24e-05 |  2.33e-05 |  2.63e-03 |  5.11e-03 |  1.35e-05 |  1.0e-04 |  1.50e-11 |  7.43e-04
  8930 |  8.977e-08 |  8.976e-09 |  1.206e-09 |  3.44e-05 |  5.24e-05 |  2.33e-05 |  2.63e-03 |  5.11e-03 |  1.34e-05 |  1.0e-04 |  1.34e-11 |  7.42e-04
  8940 |  8.971e-08 |  8.971e-09 |  1.205e-09 |  3.44e-05 |  5.23e-05 |  2.33e-05 |  2.63e-03 |  5.10e-03 |  1.34e-05 |  1.0e-04 |  1.60e-11 |  7.42e-04
  8950 |  8.966e-08 |  8.965e-09 |  1.204e-09 |  3.44e-05 |  5.23e-05 |  2.33e-05 |  2.63e-03 |  5.10e-03 |  1.34e-05 |  1.0e-04 |  1.28e-11 |  7.42e-04
  8960 |  8.960e-08 |  8.960e-09 |  1.203e-09 |  3.44e-05 |  5.23e-05 |  2.33e-05 |  2.63e-03 |  5.10e-03 |  1.34e-05 |  1.0e-04 |  1.14e-11 |  7.42e-04
  8970 |  8.954e-08 |  8.954e-09 |  1.202e-09 |  3.43e-05 |  5.23e-05 |  2.33e-05 |  2.62e-03 |  5.09e-03 |  1.34e-05 |  1.0e-04 |  1.31e-11 |  7.42e-04
  8980 |  8.949e-08 |  8.948e-09 |  1.201e-09 |  3.43e-05 |  5.23e-05 |  2.32e-05 |  2.62e-03 |  5.09e-03 |  1.33e-05 |  1.0e-04 |  1.68e-11 |  7.42e-04
  8990 |  8.943e-08 |  8.943e-09 |  1.200e-09 |  3.43e-05 |  5.22e-05 |  2.32e-05 |  2.62e-03 |  5.09e-03 |  1.33e-05 |  1.0e-04 |  1.42e-11 |  7.42e-04
  9000 |  8.938e-08 |  8.937e-09 |  1.199e-09 |  3.43e-05 |  5.22e-05 |  2.32e-05 |  2.62e-03 |  5.08e-03 |  1.33e-05 |  1.0e-04 |  1.44e-11 |  7.41e-04
  9010 |  8.932e-08 |  8.932e-09 |  1.198e-09 |  3.43e-05 |  5.22e-05 |  2.32e-05 |  2.62e-03 |  5.08e-03 |  1.33e-05 |  1.0e-04 |  1.16e-11 |  7.41e-04
  9020 |  8.927e-08 |  8.926e-09 |  1.198e-09 |  3.43e-05 |  5.22e-05 |  2.32e-05 |  2.61e-03 |  5.08e-03 |  1.33e-05 |  1.0e-04 |  1.38e-11 |  7.41e-04
  9030 |  8.922e-08 |  8.921e-09 |  1.196e-09 |  3.43e-05 |  5.22e-05 |  2.32e-05 |  2.61e-03 |  5.07e-03 |  1.32e-05 |  1.0e-04 |  1.54e-11 |  7.41e-04
  9040 |  8.916e-08 |  8.915e-09 |  1.196e-09 |  3.42e-05 |  5.21e-05 |  2.32e-05 |  2.61e-03 |  5.07e-03 |  1.32e-05 |  1.0e-04 |  1.24e-11 |  7.41e-04
  9050 |  8.910e-08 |  8.910e-09 |  1.195e-09 |  3.42e-05 |  5.21e-05 |  2.32e-05 |  2.61e-03 |  5.07e-03 |  1.32e-05 |  1.0e-04 |  1.36e-11 |  7.41e-04
  9060 |  8.905e-08 |  8.904e-09 |  1.194e-09 |  3.42e-05 |  5.21e-05 |  2.31e-05 |  2.60e-03 |  5.06e-03 |  1.32e-05 |  1.0e-04 |  1.23e-11 |  7.41e-04
  9070 |  8.899e-08 |  8.899e-09 |  1.193e-09 |  3.42e-05 |  5.21e-05 |  2.31e-05 |  2.60e-03 |  5.06e-03 |  1.32e-05 |  1.0e-04 |  1.33e-11 |  7.40e-04
  9080 |  8.894e-08 |  8.893e-09 |  1.192e-09 |  3.42e-05 |  5.20e-05 |  2.31e-05 |  2.60e-03 |  5.06e-03 |  1.31e-05 |  1.0e-04 |  1.45e-11 |  7.40e-04
  9090 |  8.889e-08 |  8.888e-09 |  1.191e-09 |  3.42e-05 |  5.20e-05 |  2.31e-05 |  2.60e-03 |  5.05e-03 |  1.31e-05 |  1.0e-04 |  1.33e-11 |  7.40e-04
  9100 |  8.883e-08 |  8.882e-09 |  1.190e-09 |  3.42e-05 |  5.20e-05 |  2.31e-05 |  2.60e-03 |  5.05e-03 |  1.31e-05 |  1.0e-04 |  1.16e-11 |  7.40e-04
  9110 |  8.877e-08 |  8.877e-09 |  1.189e-09 |  3.42e-05 |  5.20e-05 |  2.31e-05 |  2.59e-03 |  5.05e-03 |  1.31e-05 |  1.0e-04 |  1.32e-11 |  7.40e-04
  9120 |  8.873e-08 |  8.872e-09 |  1.188e-09 |  3.41e-05 |  5.20e-05 |  2.31e-05 |  2.59e-03 |  5.04e-03 |  1.31e-05 |  1.0e-04 |  1.46e-11 |  7.40e-04
  9130 |  8.867e-08 |  8.866e-09 |  1.187e-09 |  3.41e-05 |  5.19e-05 |  2.31e-05 |  2.59e-03 |  5.04e-03 |  1.31e-05 |  1.0e-04 |  1.55e-11 |  7.40e-04
  9140 |  8.862e-08 |  8.861e-09 |  1.186e-09 |  3.41e-05 |  5.19e-05 |  2.31e-05 |  2.59e-03 |  5.04e-03 |  1.30e-05 |  1.0e-04 |  1.46e-11 |  7.40e-04
  9150 |  8.856e-08 |  8.855e-09 |  1.185e-09 |  3.41e-05 |  5.19e-05 |  2.31e-05 |  2.59e-03 |  5.03e-03 |  1.30e-05 |  1.0e-04 |  1.37e-11 |  7.39e-04
  9160 |  8.850e-08 |  8.850e-09 |  1.184e-09 |  3.41e-05 |  5.19e-05 |  2.30e-05 |  2.58e-03 |  5.03e-03 |  1.30e-05 |  1.0e-04 |  1.30e-11 |  7.39e-04
  9170 |  8.845e-08 |  8.845e-09 |  1.183e-09 |  3.41e-05 |  5.19e-05 |  2.30e-05 |  2.58e-03 |  5.03e-03 |  1.30e-05 |  1.0e-04 |  1.54e-11 |  7.39e-04
  9180 |  8.839e-08 |  8.839e-09 |  1.182e-09 |  3.41e-05 |  5.18e-05 |  2.30e-05 |  2.58e-03 |  5.02e-03 |  1.30e-05 |  1.0e-04 |  1.28e-11 |  7.39e-04
  9190 |  8.835e-08 |  8.834e-09 |  1.181e-09 |  3.40e-05 |  5.18e-05 |  2.30e-05 |  2.58e-03 |  5.02e-03 |  1.29e-05 |  1.0e-04 |  1.19e-11 |  7.39e-04
  9200 |  8.829e-08 |  8.829e-09 |  1.181e-09 |  3.40e-05 |  5.18e-05 |  2.30e-05 |  2.57e-03 |  5.02e-03 |  1.29e-05 |  1.0e-04 |  1.16e-11 |  7.39e-04
  9210 |  8.824e-08 |  8.823e-09 |  1.180e-09 |  3.40e-05 |  5.18e-05 |  2.30e-05 |  2.57e-03 |  5.02e-03 |  1.29e-05 |  1.0e-04 |  1.76e-11 |  7.39e-04
  9220 |  8.819e-08 |  8.818e-09 |  1.179e-09 |  3.40e-05 |  5.18e-05 |  2.30e-05 |  2.57e-03 |  5.01e-03 |  1.29e-05 |  1.0e-04 |  1.24e-11 |  7.38e-04
  9230 |  8.813e-08 |  8.812e-09 |  1.178e-09 |  3.40e-05 |  5.17e-05 |  2.30e-05 |  2.57e-03 |  5.01e-03 |  1.29e-05 |  1.0e-04 |  1.29e-11 |  7.38e-04
  9240 |  8.807e-08 |  8.807e-09 |  1.177e-09 |  3.40e-05 |  5.17e-05 |  2.30e-05 |  2.57e-03 |  5.01e-03 |  1.28e-05 |  1.0e-04 |  1.12e-11 |  7.38e-04
  9250 |  8.802e-08 |  8.802e-09 |  1.176e-09 |  3.40e-05 |  5.17e-05 |  2.29e-05 |  2.56e-03 |  5.00e-03 |  1.28e-05 |  1.0e-04 |  1.31e-11 |  7.38e-04
  9260 |  8.797e-08 |  8.797e-09 |  1.175e-09 |  3.40e-05 |  5.17e-05 |  2.29e-05 |  2.56e-03 |  5.00e-03 |  1.28e-05 |  1.0e-04 |  1.36e-11 |  7.38e-04
  9270 |  8.792e-08 |  8.791e-09 |  1.174e-09 |  3.39e-05 |  5.17e-05 |  2.29e-05 |  2.56e-03 |  5.00e-03 |  1.28e-05 |  1.0e-04 |  1.57e-11 |  7.38e-04
  9280 |  8.787e-08 |  8.786e-09 |  1.173e-09 |  3.39e-05 |  5.16e-05 |  2.29e-05 |  2.56e-03 |  4.99e-03 |  1.28e-05 |  1.0e-04 |  1.40e-11 |  7.38e-04
  9290 |  8.781e-08 |  8.781e-09 |  1.172e-09 |  3.39e-05 |  5.16e-05 |  2.29e-05 |  2.56e-03 |  4.99e-03 |  1.28e-05 |  1.0e-04 |  1.34e-11 |  7.38e-04
  9300 |  8.776e-08 |  8.775e-09 |  1.172e-09 |  3.39e-05 |  5.16e-05 |  2.29e-05 |  2.55e-03 |  4.99e-03 |  1.27e-05 |  1.0e-04 |  1.27e-11 |  7.37e-04
  9310 |  8.771e-08 |  8.770e-09 |  1.170e-09 |  3.39e-05 |  5.16e-05 |  2.29e-05 |  2.55e-03 |  4.98e-03 |  1.27e-05 |  1.0e-04 |  1.56e-11 |  7.37e-04
  9320 |  8.765e-08 |  8.765e-09 |  1.170e-09 |  3.39e-05 |  5.16e-05 |  2.29e-05 |  2.55e-03 |  4.98e-03 |  1.27e-05 |  1.0e-04 |  1.09e-11 |  7.37e-04
  9330 |  8.760e-08 |  8.760e-09 |  1.169e-09 |  3.39e-05 |  5.15e-05 |  2.29e-05 |  2.55e-03 |  4.98e-03 |  1.27e-05 |  1.0e-04 |  1.52e-11 |  7.37e-04
  9340 |  8.755e-08 |  8.754e-09 |  1.168e-09 |  3.39e-05 |  5.15e-05 |  2.29e-05 |  2.55e-03 |  4.97e-03 |  1.27e-05 |  1.0e-04 |  1.10e-11 |  7.37e-04
  9350 |  8.750e-08 |  8.749e-09 |  1.167e-09 |  3.38e-05 |  5.15e-05 |  2.28e-05 |  2.54e-03 |  4.97e-03 |  1.26e-05 |  1.0e-04 |  1.77e-11 |  7.37e-04
  9360 |  8.744e-08 |  8.744e-09 |  1.166e-09 |  3.38e-05 |  5.15e-05 |  2.28e-05 |  2.54e-03 |  4.97e-03 |  1.26e-05 |  1.0e-04 |  1.23e-11 |  7.37e-04
  9370 |  8.739e-08 |  8.739e-09 |  1.165e-09 |  3.38e-05 |  5.15e-05 |  2.28e-05 |  2.54e-03 |  4.96e-03 |  1.26e-05 |  1.0e-04 |  1.51e-11 |  7.37e-04
  9380 |  8.734e-08 |  8.734e-09 |  1.164e-09 |  3.38e-05 |  5.14e-05 |  2.28e-05 |  2.54e-03 |  4.96e-03 |  1.26e-05 |  1.0e-04 |  1.31e-11 |  7.36e-04
  9390 |  8.729e-08 |  8.728e-09 |  1.163e-09 |  3.38e-05 |  5.14e-05 |  2.28e-05 |  2.53e-03 |  4.96e-03 |  1.26e-05 |  1.0e-04 |  1.19e-11 |  7.36e-04
  9400 |  8.723e-08 |  8.723e-09 |  1.162e-09 |  3.38e-05 |  5.14e-05 |  2.28e-05 |  2.53e-03 |  4.96e-03 |  1.26e-05 |  1.0e-04 |  1.27e-11 |  7.36e-04
  9410 |  8.718e-08 |  8.718e-09 |  1.162e-09 |  3.38e-05 |  5.14e-05 |  2.28e-05 |  2.53e-03 |  4.95e-03 |  1.25e-05 |  1.0e-04 |  1.41e-11 |  7.36e-04
  9420 |  8.713e-08 |  8.713e-09 |  1.161e-09 |  3.38e-05 |  5.14e-05 |  2.28e-05 |  2.53e-03 |  4.95e-03 |  1.25e-05 |  1.0e-04 |  1.37e-11 |  7.36e-04
  9430 |  8.708e-08 |  8.708e-09 |  1.160e-09 |  3.37e-05 |  5.13e-05 |  2.28e-05 |  2.53e-03 |  4.95e-03 |  1.25e-05 |  1.0e-04 |  1.33e-11 |  7.36e-04
  9440 |  8.703e-08 |  8.703e-09 |  1.159e-09 |  3.37e-05 |  5.13e-05 |  2.28e-05 |  2.53e-03 |  4.94e-03 |  1.25e-05 |  1.0e-04 |  1.26e-11 |  7.36e-04
  9450 |  8.698e-08 |  8.698e-09 |  1.158e-09 |  3.37e-05 |  5.13e-05 |  2.28e-05 |  2.52e-03 |  4.94e-03 |  1.25e-05 |  1.0e-04 |  9.80e-12 |  7.36e-04
  9460 |  8.693e-08 |  8.692e-09 |  1.157e-09 |  3.37e-05 |  5.13e-05 |  2.27e-05 |  2.52e-03 |  4.94e-03 |  1.24e-05 |  1.0e-04 |  1.35e-11 |  7.35e-04
  9470 |  8.688e-08 |  8.687e-09 |  1.156e-09 |  3.37e-05 |  5.13e-05 |  2.27e-05 |  2.52e-03 |  4.93e-03 |  1.24e-05 |  1.0e-04 |  1.27e-11 |  7.35e-04
  9480 |  8.683e-08 |  8.682e-09 |  1.156e-09 |  3.37e-05 |  5.12e-05 |  2.27e-05 |  2.52e-03 |  4.93e-03 |  1.24e-05 |  1.0e-04 |  1.23e-11 |  7.35e-04
  9490 |  8.677e-08 |  8.677e-09 |  1.155e-09 |  3.37e-05 |  5.12e-05 |  2.27e-05 |  2.52e-03 |  4.93e-03 |  1.24e-05 |  1.0e-04 |  1.56e-11 |  7.35e-04
  9500 |  8.672e-08 |  8.672e-09 |  1.154e-09 |  3.37e-05 |  5.12e-05 |  2.27e-05 |  2.51e-03 |  4.92e-03 |  1.24e-05 |  1.0e-04 |  1.61e-11 |  7.35e-04
  9510 |  8.667e-08 |  8.667e-09 |  1.153e-09 |  3.36e-05 |  5.12e-05 |  2.27e-05 |  2.51e-03 |  4.92e-03 |  1.24e-05 |  1.0e-04 |  1.55e-11 |  7.35e-04
  9520 |  8.662e-08 |  8.662e-09 |  1.152e-09 |  3.36e-05 |  5.12e-05 |  2.27e-05 |  2.51e-03 |  4.92e-03 |  1.23e-05 |  1.0e-04 |  1.43e-11 |  7.35e-04
  9530 |  8.657e-08 |  8.657e-09 |  1.151e-09 |  3.36e-05 |  5.11e-05 |  2.27e-05 |  2.51e-03 |  4.92e-03 |  1.23e-05 |  1.0e-04 |  1.24e-11 |  7.35e-04
  9540 |  8.652e-08 |  8.652e-09 |  1.150e-09 |  3.36e-05 |  5.11e-05 |  2.26e-05 |  2.51e-03 |  4.91e-03 |  1.23e-05 |  1.0e-04 |  2.11e-11 |  7.34e-04
  9550 |  8.647e-08 |  8.647e-09 |  1.149e-09 |  3.36e-05 |  5.11e-05 |  2.26e-05 |  2.50e-03 |  4.91e-03 |  1.23e-05 |  1.0e-04 |  1.21e-11 |  7.34e-04
  9560 |  8.642e-08 |  8.642e-09 |  1.149e-09 |  3.36e-05 |  5.11e-05 |  2.26e-05 |  2.50e-03 |  4.91e-03 |  1.23e-05 |  1.0e-04 |  1.47e-11 |  7.34e-04
  9570 |  8.637e-08 |  8.637e-09 |  1.148e-09 |  3.36e-05 |  5.11e-05 |  2.26e-05 |  2.50e-03 |  4.90e-03 |  1.23e-05 |  1.0e-04 |  1.77e-11 |  7.34e-04
  9580 |  8.632e-08 |  8.632e-09 |  1.147e-09 |  3.36e-05 |  5.10e-05 |  2.26e-05 |  2.50e-03 |  4.90e-03 |  1.22e-05 |  1.0e-04 |  1.58e-11 |  7.34e-04
  9590 |  8.627e-08 |  8.627e-09 |  1.146e-09 |  3.35e-05 |  5.10e-05 |  2.26e-05 |  2.50e-03 |  4.90e-03 |  1.22e-05 |  1.0e-04 |  1.70e-11 |  7.34e-04
  9600 |  8.622e-08 |  8.622e-09 |  1.145e-09 |  3.35e-05 |  5.10e-05 |  2.26e-05 |  2.49e-03 |  4.89e-03 |  1.22e-05 |  1.0e-04 |  1.57e-11 |  7.34e-04
  9610 |  8.617e-08 |  8.616e-09 |  1.144e-09 |  3.35e-05 |  5.10e-05 |  2.26e-05 |  2.49e-03 |  4.89e-03 |  1.22e-05 |  1.0e-04 |  1.91e-11 |  7.34e-04
  9620 |  8.612e-08 |  8.611e-09 |  1.144e-09 |  3.35e-05 |  5.10e-05 |  2.26e-05 |  2.49e-03 |  4.89e-03 |  1.22e-05 |  1.0e-04 |  1.68e-11 |  7.33e-04
  9630 |  8.607e-08 |  8.606e-09 |  1.143e-09 |  3.35e-05 |  5.10e-05 |  2.26e-05 |  2.49e-03 |  4.89e-03 |  1.22e-05 |  1.0e-04 |  1.43e-11 |  7.33e-04
  9640 |  8.602e-08 |  8.601e-09 |  1.142e-09 |  3.35e-05 |  5.09e-05 |  2.25e-05 |  2.49e-03 |  4.88e-03 |  1.21e-05 |  1.0e-04 |  1.63e-11 |  7.33e-04
  9650 |  8.597e-08 |  8.597e-09 |  1.141e-09 |  3.35e-05 |  5.09e-05 |  2.25e-05 |  2.48e-03 |  4.88e-03 |  1.21e-05 |  1.0e-04 |  1.38e-11 |  7.33e-04
  9660 |  8.592e-08 |  8.592e-09 |  1.140e-09 |  3.35e-05 |  5.09e-05 |  2.25e-05 |  2.48e-03 |  4.88e-03 |  1.21e-05 |  1.0e-04 |  1.98e-11 |  7.33e-04
  9670 |  8.587e-08 |  8.587e-09 |  1.139e-09 |  3.35e-05 |  5.09e-05 |  2.25e-05 |  2.48e-03 |  4.87e-03 |  1.21e-05 |  1.0e-04 |  1.58e-11 |  7.33e-04
  9680 |  8.583e-08 |  8.582e-09 |  1.139e-09 |  3.34e-05 |  5.09e-05 |  2.25e-05 |  2.48e-03 |  4.87e-03 |  1.21e-05 |  1.0e-04 |  1.72e-11 |  7.33e-04
  9690 |  8.577e-08 |  8.577e-09 |  1.138e-09 |  3.34e-05 |  5.08e-05 |  2.25e-05 |  2.48e-03 |  4.87e-03 |  1.21e-05 |  1.0e-04 |  1.23e-11 |  7.33e-04
  9700 |  8.572e-08 |  8.572e-09 |  1.137e-09 |  3.34e-05 |  5.08e-05 |  2.25e-05 |  2.47e-03 |  4.86e-03 |  1.20e-05 |  1.0e-04 |  1.32e-11 |  7.32e-04
  9710 |  8.567e-08 |  8.567e-09 |  1.136e-09 |  3.34e-05 |  5.08e-05 |  2.25e-05 |  2.47e-03 |  4.86e-03 |  1.20e-05 |  1.0e-04 |  1.86e-11 |  7.32e-04
  9720 |  8.562e-08 |  8.562e-09 |  1.135e-09 |  3.34e-05 |  5.08e-05 |  2.25e-05 |  2.47e-03 |  4.86e-03 |  1.20e-05 |  1.0e-04 |  1.50e-11 |  7.32e-04
  9730 |  8.557e-08 |  8.557e-09 |  1.135e-09 |  3.34e-05 |  5.08e-05 |  2.25e-05 |  2.47e-03 |  4.86e-03 |  1.20e-05 |  1.0e-04 |  1.50e-11 |  7.32e-04
  9740 |  8.553e-08 |  8.552e-09 |  1.134e-09 |  3.34e-05 |  5.07e-05 |  2.25e-05 |  2.47e-03 |  4.85e-03 |  1.20e-05 |  1.0e-04 |  1.53e-11 |  7.32e-04
  9750 |  8.547e-08 |  8.547e-09 |  1.133e-09 |  3.34e-05 |  5.07e-05 |  2.24e-05 |  2.47e-03 |  4.85e-03 |  1.20e-05 |  1.0e-04 |  2.07e-11 |  7.32e-04
  9760 |  8.543e-08 |  8.542e-09 |  1.132e-09 |  3.33e-05 |  5.07e-05 |  2.25e-05 |  2.46e-03 |  4.85e-03 |  1.19e-05 |  1.0e-04 |  1.25e-11 |  7.32e-04
  9770 |  8.538e-08 |  8.537e-09 |  1.131e-09 |  3.33e-05 |  5.07e-05 |  2.25e-05 |  2.46e-03 |  4.84e-03 |  1.19e-05 |  1.0e-04 |  1.55e-11 |  7.32e-04
  9780 |  8.533e-08 |  8.533e-09 |  1.130e-09 |  3.33e-05 |  5.07e-05 |  2.24e-05 |  2.46e-03 |  4.84e-03 |  1.19e-05 |  1.0e-04 |  1.44e-11 |  7.31e-04
  9790 |  8.528e-08 |  8.528e-09 |  1.130e-09 |  3.33e-05 |  5.07e-05 |  2.24e-05 |  2.46e-03 |  4.84e-03 |  1.19e-05 |  1.0e-04 |  1.69e-11 |  7.31e-04
  9800 |  8.524e-08 |  8.523e-09 |  1.129e-09 |  3.33e-05 |  5.06e-05 |  2.24e-05 |  2.46e-03 |  4.84e-03 |  1.19e-05 |  1.0e-04 |  1.53e-11 |  7.31e-04
  9810 |  8.519e-08 |  8.518e-09 |  1.128e-09 |  3.33e-05 |  5.06e-05 |  2.24e-05 |  2.45e-03 |  4.83e-03 |  1.19e-05 |  1.0e-04 |  1.66e-11 |  7.31e-04
  9820 |  8.514e-08 |  8.513e-09 |  1.127e-09 |  3.33e-05 |  5.06e-05 |  2.24e-05 |  2.45e-03 |  4.83e-03 |  1.18e-05 |  1.0e-04 |  1.68e-11 |  7.31e-04
  9830 |  8.509e-08 |  8.509e-09 |  1.126e-09 |  3.33e-05 |  5.06e-05 |  2.24e-05 |  2.45e-03 |  4.83e-03 |  1.18e-05 |  1.0e-04 |  1.69e-11 |  7.31e-04
  9840 |  8.504e-08 |  8.504e-09 |  1.125e-09 |  3.32e-05 |  5.06e-05 |  2.24e-05 |  2.45e-03 |  4.82e-03 |  1.18e-05 |  1.0e-04 |  1.83e-11 |  7.31e-04
  9850 |  8.499e-08 |  8.499e-09 |  1.125e-09 |  3.32e-05 |  5.05e-05 |  2.24e-05 |  2.45e-03 |  4.82e-03 |  1.18e-05 |  1.0e-04 |  1.41e-11 |  7.31e-04
  9860 |  8.495e-08 |  8.494e-09 |  1.124e-09 |  3.32e-05 |  5.05e-05 |  2.23e-05 |  2.45e-03 |  4.82e-03 |  1.18e-05 |  1.0e-04 |  1.54e-11 |  7.30e-04
  9870 |  8.490e-08 |  8.489e-09 |  1.123e-09 |  3.32e-05 |  5.05e-05 |  2.23e-05 |  2.44e-03 |  4.82e-03 |  1.18e-05 |  1.0e-04 |  1.46e-11 |  7.30e-04
  9880 |  8.485e-08 |  8.485e-09 |  1.122e-09 |  3.32e-05 |  5.05e-05 |  2.23e-05 |  2.44e-03 |  4.81e-03 |  1.17e-05 |  1.0e-04 |  1.64e-11 |  7.30e-04
  9890 |  8.480e-08 |  8.480e-09 |  1.122e-09 |  3.32e-05 |  5.05e-05 |  2.23e-05 |  2.44e-03 |  4.81e-03 |  1.17e-05 |  1.0e-04 |  1.42e-11 |  7.30e-04
  9900 |  8.476e-08 |  8.475e-09 |  1.121e-09 |  3.32e-05 |  5.05e-05 |  2.23e-05 |  2.44e-03 |  4.81e-03 |  1.17e-05 |  1.0e-04 |  1.80e-11 |  7.30e-04
  9910 |  8.471e-08 |  8.470e-09 |  1.120e-09 |  3.32e-05 |  5.04e-05 |  2.23e-05 |  2.44e-03 |  4.80e-03 |  1.17e-05 |  1.0e-04 |  1.70e-11 |  7.30e-04
  9920 |  8.466e-08 |  8.466e-09 |  1.119e-09 |  3.32e-05 |  5.04e-05 |  2.23e-05 |  2.43e-03 |  4.80e-03 |  1.17e-05 |  1.0e-04 |  2.34e-11 |  7.30e-04
  9930 |  8.461e-08 |  8.461e-09 |  1.118e-09 |  3.31e-05 |  5.04e-05 |  2.23e-05 |  2.43e-03 |  4.80e-03 |  1.17e-05 |  1.0e-04 |  2.29e-11 |  7.30e-04
  9940 |  8.457e-08 |  8.456e-09 |  1.118e-09 |  3.31e-05 |  5.04e-05 |  2.23e-05 |  2.43e-03 |  4.80e-03 |  1.17e-05 |  1.0e-04 |  2.19e-11 |  7.30e-04
  9950 |  8.452e-08 |  8.451e-09 |  1.117e-09 |  3.31e-05 |  5.04e-05 |  2.23e-05 |  2.43e-03 |  4.79e-03 |  1.16e-05 |  1.0e-04 |  1.63e-11 |  7.29e-04
  9960 |  8.447e-08 |  8.447e-09 |  1.116e-09 |  3.31e-05 |  5.03e-05 |  2.23e-05 |  2.43e-03 |  4.79e-03 |  1.16e-05 |  1.0e-04 |  1.90e-11 |  7.29e-04
  9970 |  8.442e-08 |  8.442e-09 |  1.115e-09 |  3.31e-05 |  5.03e-05 |  2.22e-05 |  2.43e-03 |  4.79e-03 |  1.16e-05 |  1.0e-04 |  1.19e-11 |  7.29e-04
  9980 |  8.437e-08 |  8.437e-09 |  1.115e-09 |  3.31e-05 |  5.03e-05 |  2.22e-05 |  2.42e-03 |  4.78e-03 |  1.16e-05 |  1.0e-04 |  1.47e-11 |  7.29e-04
  9990 |  8.433e-08 |  8.433e-09 |  1.114e-09 |  3.31e-05 |  5.03e-05 |  2.22e-05 |  2.42e-03 |  4.78e-03 |  1.16e-05 |  1.0e-04 |  1.29e-11 |  7.29e-04
 10000 |  8.428e-08 |  8.428e-09 |  1.113e-09 |  3.31e-05 |  5.03e-05 |  2.22e-05 |  2.42e-03 |  4.78e-03 |  1.16e-05 |  1.0e-04 |  1.99e-11 |  7.29e-04
[done] elapsed=2387.21s
Saved theta -> theta_transport_c60_stosqp_fixed_damp.npy
[EVAL] full-grid MSE=2.656e-07, relL2=7.288e-04
Saved heatmaps -> transport_c60_stosqp_fixed_damp_heatmaps.png
