iter,obj_printed,obj_mse,feas_mse,pde_con_mse,bc_mse,ic_mse,pde_rms,bc_rms,ic_rms,station,alpha,step_inf,lambda,kkt,relL2
10,0.103,0.01027,0.1181,0.010403999999999998,0.0841,0.6193690000000001,0.102,0.29,0.787,14.7,0.00046,0.00676,0.0001,4.13e-09,1.02
20,0.1007,0.01005,0.1169,0.010201000000000002,0.08236899999999998,0.6146560000000001,0.101,0.287,0.784,18.1,0.000492,0.00892,0.0001,2.74e-09,1.02
30,0.09914,0.009902,0.1159,0.010201000000000002,0.08122499999999999,0.6084,0.101,0.285,0.78,19.6,0.000479,0.00938,0.0001,1.82e-09,1.02
40,0.09806,0.009797,0.1148,0.010000000000000002,0.08008899999999998,0.6037290000000001,0.1,0.283,0.777,17.0,0.000514,0.00872,0.0001,3.52e-09,1.02
50,0.09719,0.009709,0.1135,0.009900250000000001,0.07952399999999998,0.597529,0.0995,0.282,0.773,18.4,0.000607,0.0111,0.0001,2.29e-09,1.02
60,0.09621,0.009611,0.1121,0.009801,0.07896100000000002,0.5882890000000001,0.099,0.281,0.767,18.2,0.000652,0.0119,0.0001,3.16e-09,1.02
70,0.09509,0.009496,0.1103,0.00968256,0.07840000000000001,0.579121,0.0984,0.28,0.761,16.9,0.000848,0.0144,0.0001,2.24e-09,1.02
80,0.09343,0.009319,0.1082,0.00950625,0.07728400000000002,0.567009,0.0975,0.278,0.753,15.6,0.0011,0.0173,0.0001,2.06e-09,1.02
90,0.09027,0.008987,0.1052,0.009158489999999998,0.07507600000000002,0.552049,0.0957,0.274,0.743,12.8,0.00158,0.0202,0.0001,2.32e-09,1.02
100,0.08435,0.00833,0.09933,0.00850084,0.07022500000000001,0.522729,0.0922,0.265,0.723,6.63,0.00403,0.0267,0.0001,1.83e-09,1.01
110,0.07458,0.007402,0.0899,0.007551610000000001,0.061503999999999996,0.47472099999999995,0.0869,0.248,0.689,5.28,0.00434,0.0229,0.0001,1.62e-09,1.0
120,0.06689,0.006582,0.08055,0.006724000000000001,0.058080999999999994,0.42380100000000004,0.082,0.241,0.651,3.44,0.00755,0.026,0.0001,1.8e-09,0.987
130,0.05161,0.004919,0.06108,0.0050268100000000005,0.04080400000000001,0.32376099999999997,0.0709,0.202,0.569,2.73,0.0192,0.0524,0.0001,1.8e-09,0.942
140,0.03534,0.003449,0.04482,0.0035283600000000004,0.0256,0.24009999999999998,0.0594,0.16,0.49,2.51,0.0117,0.0294,0.0001,1.79e-09,0.896
150,0.02631,0.002536,0.03335,0.0025908100000000002,0.017161000000000003,0.179776,0.0509,0.131,0.424,2.13,0.0169,0.0359,0.0001,1.52e-09,0.838
160,0.02065,0.002045,0.02592,0.0020884899999999997,0.010000000000000002,0.141376,0.0457,0.1,0.376,3.04,0.00851,0.0259,0.0001,1.58e-09,0.793
170,0.01937,0.00193,0.02305,0.00197136,0.00855625,0.12531599999999998,0.0444,0.0925,0.354,3.82,0.0052,0.0198,0.0001,1.2e-09,0.767
180,0.01879,0.001872,0.02125,0.0019096900000000003,0.00819025,0.11492100000000001,0.0437,0.0905,0.339,3.95,0.00465,0.0184,0.0001,9.63e-10,0.742
190,0.01763,0.001741,0.01895,0.0017724099999999999,0.0081,0.101761,0.0421,0.09,0.319,2.81,0.00892,0.0251,0.0001,4.09e-10,0.702
200,0.01303,0.00122,0.01296,0.00123904,0.006115240000000001,0.06916900000000001,0.0352,0.0782,0.263,1.36,0.0367,0.0499,0.0001,3.87e-10,0.574
210,0.003747,0.000289,0.002727,0.00029584,0.0030691599999999996,0.013456000000000001,0.0172,0.0554,0.116,0.694,0.137,0.0953,0.0001,1.78e-10,0.253
220,2.801e-05,1.751e-06,8.384e-06,1.6129000000000003e-06,2.42064e-05,3.0913599999999995e-05,0.00127,0.00492,0.00556,0.0895,0.29,0.026,0.0001,1.18e-10,0.0118
230,2.072e-06,1.839e-07,3.256e-07,1.1222500000000001e-07,1.4399999999999998e-06,7.242009999999999e-07,0.000335,0.0012,0.000851,0.0455,0.133,0.00608,0.0001,8.36e-11,0.00262
240,9.641e-07,9.234e-08,8.361e-08,3.9204e-08,4.0449599999999994e-07,1.225e-07,0.000198,0.000636,0.00035,0.0355,0.0743,0.00264,0.0001,7.86e-11,0.00168
250,7.15e-07,7.012e-08,4.322e-08,2.4336e-08,2.0976400000000002e-07,4.4521000000000005e-08,0.000156,0.000458,0.000211,0.0312,0.0455,0.00142,0.0001,8.46e-11,0.00145
260,6.155e-07,6.089e-08,3.033e-08,1.9043999999999998e-08,1.4516099999999999e-07,2.3716000000000002e-08,0.000138,0.000381,0.000154,0.0289,0.0307,0.000886,0.0001,8.2e-11,0.00135
270,5.621e-07,5.579e-08,2.455e-08,1.6384e-08,1.1560000000000002e-07,1.5625e-08,0.000128,0.00034,0.000125,0.0273,0.025,0.000684,0.0001,7.42e-11,0.0013
280,5.273e-07,5.244e-08,2.131e-08,1.4884e-08,9.859599999999999e-08,1.1449e-08,0.000122,0.000314,0.000107,0.0262,0.0204,0.000535,0.0001,8.39e-11,0.00127
290,5.023e-07,5.001e-08,1.926e-08,1.3924e-08,8.8209e-08,9.12025e-09,0.000118,0.000297,9.55e-05,0.0253,0.0167,0.000422,0.0001,5.99e-11,0.00125
300,4.829e-07,4.812e-08,1.783e-08,1.2996000000000001e-08,8.122499999999999e-08,7.586410000000001e-09,0.000114,0.000285,8.71e-05,0.0246,0.015,0.000368,0.0001,4.84e-11,0.00124
310,4.672e-07,4.658e-08,1.678e-08,1.2544e-08,7.5625e-08,6.674889999999999e-09,0.000112,0.000275,8.17e-05,0.0239,0.0135,0.000322,0.0001,7.08e-11,0.00122
320,4.538e-07,4.526e-08,1.595e-08,1.1881e-08,7.182400000000001e-08,5.9752899999999995e-09,0.000109,0.000268,7.73e-05,0.0234,0.0133,0.000311,0.0001,6.45e-11,0.00121
330,4.425e-07,4.415e-08,1.53e-08,1.1664e-08,6.8121e-08,5.5502499999999995e-09,0.000108,0.000261,7.45e-05,0.0229,0.0119,0.000274,0.0001,6.41e-11,0.0012
340,4.324e-07,4.315e-08,1.475e-08,1.1236e-08,6.5536e-08,5.155239999999999e-09,0.000106,0.000256,7.18e-05,0.0225,0.0107,0.000241,0.0001,7.41e-11,0.0012
350,4.235e-07,4.227e-08,1.428e-08,1.1025000000000001e-08,6.3504e-08,4.84416e-09,0.000105,0.000252,6.96e-05,0.0221,0.0106,0.000234,0.0001,6.1e-11,0.00119
360,4.152e-07,4.144e-08,1.387e-08,1.0609e-08,6.1504e-08,4.6376100000000005e-09,0.000103,0.000248,6.81e-05,0.0217,0.0105,0.000228,0.0001,6.32e-11,0.00118
370,4.074e-07,4.066e-08,1.349e-08,1.0404e-08,5.9536e-08,4.356e-09,0.000102,0.000244,6.6e-05,0.0213,0.0104,0.000221,0.0001,5.82e-11,0.00118
380,4.005e-07,3.999e-08,1.319e-08,1.0201e-08,5.8081e-08,4.3033599999999995e-09,0.000101,0.000241,6.56e-05,0.021,0.00936,0.000196,0.0001,4.67e-11,0.00117
390,3.941e-07,3.935e-08,1.29e-08,9.98001e-09,5.664400000000001e-08,4.134490000000001e-09,9.99e-05,0.000238,6.43e-05,0.0207,0.00926,0.000191,0.0001,7.51e-11,0.00117
400,3.88e-07,3.874e-08,1.263e-08,9.801e-09,5.5696e-08,3.969e-09,9.9e-05,0.000236,6.3e-05,0.0204,0.00917,0.000187,0.0001,7.52e-11,0.00116
410,3.821e-07,3.816e-08,1.238e-08,9.62361e-09,5.4289e-08,3.856410000000001e-09,9.81e-05,0.000233,6.21e-05,0.0201,0.00908,0.000182,0.0001,6.27e-11,0.00116
420,3.765e-07,3.76e-08,1.216e-08,9.447840000000002e-09,5.3361000000000004e-08,3.83161e-09,9.72e-05,0.000231,6.19e-05,0.0198,0.00899,0.000178,0.0001,7.05e-11,0.00115
430,3.712e-07,3.706e-08,1.194e-08,9.27369e-09,5.1984000000000004e-08,3.8068899999999995e-09,9.63e-05,0.000228,6.17e-05,0.0195,0.0089,0.000174,0.0001,6.14e-11,0.00115
440,3.661e-07,3.656e-08,1.173e-08,9.13936e-09,5.1075999999999994e-08,3.68449e-09,9.56e-05,0.000226,6.07e-05,0.0193,0.00882,0.00017,0.0001,5.84e-11,0.00114
450,3.612e-07,3.607e-08,1.154e-08,8.987040000000001e-09,5.0176e-08,3.6360900000000004e-09,9.48e-05,0.000224,6.03e-05,0.019,0.00874,0.000166,0.0001,8.08e-11,0.00114
460,3.563e-07,3.559e-08,1.136e-08,8.835999999999999e-09,4.9284e-08,3.6481599999999995e-09,9.4e-05,0.000222,6.04e-05,0.0188,0.00866,0.000162,0.0001,6.4e-11,0.00114
470,3.519e-07,3.514e-08,1.117e-08,8.70489e-09,4.8841e-08,3.52836e-09,9.33e-05,0.000221,5.94e-05,0.0185,0.00858,0.000159,0.0001,6.1e-11,0.00113
480,3.474e-07,3.47e-08,1.1e-08,8.57476e-09,4.7961e-08,3.5046400000000004e-09,9.26e-05,0.000219,5.92e-05,0.0183,0.0085,0.000155,0.0001,6.82e-11,0.00113
490,3.432e-07,3.428e-08,1.084e-08,8.44561e-09,4.708899999999999e-08,3.45744e-09,9.19e-05,0.000217,5.88e-05,0.0181,0.00843,0.000152,0.0001,4.83e-11,0.00112
500,3.392e-07,3.388e-08,1.07e-08,8.33569e-09,4.6656e-08,3.5046400000000004e-09,9.13e-05,0.000216,5.92e-05,0.0178,0.00836,0.000149,0.0001,5.02e-11,0.00112
510,3.353e-07,3.349e-08,1.055e-08,8.22649e-09,4.5796e-08,3.43396e-09,9.07e-05,0.000214,5.86e-05,0.0176,0.00829,0.000146,0.0001,4.9e-11,0.00112
520,3.314e-07,3.311e-08,1.041e-08,8.118009999999999e-09,4.4944e-08,3.38724e-09,9.01e-05,0.000212,5.82e-05,0.0174,0.00822,0.000143,0.0001,6.79e-11,0.00112
530,3.278e-07,3.274e-08,1.027e-08,7.99236e-09,4.4521000000000005e-08,3.3524099999999996e-09,8.94e-05,0.000211,5.79e-05,0.0172,0.00815,0.00014,0.0001,4.68e-11,0.00111
540,3.241e-07,3.237e-08,1.012e-08,7.88544e-09,4.3681000000000006e-08,3.3062500000000002e-09,8.88e-05,0.000209,5.75e-05,0.017,0.00889,0.000152,0.0001,4.53e-11,0.00111
550,3.204e-07,3.2e-08,9.991e-09,7.77924e-09,4.3263999999999996e-08,3.3062500000000002e-09,8.82e-05,0.000208,5.75e-05,0.0169,0.00882,0.000149,0.0001,5.03e-11,0.00111
560,3.168e-07,3.164e-08,9.845e-09,7.673760000000001e-09,4.2436e-08,3.26041e-09,8.76e-05,0.000206,5.71e-05,0.0166,0.00875,0.000146,0.0001,5.82e-11,0.0011
570,3.133e-07,3.129e-08,9.722e-09,7.586410000000001e-09,4.2025e-08,3.23761e-09,8.71e-05,0.000205,5.69e-05,0.0165,0.00868,0.000143,0.0001,4.65e-11,0.0011
580,3.098e-07,3.095e-08,9.596e-09,7.48225e-09,4.1209e-08,3.23761e-09,8.65e-05,0.000203,5.69e-05,0.0163,0.00862,0.00014,0.0001,5.4e-11,0.0011
590,3.066e-07,3.063e-08,9.462e-09,7.37881e-09,4.0804e-08,3.18096e-09,8.59e-05,0.000202,5.64e-05,0.0161,0.00855,0.000137,0.0001,4.58e-11,0.00109
600,3.034e-07,3.031e-08,9.357e-09,7.29316e-09,4.0401000000000006e-08,3.1922499999999996e-09,8.54e-05,0.000201,5.65e-05,0.0159,0.00849,0.000135,0.0001,4.93e-11,0.00109
610,3.003e-07,3e-08,9.237e-09,7.19104e-09,3.9601000000000005e-08,3.16969e-09,8.48e-05,0.000199,5.63e-05,0.0157,0.00842,0.000132,0.0001,4.72e-11,0.00109
620,2.974e-07,2.97e-08,9.133e-09,7.106490000000001e-09,3.9204e-08,3.16969e-09,8.43e-05,0.000198,5.63e-05,0.0156,0.00836,0.00013,0.0001,4.83e-11,0.00109
630,2.944e-07,2.942e-08,9.022e-09,7.02244e-09,3.8808999999999994e-08,3.16969e-09,8.38e-05,0.000197,5.63e-05,0.0154,0.0083,0.000128,0.0001,4.86e-11,0.00108
640,2.917e-07,2.914e-08,8.912e-09,6.938890000000001e-09,3.8025e-08,3.11364e-09,8.33e-05,0.000195,5.58e-05,0.0152,0.00824,0.000126,0.0001,5.44e-11,0.00108
650,2.89e-07,2.887e-08,8.805e-09,6.855839999999999e-09,3.7636e-08,3.08025e-09,8.28e-05,0.000194,5.55e-05,0.0151,0.00818,0.000123,0.0001,5.17e-11,0.00108
660,2.863e-07,2.86e-08,8.713e-09,6.7897599999999995e-09,3.7249e-08,3.11364e-09,8.24e-05,0.000193,5.58e-05,0.0149,0.00813,0.000121,0.0001,5.94e-11,0.00108
670,2.837e-07,2.835e-08,8.603e-09,6.70761e-09,3.6864000000000005e-08,3.01401e-09,8.19e-05,0.000192,5.49e-05,0.0148,0.00807,0.000119,0.0001,5.6e-11,0.00107
680,2.812e-07,2.81e-08,8.524e-09,6.64225e-09,3.6481e-08,3.08025e-09,8.15e-05,0.000191,5.55e-05,0.0147,0.00801,0.000117,0.0001,5.81e-11,0.00107
690,2.788e-07,2.786e-08,8.432e-09,6.577210000000001e-09,3.6100000000000006e-08,3.04704e-09,8.11e-05,0.00019,5.52e-05,0.0145,0.00796,0.000116,0.0001,4.83e-11,0.00107
700,2.765e-07,2.762e-08,8.334e-09,6.496359999999999e-09,3.5343999999999995e-08,2.99209e-09,8.06e-05,0.000188,5.47e-05,0.0144,0.00791,0.000114,0.0001,5.38e-11,0.00107
710,2.742e-07,2.74e-08,8.241e-09,6.43204e-09,3.4968999999999994e-08,2.94849e-09,8.02e-05,0.000187,5.43e-05,0.0142,0.00785,0.000112,0.0001,4.56e-11,0.00107
720,2.719e-07,2.717e-08,8.168e-09,6.36804e-09,3.4596e-08,3.01401e-09,7.98e-05,0.000186,5.49e-05,0.0141,0.0078,0.00011,0.0001,5.85e-11,0.00106
730,2.698e-07,2.696e-08,8.091e-09,6.304360000000001e-09,3.4225e-08,3.025e-09,7.94e-05,0.000185,5.5e-05,0.014,0.00775,0.000109,0.0001,4.65e-11,0.00106
740,2.676e-07,2.674e-08,8.002e-09,6.2409999999999994e-09,3.3856e-08,2.97025e-09,7.9e-05,0.000184,5.45e-05,0.0139,0.0077,0.000107,0.0001,6.19e-11,0.00106
750,2.654e-07,2.652e-08,7.913e-09,6.17796e-09,3.3489e-08,2.916e-09,7.86e-05,0.000183,5.4e-05,0.0137,0.00842,0.000116,0.0001,5.13e-11,0.00106
760,2.632e-07,2.63e-08,7.832e-09,6.115240000000001e-09,3.3124e-08,2.9376400000000002e-09,7.82e-05,0.000182,5.42e-05,0.0136,0.00837,0.000114,0.0001,4.85e-11,0.00106
770,2.611e-07,2.609e-08,7.741e-09,6.052839999999999e-09,3.2761000000000005e-08,2.90521e-09,7.78e-05,0.000181,5.39e-05,0.0135,0.00832,0.000112,0.0001,4.69e-11,0.00105
780,2.59e-07,2.588e-08,7.657e-09,5.990759999999999e-09,3.2400000000000006e-08,2.8729600000000004e-09,7.74e-05,0.00018,5.36e-05,0.0134,0.00826,0.00011,0.0001,5.1e-11,0.00105
790,2.57e-07,2.568e-08,7.581e-09,5.9290000000000005e-09,3.2040999999999996e-08,2.8515599999999996e-09,7.7e-05,0.000179,5.34e-05,0.0133,0.00821,0.000109,0.0001,6.13e-11,0.00105
800,2.55e-07,2.549e-08,7.503e-09,5.867560000000001e-09,3.1328999999999996e-08,2.83024e-09,7.66e-05,0.000177,5.32e-05,0.0131,0.00816,0.000107,0.0001,5.31e-11,0.00105
810,2.531e-07,2.529e-08,7.432e-09,5.8216899999999996e-09,3.0976e-08,2.84089e-09,7.63e-05,0.000176,5.33e-05,0.013,0.00812,0.000106,0.0001,5.17e-11,0.00105
820,2.513e-07,2.511e-08,7.363e-09,5.776000000000001e-09,3.0625e-08,2.809e-09,7.6e-05,0.000175,5.3e-05,0.0129,0.00807,0.000104,0.0001,5.8e-11,0.00104
830,2.495e-07,2.493e-08,7.284e-09,5.715359999999999e-09,3.0276e-08,2.77729e-09,7.56e-05,0.000174,5.27e-05,0.0128,0.00802,0.000103,0.0001,4.59e-11,0.00104
840,2.477e-07,2.475e-08,7.222e-09,5.67009e-09,2.9929e-08,2.7984099999999996e-09,7.53e-05,0.000173,5.29e-05,0.0127,0.00797,0.000101,0.0001,4.49e-11,0.00104
850,2.46e-07,2.458e-08,7.152e-09,5.610010000000001e-09,2.9584000000000002e-08,2.77729e-09,7.49e-05,0.000172,5.27e-05,0.0126,0.00793,9.98e-05,0.0001,4.91e-11,0.00104
860,2.443e-07,2.441e-08,7.08e-09,5.5651599999999994e-09,2.9241000000000004e-08,2.74576e-09,7.46e-05,0.000171,5.24e-05,0.0125,0.00788,9.84e-05,0.0001,5.54e-11,0.00104
870,2.426e-07,2.425e-08,7.016e-09,5.520490000000001e-09,2.9241000000000004e-08,2.7352899999999996e-09,7.43e-05,0.000171,5.23e-05,0.0124,0.00784,9.71e-05,0.0001,4.84e-11,0.00103
880,2.411e-07,2.409e-08,6.951e-09,5.461209999999999e-09,2.8900000000000004e-08,2.7352899999999996e-09,7.39e-05,0.00017,5.23e-05,0.0123,0.0078,9.57e-05,0.0001,4.88e-11,0.00103
890,2.395e-07,2.393e-08,6.882e-09,5.41696e-09,2.8560999999999997e-08,2.66256e-09,7.36e-05,0.000169,5.16e-05,0.0122,0.00775,9.45e-05,0.0001,3.96e-11,0.00103
900,2.38e-07,2.378e-08,6.822e-09,5.372890000000001e-09,2.8224e-08,2.6728900000000003e-09,7.33e-05,0.000168,5.17e-05,0.0121,0.00771,9.33e-05,0.0001,4.93e-11,0.00103
910,2.365e-07,2.363e-08,6.758e-09,5.329e-09,2.7889e-08,2.6419600000000003e-09,7.3e-05,0.000167,5.14e-05,0.012,0.00767,9.21e-05,0.0001,3.38e-11,0.00103
920,2.35e-07,2.349e-08,6.699e-09,5.2852900000000005e-09,2.7556e-08,2.6214399999999996e-09,7.27e-05,0.000166,5.12e-05,0.0119,0.00763,9.1e-05,0.0001,4.51e-11,0.00103
930,2.336e-07,2.334e-08,6.649e-09,5.25625e-09,2.7225e-08,2.65225e-09,7.25e-05,0.000165,5.15e-05,0.0118,0.00759,8.98e-05,0.0001,4.69e-11,0.00103
940,2.322e-07,2.321e-08,6.601e-09,5.212840000000001e-09,2.6896e-08,2.6728900000000003e-09,7.22e-05,0.000164,5.17e-05,0.0118,0.00755,8.87e-05,0.0001,4.16e-11,0.00102
950,2.308e-07,2.307e-08,6.531e-09,5.16961e-09,2.6569e-08,2.5908099999999997e-09,7.19e-05,0.000163,5.09e-05,0.0117,0.00751,8.76e-05,0.0001,4.52e-11,0.00102
960,2.295e-07,2.294e-08,6.485e-09,5.1265600000000005e-09,2.6569e-08,2.65225e-09,7.16e-05,0.000163,5.15e-05,0.0116,0.00747,8.66e-05,0.0001,4.92e-11,0.00102
970,2.281e-07,2.28e-08,6.421e-09,5.08369e-09,2.6244000000000003e-08,2.5603599999999996e-09,7.13e-05,0.000162,5.06e-05,0.0115,0.00743,8.55e-05,0.0001,5.27e-11,0.00102
980,2.268e-07,2.267e-08,6.365e-09,5.041e-09,2.5921000000000004e-08,2.55025e-09,7.1e-05,0.000161,5.05e-05,0.0114,0.00813,9.28e-05,0.0001,5.21e-11,0.00102
990,2.255e-07,2.254e-08,6.324e-09,5.01264e-09,2.5600000000000004e-08,2.601e-09,7.08e-05,0.00016,5.1e-05,0.0114,0.00736,8.35e-05,0.0001,4.26e-11,0.00102
1000,2.241e-07,2.24e-08,6.26e-09,4.970250000000001e-09,2.5280999999999997e-08,2.5300900000000003e-09,7.05e-05,0.000159,5.03e-05,0.0113,0.00805,9.08e-05,0.0001,5.01e-11,0.00101
1010,2.229e-07,2.227e-08,6.207e-09,4.92804e-09,2.4963999999999998e-08,2.55025e-09,7.02e-05,0.000158,5.05e-05,0.0112,0.00801,8.97e-05,0.0001,3.99e-11,0.00101
1020,2.217e-07,2.215e-08,6.157e-09,4.8860100000000006e-09,2.4648999999999998e-08,2.55025e-09,6.99e-05,0.000157,5.05e-05,0.0111,0.00797,8.86e-05,0.0001,4.77e-11,0.00101
1030,2.203e-07,2.202e-08,6.106e-09,4.85809e-09,2.4336e-08,2.52004e-09,6.97e-05,0.000156,5.02e-05,0.011,0.00793,8.75e-05,0.0001,4.42e-11,0.00101
1040,2.192e-07,2.19e-08,6.05e-09,4.8163600000000005e-09,2.4336e-08,2.5e-09,6.94e-05,0.000156,5e-05,0.011,0.00789,8.65e-05,0.0001,3.91e-11,0.00101
1050,2.179e-07,2.178e-08,5.995e-09,4.78864e-09,2.4025e-08,2.45025e-09,6.92e-05,0.000155,4.95e-05,0.0109,0.00786,8.56e-05,0.0001,5.63e-11,0.00101
1060,2.168e-07,2.166e-08,5.959e-09,4.747209999999999e-09,2.3716000000000002e-08,2.5e-09,6.89e-05,0.000154,5e-05,0.0108,0.00782,8.46e-05,0.0001,4.37e-11,0.00101
1070,2.156e-07,2.155e-08,5.899e-09,4.719690000000001e-09,2.3409e-08,2.44036e-09,6.87e-05,0.000153,4.94e-05,0.0107,0.00778,8.36e-05,0.0001,4.64e-11,0.001
1080,2.145e-07,2.144e-08,5.861e-09,4.67856e-09,2.3104000000000003e-08,2.47009e-09,6.84e-05,0.000152,4.97e-05,0.0107,0.00774,8.26e-05,0.0001,5.08e-11,0.001
1090,2.134e-07,2.133e-08,5.811e-09,4.651240000000001e-09,2.3104000000000003e-08,2.44036e-09,6.82e-05,0.000152,4.94e-05,0.0106,0.00771,8.17e-05,0.0001,3.84e-11,0.001
1100,2.123e-07,2.122e-08,5.773e-09,4.624e-09,2.2801000000000003e-08,2.46016e-09,6.8e-05,0.000151,4.96e-05,0.0105,0.00767,8.08e-05,0.0001,4.1e-11,0.001
1110,2.113e-07,2.112e-08,5.724e-09,4.596839999999999e-09,2.2499999999999996e-08,2.4108100000000003e-09,6.78e-05,0.00015,4.91e-05,0.0105,0.00764,7.99e-05,0.0001,4.12e-11,0.000999
1120,2.103e-07,2.102e-08,5.676e-09,4.55625e-09,2.2200999999999998e-08,2.401e-09,6.75e-05,0.000149,4.9e-05,0.0104,0.0076,7.91e-05,0.0001,3.81e-11,0.000998
1130,2.092e-07,2.091e-08,5.63e-09,4.529289999999999e-09,2.2200999999999998e-08,2.3619600000000004e-09,6.73e-05,0.000149,4.86e-05,0.0103,0.00757,7.83e-05,0.0001,3.49e-11,0.000997
1140,2.082e-07,2.082e-08,5.589e-09,4.50241e-09,2.1904e-08,2.35225e-09,6.71e-05,0.000148,4.85e-05,0.0103,0.00753,7.74e-05,0.0001,3.96e-11,0.000996
1150,2.073e-07,2.072e-08,5.548e-09,4.47561e-09,2.1609e-08,2.35225e-09,6.69e-05,0.000147,4.85e-05,0.0102,0.0075,7.66e-05,0.0001,4.23e-11,0.000994
1160,2.063e-07,2.063e-08,5.515e-09,4.4488899999999995e-09,2.1316e-08,2.35225e-09,6.67e-05,0.000146,4.85e-05,0.0102,0.00747,7.59e-05,0.0001,4.49e-11,0.000993
1170,2.054e-07,2.053e-08,5.473e-09,4.42225e-09,2.1316e-08,2.35225e-09,6.65e-05,0.000146,4.85e-05,0.0101,0.00744,7.5e-05,0.0001,4.28e-11,0.000992
1180,2.045e-07,2.044e-08,5.429e-09,4.39569e-09,2.1025e-08,2.3040000000000003e-09,6.63e-05,0.000145,4.8e-05,0.01,0.0074,7.43e-05,0.0001,4e-11,0.000991
1190,2.036e-07,2.035e-08,5.39e-09,4.369209999999999e-09,2.0736e-08,2.28484e-09,6.61e-05,0.000144,4.78e-05,0.00998,0.00737,7.36e-05,0.0001,3.7e-11,0.00099
1200,2.028e-07,2.026e-08,5.356e-09,4.34281e-09,2.0736e-08,2.3040000000000003e-09,6.59e-05,0.000144,4.8e-05,0.00993,0.00734,7.29e-05,0.0001,3.67e-11,0.000988
1210,2.019e-07,2.018e-08,5.318e-09,4.3164899999999994e-09,2.0449000000000003e-08,2.28484e-09,6.57e-05,0.000143,4.78e-05,0.00988,0.00731,7.22e-05,0.0001,3.82e-11,0.000987
1220,2.01e-07,2.01e-08,5.277e-09,4.290250000000001e-09,2.0164e-08,2.2562500000000004e-09,6.55e-05,0.000142,4.75e-05,0.00982,0.00728,7.14e-05,0.0001,4.14e-11,0.000986
1230,2.002e-07,2.001e-08,5.246e-09,4.26409e-09,2.0164e-08,2.26576e-09,6.53e-05,0.000142,4.76e-05,0.00977,0.00725,7.08e-05,0.0001,3.01e-11,0.000985
1240,1.994e-07,1.993e-08,5.212e-09,4.2380099999999995e-09,1.9881000000000004e-08,2.2562500000000004e-09,6.51e-05,0.000141,4.75e-05,0.00972,0.00722,7.01e-05,0.0001,3.38e-11,0.000984
1250,1.985e-07,1.985e-08,5.174e-09,4.212010000000001e-09,1.9599999999999997e-08,2.2467600000000002e-09,6.49e-05,0.00014,4.74e-05,0.00965,0.00719,6.93e-05,0.0001,3.99e-11,0.000983
1260,1.978e-07,1.977e-08,5.139e-09,4.18609e-09,1.9599999999999997e-08,2.21841e-09,6.47e-05,0.00014,4.71e-05,0.00962,0.00716,6.89e-05,0.0001,2.83e-11,0.000982
1270,1.97e-07,1.969e-08,5.112e-09,4.17316e-09,1.9320999999999998e-08,2.23729e-09,6.46e-05,0.000139,4.73e-05,0.00956,0.00713,6.82e-05,0.0001,3.32e-11,0.000981
1280,1.962e-07,1.962e-08,5.078e-09,4.147359999999999e-09,1.9043999999999998e-08,2.23729e-09,6.44e-05,0.000138,4.73e-05,0.00954,0.0071,6.77e-05,0.0001,3.17e-11,0.00098
1290,1.955e-07,1.954e-08,5.043e-09,4.12164e-09,1.9043999999999998e-08,2.19024e-09,6.42e-05,0.000138,4.68e-05,0.00947,0.00707,6.7e-05,0.0001,3.44e-11,0.000979
1300,1.947e-07,1.947e-08,5.009e-09,4.096e-09,1.8768999999999998e-08,2.19961e-09,6.4e-05,0.000137,4.69e-05,0.00942,0.00704,6.64e-05,0.0001,3.78e-11,0.000978
1310,1.94e-07,1.94e-08,4.979e-09,4.083209999999999e-09,1.8768999999999998e-08,2.1715600000000003e-09,6.39e-05,0.000137,4.66e-05,0.00938,0.00701,6.58e-05,0.0001,3.7e-11,0.000977
1320,1.933e-07,1.932e-08,4.947e-09,4.05769e-09,1.8496e-08,2.1715600000000003e-09,6.37e-05,0.000136,4.66e-05,0.00933,0.00699,6.52e-05,0.0001,4.16e-11,0.000976
1330,1.926e-07,1.925e-08,4.918e-09,4.0449600000000005e-09,1.8225e-08,2.16225e-09,6.36e-05,0.000135,4.65e-05,0.00929,0.00696,6.46e-05,0.0001,3.52e-11,0.000975
1340,1.919e-07,1.919e-08,4.888e-09,4.019559999999999e-09,1.8225e-08,2.1529600000000004e-09,6.34e-05,0.000135,4.64e-05,0.00924,0.00693,6.4e-05,0.0001,2.83e-11,0.000974
1350,1.912e-07,1.912e-08,4.858e-09,3.9942400000000005e-09,1.7956000000000002e-08,2.14369e-09,6.32e-05,0.000134,4.63e-05,0.00921,0.0069,6.36e-05,0.0001,3.4e-11,0.000973
1360,1.906e-07,1.905e-08,4.827e-09,3.98161e-09,1.7956000000000002e-08,2.116e-09,6.31e-05,0.000134,4.6e-05,0.00917,0.00757,6.94e-05,0.0001,3.24e-11,0.000972
1370,1.899e-07,1.899e-08,4.806e-09,3.95641e-09,1.7689e-08,2.1529600000000004e-09,6.29e-05,0.000133,4.64e-05,0.00912,0.00685,6.25e-05,0.0001,3.59e-11,0.000971
1380,1.893e-07,1.892e-08,4.77e-09,3.943839999999999e-09,1.7689e-08,2.116e-09,6.28e-05,0.000133,4.6e-05,0.00907,0.00683,6.19e-05,0.0001,3.13e-11,0.00097
1390,1.886e-07,1.886e-08,4.745e-09,3.918760000000001e-09,1.7424e-08,2.116e-09,6.26e-05,0.000132,4.6e-05,0.00902,0.0068,6.13e-05,0.0001,3.48e-11,0.000969
1400,1.88e-07,1.879e-08,4.717e-09,3.90625e-09,1.7161000000000004e-08,2.1068099999999997e-09,6.25e-05,0.000131,4.59e-05,0.00899,0.00677,6.09e-05,0.0001,3.98e-11,0.000968
1410,1.874e-07,1.873e-08,4.691e-09,3.89376e-09,1.7161000000000004e-08,2.08849e-09,6.24e-05,0.000131,4.57e-05,0.00895,0.00675,6.04e-05,0.0001,3.48e-11,0.000967
1420,1.867e-07,1.867e-08,4.659e-09,3.868839999999999e-09,1.6899999999999996e-08,2.06116e-09,6.22e-05,0.00013,4.54e-05,0.00891,0.0074,6.59e-05,0.0001,3.41e-11,0.000966
1430,1.861e-07,1.861e-08,4.631e-09,3.844e-09,1.6899999999999996e-08,2.06116e-09,6.2e-05,0.00013,4.54e-05,0.00887,0.0067,5.94e-05,0.0001,3.85e-11,0.000965
1440,1.856e-07,1.855e-08,4.605e-09,3.83161e-09,1.6640999999999997e-08,2.06116e-09,6.19e-05,0.000129,4.54e-05,0.00883,0.00667,5.9e-05,0.0001,3.28e-11,0.000964
1450,1.849e-07,1.848e-08,4.576e-09,3.8068899999999995e-09,1.6640999999999997e-08,2.04304e-09,6.17e-05,0.000129,4.52e-05,0.00877,0.00732,6.42e-05,0.0001,2.81e-11,0.000963
1460,1.843e-07,1.842e-08,4.552e-09,3.794560000000001e-09,1.6384e-08,2.04304e-09,6.16e-05,0.000128,4.52e-05,0.00874,0.00729,6.37e-05,0.0001,3.53e-11,0.000962
1470,1.837e-07,1.836e-08,4.528e-09,3.7699600000000005e-09,1.6384e-08,2.0520900000000005e-09,6.14e-05,0.000128,4.53e-05,0.00873,0.00726,6.34e-05,0.0001,4.25e-11,0.000961
1480,1.831e-07,1.83e-08,4.498e-09,3.75769e-09,1.6129e-08,2.0250000000000003e-09,6.13e-05,0.000127,4.5e-05,0.00866,0.00724,6.27e-05,0.0001,3.85e-11,0.00096
1490,1.825e-07,1.824e-08,4.469e-09,3.733209999999999e-09,1.5876e-08,2.0070399999999997e-09,6.11e-05,0.000126,4.48e-05,0.00863,0.00721,6.22e-05,0.0001,3.48e-11,0.000959
1500,1.819e-07,1.819e-08,4.449e-09,3.721e-09,1.5876e-08,2.01601e-09,6.1e-05,0.000126,4.49e-05,0.0086,0.00719,6.18e-05,0.0001,3.63e-11,0.000958
1510,1.813e-07,1.813e-08,4.415e-09,3.69664e-09,1.5625e-08,1.97136e-09,6.08e-05,0.000125,4.44e-05,0.00855,0.00716,6.12e-05,0.0001,3.56e-11,0.000958
1520,1.808e-07,1.807e-08,4.402e-09,3.68449e-09,1.5625e-08,2.0250000000000003e-09,6.07e-05,0.000125,4.5e-05,0.00853,0.00714,6.08e-05,0.0001,3.96e-11,0.000957
1530,1.802e-07,1.802e-08,4.371e-09,3.6723600000000003e-09,1.5376e-08,1.9802499999999996e-09,6.06e-05,0.000124,4.45e-05,0.00848,0.00711,6.03e-05,0.0001,3.08e-11,0.000956
1540,1.797e-07,1.796e-08,4.349e-09,3.66025e-09,1.5376e-08,1.97136e-09,6.05e-05,0.000124,4.44e-05,0.00845,0.00709,5.99e-05,0.0001,3.17e-11,0.000955
1550,1.791e-07,1.791e-08,4.329e-09,3.6360900000000004e-09,1.5129000000000003e-08,1.98916e-09,6.03e-05,0.000123,4.46e-05,0.00843,0.00706,5.95e-05,0.0001,3.12e-11,0.000954
1560,1.786e-07,1.785e-08,4.299e-09,3.62404e-09,1.5129000000000003e-08,1.95364e-09,6.02e-05,0.000123,4.42e-05,0.00838,0.00704,5.89e-05,0.0001,2.87e-11,0.000953
1570,1.781e-07,1.78e-08,4.278e-09,3.6000000000000004e-09,1.4884e-08,1.96249e-09,6e-05,0.000122,4.43e-05,0.00834,0.00701,5.85e-05,0.0001,3.24e-11,0.000952
1580,1.775e-07,1.775e-08,4.254e-09,3.58801e-09,1.4884e-08,1.936e-09,5.99e-05,0.000122,4.4e-05,0.0083,0.00699,5.8e-05,0.0001,4.16e-11,0.000951
1590,1.77e-07,1.77e-08,4.228e-09,3.5760399999999996e-09,1.4641e-08,1.9272100000000004e-09,5.98e-05,0.000121,4.39e-05,0.00827,0.00697,5.76e-05,0.0001,3.28e-11,0.000951
1600,1.765e-07,1.765e-08,4.211e-09,3.55216e-09,1.4641e-08,1.94481e-09,5.96e-05,0.000121,4.41e-05,0.00824,0.00694,5.72e-05,0.0001,3.26e-11,0.00095
1610,1.76e-07,1.76e-08,4.188e-09,3.5402500000000005e-09,1.4400000000000002e-08,1.9272100000000004e-09,5.95e-05,0.00012,4.39e-05,0.00821,0.00692,5.68e-05,0.0001,3.91e-11,0.000949
1620,1.755e-07,1.755e-08,4.163e-09,3.52836e-09,1.4400000000000002e-08,1.9009600000000004e-09,5.94e-05,0.00012,4.36e-05,0.00817,0.0069,5.64e-05,0.0001,2.93e-11,0.000948
1630,1.75e-07,1.75e-08,4.143e-09,3.5164899999999997e-09,1.4400000000000002e-08,1.9009600000000004e-09,5.93e-05,0.00012,4.36e-05,0.00814,0.00687,5.6e-05,0.0001,4.15e-11,0.000947
1640,1.745e-07,1.745e-08,4.12e-09,3.49281e-09,1.4161000000000002e-08,1.89225e-09,5.91e-05,0.000119,4.35e-05,0.0081,0.00685,5.55e-05,0.0001,3.48e-11,0.000947
1650,1.741e-07,1.74e-08,4.106e-09,3.49281e-09,1.4161000000000002e-08,1.9009600000000004e-09,5.91e-05,0.000119,4.36e-05,0.00809,0.00683,5.53e-05,0.0001,3.89e-11,0.000946
1660,1.736e-07,1.736e-08,4.082e-09,3.4692100000000003e-09,1.3924e-08,1.89225e-09,5.89e-05,0.000118,4.35e-05,0.00804,0.00681,5.47e-05,0.0001,3.65e-11,0.000945
1670,1.732e-07,1.731e-08,4.063e-09,3.45744e-09,1.3924e-08,1.8748900000000003e-09,5.88e-05,0.000118,4.33e-05,0.00801,0.00679,5.44e-05,0.0001,3.28e-11,0.000944
1680,1.727e-07,1.726e-08,4.042e-09,3.4456899999999995e-09,1.3689e-08,1.8835599999999996e-09,5.87e-05,0.000117,4.34e-05,0.00799,0.00676,5.4e-05,0.0001,3.75e-11,0.000943
1690,1.723e-07,1.722e-08,4.021e-09,3.43396e-09,1.3689e-08,1.8490000000000001e-09,5.86e-05,0.000117,4.3e-05,0.00796,0.00674,5.37e-05,0.0001,2.69e-11,0.000943
1700,1.718e-07,1.718e-08,4e-09,3.4105600000000003e-09,1.3456e-08,1.8490000000000001e-09,5.84e-05,0.000116,4.3e-05,0.00792,0.00672,5.33e-05,0.0001,2.9e-11,0.000942
1710,1.714e-07,1.713e-08,3.984e-09,3.4105600000000003e-09,1.3456e-08,1.8490000000000001e-09,5.84e-05,0.000116,4.3e-05,0.00791,0.00737,5.83e-05,0.0001,2.96e-11,0.000941
1720,1.709e-07,1.709e-08,3.967e-09,3.39889e-09,1.3456e-08,1.8490000000000001e-09,5.83e-05,0.000116,4.3e-05,0.00787,0.00735,5.78e-05,0.0001,2.91e-11,0.00094
1730,1.705e-07,1.704e-08,3.944e-09,3.3756100000000005e-09,1.3225000000000001e-08,1.82329e-09,5.81e-05,0.000115,4.27e-05,0.00783,0.00732,5.73e-05,0.0001,3.13e-11,0.00094
1740,1.701e-07,1.7e-08,3.926e-09,3.364e-09,1.3225000000000001e-08,1.8147599999999998e-09,5.8e-05,0.000115,4.26e-05,0.00781,0.0073,5.7e-05,0.0001,3.39e-11,0.000939
1750,1.696e-07,1.696e-08,3.908e-09,3.3524099999999996e-09,1.2996000000000001e-08,1.82329e-09,5.79e-05,0.000114,4.27e-05,0.00777,0.00728,5.66e-05,0.0001,3.59e-11,0.000938
1760,1.692e-07,1.691e-08,3.888e-09,3.3408400000000002e-09,1.2996000000000001e-08,1.8147599999999998e-09,5.78e-05,0.000114,4.26e-05,0.00777,0.0066,5.12e-05,0.0001,3.98e-11,0.000937
1770,1.687e-07,1.687e-08,3.873e-09,3.3292899999999998e-09,1.2768999999999998e-08,1.8318399999999997e-09,5.77e-05,0.000113,4.28e-05,0.00773,0.00658,5.08e-05,0.0001,2.39e-11,0.000937
1780,1.684e-07,1.683e-08,3.852e-09,3.3177599999999995e-09,1.2768999999999998e-08,1.8062500000000003e-09,5.76e-05,0.000113,4.25e-05,0.00769,0.00721,5.55e-05,0.0001,3.03e-11,0.000936
1790,1.679e-07,1.679e-08,3.832e-09,3.3062500000000002e-09,1.2768999999999998e-08,1.78929e-09,5.75e-05,0.000113,4.23e-05,0.00767,0.00719,5.52e-05,0.0001,3.34e-11,0.000935
1800,1.675e-07,1.674e-08,3.812e-09,3.29476e-09,1.2544e-08,1.77241e-09,5.74e-05,0.000112,4.21e-05,0.00764,0.00717,5.48e-05,0.0001,2.09e-11,0.000935
1810,1.671e-07,1.67e-08,3.799e-09,3.2832899999999997e-09,1.2544e-08,1.78929e-09,5.73e-05,0.000112,4.23e-05,0.00762,0.00715,5.45e-05,0.0001,3.6e-11,0.000934
1820,1.667e-07,1.666e-08,3.778e-09,3.26041e-09,1.2321e-08,1.764e-09,5.71e-05,0.000111,4.2e-05,0.00759,0.00713,5.41e-05,0.0001,2.7e-11,0.000933
1830,1.663e-07,1.662e-08,3.761e-09,3.2490000000000003e-09,1.2321e-08,1.764e-09,5.7e-05,0.000111,4.2e-05,0.00756,0.00711,5.37e-05,0.0001,3.55e-11,0.000932
1840,1.659e-07,1.658e-08,3.748e-09,3.23761e-09,1.2321e-08,1.7808400000000002e-09,5.69e-05,0.000111,4.22e-05,0.00753,0.00708,5.33e-05,0.0001,2.32e-11,0.000932
1850,1.654e-07,1.654e-08,3.729e-09,3.22624e-09,1.21e-08,1.764e-09,5.68e-05,0.00011,4.2e-05,0.00752,0.00706,5.31e-05,0.0001,2.26e-11,0.000931
1860,1.65e-07,1.65e-08,3.706e-09,3.2148900000000003e-09,1.21e-08,1.7388899999999998e-09,5.67e-05,0.00011,4.17e-05,0.00747,0.00704,5.26e-05,0.0001,2.41e-11,0.00093
1870,1.647e-07,1.646e-08,3.686e-09,3.20356e-09,1.1881e-08,1.7139599999999997e-09,5.66e-05,0.000109,4.14e-05,0.00745,0.00702,5.23e-05,0.0001,3.46e-11,0.000929
1880,1.642e-07,1.642e-08,3.673e-09,3.1922499999999996e-09,1.1881e-08,1.72225e-09,5.65e-05,0.000109,4.15e-05,0.00743,0.007,5.2e-05,0.0001,3.96e-11,0.000929
1890,1.639e-07,1.638e-08,3.658e-09,3.18096e-09,1.1881e-08,1.73056e-09,5.64e-05,0.000109,4.16e-05,0.0074,0.00698,5.17e-05,0.0001,3.06e-11,0.000928
1900,1.635e-07,1.634e-08,3.643e-09,3.16969e-09,1.1664e-08,1.73056e-09,5.63e-05,0.000108,4.16e-05,0.00738,0.00696,5.14e-05,0.0001,2.63e-11,0.000927
1910,1.632e-07,1.631e-08,3.622e-09,3.1584399999999997e-09,1.1664e-08,1.6974399999999999e-09,5.62e-05,0.000108,4.12e-05,0.00735,0.00694,5.1e-05,0.0001,2.77e-11,0.000927
1920,1.627e-07,1.627e-08,3.607e-09,3.1472100000000003e-09,1.1664e-08,1.7056900000000001e-09,5.61e-05,0.000108,4.13e-05,0.00731,0.00692,5.06e-05,0.0001,3.33e-11,0.000926
1930,1.623e-07,1.623e-08,3.594e-09,3.136e-09,1.1449e-08,1.7056900000000001e-09,5.6e-05,0.000107,4.13e-05,0.0073,0.0069,5.04e-05,0.0001,2.3e-11,0.000925
1940,1.62e-07,1.62e-08,3.577e-09,3.1248099999999997e-09,1.1449e-08,1.6892100000000002e-09,5.59e-05,0.000107,4.11e-05,0.00727,0.00688,5.01e-05,0.0001,3.07e-11,0.000925
1950,1.617e-07,1.616e-08,3.566e-09,3.11364e-09,1.1236e-08,1.6974399999999999e-09,5.58e-05,0.000106,4.12e-05,0.00725,0.00687,4.98e-05,0.0001,2.68e-11,0.000924
1960,1.613e-07,1.613e-08,3.548e-09,3.1024899999999997e-09,1.1236e-08,1.6892100000000002e-09,5.57e-05,0.000106,4.11e-05,0.00722,0.00685,4.94e-05,0.0001,2.99e-11,0.000923
1970,1.61e-07,1.609e-08,3.532e-09,3.0913600000000004e-09,1.1236e-08,1.681e-09,5.56e-05,0.000106,4.1e-05,0.00721,0.00683,4.92e-05,0.0001,2.91e-11,0.000923
1980,1.606e-07,1.605e-08,3.516e-09,3.08025e-09,1.1025000000000001e-08,1.6646400000000002e-09,5.55e-05,0.000105,4.08e-05,0.00719,0.00681,4.89e-05,0.0001,2.24e-11,0.000922
1990,1.603e-07,1.602e-08,3.501e-09,3.0691599999999998e-09,1.1025000000000001e-08,1.6646400000000002e-09,5.54e-05,0.000105,4.08e-05,0.00716,0.00679,4.86e-05,0.0001,2.25e-11,0.000921
2000,1.599e-07,1.599e-08,3.491e-09,3.0691599999999998e-09,1.1025000000000001e-08,1.65649e-09,5.54e-05,0.000105,4.07e-05,0.00713,0.00677,4.83e-05,0.0001,2.44e-11,0.000921
2010,1.596e-07,1.595e-08,3.477e-09,3.05809e-09,1.0815999999999999e-08,1.6646400000000002e-09,5.53e-05,0.000104,4.08e-05,0.0071,0.00675,4.79e-05,0.0001,3.7e-11,0.00092
2020,1.592e-07,1.592e-08,3.453e-09,3.0360099999999997e-09,1.0815999999999999e-08,1.6240899999999997e-09,5.51e-05,0.000104,4.03e-05,0.00708,0.00673,4.77e-05,0.0001,2.93e-11,0.000919
2030,1.589e-07,1.589e-08,3.449e-09,3.0360099999999997e-09,1.0815999999999999e-08,1.6483599999999999e-09,5.51e-05,0.000104,4.06e-05,0.00707,0.00672,4.75e-05,0.0001,2.4e-11,0.000919
2040,1.586e-07,1.585e-08,3.429e-09,3.01401e-09,1.0609e-08,1.6321599999999999e-09,5.49e-05,0.000103,4.04e-05,0.00705,0.0067,4.72e-05,0.0001,2.42e-11,0.000918
2050,1.582e-07,1.582e-08,3.417e-09,3.01401e-09,1.0609e-08,1.6160400000000001e-09,5.49e-05,0.000103,4.02e-05,0.00702,0.00668,4.69e-05,0.0001,2.43e-11,0.000918
2060,1.579e-07,1.579e-08,3.4e-09,3.0030399999999996e-09,1.0609e-08,1.6160400000000001e-09,5.48e-05,0.000103,4.02e-05,0.007,0.00666,4.66e-05,0.0001,2.31e-11,0.000917
2070,1.576e-07,1.576e-08,3.392e-09,2.99209e-09,1.0609e-08,1.6321599999999999e-09,5.47e-05,0.000103,4.04e-05,0.00698,0.00664,4.64e-05,0.0001,2.95e-11,0.000916
2080,1.573e-07,1.573e-08,3.381e-09,2.98116e-09,1.0404e-08,1.6321599999999999e-09,5.46e-05,0.000102,4.04e-05,0.00697,0.00663,4.62e-05,0.0001,1.96e-11,0.000916
2090,1.569e-07,1.569e-08,3.367e-09,2.98116e-09,1.0404e-08,1.6160400000000001e-09,5.46e-05,0.000102,4.02e-05,0.00694,0.00661,4.59e-05,0.0001,2.75e-11,0.000915
2100,1.566e-07,1.566e-08,3.35e-09,2.97025e-09,1.0404e-08,1.59201e-09,5.45e-05,0.000102,3.99e-05,0.00691,0.00659,4.56e-05,0.0001,2.67e-11,0.000915
2110,1.564e-07,1.563e-08,3.338e-09,2.95936e-09,1.0201e-08,1.5840399999999998e-09,5.44e-05,0.000101,3.98e-05,0.0069,0.00723,4.99e-05,0.0001,3.45e-11,0.000914
2120,1.56e-07,1.56e-08,3.326e-09,2.94849e-09,1.0201e-08,1.59201e-09,5.43e-05,0.000101,3.99e-05,0.00688,0.00656,4.51e-05,0.0001,3.1e-11,0.000913
2130,1.557e-07,1.557e-08,3.311e-09,2.9376400000000002e-09,1.0201e-08,1.5840399999999998e-09,5.42e-05,0.000101,3.98e-05,0.00685,0.00654,4.48e-05,0.0001,2.56e-11,0.000913
2140,1.555e-07,1.554e-08,3.303e-09,2.92681e-09,1e-08,1.5840399999999998e-09,5.41e-05,0.0001,3.98e-05,0.00683,0.00653,4.46e-05,0.0001,2.85e-11,0.000912
2150,1.551e-07,1.551e-08,3.287e-09,2.916e-09,1e-08,1.5840399999999998e-09,5.4e-05,0.0001,3.98e-05,0.00681,0.00716,4.88e-05,0.0001,2.47e-11,0.000912
2160,1.548e-07,1.548e-08,3.269e-09,2.90521e-09,9.96004e-09,1.54449e-09,5.39e-05,9.98e-05,3.93e-05,0.00678,0.00714,4.84e-05,0.0001,2.56e-11,0.000911
2170,1.545e-07,1.545e-08,3.256e-09,2.90521e-09,9.900250000000001e-09,1.5366399999999998e-09,5.39e-05,9.95e-05,3.92e-05,0.00677,0.00712,4.82e-05,0.0001,2.9e-11,0.00091
2180,1.542e-07,1.542e-08,3.25e-09,2.89444e-09,9.84064e-09,1.56816e-09,5.38e-05,9.92e-05,3.96e-05,0.00675,0.00646,4.36e-05,0.0001,2.43e-11,0.00091
2190,1.54e-07,1.539e-08,3.234e-09,2.8836899999999996e-09,9.78121e-09,1.5602499999999999e-09,5.37e-05,9.89e-05,3.95e-05,0.00672,0.00709,4.77e-05,0.0001,3.52e-11,0.000909
2200,1.536e-07,1.536e-08,3.228e-09,2.8729600000000004e-09,9.72196e-09,1.56816e-09,5.36e-05,9.86e-05,3.96e-05,0.0067,0.00707,4.74e-05,0.0001,3.2e-11,0.000909
2210,1.533e-07,1.533e-08,3.212e-09,2.86225e-09,9.662890000000002e-09,1.5523600000000002e-09,5.35e-05,9.83e-05,3.94e-05,0.00669,0.00705,4.72e-05,0.0001,3.1e-11,0.000908
2220,1.53e-07,1.53e-08,3.199e-09,2.86225e-09,9.604e-09,1.5366399999999998e-09,5.35e-05,9.8e-05,3.92e-05,0.00666,0.00703,4.68e-05,0.0001,2.24e-11,0.000907
2230,1.527e-07,1.527e-08,3.184e-09,2.84089e-09,9.54529e-09,1.5288100000000002e-09,5.33e-05,9.77e-05,3.91e-05,0.00664,0.00702,4.66e-05,0.0001,2.11e-11,0.000907
2240,1.524e-07,1.524e-08,3.175e-09,2.84089e-09,9.486759999999999e-09,1.5288100000000002e-09,5.33e-05,9.74e-05,3.91e-05,0.00662,0.007,4.64e-05,0.0001,1.81e-11,0.000906
2250,1.521e-07,1.521e-08,3.159e-09,2.83024e-09,9.42841e-09,1.5132099999999998e-09,5.32e-05,9.71e-05,3.89e-05,0.0066,0.00698,4.61e-05,0.0001,4.06e-11,0.000906
2260,1.518e-07,1.518e-08,3.152e-09,2.8196100000000004e-09,9.37024e-09,1.521e-09,5.31e-05,9.68e-05,3.9e-05,0.00659,0.00697,4.59e-05,0.0001,3.34e-11,0.000905
2270,1.516e-07,1.515e-08,3.136e-09,2.809e-09,9.33156e-09,1.5054400000000001e-09,5.3e-05,9.66e-05,3.88e-05,0.00657,0.00695,4.56e-05,0.0001,2.17e-11,0.000905
2280,1.513e-07,1.512e-08,3.125e-09,2.7984099999999996e-09,9.27369e-09,1.5132099999999998e-09,5.29e-05,9.63e-05,3.89e-05,0.00654,0.00693,4.54e-05,0.0001,2.54e-11,0.000904
2290,1.51e-07,1.509e-08,3.116e-09,2.7984099999999996e-09,9.216000000000001e-09,1.5054400000000001e-09,5.29e-05,9.6e-05,3.88e-05,0.00653,0.00691,4.52e-05,0.0001,2.84e-11,0.000903
2300,1.507e-07,1.507e-08,3.106e-09,2.78784e-09,9.158489999999999e-09,1.5132099999999998e-09,5.28e-05,9.57e-05,3.89e-05,0.00652,0.0069,4.5e-05,0.0001,2.35e-11,0.000903
2310,1.504e-07,1.504e-08,3.089e-09,2.77729e-09,9.12025e-09,1.47456e-09,5.27e-05,9.55e-05,3.84e-05,0.00649,0.00688,4.47e-05,0.0001,2.34e-11,0.000902
2320,1.502e-07,1.501e-08,3.08e-09,2.7667599999999997e-09,9.06304e-09,1.4822500000000001e-09,5.26e-05,9.52e-05,3.85e-05,0.00647,0.00687,4.44e-05,0.0001,1.76e-11,0.000902
2330,1.499e-07,1.499e-08,3.069e-09,2.7667599999999997e-09,9.006010000000001e-09,1.4822500000000001e-09,5.26e-05,9.49e-05,3.85e-05,0.00645,0.00685,4.42e-05,0.0001,3e-11,0.000901
2340,1.496e-07,1.496e-08,3.055e-09,2.7562500000000003e-09,8.96809e-09,1.4668900000000003e-09,5.25e-05,9.47e-05,3.83e-05,0.00643,0.00683,4.39e-05,0.0001,2.88e-11,0.000901
2350,1.493e-07,1.493e-08,3.045e-09,2.74576e-09,8.91136e-09,1.45161e-09,5.24e-05,9.44e-05,3.81e-05,0.00642,0.00682,4.38e-05,0.0001,2.96e-11,0.0009
2360,1.491e-07,1.491e-08,3.036e-09,2.7352899999999996e-09,8.87364e-09,1.4668900000000003e-09,5.23e-05,9.42e-05,3.83e-05,0.0064,0.0068,4.36e-05,0.0001,2.69e-11,0.0009
2370,1.488e-07,1.488e-08,3.029e-09,2.7352899999999996e-09,8.817210000000001e-09,1.45924e-09,5.23e-05,9.39e-05,3.82e-05,0.00638,0.00678,4.33e-05,0.0001,3.58e-11,0.000899
2380,1.485e-07,1.485e-08,3.019e-09,2.7248400000000003e-09,8.77969e-09,1.47456e-09,5.22e-05,9.37e-05,3.84e-05,0.00637,0.00677,4.31e-05,0.0001,3.23e-11,0.000899
2390,1.483e-07,1.483e-08,3.002e-09,2.71441e-09,8.72356e-09,1.43641e-09,5.21e-05,9.34e-05,3.79e-05,0.00635,0.00675,4.29e-05,0.0001,2.56e-11,0.000898
2400,1.481e-07,1.48e-08,2.997e-09,2.7039999999999998e-09,8.686240000000001e-09,1.45924e-09,5.2e-05,9.32e-05,3.82e-05,0.00634,0.00674,4.27e-05,0.0001,3.34e-11,0.000898
2410,1.478e-07,1.478e-08,2.982e-09,2.7039999999999998e-09,8.630409999999999e-09,1.4288399999999998e-09,5.2e-05,9.29e-05,3.78e-05,0.0063,0.00672,4.24e-05,0.0001,2.39e-11,0.000897
2420,1.475e-07,1.475e-08,2.973e-09,2.69361e-09,8.593290000000001e-09,1.4288399999999998e-09,5.19e-05,9.27e-05,3.78e-05,0.00629,0.00671,4.22e-05,0.0001,3.95e-11,0.000897
2430,1.473e-07,1.473e-08,2.967e-09,2.68324e-09,8.55625e-09,1.4288399999999998e-09,5.18e-05,9.25e-05,3.78e-05,0.00628,0.00669,4.2e-05,0.0001,2.73e-11,0.000896
2440,1.47e-07,1.47e-08,2.955e-09,2.6728900000000003e-09,8.500840000000001e-09,1.4288399999999998e-09,5.17e-05,9.22e-05,3.78e-05,0.00627,0.00668,4.18e-05,0.0001,2.14e-11,0.000896
2450,1.469e-07,1.468e-08,2.948e-09,2.6728900000000003e-09,8.464e-09,1.43641e-09,5.17e-05,9.2e-05,3.79e-05,0.00624,0.00666,4.16e-05,0.0001,2.74e-11,0.000895
2460,1.466e-07,1.465e-08,2.937e-09,2.66256e-09,8.427239999999999e-09,1.4137599999999999e-09,5.16e-05,9.18e-05,3.76e-05,0.00622,0.00665,4.13e-05,0.0001,2.88e-11,0.000895
2470,1.464e-07,1.463e-08,2.927e-09,2.65225e-09,8.37225e-09,1.4137599999999999e-09,5.15e-05,9.15e-05,3.76e-05,0.00621,0.00729,4.53e-05,0.0001,2.31e-11,0.000894
2480,1.461e-07,1.461e-08,2.917e-09,2.65225e-09,8.33569e-09,1.4137599999999999e-09,5.15e-05,9.13e-05,3.76e-05,0.00618,0.00662,4.09e-05,0.0001,2.32e-11,0.000894
2490,1.459e-07,1.458e-08,2.908e-09,2.6419600000000003e-09,8.299210000000001e-09,1.4062499999999998e-09,5.14e-05,9.11e-05,3.75e-05,0.00618,0.0066,4.08e-05,0.0001,2.41e-11,0.000893
2500,1.456e-07,1.456e-08,2.899e-09,2.6419600000000003e-09,8.26281e-09,1.39876e-09,5.14e-05,9.09e-05,3.74e-05,0.00616,0.00725,4.47e-05,0.0001,3.04e-11,0.000893
2510,1.453e-07,1.453e-08,2.891e-09,2.63169e-09,8.208360000000002e-09,1.4062499999999998e-09,5.13e-05,9.06e-05,3.75e-05,0.00616,0.00657,4.05e-05,0.0001,2.34e-11,0.000892
2520,1.451e-07,1.451e-08,2.879e-09,2.6214399999999996e-09,8.17216e-09,1.39876e-09,5.12e-05,9.04e-05,3.74e-05,0.00612,0.00656,4.02e-05,0.0001,3.18e-11,0.000892
2530,1.449e-07,1.448e-08,2.866e-09,2.61121e-09,8.136039999999999e-09,1.369e-09,5.11e-05,9.02e-05,3.7e-05,0.00611,0.0072,4.4e-05,0.0001,2.01e-11,0.000891
2540,1.446e-07,1.446e-08,2.862e-09,2.61121e-09,8.100000000000001e-09,1.3912899999999999e-09,5.11e-05,9e-05,3.73e-05,0.00611,0.00718,4.38e-05,0.0001,2.43e-11,0.000891
2550,1.444e-07,1.444e-08,2.854e-09,2.601e-09,8.04609e-09,1.3912899999999999e-09,5.1e-05,8.97e-05,3.73e-05,0.00608,0.00717,4.36e-05,0.0001,2.87e-11,0.00089
2560,1.442e-07,1.441e-08,2.844e-09,2.5908099999999997e-09,8.010249999999999e-09,1.3838400000000003e-09,5.09e-05,8.95e-05,3.72e-05,0.00607,0.00715,4.34e-05,0.0001,1.98e-11,0.00089
2570,1.44e-07,1.439e-08,2.834e-09,2.5806400000000003e-09,7.97449e-09,1.3838400000000003e-09,5.08e-05,8.93e-05,3.72e-05,0.00606,0.00714,4.32e-05,0.0001,2.39e-11,0.000889
2580,1.437e-07,1.437e-08,2.825e-09,2.5806400000000003e-09,7.93881e-09,1.3838400000000003e-09,5.08e-05,8.91e-05,3.72e-05,0.00604,0.00712,4.3e-05,0.0001,2.24e-11,0.000889
2590,1.434e-07,1.434e-08,2.814e-09,2.57049e-09,7.90321e-09,1.3616100000000002e-09,5.07e-05,8.89e-05,3.69e-05,0.00602,0.0071,4.28e-05,0.0001,2.25e-11,0.000888
2600,1.432e-07,1.432e-08,2.804e-09,2.5603599999999996e-09,7.86769e-09,1.3468899999999999e-09,5.06e-05,8.87e-05,3.67e-05,0.00599,0.00709,4.25e-05,0.0001,2.89e-11,0.000888
2610,1.43e-07,1.43e-08,2.798e-09,2.5603599999999996e-09,7.832249999999999e-09,1.3616100000000002e-09,5.06e-05,8.85e-05,3.69e-05,0.00598,0.00707,4.23e-05,0.0001,2e-11,0.000887
2620,1.427e-07,1.427e-08,2.789e-09,2.55025e-09,7.77924e-09,1.37641e-09,5.05e-05,8.82e-05,3.71e-05,0.00597,0.00642,3.83e-05,0.0001,2.63e-11,0.000887
2630,1.425e-07,1.425e-08,2.778e-09,2.54016e-09,7.744e-09,1.3468899999999999e-09,5.04e-05,8.8e-05,3.67e-05,0.00595,0.00704,4.19e-05,0.0001,2.61e-11,0.000886
2640,1.423e-07,1.423e-08,2.769e-09,2.54016e-09,7.708840000000002e-09,1.33956e-09,5.04e-05,8.78e-05,3.66e-05,0.00594,0.00703,4.17e-05,0.0001,2.14e-11,0.000886
2650,1.421e-07,1.421e-08,2.76e-09,2.5300900000000003e-09,7.673760000000001e-09,1.33225e-09,5.03e-05,8.76e-05,3.65e-05,0.00593,0.00701,4.16e-05,0.0001,2.82e-11,0.000885
2660,1.418e-07,1.418e-08,2.755e-09,2.5300900000000003e-09,7.63876e-09,1.3468899999999999e-09,5.03e-05,8.74e-05,3.67e-05,0.00591,0.007,4.14e-05,0.0001,2.74e-11,0.000885
2670,1.417e-07,1.416e-08,2.747e-09,2.52004e-09,7.603840000000002e-09,1.3468899999999999e-09,5.02e-05,8.72e-05,3.67e-05,0.0059,0.00699,4.12e-05,0.0001,2.19e-11,0.000884
2680,1.414e-07,1.414e-08,2.732e-09,2.5100099999999997e-09,7.569e-09,1.3104399999999999e-09,5.01e-05,8.7e-05,3.62e-05,0.00587,0.00697,4.09e-05,0.0001,1.86e-11,0.000884
2690,1.412e-07,1.411e-08,2.73e-09,2.5e-09,7.534239999999999e-09,1.3468899999999999e-09,5e-05,8.68e-05,3.67e-05,0.00586,0.00696,4.08e-05,0.0001,2.37e-11,0.000883
2700,1.41e-07,1.409e-08,2.718e-09,2.5e-09,7.499560000000001e-09,1.31769e-09,5e-05,8.66e-05,3.63e-05,0.00586,0.00694,4.06e-05,0.0001,2.73e-11,0.000883
2710,1.407e-07,1.407e-08,2.709e-09,2.49001e-09,7.46496e-09,1.31769e-09,4.99e-05,8.64e-05,3.63e-05,0.00584,0.00693,4.04e-05,0.0001,2.01e-11,0.000882
2720,1.405e-07,1.405e-08,2.7e-09,2.4800399999999996e-09,7.430439999999999e-09,1.3032100000000003e-09,4.98e-05,8.62e-05,3.61e-05,0.00581,0.00691,4.02e-05,0.0001,3.35e-11,0.000882
2730,1.403e-07,1.403e-08,2.696e-09,2.4800399999999996e-09,7.3960000000000005e-09,1.31769e-09,4.98e-05,8.6e-05,3.63e-05,0.00581,0.0069,4.01e-05,0.0001,2.59e-11,0.000882
2740,1.401e-07,1.4e-08,2.687e-09,2.47009e-09,7.361639999999999e-09,1.31769e-09,4.97e-05,8.58e-05,3.63e-05,0.00579,0.00688,3.99e-05,0.0001,2.75e-11,0.000881
2750,1.399e-07,1.398e-08,2.673e-09,2.46016e-09,7.327359999999999e-09,1.2816400000000001e-09,4.96e-05,8.56e-05,3.58e-05,0.00577,0.00687,3.96e-05,0.0001,2.73e-11,0.000881
2760,1.397e-07,1.396e-08,2.668e-09,2.46016e-09,7.29316e-09,1.2888099999999998e-09,4.96e-05,8.54e-05,3.59e-05,0.00575,0.00686,3.94e-05,0.0001,3.01e-11,0.00088
2770,1.395e-07,1.394e-08,2.657e-09,2.45025e-09,7.259039999999999e-09,1.2673599999999999e-09,4.95e-05,8.52e-05,3.56e-05,0.00574,0.00684,3.93e-05,0.0001,2.32e-11,0.00088
2780,1.392e-07,1.392e-08,2.653e-09,2.45025e-09,7.225000000000001e-09,1.2816400000000001e-09,4.95e-05,8.5e-05,3.58e-05,0.00573,0.00683,3.91e-05,0.0001,3.18e-11,0.000879
2790,1.39e-07,1.39e-08,2.645e-09,2.44036e-09,7.208010000000001e-09,1.2888099999999998e-09,4.94e-05,8.49e-05,3.59e-05,0.00572,0.00682,3.9e-05,0.0001,2.8e-11,0.000879
2800,1.389e-07,1.388e-08,2.637e-09,2.44036e-09,7.17409e-09,1.27449e-09,4.94e-05,8.47e-05,3.57e-05,0.00569,0.0068,3.87e-05,0.0001,3.18e-11,0.000878
2810,1.386e-07,1.386e-08,2.634e-09,2.43049e-09,7.140249999999999e-09,1.296e-09,4.93e-05,8.45e-05,3.6e-05,0.00569,0.00679,3.86e-05,0.0001,2.66e-11,0.000878
2820,1.383e-07,1.384e-08,2.622e-09,2.4206400000000004e-09,7.106490000000001e-09,1.27449e-09,4.92e-05,8.43e-05,3.57e-05,0.00568,0.00677,3.85e-05,0.0001,2.19e-11,0.000877
2830,1.382e-07,1.382e-08,2.614e-09,2.4206400000000004e-09,7.07281e-09,1.25316e-09,4.92e-05,8.41e-05,3.54e-05,0.00566,0.00676,3.82e-05,0.0001,2e-11,0.000877
2840,1.38e-07,1.38e-08,2.607e-09,2.4108100000000003e-09,7.056e-09,1.26025e-09,4.91e-05,8.4e-05,3.55e-05,0.00564,0.00675,3.81e-05,0.0001,2.7e-11,0.000877
2850,1.378e-07,1.378e-08,2.6e-09,2.401e-09,7.02244e-09,1.2673599999999999e-09,4.9e-05,8.38e-05,3.56e-05,0.00564,0.00673,3.8e-05,0.0001,2.55e-11,0.000876
2860,1.376e-07,1.376e-08,2.594e-09,2.401e-09,6.98896e-09,1.2673599999999999e-09,4.9e-05,8.36e-05,3.56e-05,0.00562,0.00672,3.78e-05,0.0001,2.75e-11,0.000876
2870,1.373e-07,1.374e-08,2.59e-09,2.401e-09,6.955559999999999e-09,1.27449e-09,4.9e-05,8.34e-05,3.57e-05,0.00561,0.00671,3.77e-05,0.0001,1.96e-11,0.000875
2880,1.372e-07,1.372e-08,2.578e-09,2.3912100000000005e-09,6.938890000000001e-09,1.26025e-09,4.89e-05,8.33e-05,3.55e-05,0.00559,0.0067,3.74e-05,0.0001,2.58e-11,0.000875
2890,1.37e-07,1.37e-08,2.575e-09,2.38144e-09,6.90561e-09,1.2673599999999999e-09,4.88e-05,8.31e-05,3.56e-05,0.00559,0.00668,3.73e-05,0.0001,2.57e-11,0.000874
2900,1.368e-07,1.368e-08,2.566e-09,2.38144e-09,6.8724099999999994e-09,1.2460899999999998e-09,4.88e-05,8.29e-05,3.53e-05,0.00557,0.00667,3.71e-05,0.0001,2.55e-11,0.000874
2910,1.366e-07,1.366e-08,2.556e-09,2.3716899999999997e-09,6.855839999999999e-09,1.23201e-09,4.87e-05,8.28e-05,3.51e-05,0.00555,0.00666,3.69e-05,0.0001,2.45e-11,0.000874
2920,1.364e-07,1.364e-08,2.545e-09,2.3619600000000004e-09,6.8227600000000005e-09,1.21801e-09,4.86e-05,8.26e-05,3.49e-05,0.00553,0.00664,3.68e-05,0.0001,2.67e-11,0.000873
2930,1.362e-07,1.362e-08,2.543e-09,2.3619600000000004e-09,6.7897599999999995e-09,1.23904e-09,4.86e-05,8.24e-05,3.52e-05,0.00552,0.00663,3.66e-05,0.0001,2.35e-11,0.000873
2940,1.36e-07,1.36e-08,2.536e-09,2.35225e-09,6.7732899999999995e-09,1.23904e-09,4.85e-05,8.23e-05,3.52e-05,0.00552,0.00662,3.66e-05,0.0001,2.28e-11,0.000872
2950,1.358e-07,1.358e-08,2.525e-09,2.35225e-09,6.74041e-09,1.21104e-09,4.85e-05,8.21e-05,3.48e-05,0.0055,0.00661,3.63e-05,0.0001,2.64e-11,0.000872
2960,1.356e-07,1.356e-08,2.519e-09,2.34256e-09,6.70761e-09,1.21104e-09,4.84e-05,8.19e-05,3.48e-05,0.00548,0.00659,3.61e-05,0.0001,2.45e-11,0.000872
2970,1.355e-07,1.354e-08,2.516e-09,2.33289e-09,6.69124e-09,1.23201e-09,4.83e-05,8.18e-05,3.51e-05,0.00548,0.00658,3.61e-05,0.0001,2.31e-11,0.000871
2980,1.353e-07,1.353e-08,2.506e-09,2.33289e-09,6.658560000000001e-09,1.21104e-09,4.83e-05,8.16e-05,3.48e-05,0.00547,0.00657,3.59e-05,0.0001,2.14e-11,0.000871
2990,1.35e-07,1.351e-08,2.502e-09,2.32324e-09,6.64225e-09,1.21801e-09,4.82e-05,8.15e-05,3.49e-05,0.00545,0.00656,3.57e-05,0.0001,2.5e-11,0.00087
3000,1.349e-07,1.349e-08,2.497e-09,2.32324e-09,6.60969e-09,1.2249999999999998e-09,4.82e-05,8.13e-05,3.5e-05,0.00545,0.00654,3.56e-05,0.0001,2.98e-11,0.00087
3010,1.347e-07,1.347e-08,2.489e-09,2.31361e-09,6.5934399999999995e-09,1.21104e-09,4.81e-05,8.12e-05,3.48e-05,0.00543,0.00653,3.54e-05,0.0001,2.25e-11,0.00087
3020,1.345e-07,1.345e-08,2.481e-09,2.31361e-09,6.561000000000001e-09,1.19716e-09,4.81e-05,8.1e-05,3.46e-05,0.00542,0.00652,3.53e-05,0.0001,3.36e-11,0.000869
3030,1.344e-07,1.343e-08,2.477e-09,2.3040000000000003e-09,6.5286399999999995e-09,1.21801e-09,4.8e-05,8.08e-05,3.49e-05,0.00541,0.00651,3.52e-05,0.0001,2.37e-11,0.000869
3040,1.342e-07,1.341e-08,2.466e-09,2.3040000000000003e-09,6.51249e-09,1.1833600000000001e-09,4.8e-05,8.07e-05,3.44e-05,0.00539,0.00714,3.85e-05,0.0001,2.56e-11,0.000868
3050,1.34e-07,1.339e-08,2.463e-09,2.2944099999999997e-09,6.480250000000001e-09,1.2040900000000001e-09,4.79e-05,8.05e-05,3.47e-05,0.00538,0.00648,3.49e-05,0.0001,2.43e-11,0.000868
3060,1.338e-07,1.338e-08,2.457e-09,2.2944099999999997e-09,6.4641600000000006e-09,1.2040900000000001e-09,4.79e-05,8.04e-05,3.47e-05,0.00538,0.00647,3.48e-05,0.0001,2.99e-11,0.000868
3070,1.336e-07,1.336e-08,2.449e-09,2.28484e-09,6.43204e-09,1.1902499999999999e-09,4.78e-05,8.02e-05,3.45e-05,0.00535,0.0071,3.8e-05,0.0001,2.33e-11,0.000867
3080,1.334e-07,1.334e-08,2.44e-09,2.27529e-09,6.416009999999999e-09,1.1833600000000001e-09,4.77e-05,8.01e-05,3.44e-05,0.00535,0.00645,3.45e-05,0.0001,3.33e-11,0.000867
3090,1.332e-07,1.332e-08,2.436e-09,2.27529e-09,6.384010000000001e-09,1.1902499999999999e-09,4.77e-05,7.99e-05,3.45e-05,0.00533,0.00644,3.43e-05,0.0001,2.23e-11,0.000866
3100,1.33e-07,1.33e-08,2.428e-09,2.26576e-09,6.36804e-09,1.17649e-09,4.76e-05,7.98e-05,3.43e-05,0.00531,0.00707,3.76e-05,0.0001,2.19e-11,0.000866
3110,1.328e-07,1.328e-08,2.423e-09,2.26576e-09,6.336159999999999e-09,1.1833600000000001e-09,4.76e-05,7.96e-05,3.44e-05,0.0053,0.00705,3.74e-05,0.0001,2.37e-11,0.000866
3120,1.326e-07,1.326e-08,2.412e-09,2.2562500000000004e-09,6.320249999999999e-09,1.156e-09,4.75e-05,7.95e-05,3.4e-05,0.00528,0.00704,3.72e-05,0.0001,2.59e-11,0.000865
3130,1.325e-07,1.325e-08,2.409e-09,2.2562500000000004e-09,6.2884900000000005e-09,1.156e-09,4.75e-05,7.93e-05,3.4e-05,0.00528,0.00703,3.71e-05,0.0001,2.9e-11,0.000865
3140,1.322e-07,1.323e-08,2.401e-09,2.2467600000000002e-09,6.27264e-09,1.1492099999999998e-09,4.74e-05,7.92e-05,3.39e-05,0.00526,0.00702,3.69e-05,0.0001,2.14e-11,0.000864
3150,1.321e-07,1.321e-08,2.396e-09,2.23729e-09,6.2409999999999994e-09,1.16964e-09,4.73e-05,7.9e-05,3.42e-05,0.00526,0.007,3.68e-05,0.0001,2.5e-11,0.000864
3160,1.319e-07,1.319e-08,2.389e-09,2.23729e-09,6.225209999999999e-09,1.1492099999999998e-09,4.73e-05,7.89e-05,3.39e-05,0.00525,0.00699,3.67e-05,0.0001,2.17e-11,0.000864
3170,1.318e-07,1.317e-08,2.384e-09,2.23729e-09,6.19369e-09,1.1492099999999998e-09,4.73e-05,7.87e-05,3.39e-05,0.00523,0.00698,3.65e-05,0.0001,2.08e-11,0.000863
3180,1.316e-07,1.316e-08,2.375e-09,2.22784e-09,6.17796e-09,1.14244e-09,4.72e-05,7.86e-05,3.38e-05,0.00522,0.00697,3.64e-05,0.0001,2.51e-11,0.000863
3190,1.314e-07,1.314e-08,2.372e-09,2.22784e-09,6.1622499999999995e-09,1.1492099999999998e-09,4.72e-05,7.85e-05,3.39e-05,0.00521,0.00695,3.63e-05,0.0001,2.42e-11,0.000862
3200,1.312e-07,1.312e-08,2.365e-09,2.21841e-09,6.130890000000001e-09,1.1492099999999998e-09,4.71e-05,7.83e-05,3.39e-05,0.0052,0.00694,3.61e-05,0.0001,2.87e-11,0.000862
3210,1.311e-07,1.31e-08,2.362e-09,2.2089999999999997e-09,6.115240000000001e-09,1.1628100000000002e-09,4.7e-05,7.82e-05,3.41e-05,0.00519,0.00693,3.6e-05,0.0001,2.01e-11,0.000862
3220,1.309e-07,1.309e-08,2.354e-09,2.2089999999999997e-09,6.084e-09,1.14244e-09,4.7e-05,7.8e-05,3.38e-05,0.00518,0.00692,3.58e-05,0.0001,2.51e-11,0.000861
3230,1.307e-07,1.307e-08,2.347e-09,2.19961e-09,6.068409999999999e-09,1.13569e-09,4.69e-05,7.79e-05,3.37e-05,0.00517,0.0069,3.57e-05,0.0001,1.82e-11,0.000861
3240,1.305e-07,1.305e-08,2.34e-09,2.19961e-09,6.052839999999999e-09,1.13569e-09,4.69e-05,7.78e-05,3.37e-05,0.00515,0.00689,3.55e-05,0.0001,2.04e-11,0.00086
3250,1.304e-07,1.303e-08,2.337e-09,2.19961e-09,6.0217600000000005e-09,1.13569e-09,4.69e-05,7.76e-05,3.37e-05,0.00514,0.00688,3.54e-05,0.0001,2.19e-11,0.00086
3260,1.302e-07,1.302e-08,2.332e-09,2.19024e-09,6.00625e-09,1.13569e-09,4.68e-05,7.75e-05,3.37e-05,0.00513,0.00687,3.52e-05,0.0001,2.03e-11,0.00086
3270,1.3e-07,1.3e-08,2.325e-09,2.18089e-09,5.9752899999999995e-09,1.1289599999999998e-09,4.67e-05,7.73e-05,3.36e-05,0.00511,0.00686,3.5e-05,0.0001,2.02e-11,0.000859
3280,1.299e-07,1.298e-08,2.319e-09,2.18089e-09,5.959840000000001e-09,1.14244e-09,4.67e-05,7.72e-05,3.38e-05,0.00511,0.00684,3.49e-05,0.0001,2.19e-11,0.000859
3290,1.297e-07,1.296e-08,2.315e-09,2.1715600000000003e-09,5.944410000000001e-09,1.1289599999999998e-09,4.66e-05,7.71e-05,3.36e-05,0.0051,0.00683,3.48e-05,0.0001,2.16e-11,0.000859
3300,1.295e-07,1.295e-08,2.307e-09,2.1715600000000003e-09,5.91361e-09,1.1222500000000001e-09,4.66e-05,7.69e-05,3.35e-05,0.00509,0.00682,3.47e-05,0.0001,2.01e-11,0.000858
3310,1.293e-07,1.293e-08,2.302e-09,2.16225e-09,5.89824e-09,1.1222500000000001e-09,4.65e-05,7.68e-05,3.35e-05,0.00508,0.00681,3.46e-05,0.0001,2.4e-11,0.000858
3320,1.292e-07,1.291e-08,2.297e-09,2.16225e-09,5.882889999999999e-09,1.1155599999999998e-09,4.65e-05,7.67e-05,3.34e-05,0.00507,0.0068,3.44e-05,0.0001,2.06e-11,0.000857
3330,1.29e-07,1.29e-08,2.291e-09,2.1529600000000004e-09,5.867560000000001e-09,1.1155599999999998e-09,4.64e-05,7.66e-05,3.34e-05,0.00505,0.00679,3.43e-05,0.0001,2.29e-11,0.000857
3340,1.288e-07,1.288e-08,2.286e-09,2.1529600000000004e-09,5.83696e-09,1.1155599999999998e-09,4.64e-05,7.64e-05,3.34e-05,0.00505,0.00677,3.42e-05,0.0001,1.83e-11,0.000857
3350,1.286e-07,1.287e-08,2.277e-09,2.14369e-09,5.8216899999999996e-09,1.089e-09,4.63e-05,7.63e-05,3.3e-05,0.00503,0.00676,3.4e-05,0.0001,1.78e-11,0.000856
3360,1.285e-07,1.285e-08,2.273e-09,2.14369e-09,5.80644e-09,1.1022400000000001e-09,4.63e-05,7.62e-05,3.32e-05,0.00501,0.00675,3.39e-05,0.0001,1.85e-11,0.000856
3370,1.284e-07,1.283e-08,2.271e-09,2.14369e-09,5.776000000000001e-09,1.1088900000000003e-09,4.63e-05,7.6e-05,3.33e-05,0.00501,0.00674,3.38e-05,0.0001,1.65e-11,0.000856
3380,1.282e-07,1.282e-08,2.265e-09,2.13444e-09,5.76081e-09,1.1022400000000001e-09,4.62e-05,7.59e-05,3.32e-05,0.005,0.00673,3.37e-05,0.0001,1.72e-11,0.000855
3390,1.281e-07,1.28e-08,2.255e-09,2.1252100000000004e-09,5.74564e-09,1.0758399999999999e-09,4.61e-05,7.58e-05,3.28e-05,0.00499,0.00672,3.35e-05,0.0001,2.32e-11,0.000855
3400,1.279e-07,1.278e-08,2.252e-09,2.1252100000000004e-09,5.73049e-09,1.08241e-09,4.61e-05,7.57e-05,3.29e-05,0.00498,0.00671,3.34e-05,0.0001,1.98e-11,0.000855
3410,1.277e-07,1.277e-08,2.25e-09,2.1252100000000004e-09,5.715359999999999e-09,1.09561e-09,4.61e-05,7.56e-05,3.31e-05,0.00497,0.0067,3.33e-05,0.0001,2.14e-11,0.000854
3420,1.275e-07,1.275e-08,2.241e-09,2.116e-09,5.685160000000001e-09,1.089e-09,4.6e-05,7.54e-05,3.3e-05,0.00496,0.00668,3.32e-05,0.0001,2.41e-11,0.000854
3430,1.273e-07,1.274e-08,2.238e-09,2.116e-09,5.67009e-09,1.08241e-09,4.6e-05,7.53e-05,3.29e-05,0.00494,0.00667,3.3e-05,0.0001,1.88e-11,0.000853
3440,1.272e-07,1.272e-08,2.229e-09,2.1068099999999997e-09,5.6550399999999995e-09,1.0692900000000001e-09,4.59e-05,7.52e-05,3.27e-05,0.00493,0.00666,3.29e-05,0.0001,2.02e-11,0.000853
3450,1.271e-07,1.271e-08,2.228e-09,2.0976400000000002e-09,5.6400099999999994e-09,1.09561e-09,4.58e-05,7.51e-05,3.31e-05,0.00493,0.00665,3.28e-05,0.0001,2.28e-11,0.000853
3460,1.269e-07,1.269e-08,2.218e-09,2.0976400000000002e-09,5.624999999999999e-09,1.06276e-09,4.58e-05,7.5e-05,3.26e-05,0.00492,0.00664,3.27e-05,0.0001,2.01e-11,0.000852
3470,1.267e-07,1.268e-08,2.217e-09,2.08849e-09,5.59504e-09,1.08241e-09,4.57e-05,7.48e-05,3.29e-05,0.00491,0.00663,3.25e-05,0.0001,1.9e-11,0.000852
3480,1.266e-07,1.266e-08,2.21e-09,2.08849e-09,5.58009e-09,1.06276e-09,4.57e-05,7.47e-05,3.26e-05,0.0049,0.00662,3.25e-05,0.0001,1.89e-11,0.000852
3490,1.264e-07,1.264e-08,2.207e-09,2.08849e-09,5.5651599999999994e-09,1.0758399999999999e-09,4.57e-05,7.46e-05,3.28e-05,0.00489,0.00661,3.23e-05,0.0001,1.8e-11,0.000851
3500,1.263e-07,1.263e-08,2.202e-09,2.0793599999999997e-09,5.5502499999999995e-09,1.0692900000000001e-09,4.56e-05,7.45e-05,3.27e-05,0.00488,0.0066,3.22e-05,0.0001,2.12e-11,0.000851
3510,1.261e-07,1.261e-08,2.195e-09,2.0793599999999997e-09,5.535360000000001e-09,1.04329e-09,4.56e-05,7.44e-05,3.23e-05,0.00486,0.00725,3.52e-05,0.0001,2.41e-11,0.000851
3520,1.26e-07,1.26e-08,2.19e-09,2.07025e-09,5.520490000000001e-09,1.0497600000000001e-09,4.55e-05,7.43e-05,3.24e-05,0.00486,0.00658,3.19e-05,0.0001,2.12e-11,0.00085
3530,1.259e-07,1.258e-08,2.188e-09,2.07025e-09,5.50564e-09,1.06276e-09,4.55e-05,7.42e-05,3.26e-05,0.00485,0.00657,3.18e-05,0.0001,2.56e-11,0.00085
3540,1.257e-07,1.257e-08,2.18e-09,2.06116e-09,5.49081e-09,1.04329e-09,4.54e-05,7.41e-05,3.23e-05,0.00484,0.00655,3.17e-05,0.0001,2.19e-11,0.00085
3550,1.256e-07,1.255e-08,2.176e-09,2.06116e-09,5.461209999999999e-09,1.0562499999999997e-09,4.54e-05,7.39e-05,3.25e-05,0.00482,0.00654,3.16e-05,0.0001,2.46e-11,0.000849
3560,1.254e-07,1.254e-08,2.172e-09,2.0520900000000005e-09,5.446440000000001e-09,1.0497600000000001e-09,4.53e-05,7.38e-05,3.24e-05,0.00482,0.00653,3.15e-05,0.0001,2.16e-11,0.000849
3570,1.252e-07,1.252e-08,2.168e-09,2.0520900000000005e-09,5.431690000000001e-09,1.0562499999999997e-09,4.53e-05,7.37e-05,3.25e-05,0.00482,0.00652,3.14e-05,0.0001,2.48e-11,0.000849
3580,1.251e-07,1.251e-08,2.164e-09,2.0520900000000005e-09,5.41696e-09,1.0497600000000001e-09,4.53e-05,7.36e-05,3.24e-05,0.0048,0.00651,3.13e-05,0.0001,3.03e-11,0.000848
3590,1.25e-07,1.249e-08,2.16e-09,2.04304e-09,5.40225e-09,1.0562499999999997e-09,4.52e-05,7.35e-05,3.25e-05,0.00479,0.0065,3.12e-05,0.0001,1.89e-11,0.000848
3600,1.249e-07,1.248e-08,2.153e-09,2.04304e-09,5.3875599999999995e-09,1.0368399999999997e-09,4.52e-05,7.34e-05,3.22e-05,0.00478,0.00649,3.1e-05,0.0001,2.36e-11,0.000848
3610,1.247e-07,1.247e-08,2.15e-09,2.0340099999999997e-09,5.372890000000001e-09,1.0497600000000001e-09,4.51e-05,7.33e-05,3.24e-05,0.00478,0.00648,3.1e-05,0.0001,2.13e-11,0.000847
3620,1.245e-07,1.245e-08,2.144e-09,2.0340099999999997e-09,5.35824e-09,1.0368399999999997e-09,4.51e-05,7.32e-05,3.22e-05,0.00476,0.00647,3.08e-05,0.0001,2.03e-11,0.000847
3630,1.243e-07,1.244e-08,2.14e-09,2.0250000000000003e-09,5.34361e-09,1.04329e-09,4.5e-05,7.31e-05,3.23e-05,0.00476,0.00646,3.07e-05,0.0001,2.53e-11,0.000847
3640,1.242e-07,1.242e-08,2.133e-09,2.0250000000000003e-09,5.329e-09,1.024e-09,4.5e-05,7.3e-05,3.2e-05,0.00475,0.00645,3.06e-05,0.0001,2.2e-11,0.000846
3650,1.241e-07,1.241e-08,2.131e-09,2.0250000000000003e-09,5.31441e-09,1.024e-09,4.5e-05,7.29e-05,3.2e-05,0.00473,0.00644,3.05e-05,0.0001,2.38e-11,0.000846
3660,1.239e-07,1.239e-08,2.124e-09,2.01601e-09,5.299839999999999e-09,1.03041e-09,4.49e-05,7.28e-05,3.21e-05,0.00473,0.00643,3.04e-05,0.0001,2.33e-11,0.000846
3670,1.238e-07,1.238e-08,2.118e-09,2.0070399999999997e-09,5.2852900000000005e-09,1.0176100000000002e-09,4.48e-05,7.27e-05,3.19e-05,0.00472,0.00642,3.03e-05,0.0001,2.74e-11,0.000845
3680,1.237e-07,1.236e-08,2.119e-09,2.0070399999999997e-09,5.27076e-09,1.0368399999999997e-09,4.48e-05,7.26e-05,3.22e-05,0.0047,0.00641,3.02e-05,0.0001,2.03e-11,0.000845
3690,1.236e-07,1.235e-08,2.11e-09,2.0070399999999997e-09,5.25625e-09,1.0112400000000001e-09,4.48e-05,7.25e-05,3.18e-05,0.0047,0.0064,3.01e-05,0.0001,1.9e-11,0.000845
3700,1.234e-07,1.234e-08,2.11e-09,2.0070399999999997e-09,5.2417599999999995e-09,1.0112400000000001e-09,4.48e-05,7.24e-05,3.18e-05,0.0047,0.00639,3e-05,0.0001,2.02e-11,0.000844
3710,1.233e-07,1.232e-08,2.105e-09,1.99809e-09,5.227289999999999e-09,1.024e-09,4.47e-05,7.23e-05,3.2e-05,0.00469,0.00638,2.99e-05,0.0001,2.23e-11,0.000844
3720,1.231e-07,1.231e-08,2.097e-09,1.98916e-09,5.212840000000001e-09,1.0112400000000001e-09,4.46e-05,7.22e-05,3.18e-05,0.00468,0.00701,3.28e-05,0.0001,2.4e-11,0.000844
3730,1.229e-07,1.229e-08,2.095e-09,1.98916e-09,5.1984100000000005e-09,1.03041e-09,4.46e-05,7.21e-05,3.21e-05,0.00467,0.00636,2.97e-05,0.0001,2.4e-11,0.000844
3740,1.228e-07,1.228e-08,2.093e-09,1.98916e-09,5.184e-09,1.0176100000000002e-09,4.46e-05,7.2e-05,3.19e-05,0.00466,0.00635,2.96e-05,0.0001,1.96e-11,0.000843
3750,1.227e-07,1.227e-08,2.085e-09,1.9802499999999996e-09,5.16961e-09,9.985600000000001e-10,4.45e-05,7.19e-05,3.16e-05,0.00465,0.00634,2.95e-05,0.0001,1.71e-11,0.000843
3760,1.225e-07,1.225e-08,2.08e-09,1.9802499999999996e-09,5.155239999999999e-09,9.985600000000001e-10,4.45e-05,7.18e-05,3.16e-05,0.00463,0.00633,2.93e-05,0.0001,1.88e-11,0.000843
3770,1.224e-07,1.224e-08,2.077e-09,1.9802499999999996e-09,5.140889999999999e-09,9.859599999999998e-10,4.45e-05,7.17e-05,3.14e-05,0.00463,0.00696,3.22e-05,0.0001,2.24e-11,0.000842
3780,1.223e-07,1.223e-08,2.074e-09,1.97136e-09,5.1265600000000005e-09,9.9225e-10,4.44e-05,7.16e-05,3.15e-05,0.00462,0.00631,2.92e-05,0.0001,2.06e-11,0.000842
3790,1.221e-07,1.221e-08,2.072e-09,1.97136e-09,5.112250000000001e-09,1.0112400000000001e-09,4.44e-05,7.15e-05,3.18e-05,0.00461,0.00631,2.91e-05,0.0001,2.13e-11,0.000842
3800,1.22e-07,1.22e-08,2.065e-09,1.96249e-09,5.09796e-09,9.9225e-10,4.43e-05,7.14e-05,3.15e-05,0.00461,0.0063,2.9e-05,0.0001,2.36e-11,0.000841
3810,1.218e-07,1.218e-08,2.061e-09,1.96249e-09,5.08369e-09,9.9225e-10,4.43e-05,7.13e-05,3.15e-05,0.0046,0.00629,2.89e-05,0.0001,3.08e-11,0.000841
3820,1.217e-07,1.217e-08,2.057e-09,1.96249e-09,5.069439999999999e-09,9.9225e-10,4.43e-05,7.12e-05,3.15e-05,0.00458,0.00628,2.88e-05,0.0001,2.58e-11,0.000841
3830,1.216e-07,1.216e-08,2.052e-09,1.95364e-09,5.055209999999999e-09,9.859599999999998e-10,4.42e-05,7.11e-05,3.14e-05,0.00458,0.00627,2.87e-05,0.0001,2.47e-11,0.00084
3840,1.214e-07,1.214e-08,2.047e-09,1.95364e-09,5.041e-09,9.7344e-10,4.42e-05,7.1e-05,3.12e-05,0.00457,0.00688,3.15e-05,0.0001,1.78e-11,0.00084
3850,1.213e-07,1.213e-08,2.043e-09,1.94481e-09,5.02681e-09,9.796900000000002e-10,4.41e-05,7.09e-05,3.13e-05,0.00456,0.00625,2.85e-05,0.0001,2.35e-11,0.00084
3860,1.212e-07,1.211e-08,2.038e-09,1.94481e-09,5.02681e-09,9.796900000000002e-10,4.41e-05,7.09e-05,3.13e-05,0.00455,0.00624,2.84e-05,0.0001,1.87e-11,0.000839
3870,1.21e-07,1.21e-08,2.035e-09,1.936e-09,5.01264e-09,9.796900000000002e-10,4.4e-05,7.08e-05,3.13e-05,0.00455,0.00623,2.83e-05,0.0001,2.22e-11,0.000839
3880,1.209e-07,1.209e-08,2.031e-09,1.936e-09,4.998489999999999e-09,9.7344e-10,4.4e-05,7.07e-05,3.12e-05,0.00454,0.00622,2.82e-05,0.0001,1.73e-11,0.000839
3890,1.208e-07,1.208e-08,2.029e-09,1.936e-09,4.984359999999999e-09,9.7344e-10,4.4e-05,7.06e-05,3.12e-05,0.00453,0.00683,3.09e-05,0.0001,2.14e-11,0.000839
3900,1.206e-07,1.206e-08,2.02e-09,1.9272100000000004e-09,4.970250000000001e-09,9.5481e-10,4.39e-05,7.05e-05,3.09e-05,0.00452,0.00682,3.08e-05,0.0001,1.72e-11,0.000838
3910,1.205e-07,1.205e-08,2.02e-09,1.9272100000000004e-09,4.95616e-09,9.61e-10,4.39e-05,7.04e-05,3.1e-05,0.00451,0.00681,3.08e-05,0.0001,2.3e-11,0.000838
3920,1.204e-07,1.203e-08,2.017e-09,1.9272100000000004e-09,4.94209e-09,9.7344e-10,4.39e-05,7.03e-05,3.12e-05,0.0045,0.00619,2.79e-05,0.0001,1.89e-11,0.000838
3930,1.202e-07,1.202e-08,2.011e-09,1.9184400000000003e-09,4.92804e-09,9.61e-10,4.38e-05,7.02e-05,3.1e-05,0.0045,0.00679,3.06e-05,0.0001,2.52e-11,0.000837
3940,1.201e-07,1.201e-08,2.007e-09,1.9184400000000003e-09,4.914009999999999e-09,9.672099999999998e-10,4.38e-05,7.01e-05,3.11e-05,0.00448,0.00678,3.04e-05,0.0001,2.4e-11,0.000837
3950,1.199e-07,1.199e-08,2.002e-09,1.90969e-09,4.899999999999999e-09,9.5481e-10,4.37e-05,7e-05,3.09e-05,0.00448,0.00677,3.03e-05,0.0001,1.97e-11,0.000837
3960,1.199e-07,1.198e-08,1.998e-09,1.90969e-09,4.8860100000000006e-09,9.486400000000001e-10,4.37e-05,6.99e-05,3.08e-05,0.00448,0.00676,3.03e-05,0.0001,1.98e-11,0.000836
3970,1.197e-07,1.197e-08,1.995e-09,1.90969e-09,4.8860100000000006e-09,9.486400000000001e-10,4.37e-05,6.99e-05,3.08e-05,0.00445,0.00675,3.01e-05,0.0001,1.85e-11,0.000836
3980,1.195e-07,1.195e-08,1.991e-09,1.9009600000000004e-09,4.87204e-09,9.61e-10,4.36e-05,6.98e-05,3.1e-05,0.00446,0.00674,3.01e-05,0.0001,2.22e-11,0.000836
3990,1.194e-07,1.194e-08,1.987e-09,1.9009600000000004e-09,4.85809e-09,9.486400000000001e-10,4.36e-05,6.97e-05,3.08e-05,0.00444,0.00674,2.99e-05,0.0001,1.9e-11,0.000836
4000,1.193e-07,1.193e-08,1.983e-09,1.89225e-09,4.84416e-09,9.486400000000001e-10,4.35e-05,6.96e-05,3.08e-05,0.00444,0.00673,2.99e-05,0.0001,1.98e-11,0.000835
4010,1.192e-07,1.191e-08,1.98e-09,1.89225e-09,4.8302499999999995e-09,9.486400000000001e-10,4.35e-05,6.95e-05,3.08e-05,0.00443,0.00672,2.98e-05,0.0001,1.91e-11,0.000835
4020,1.19e-07,1.19e-08,1.976e-09,1.89225e-09,4.8163600000000005e-09,9.424900000000001e-10,4.35e-05,6.94e-05,3.07e-05,0.00442,0.00671,2.96e-05,0.0001,1.72e-11,0.000835
4030,1.189e-07,1.189e-08,1.973e-09,1.8835599999999996e-09,4.8024900000000004e-09,9.5481e-10,4.34e-05,6.93e-05,3.09e-05,0.00441,0.00609,2.69e-05,0.0001,1.98e-11,0.000834
4040,1.188e-07,1.187e-08,1.969e-09,1.8835599999999996e-09,4.8024900000000004e-09,9.424900000000001e-10,4.34e-05,6.93e-05,3.07e-05,0.00441,0.00669,2.95e-05,0.0001,1.93e-11,0.000834
4050,1.186e-07,1.186e-08,1.964e-09,1.8748900000000003e-09,4.78864e-09,9.363599999999999e-10,4.33e-05,6.92e-05,3.06e-05,0.0044,0.00668,2.94e-05,0.0001,1.8e-11,0.000834
4060,1.185e-07,1.185e-08,1.959e-09,1.8748900000000003e-09,4.7748099999999996e-09,9.363599999999999e-10,4.33e-05,6.91e-05,3.06e-05,0.0044,0.00667,2.93e-05,0.0001,1.83e-11,0.000833
4070,1.184e-07,1.183e-08,1.957e-09,1.8748900000000003e-09,4.7609999999999996e-09,9.424900000000001e-10,4.33e-05,6.9e-05,3.07e-05,0.00438,0.00666,2.92e-05,0.0001,1.94e-11,0.000833
4080,1.182e-07,1.182e-08,1.95e-09,1.86624e-09,4.747209999999999e-09,9.2416e-10,4.32e-05,6.89e-05,3.04e-05,0.00437,0.00605,2.64e-05,0.0001,2.17e-11,0.000833
4090,1.181e-07,1.181e-08,1.947e-09,1.86624e-09,4.7334400000000006e-09,9.180900000000001e-10,4.32e-05,6.88e-05,3.03e-05,0.00436,0.00664,2.9e-05,0.0001,2.26e-11,0.000833
4100,1.179e-07,1.18e-08,1.946e-09,1.86624e-09,4.719690000000001e-09,9.3025e-10,4.32e-05,6.87e-05,3.05e-05,0.00435,0.00663,2.89e-05,0.0001,2.3e-11,0.000832
4110,1.178e-07,1.178e-08,1.942e-09,1.8576099999999998e-09,4.719690000000001e-09,9.363599999999999e-10,4.31e-05,6.87e-05,3.06e-05,0.00436,0.00662,2.89e-05,0.0001,1.8e-11,0.000832
4120,1.178e-07,1.177e-08,1.936e-09,1.8576099999999998e-09,4.70596e-09,9.120399999999999e-10,4.31e-05,6.86e-05,3.02e-05,0.00434,0.00661,2.87e-05,0.0001,1.53e-11,0.000832
4130,1.176e-07,1.176e-08,1.932e-09,1.8490000000000001e-09,4.692249999999999e-09,9.180900000000001e-10,4.3e-05,6.85e-05,3.03e-05,0.00434,0.0066,2.86e-05,0.0001,2.4e-11,0.000831
4140,1.175e-07,1.174e-08,1.932e-09,1.8490000000000001e-09,4.67856e-09,9.363599999999999e-10,4.3e-05,6.84e-05,3.06e-05,0.00433,0.00659,2.86e-05,0.0001,1.81e-11,0.000831
4150,1.173e-07,1.173e-08,1.928e-09,1.8490000000000001e-09,4.664890000000001e-09,9.180900000000001e-10,4.3e-05,6.83e-05,3.03e-05,0.00432,0.00659,2.84e-05,0.0001,2.34e-11,0.000831
4160,1.172e-07,1.172e-08,1.924e-09,1.8404099999999999e-09,4.664890000000001e-09,9.2416e-10,4.29e-05,6.83e-05,3.04e-05,0.00431,0.00658,2.84e-05,0.0001,1.9e-11,0.000831
4170,1.171e-07,1.171e-08,1.918e-09,1.8404099999999999e-09,4.651240000000001e-09,9.180900000000001e-10,4.29e-05,6.82e-05,3.03e-05,0.00431,0.00657,2.83e-05,0.0001,2.39e-11,0.00083
4180,1.17e-07,1.17e-08,1.917e-09,1.8318399999999997e-09,4.6376100000000005e-09,9.2416e-10,4.28e-05,6.81e-05,3.04e-05,0.00429,0.00596,2.56e-05,0.0001,2.56e-11,0.00083
4190,1.168e-07,1.168e-08,1.914e-09,1.8318399999999997e-09,4.624e-09,9.180900000000001e-10,4.28e-05,6.8e-05,3.03e-05,0.00429,0.00655,2.81e-05,0.0001,2.33e-11,0.00083
4200,1.167e-07,1.167e-08,1.909e-09,1.8318399999999997e-09,4.61041e-09,9.0601e-10,4.28e-05,6.79e-05,3.01e-05,0.00428,0.00654,2.8e-05,0.0001,1.86e-11,0.000829
4210,1.166e-07,1.166e-08,1.905e-09,1.82329e-09,4.61041e-09,9.0601e-10,4.27e-05,6.79e-05,3.01e-05,0.00427,0.00653,2.79e-05,0.0001,1.64e-11,0.000829
4220,1.165e-07,1.165e-08,1.901e-09,1.82329e-09,4.596839999999999e-09,9.0601e-10,4.27e-05,6.78e-05,3.01e-05,0.00427,0.00652,2.78e-05,0.0001,1.51e-11,0.000829
4230,1.164e-07,1.163e-08,1.897e-09,1.82329e-09,4.583290000000001e-09,9e-10,4.27e-05,6.77e-05,3e-05,0.00426,0.00651,2.78e-05,0.0001,2.26e-11,0.000829
4240,1.162e-07,1.162e-08,1.896e-09,1.8147599999999998e-09,4.56976e-09,9.120399999999999e-10,4.26e-05,6.76e-05,3.02e-05,0.00426,0.00591,2.52e-05,0.0001,2.42e-11,0.000828
4250,1.161e-07,1.161e-08,1.894e-09,1.8147599999999998e-09,4.56976e-09,9.0601e-10,4.26e-05,6.76e-05,3.01e-05,0.00425,0.0065,2.76e-05,0.0001,1.9e-11,0.000828
4260,1.16e-07,1.16e-08,1.89e-09,1.8147599999999998e-09,4.55625e-09,9.0601e-10,4.26e-05,6.75e-05,3.01e-05,0.00424,0.00649,2.75e-05,0.0001,2.23e-11,0.000828
4270,1.159e-07,1.159e-08,1.882e-09,1.8062500000000003e-09,4.54276e-09,8.940099999999999e-10,4.25e-05,6.74e-05,2.99e-05,0.00423,0.00648,2.74e-05,0.0001,1.97e-11,0.000827
4280,1.158e-07,1.157e-08,1.883e-09,1.8062500000000003e-09,4.529289999999999e-09,9e-10,4.25e-05,6.73e-05,3e-05,0.00423,0.00647,2.74e-05,0.0001,2.41e-11,0.000827
4290,1.157e-07,1.156e-08,1.877e-09,1.8062500000000003e-09,4.529289999999999e-09,8.8209e-10,4.25e-05,6.73e-05,2.97e-05,0.00422,0.00646,2.73e-05,0.0001,1.99e-11,0.000827
4300,1.155e-07,1.155e-08,1.874e-09,1.79776e-09,4.515839999999999e-09,8.8804e-10,4.24e-05,6.72e-05,2.98e-05,0.00421,0.00645,2.71e-05,0.0001,2.34e-11,0.000827
4310,1.154e-07,1.154e-08,1.87e-09,1.79776e-09,4.50241e-09,8.8804e-10,4.24e-05,6.71e-05,2.98e-05,0.0042,0.00586,2.46e-05,0.0001,2.41e-11,0.000826
4320,1.152e-07,1.153e-08,1.869e-09,1.79776e-09,4.4890000000000005e-09,8.940099999999999e-10,4.24e-05,6.7e-05,2.99e-05,0.00419,0.00644,2.7e-05,0.0001,2.48e-11,0.000826
4330,1.152e-07,1.151e-08,1.866e-09,1.78929e-09,4.4890000000000005e-09,8.8804e-10,4.23e-05,6.7e-05,2.98e-05,0.00419,0.00643,2.69e-05,0.0001,2.09e-11,0.000826
4340,1.15e-07,1.15e-08,1.861e-09,1.78929e-09,4.47561e-09,8.8209e-10,4.23e-05,6.69e-05,2.97e-05,0.00418,0.00642,2.68e-05,0.0001,2.59e-11,0.000826
4350,1.149e-07,1.149e-08,1.856e-09,1.7808400000000002e-09,4.462239999999999e-09,8.8209e-10,4.22e-05,6.68e-05,2.97e-05,0.00418,0.00641,2.68e-05,0.0001,2e-11,0.000825
4360,1.148e-07,1.148e-08,1.856e-09,1.7808400000000002e-09,4.4488899999999995e-09,8.8804e-10,4.22e-05,6.67e-05,2.98e-05,0.00417,0.0064,2.67e-05,0.0001,2.02e-11,0.000825
4370,1.146e-07,1.147e-08,1.849e-09,1.7808400000000002e-09,4.4488899999999995e-09,8.761600000000001e-10,4.22e-05,6.67e-05,2.96e-05,0.00416,0.00581,2.42e-05,0.0001,1.52e-11,0.000825
4380,1.146e-07,1.145e-08,1.848e-09,1.7808400000000002e-09,4.435560000000001e-09,8.761600000000001e-10,4.22e-05,6.66e-05,2.96e-05,0.00415,0.00639,2.65e-05,0.0001,1.61e-11,0.000824
4390,1.145e-07,1.144e-08,1.842e-09,1.77241e-09,4.42225e-09,8.7025e-10,4.21e-05,6.65e-05,2.95e-05,0.00415,0.0058,2.4e-05,0.0001,2.12e-11,0.000824
4400,1.144e-07,1.143e-08,1.843e-09,1.77241e-09,4.42225e-09,8.8209e-10,4.21e-05,6.65e-05,2.97e-05,0.00414,0.00579,2.4e-05,0.0001,1.91e-11,0.000824
4410,1.142e-07,1.142e-08,1.837e-09,1.764e-09,4.4089600000000005e-09,8.7025e-10,4.2e-05,6.64e-05,2.95e-05,0.00414,0.00636,2.63e-05,0.0001,2.87e-11,0.000824
4420,1.141e-07,1.141e-08,1.834e-09,1.764e-09,4.39569e-09,8.6436e-10,4.2e-05,6.63e-05,2.94e-05,0.00413,0.00635,2.62e-05,0.0001,1.62e-11,0.000823
4430,1.14e-07,1.14e-08,1.834e-09,1.764e-09,4.39569e-09,8.7025e-10,4.2e-05,6.63e-05,2.95e-05,0.00412,0.00634,2.61e-05,0.0001,1.98e-11,0.000823
4440,1.139e-07,1.139e-08,1.827e-09,1.75561e-09,4.38244e-09,8.6436e-10,4.19e-05,6.62e-05,2.94e-05,0.00412,0.00634,2.61e-05,0.0001,2.08e-11,0.000823
4450,1.138e-07,1.138e-08,1.826e-09,1.75561e-09,4.369209999999999e-09,8.6436e-10,4.19e-05,6.61e-05,2.94e-05,0.00411,0.00633,2.6e-05,0.0001,1.84e-11,0.000823
4460,1.137e-07,1.137e-08,1.823e-09,1.75561e-09,4.369209999999999e-09,8.7025e-10,4.19e-05,6.61e-05,2.95e-05,0.0041,0.00632,2.59e-05,0.0001,1.99e-11,0.000822
4470,1.136e-07,1.135e-08,1.818e-09,1.74724e-09,4.356e-09,8.5849e-10,4.18e-05,6.6e-05,2.93e-05,0.0041,0.00631,2.58e-05,0.0001,1.81e-11,0.000822
4480,1.134e-07,1.134e-08,1.818e-09,1.74724e-09,4.34281e-09,8.6436e-10,4.18e-05,6.59e-05,2.94e-05,0.00409,0.0063,2.58e-05,0.0001,1.83e-11,0.000822
4490,1.133e-07,1.133e-08,1.814e-09,1.74724e-09,4.34281e-09,8.5849e-10,4.18e-05,6.59e-05,2.93e-05,0.00409,0.00629,2.57e-05,0.0001,1.72e-11,0.000822
4500,1.132e-07,1.132e-08,1.81e-09,1.7388899999999998e-09,4.32964e-09,8.5849e-10,4.17e-05,6.58e-05,2.93e-05,0.00408,0.00629,2.56e-05,0.0001,1.87e-11,0.000821
4510,1.131e-07,1.131e-08,1.806e-09,1.7388899999999998e-09,4.3164899999999994e-09,8.526400000000001e-10,4.17e-05,6.57e-05,2.92e-05,0.00407,0.00628,2.56e-05,0.0001,3.19e-11,0.000821
4520,1.13e-07,1.13e-08,1.805e-09,1.7388899999999998e-09,4.3164899999999994e-09,8.6436e-10,4.17e-05,6.57e-05,2.94e-05,0.00406,0.0057,2.32e-05,0.0001,1.71e-11,0.000821
4530,1.129e-07,1.129e-08,1.801e-09,1.73056e-09,4.3033599999999995e-09,8.526400000000001e-10,4.16e-05,6.56e-05,2.92e-05,0.00406,0.00626,2.54e-05,0.0001,1.6e-11,0.000821
4540,1.128e-07,1.128e-08,1.798e-09,1.73056e-09,4.290250000000001e-09,8.4681e-10,4.16e-05,6.55e-05,2.91e-05,0.00405,0.00625,2.53e-05,0.0001,2.49e-11,0.00082
4550,1.127e-07,1.127e-08,1.797e-09,1.73056e-09,4.290250000000001e-09,8.5849e-10,4.16e-05,6.55e-05,2.93e-05,0.00404,0.00625,2.52e-05,0.0001,2.5e-11,0.00082
4560,1.125e-07,1.126e-08,1.793e-09,1.73056e-09,4.2771600000000006e-09,8.4681e-10,4.16e-05,6.54e-05,2.91e-05,0.00404,0.00624,2.52e-05,0.0001,2.18e-11,0.00082
4570,1.124e-07,1.125e-08,1.789e-09,1.72225e-09,4.26409e-09,8.352100000000001e-10,4.15e-05,6.53e-05,2.89e-05,0.00403,0.00623,2.51e-05,0.0001,2.03e-11,0.00082
4580,1.123e-07,1.123e-08,1.785e-09,1.72225e-09,4.26409e-09,8.352100000000001e-10,4.15e-05,6.53e-05,2.89e-05,0.00403,0.00622,2.51e-05,0.0001,2.45e-11,0.000819
4590,1.122e-07,1.122e-08,1.78e-09,1.7139599999999997e-09,4.25104e-09,8.294399999999999e-10,4.14e-05,6.52e-05,2.88e-05,0.00401,0.00622,2.49e-05,0.0001,2.18e-11,0.000819
4600,1.121e-07,1.121e-08,1.782e-09,1.7139599999999997e-09,4.2380099999999995e-09,8.4681e-10,4.14e-05,6.51e-05,2.91e-05,0.00401,0.00564,2.27e-05,0.0001,1.86e-11,0.000819
4610,1.12e-07,1.12e-08,1.779e-09,1.7139599999999997e-09,4.2380099999999995e-09,8.41e-10,4.14e-05,6.51e-05,2.9e-05,0.00401,0.0062,2.48e-05,0.0001,2.44e-11,0.000819
4620,1.119e-07,1.119e-08,1.776e-09,1.7139599999999997e-09,4.224999999999999e-09,8.4681e-10,4.14e-05,6.5e-05,2.91e-05,0.00401,0.00619,2.48e-05,0.0001,2.09e-11,0.000818
4630,1.118e-07,1.118e-08,1.773e-09,1.7139599999999997e-09,4.212010000000001e-09,8.352100000000001e-10,4.14e-05,6.49e-05,2.89e-05,0.00399,0.00618,2.47e-05,0.0001,1.94e-11,0.000818
4640,1.117e-07,1.117e-08,1.77e-09,1.7056900000000001e-09,4.212010000000001e-09,8.352100000000001e-10,4.13e-05,6.49e-05,2.89e-05,0.00399,0.00679,2.71e-05,0.0001,2.15e-11,0.000818
4650,1.116e-07,1.116e-08,1.766e-09,1.7056900000000001e-09,4.1990400000000004e-09,8.294399999999999e-10,4.13e-05,6.48e-05,2.88e-05,0.00398,0.00617,2.46e-05,0.0001,1.74e-11,0.000818
4660,1.114e-07,1.115e-08,1.764e-09,1.6974399999999999e-09,4.1990400000000004e-09,8.352100000000001e-10,4.12e-05,6.48e-05,2.89e-05,0.00397,0.00616,2.45e-05,0.0001,1.76e-11,0.000817
4670,1.113e-07,1.114e-08,1.758e-09,1.6974399999999999e-09,4.18609e-09,8.1796e-10,4.12e-05,6.47e-05,2.86e-05,0.00396,0.00615,2.44e-05,0.0001,2.75e-11,0.000817
4680,1.112e-07,1.113e-08,1.759e-09,1.6974399999999999e-09,4.17316e-09,8.352100000000001e-10,4.12e-05,6.46e-05,2.89e-05,0.00397,0.00615,2.44e-05,0.0001,2.22e-11,0.000817
4690,1.112e-07,1.111e-08,1.756e-09,1.6974399999999999e-09,4.17316e-09,8.294399999999999e-10,4.12e-05,6.46e-05,2.88e-05,0.00395,0.00614,2.42e-05,0.0001,2.21e-11,0.000817
4700,1.111e-07,1.11e-08,1.754e-09,1.6892100000000002e-09,4.160249999999999e-09,8.294399999999999e-10,4.11e-05,6.45e-05,2.88e-05,0.00395,0.00613,2.42e-05,0.0001,2.58e-11,0.000816
4710,1.109e-07,1.109e-08,1.748e-09,1.6892100000000002e-09,4.160249999999999e-09,8.294399999999999e-10,4.11e-05,6.45e-05,2.88e-05,0.00394,0.00612,2.42e-05,0.0001,2.49e-11,0.000816
4720,1.109e-07,1.108e-08,1.747e-09,1.6892100000000002e-09,4.147359999999999e-09,8.2369e-10,4.11e-05,6.44e-05,2.87e-05,0.00394,0.00612,2.41e-05,0.0001,2.42e-11,0.000816
4730,1.108e-07,1.107e-08,1.747e-09,1.681e-09,4.134490000000001e-09,8.352100000000001e-10,4.1e-05,6.43e-05,2.89e-05,0.00393,0.00611,2.4e-05,0.0001,2.32e-11,0.000816
4740,1.106e-07,1.106e-08,1.74e-09,1.681e-09,4.134490000000001e-09,8.122500000000001e-10,4.1e-05,6.43e-05,2.85e-05,0.00392,0.0061,2.39e-05,0.0001,2.49e-11,0.000815
4750,1.106e-07,1.105e-08,1.737e-09,1.681e-09,4.12164e-09,8.122500000000001e-10,4.1e-05,6.42e-05,2.85e-05,0.00392,0.00609,2.39e-05,0.0001,1.98e-11,0.000815
4760,1.104e-07,1.104e-08,1.735e-09,1.67281e-09,4.12164e-09,8.1796e-10,4.09e-05,6.42e-05,2.86e-05,0.00391,0.00609,2.38e-05,0.0001,1.49e-11,0.000815
4770,1.103e-07,1.103e-08,1.735e-09,1.67281e-09,4.10881e-09,8.122500000000001e-10,4.09e-05,6.41e-05,2.85e-05,0.0039,0.00608,2.37e-05,0.0001,1.56e-11,0.000815
4780,1.102e-07,1.102e-08,1.732e-09,1.67281e-09,4.096e-09,8.2369e-10,4.09e-05,6.4e-05,2.87e-05,0.00391,0.00607,2.37e-05,0.0001,1.51e-11,0.000814
4790,1.101e-07,1.101e-08,1.728e-09,1.67281e-09,4.096e-09,8.0656e-10,4.09e-05,6.4e-05,2.84e-05,0.0039,0.00606,2.37e-05,0.0001,1.76e-11,0.000814
4800,1.1e-07,1.1e-08,1.725e-09,1.6646400000000002e-09,4.083209999999999e-09,8.0089e-10,4.08e-05,6.39e-05,2.83e-05,0.0039,0.00606,2.36e-05,0.0001,1.55e-11,0.000814
4810,1.099e-07,1.099e-08,1.723e-09,1.6646400000000002e-09,4.083209999999999e-09,8.0656e-10,4.08e-05,6.39e-05,2.84e-05,0.00389,0.00605,2.35e-05,0.0001,1.54e-11,0.000814
4820,1.098e-07,1.098e-08,1.718e-09,1.65649e-09,4.070440000000001e-09,8.0656e-10,4.07e-05,6.38e-05,2.84e-05,0.00388,0.00604,2.35e-05,0.0001,2.29e-11,0.000813
4830,1.097e-07,1.097e-08,1.717e-09,1.65649e-09,4.05769e-09,8.0656e-10,4.07e-05,6.37e-05,2.84e-05,0.00387,0.00604,2.34e-05,0.0001,2e-11,0.000813
4840,1.096e-07,1.096e-08,1.715e-09,1.65649e-09,4.05769e-09,8.0656e-10,4.07e-05,6.37e-05,2.84e-05,0.00387,0.00603,2.33e-05,0.0001,1.52e-11,0.000813
4850,1.095e-07,1.095e-08,1.714e-09,1.65649e-09,4.0449600000000005e-09,8.122500000000001e-10,4.07e-05,6.36e-05,2.85e-05,0.00386,0.00602,2.32e-05,0.0001,1.75e-11,0.000813
4860,1.094e-07,1.094e-08,1.712e-09,1.65649e-09,4.0449600000000005e-09,8.122500000000001e-10,4.07e-05,6.36e-05,2.85e-05,0.00386,0.00601,2.32e-05,0.0001,1.51e-11,0.000813
4870,1.093e-07,1.093e-08,1.708e-09,1.6483599999999999e-09,4.03225e-09,8.0656e-10,4.06e-05,6.35e-05,2.84e-05,0.00385,0.00601,2.31e-05,0.0001,1.52e-11,0.000812
4880,1.092e-07,1.092e-08,1.703e-09,1.6483599999999999e-09,4.03225e-09,8.0089e-10,4.06e-05,6.35e-05,2.83e-05,0.00384,0.006,2.3e-05,0.0001,1.76e-11,0.000812
4890,1.092e-07,1.091e-08,1.702e-09,1.6483599999999999e-09,4.019559999999999e-09,7.9524e-10,4.06e-05,6.34e-05,2.82e-05,0.00384,0.00599,2.3e-05,0.0001,2.14e-11,0.000812
4900,1.09e-07,1.09e-08,1.699e-09,1.6402500000000002e-09,4.019559999999999e-09,7.9524e-10,4.05e-05,6.34e-05,2.82e-05,0.00384,0.00599,2.3e-05,0.0001,2.48e-11,0.000812
4910,1.089e-07,1.089e-08,1.698e-09,1.6402500000000002e-09,4.00689e-09,7.9524e-10,4.05e-05,6.33e-05,2.82e-05,0.00383,0.00598,2.29e-05,0.0001,1.8e-11,0.000811
4920,1.089e-07,1.088e-08,1.695e-09,1.6402500000000002e-09,3.9942400000000005e-09,7.9524e-10,4.05e-05,6.32e-05,2.82e-05,0.00382,0.00597,2.28e-05,0.0001,1.78e-11,0.000811
4930,1.088e-07,1.087e-08,1.693e-09,1.6402500000000002e-09,3.9942400000000005e-09,7.9524e-10,4.05e-05,6.32e-05,2.82e-05,0.00382,0.00597,2.28e-05,0.0001,2.24e-11,0.000811
4940,1.086e-07,1.086e-08,1.69e-09,1.6321599999999999e-09,3.98161e-09,7.9524e-10,4.04e-05,6.31e-05,2.82e-05,0.00382,0.00596,2.27e-05,0.0001,1.65e-11,0.000811
4950,1.085e-07,1.085e-08,1.686e-09,1.6321599999999999e-09,3.98161e-09,7.84e-10,4.04e-05,6.31e-05,2.8e-05,0.00381,0.00595,2.27e-05,0.0001,2.22e-11,0.00081
4960,1.085e-07,1.084e-08,1.685e-09,1.6321599999999999e-09,3.969e-09,7.896099999999999e-10,4.04e-05,6.3e-05,2.81e-05,0.0038,0.00594,2.26e-05,0.0001,1.49e-11,0.00081
4970,1.083e-07,1.083e-08,1.685e-09,1.6240899999999997e-09,3.969e-09,8.0089e-10,4.03e-05,6.3e-05,2.83e-05,0.0038,0.00594,2.26e-05,0.0001,1.76e-11,0.00081
4980,1.083e-07,1.082e-08,1.681e-09,1.6240899999999997e-09,3.95641e-09,7.84e-10,4.03e-05,6.29e-05,2.8e-05,0.0038,0.00593,2.25e-05,0.0001,1.84e-11,0.00081
4990,1.082e-07,1.081e-08,1.676e-09,1.6240899999999997e-09,3.95641e-09,7.7841e-10,4.03e-05,6.29e-05,2.79e-05,0.00379,0.00592,2.24e-05,0.0001,1.76e-11,0.00081
5000,1.081e-07,1.08e-08,1.674e-09,1.6160400000000001e-09,3.943839999999999e-09,7.896099999999999e-10,4.02e-05,6.28e-05,2.81e-05,0.00378,0.00592,2.24e-05,0.0001,2.69e-11,0.000809
5010,1.079e-07,1.079e-08,1.67e-09,1.6160400000000001e-09,3.943839999999999e-09,7.672899999999999e-10,4.02e-05,6.28e-05,2.77e-05,0.00378,0.0065,2.46e-05,0.0001,1.76e-11,0.000809
5020,1.078e-07,1.078e-08,1.67e-09,1.6160400000000001e-09,3.93129e-09,7.84e-10,4.02e-05,6.27e-05,2.8e-05,0.00376,0.0059,2.22e-05,0.0001,3.16e-11,0.000809
5030,1.078e-07,1.077e-08,1.667e-09,1.6160400000000001e-09,3.93129e-09,7.84e-10,4.02e-05,6.27e-05,2.8e-05,0.00376,0.0059,2.22e-05,0.0001,2.01e-11,0.000809
5040,1.077e-07,1.076e-08,1.665e-09,1.60801e-09,3.918760000000001e-09,7.7841e-10,4.01e-05,6.26e-05,2.79e-05,0.00376,0.00648,2.43e-05,0.0001,1.94e-11,0.000808
5050,1.075e-07,1.075e-08,1.663e-09,1.60801e-09,3.918760000000001e-09,7.7841e-10,4.01e-05,6.26e-05,2.79e-05,0.00375,0.00588,2.21e-05,0.0001,2.2e-11,0.000808
5060,1.075e-07,1.075e-08,1.659e-09,1.60801e-09,3.90625e-09,7.672899999999999e-10,4.01e-05,6.25e-05,2.77e-05,0.00375,0.00588,2.2e-05,0.0001,1.96e-11,0.000808
5070,1.074e-07,1.074e-08,1.658e-09,1.60801e-09,3.89376e-09,7.672899999999999e-10,4.01e-05,6.24e-05,2.77e-05,0.00374,0.00587,2.2e-05,0.0001,1.82e-11,0.000808
5080,1.073e-07,1.073e-08,1.656e-09,1.6000000000000003e-09,3.89376e-09,7.7841e-10,4e-05,6.24e-05,2.79e-05,0.00374,0.00645,2.41e-05,0.0001,2.21e-11,0.000808
5090,1.072e-07,1.072e-08,1.652e-09,1.6000000000000003e-09,3.88129e-09,7.6176e-10,4e-05,6.23e-05,2.76e-05,0.00373,0.00586,2.19e-05,0.0001,1.84e-11,0.000807
5100,1.071e-07,1.071e-08,1.65e-09,1.6000000000000003e-09,3.88129e-09,7.728400000000001e-10,4e-05,6.23e-05,2.78e-05,0.00372,0.00643,2.4e-05,0.0001,2.69e-11,0.000807
5110,1.07e-07,1.07e-08,1.648e-09,1.6000000000000003e-09,3.868839999999999e-09,7.672899999999999e-10,4e-05,6.22e-05,2.77e-05,0.00372,0.00584,2.17e-05,0.0001,1.64e-11,0.000807
5120,1.07e-07,1.069e-08,1.645e-09,1.59201e-09,3.868839999999999e-09,7.6176e-10,3.99e-05,6.22e-05,2.76e-05,0.00372,0.00642,2.39e-05,0.0001,1.65e-11,0.000807
5130,1.068e-07,1.068e-08,1.643e-09,1.59201e-09,3.856410000000001e-09,7.672899999999999e-10,3.99e-05,6.21e-05,2.77e-05,0.00371,0.00583,2.16e-05,0.0001,1.55e-11,0.000806
5140,1.067e-07,1.067e-08,1.643e-09,1.59201e-09,3.856410000000001e-09,7.672899999999999e-10,3.99e-05,6.21e-05,2.77e-05,0.0037,0.00582,2.16e-05,0.0001,1.76e-11,0.000806
5150,1.066e-07,1.066e-08,1.637e-09,1.5840399999999998e-09,3.844e-09,7.5625e-10,3.98e-05,6.2e-05,2.75e-05,0.0037,0.00582,2.15e-05,0.0001,2.28e-11,0.000806
5160,1.065e-07,1.065e-08,1.638e-09,1.5840399999999998e-09,3.844e-09,7.672899999999999e-10,3.98e-05,6.2e-05,2.77e-05,0.0037,0.00581,2.15e-05,0.0001,1.78e-11,0.000806
5170,1.064e-07,1.064e-08,1.635e-09,1.5840399999999998e-09,3.83161e-09,7.6176e-10,3.98e-05,6.19e-05,2.76e-05,0.00369,0.00638,2.36e-05,0.0001,1.78e-11,0.000806
5180,1.064e-07,1.063e-08,1.631e-09,1.5840399999999998e-09,3.83161e-09,7.6176e-10,3.98e-05,6.19e-05,2.76e-05,0.00369,0.0058,2.14e-05,0.0001,1.63e-11,0.000805
5190,1.062e-07,1.062e-08,1.629e-09,1.5760900000000003e-09,3.81924e-09,7.5625e-10,3.97e-05,6.18e-05,2.75e-05,0.00368,0.00579,2.13e-05,0.0001,2.24e-11,0.000805
5200,1.061e-07,1.061e-08,1.627e-09,1.5760900000000003e-09,3.81924e-09,7.6176e-10,3.97e-05,6.18e-05,2.76e-05,0.00368,0.00578,2.13e-05,0.0001,2.26e-11,0.000805
5210,1.06e-07,1.06e-08,1.625e-09,1.5760900000000003e-09,3.8068899999999995e-09,7.6176e-10,3.97e-05,6.17e-05,2.76e-05,0.00367,0.00578,2.12e-05,0.0001,1.83e-11,0.000805
5220,1.059e-07,1.059e-08,1.62e-09,1.5760900000000003e-09,3.8068899999999995e-09,7.4529e-10,3.97e-05,6.17e-05,2.73e-05,0.00367,0.00635,2.33e-05,0.0001,1.52e-11,0.000804
5230,1.059e-07,1.058e-08,1.619e-09,1.56816e-09,3.794560000000001e-09,7.4529e-10,3.96e-05,6.16e-05,2.73e-05,0.00366,0.00634,2.32e-05,0.0001,1.48e-11,0.000804
5240,1.058e-07,1.057e-08,1.618e-09,1.56816e-09,3.794560000000001e-09,7.5625e-10,3.96e-05,6.16e-05,2.75e-05,0.00365,0.00576,2.1e-05,0.0001,1.61e-11,0.000804
5250,1.057e-07,1.056e-08,1.617e-09,1.56816e-09,3.782250000000001e-09,7.5625e-10,3.96e-05,6.15e-05,2.75e-05,0.00365,0.00575,2.1e-05,0.0001,2.01e-11,0.000804
5260,1.055e-07,1.056e-08,1.613e-09,1.5602499999999999e-09,3.782250000000001e-09,7.507599999999999e-10,3.95e-05,6.15e-05,2.74e-05,0.00364,0.00575,2.09e-05,0.0001,1.9e-11,0.000804
5270,1.054e-07,1.055e-08,1.611e-09,1.5602499999999999e-09,3.7699600000000005e-09,7.4529e-10,3.95e-05,6.14e-05,2.73e-05,0.00365,0.00631,2.3e-05,0.0001,2e-11,0.000803
5280,1.054e-07,1.054e-08,1.609e-09,1.5602499999999999e-09,3.7699600000000005e-09,7.4529e-10,3.95e-05,6.14e-05,2.73e-05,0.00364,0.00573,2.09e-05,0.0001,2.46e-11,0.000803
5290,1.053e-07,1.053e-08,1.606e-09,1.5602499999999999e-09,3.75769e-09,7.4529e-10,3.95e-05,6.13e-05,2.73e-05,0.00363,0.00573,2.08e-05,0.0001,1.82e-11,0.000803
5300,1.052e-07,1.052e-08,1.605e-09,1.5602499999999999e-09,3.75769e-09,7.4529e-10,3.95e-05,6.13e-05,2.73e-05,0.00363,0.00629,2.28e-05,0.0001,1.48e-11,0.000803
5310,1.051e-07,1.051e-08,1.603e-09,1.5523600000000002e-09,3.75769e-09,7.507599999999999e-10,3.94e-05,6.13e-05,2.74e-05,0.00362,0.00571,2.07e-05,0.0001,1.49e-11,0.000802
5320,1.05e-07,1.05e-08,1.599e-09,1.5523600000000002e-09,3.7454399999999994e-09,7.3984e-10,3.94e-05,6.12e-05,2.72e-05,0.00361,0.00571,2.06e-05,0.0001,1.9e-11,0.000802
5330,1.05e-07,1.049e-08,1.598e-09,1.5523600000000002e-09,3.7454399999999994e-09,7.344100000000001e-10,3.94e-05,6.12e-05,2.71e-05,0.00361,0.00627,2.27e-05,0.0001,1.57e-11,0.000802
5340,1.048e-07,1.048e-08,1.593e-09,1.54449e-09,3.733209999999999e-09,7.344100000000001e-10,3.93e-05,6.11e-05,2.71e-05,0.00361,0.0057,2.06e-05,0.0001,1.93e-11,0.000802
5350,1.047e-07,1.047e-08,1.594e-09,1.54449e-09,3.733209999999999e-09,7.3984e-10,3.93e-05,6.11e-05,2.72e-05,0.0036,0.00626,2.25e-05,0.0001,1.58e-11,0.000802
5360,1.047e-07,1.046e-08,1.589e-09,1.54449e-09,3.721e-09,7.2361e-10,3.93e-05,6.1e-05,2.69e-05,0.00359,0.00625,2.25e-05,0.0001,1.89e-11,0.000801
5370,1.046e-07,1.046e-08,1.588e-09,1.54449e-09,3.721e-09,7.344100000000001e-10,3.93e-05,6.1e-05,2.71e-05,0.00359,0.00568,2.04e-05,0.0001,1.64e-11,0.000801
5380,1.045e-07,1.045e-08,1.587e-09,1.5366399999999998e-09,3.7088100000000006e-09,7.344100000000001e-10,3.92e-05,6.09e-05,2.71e-05,0.00359,0.00567,2.04e-05,0.0001,1.99e-11,0.000801
5390,1.044e-07,1.044e-08,1.585e-09,1.5366399999999998e-09,3.7088100000000006e-09,7.344100000000001e-10,3.92e-05,6.09e-05,2.71e-05,0.00359,0.00623,2.24e-05,0.0001,1.5e-11,0.000801
5400,1.043e-07,1.043e-08,1.582e-09,1.5366399999999998e-09,3.69664e-09,7.2361e-10,3.92e-05,6.08e-05,2.69e-05,0.00358,0.00566,2.02e-05,0.0001,1.61e-11,0.000801
5410,1.042e-07,1.042e-08,1.58e-09,1.5366399999999998e-09,3.69664e-09,7.29e-10,3.92e-05,6.08e-05,2.7e-05,0.00357,0.00622,2.22e-05,0.0001,1.59e-11,0.0008
5420,1.041e-07,1.041e-08,1.577e-09,1.5288100000000002e-09,3.68449e-09,7.2361e-10,3.91e-05,6.07e-05,2.69e-05,0.00357,0.00565,2.01e-05,0.0001,1.76e-11,0.0008
5430,1.041e-07,1.04e-08,1.574e-09,1.5288100000000002e-09,3.68449e-09,7.182400000000001e-10,3.91e-05,6.07e-05,2.68e-05,0.00357,0.00621,2.21e-05,0.0001,1.64e-11,0.0008
5440,1.04e-07,1.039e-08,1.572e-09,1.5288100000000002e-09,3.6723600000000003e-09,7.182400000000001e-10,3.91e-05,6.06e-05,2.68e-05,0.00356,0.0062,2.2e-05,0.0001,1.91e-11,0.0008
5450,1.039e-07,1.038e-08,1.576e-09,1.5288100000000002e-09,3.6723600000000003e-09,7.3984e-10,3.91e-05,6.06e-05,2.72e-05,0.00356,0.00619,2.2e-05,0.0001,1.36e-11,0.0008
5460,1.038e-07,1.038e-08,1.57e-09,1.5288100000000002e-09,3.66025e-09,7.2361e-10,3.91e-05,6.05e-05,2.69e-05,0.00355,0.00619,2.19e-05,0.0001,1.75e-11,0.000799
5470,1.037e-07,1.037e-08,1.566e-09,1.521e-09,3.66025e-09,7.2361e-10,3.9e-05,6.05e-05,2.69e-05,0.00354,0.00562,1.99e-05,0.0001,1.59e-11,0.000799
5480,1.036e-07,1.036e-08,1.567e-09,1.521e-09,3.66025e-09,7.2361e-10,3.9e-05,6.05e-05,2.69e-05,0.00353,0.00617,2.18e-05,0.0001,1.68e-11,0.000799
5490,1.035e-07,1.035e-08,1.564e-09,1.521e-09,3.6481599999999995e-09,7.182400000000001e-10,3.9e-05,6.04e-05,2.68e-05,0.00353,0.00617,2.18e-05,0.0001,2.09e-11,0.000799
5500,1.035e-07,1.034e-08,1.562e-09,1.5132099999999998e-09,3.6481599999999995e-09,7.2361e-10,3.89e-05,6.04e-05,2.69e-05,0.00354,0.0056,1.98e-05,0.0001,1.68e-11,0.000798
5510,1.033e-07,1.033e-08,1.558e-09,1.5132099999999998e-09,3.6360900000000004e-09,7.2361e-10,3.89e-05,6.03e-05,2.69e-05,0.00352,0.00559,1.97e-05,0.0001,2.12e-11,0.000798
5520,1.033e-07,1.032e-08,1.558e-09,1.5132099999999998e-09,3.6360900000000004e-09,7.2361e-10,3.89e-05,6.03e-05,2.69e-05,0.00351,0.00559,1.96e-05,0.0001,2.16e-11,0.000798
5530,1.031e-07,1.032e-08,1.555e-09,1.5132099999999998e-09,3.62404e-09,7.128899999999999e-10,3.89e-05,6.02e-05,2.67e-05,0.00352,0.00614,2.16e-05,0.0001,2.04e-11,0.000798
5540,1.031e-07,1.031e-08,1.553e-09,1.5054400000000001e-09,3.62404e-09,7.128899999999999e-10,3.88e-05,6.02e-05,2.67e-05,0.00351,0.00613,2.15e-05,0.0001,2.3e-11,0.000798
5550,1.03e-07,1.03e-08,1.553e-09,1.5054400000000001e-09,3.61201e-09,7.182400000000001e-10,3.88e-05,6.01e-05,2.68e-05,0.00351,0.00613,2.15e-05,0.0001,2.04e-11,0.000797
5560,1.029e-07,1.029e-08,1.554e-09,1.5132099999999998e-09,3.61201e-09,7.2361e-10,3.89e-05,6.01e-05,2.69e-05,0.0035,0.00612,2.14e-05,0.0001,2.34e-11,0.000797
5570,1.029e-07,1.028e-08,1.545e-09,1.5054400000000001e-09,3.61201e-09,7.0225e-10,3.88e-05,6.01e-05,2.65e-05,0.0035,0.00556,1.94e-05,0.0001,2.28e-11,0.000797
5580,1.027e-07,1.027e-08,1.544e-09,1.5054400000000001e-09,3.6000000000000004e-09,7.0756e-10,3.88e-05,6e-05,2.66e-05,0.00349,0.00555,1.94e-05,0.0001,2.15e-11,0.000797
5590,1.027e-07,1.026e-08,1.543e-09,1.4976899999999998e-09,3.6000000000000004e-09,7.0756e-10,3.87e-05,6e-05,2.66e-05,0.00349,0.00555,1.94e-05,0.0001,2e-11,0.000797
5600,1.026e-07,1.026e-08,1.542e-09,1.4976899999999998e-09,3.58801e-09,7.182400000000001e-10,3.87e-05,5.99e-05,2.68e-05,0.00348,0.00554,1.93e-05,0.0001,2.11e-11,0.000796
5610,1.025e-07,1.025e-08,1.54e-09,1.4976899999999998e-09,3.58801e-09,7.128899999999999e-10,3.87e-05,5.99e-05,2.67e-05,0.00348,0.00554,1.93e-05,0.0001,2.44e-11,0.000796
5620,1.024e-07,1.024e-08,1.537e-09,1.4976899999999998e-09,3.5760399999999996e-09,7.0225e-10,3.87e-05,5.98e-05,2.65e-05,0.00348,0.00553,1.92e-05,0.0001,2e-11,0.000796
5630,1.023e-07,1.023e-08,1.535e-09,1.4899600000000003e-09,3.5760399999999996e-09,7.0756e-10,3.86e-05,5.98e-05,2.66e-05,0.00347,0.00552,1.92e-05,0.0001,2.19e-11,0.000796
5640,1.022e-07,1.022e-08,1.536e-09,1.4899600000000003e-09,3.5760399999999996e-09,7.128899999999999e-10,3.86e-05,5.98e-05,2.67e-05,0.00347,0.00552,1.91e-05,0.0001,1.92e-11,0.000796
5650,1.022e-07,1.021e-08,1.532e-09,1.4899600000000003e-09,3.5640900000000003e-09,6.9696e-10,3.86e-05,5.97e-05,2.64e-05,0.00346,0.00606,2.1e-05,0.0001,2.18e-11,0.000795
5660,1.021e-07,1.021e-08,1.53e-09,1.4899600000000003e-09,3.5640900000000003e-09,6.9696e-10,3.86e-05,5.97e-05,2.64e-05,0.00346,0.00606,2.1e-05,0.0001,2.25e-11,0.000795
5670,1.02e-07,1.02e-08,1.529e-09,1.4822500000000001e-09,3.55216e-09,7.0756e-10,3.85e-05,5.96e-05,2.66e-05,0.00345,0.00605,2.09e-05,0.0001,2.05e-11,0.000795
5680,1.019e-07,1.019e-08,1.526e-09,1.4822500000000001e-09,3.55216e-09,6.9696e-10,3.85e-05,5.96e-05,2.64e-05,0.00345,0.00605,2.09e-05,0.0001,2.57e-11,0.000795
5690,1.018e-07,1.018e-08,1.527e-09,1.4822500000000001e-09,3.5402500000000005e-09,7.0756e-10,3.85e-05,5.95e-05,2.66e-05,0.00345,0.00604,2.08e-05,0.0001,2.66e-11,0.000795
5700,1.017e-07,1.017e-08,1.524e-09,1.4822500000000001e-09,3.5402500000000005e-09,6.9696e-10,3.85e-05,5.95e-05,2.64e-05,0.00344,0.00603,2.07e-05,0.0001,2.54e-11,0.000794
5710,1.017e-07,1.016e-08,1.52e-09,1.4822500000000001e-09,3.5402500000000005e-09,6.9696e-10,3.85e-05,5.95e-05,2.64e-05,0.00344,0.00603,2.07e-05,0.0001,1.82e-11,0.000794
5720,1.016e-07,1.015e-08,1.518e-09,1.47456e-09,3.52836e-09,7.0225e-10,3.84e-05,5.94e-05,2.65e-05,0.00344,0.00602,2.07e-05,0.0001,3.06e-11,0.000794
5730,1.015e-07,1.015e-08,1.513e-09,1.47456e-09,3.52836e-09,6.8644e-10,3.84e-05,5.94e-05,2.62e-05,0.00343,0.00602,2.06e-05,0.0001,1.79e-11,0.000794
5740,1.014e-07,1.014e-08,1.514e-09,1.47456e-09,3.5164899999999997e-09,6.916899999999999e-10,3.84e-05,5.93e-05,2.63e-05,0.00342,0.00601,2.06e-05,0.0001,2.32e-11,0.000794
5750,1.013e-07,1.013e-08,1.512e-09,1.47456e-09,3.5164899999999997e-09,6.916899999999999e-10,3.84e-05,5.93e-05,2.63e-05,0.00342,0.006,2.05e-05,0.0001,2.34e-11,0.000793
5760,1.012e-07,1.012e-08,1.509e-09,1.4668900000000003e-09,3.5164899999999997e-09,6.8644e-10,3.83e-05,5.93e-05,2.62e-05,0.00341,0.00545,1.86e-05,0.0001,2.47e-11,0.000793
5770,1.011e-07,1.011e-08,1.51e-09,1.4668900000000003e-09,3.5046400000000004e-09,6.916899999999999e-10,3.83e-05,5.92e-05,2.63e-05,0.00342,0.00545,1.86e-05,0.0001,2.26e-11,0.000793
5780,1.011e-07,1.01e-08,1.508e-09,1.4668900000000003e-09,3.5046400000000004e-09,6.916899999999999e-10,3.83e-05,5.92e-05,2.63e-05,0.00341,0.00598,2.04e-05,0.0001,2.76e-11,0.000793
5790,1.01e-07,1.01e-08,1.504e-09,1.4668900000000003e-09,3.49281e-09,6.8644e-10,3.83e-05,5.91e-05,2.62e-05,0.00341,0.00544,1.85e-05,0.0001,2.18e-11,0.000793
5800,1.009e-07,1.009e-08,1.503e-09,1.4668900000000003e-09,3.49281e-09,6.8644e-10,3.83e-05,5.91e-05,2.62e-05,0.00339,0.00597,2.02e-05,0.0001,2.98e-11,0.000793
5810,1.008e-07,1.008e-08,1.502e-09,1.45924e-09,3.49281e-09,6.916899999999999e-10,3.82e-05,5.91e-05,2.63e-05,0.0034,0.00597,2.03e-05,0.0001,3.15e-11,0.000792
5820,1.007e-07,1.007e-08,1.5e-09,1.45924e-09,3.481e-09,6.916899999999999e-10,3.82e-05,5.9e-05,2.63e-05,0.00339,0.00596,2.02e-05,0.0001,2.27e-11,0.000792
5830,1.007e-07,1.006e-08,1.499e-09,1.45924e-09,3.481e-09,6.916899999999999e-10,3.82e-05,5.9e-05,2.63e-05,0.00338,0.00596,2.01e-05,0.0001,2.1e-11,0.000792
5840,1.006e-07,1.006e-08,1.495e-09,1.45924e-09,3.4692100000000003e-09,6.812100000000001e-10,3.82e-05,5.89e-05,2.61e-05,0.00338,0.00595,2.01e-05,0.0001,2.34e-11,0.000792
5850,1.005e-07,1.005e-08,1.497e-09,1.45924e-09,3.4692100000000003e-09,6.9696e-10,3.82e-05,5.89e-05,2.64e-05,0.00338,0.00594,2.01e-05,0.0001,1.9e-11,0.000792
5860,1.004e-07,1.004e-08,1.491e-09,1.45161e-09,3.45744e-09,6.812100000000001e-10,3.81e-05,5.88e-05,2.61e-05,0.00337,0.0054,1.82e-05,0.0001,2.3e-11,0.000791
5870,1.003e-07,1.003e-08,1.489e-09,1.45161e-09,3.45744e-09,6.759999999999999e-10,3.81e-05,5.88e-05,2.6e-05,0.00337,0.00539,1.82e-05,0.0001,2.72e-11,0.000791
5880,1.002e-07,1.002e-08,1.488e-09,1.45161e-09,3.45744e-09,6.759999999999999e-10,3.81e-05,5.88e-05,2.6e-05,0.00336,0.00593,1.99e-05,0.0001,1.92e-11,0.000791
5890,1.001e-07,1.001e-08,1.486e-09,1.45161e-09,3.4456899999999995e-09,6.759999999999999e-10,3.81e-05,5.87e-05,2.6e-05,0.00336,0.00592,1.99e-05,0.0001,1.96e-11,0.000791
5900,1.001e-07,1.001e-08,1.485e-09,1.4440000000000002e-09,3.4456899999999995e-09,6.812100000000001e-10,3.8e-05,5.87e-05,2.61e-05,0.00335,0.00591,1.98e-05,0.0001,2.43e-11,0.000791
5910,9.999e-08,9.998e-09,1.484e-09,1.4440000000000002e-09,3.43396e-09,6.812100000000001e-10,3.8e-05,5.86e-05,2.61e-05,0.00335,0.00591,1.98e-05,0.0001,2.14e-11,0.00079
5920,9.989e-08,9.99e-09,1.481e-09,1.4440000000000002e-09,3.43396e-09,6.812100000000001e-10,3.8e-05,5.86e-05,2.61e-05,0.00334,0.00537,1.79e-05,0.0001,2.25e-11,0.00079
5930,9.981e-08,9.982e-09,1.479e-09,1.4440000000000002e-09,3.43396e-09,6.7081e-10,3.8e-05,5.86e-05,2.59e-05,0.00334,0.0059,1.97e-05,0.0001,1.76e-11,0.00079
5940,9.977e-08,9.974e-09,1.476e-09,1.43641e-09,3.42225e-09,6.7081e-10,3.79e-05,5.85e-05,2.59e-05,0.00334,0.00536,1.79e-05,0.0001,1.7e-11,0.00079
5950,9.962e-08,9.965e-09,1.476e-09,1.43641e-09,3.42225e-09,6.759999999999999e-10,3.79e-05,5.85e-05,2.6e-05,0.00333,0.00589,1.96e-05,0.0001,1.74e-11,0.00079
5960,9.961e-08,9.957e-09,1.473e-09,1.43641e-09,3.4105600000000003e-09,6.7081e-10,3.79e-05,5.84e-05,2.59e-05,0.00333,0.00588,1.96e-05,0.0001,1.77e-11,0.000789
5970,9.951e-08,9.949e-09,1.472e-09,1.43641e-09,3.4105600000000003e-09,6.759999999999999e-10,3.79e-05,5.84e-05,2.6e-05,0.00332,0.00587,1.95e-05,0.0001,2.13e-11,0.000789
5980,9.944e-08,9.941e-09,1.471e-09,1.4288399999999998e-09,3.4105600000000003e-09,6.812100000000001e-10,3.78e-05,5.84e-05,2.61e-05,0.00333,0.00533,1.77e-05,0.0001,1.72e-11,0.000789
5990,9.932e-08,9.932e-09,1.467e-09,1.4288399999999998e-09,3.39889e-09,6.6564e-10,3.78e-05,5.83e-05,2.58e-05,0.00332,0.00586,1.95e-05,0.0001,1.94e-11,0.000789
6000,9.923e-08,9.925e-09,1.468e-09,1.4288399999999998e-09,3.39889e-09,6.759999999999999e-10,3.78e-05,5.83e-05,2.6e-05,0.00332,0.00532,1.77e-05,0.0001,2.01e-11,0.000789
6010,9.92e-08,9.917e-09,1.464e-09,1.4288399999999998e-09,3.39889e-09,6.7081e-10,3.78e-05,5.83e-05,2.59e-05,0.00331,0.00585,1.94e-05,0.0001,2.23e-11,0.000788
6020,9.912e-08,9.91e-09,1.461e-09,1.4212900000000002e-09,3.38724e-09,6.604900000000001e-10,3.77e-05,5.82e-05,2.57e-05,0.00331,0.00585,1.93e-05,0.0001,1.35e-11,0.000788
6030,9.904e-08,9.903e-09,1.462e-09,1.4212900000000002e-09,3.38724e-09,6.759999999999999e-10,3.77e-05,5.82e-05,2.6e-05,0.00331,0.00531,1.76e-05,0.0001,1.6e-11,0.000788
6040,9.893e-08,9.895e-09,1.459e-09,1.4212900000000002e-09,3.3756100000000005e-09,6.6564e-10,3.77e-05,5.81e-05,2.58e-05,0.0033,0.00583,1.93e-05,0.0001,1.73e-11,0.000788
6050,9.89e-08,9.887e-09,1.458e-09,1.4212900000000002e-09,3.3756100000000005e-09,6.604900000000001e-10,3.77e-05,5.81e-05,2.57e-05,0.00329,0.00583,1.92e-05,0.0001,1.62e-11,0.000788
6060,9.879e-08,9.88e-09,1.455e-09,1.4212900000000002e-09,3.3756100000000005e-09,6.6564e-10,3.77e-05,5.81e-05,2.58e-05,0.00329,0.00529,1.74e-05,0.0001,2.09e-11,0.000788
6070,9.872e-08,9.873e-09,1.453e-09,1.4137599999999999e-09,3.364e-09,6.553599999999999e-10,3.76e-05,5.8e-05,2.56e-05,0.00328,0.00582,1.91e-05,0.0001,2.06e-11,0.000787
6080,9.869e-08,9.865e-09,1.454e-09,1.4137599999999999e-09,3.364e-09,6.6564e-10,3.76e-05,5.8e-05,2.58e-05,0.00328,0.00581,1.91e-05,0.0001,1.66e-11,0.000787
6090,9.858e-08,9.857e-09,1.453e-09,1.4137599999999999e-09,3.364e-09,6.7081e-10,3.76e-05,5.8e-05,2.59e-05,0.00328,0.00528,1.73e-05,0.0001,1.49e-11,0.000787
6100,9.848e-08,9.849e-09,1.449e-09,1.4137599999999999e-09,3.3524099999999996e-09,6.604900000000001e-10,3.76e-05,5.79e-05,2.57e-05,0.00328,0.0058,1.9e-05,0.0001,1.47e-11,0.000787
6110,9.843e-08,9.842e-09,1.445e-09,1.4062499999999998e-09,3.3524099999999996e-09,6.553599999999999e-10,3.75e-05,5.79e-05,2.56e-05,0.00327,0.0058,1.89e-05,0.0001,1.72e-11,0.000787
6120,9.836e-08,9.835e-09,1.444e-09,1.4062499999999998e-09,3.3408400000000002e-09,6.553599999999999e-10,3.75e-05,5.78e-05,2.56e-05,0.00327,0.00579,1.89e-05,0.0001,1.53e-11,0.000786
6130,9.823e-08,9.827e-09,1.444e-09,1.4062499999999998e-09,3.3408400000000002e-09,6.553599999999999e-10,3.75e-05,5.78e-05,2.56e-05,0.00326,0.00578,1.89e-05,0.0001,1.99e-11,0.000786
6140,9.819e-08,9.819e-09,1.443e-09,1.4062499999999998e-09,3.3408400000000002e-09,6.553599999999999e-10,3.75e-05,5.78e-05,2.56e-05,0.00326,0.00578,1.88e-05,0.0001,1.88e-11,0.000786
6150,9.809e-08,9.812e-09,1.441e-09,1.4062499999999998e-09,3.3292899999999998e-09,6.604900000000001e-10,3.75e-05,5.77e-05,2.57e-05,0.00325,0.00577,1.88e-05,0.0001,1.55e-11,0.000786
6160,9.801e-08,9.804e-09,1.441e-09,1.4062499999999998e-09,3.3292899999999998e-09,6.604900000000001e-10,3.75e-05,5.77e-05,2.57e-05,0.00325,0.00524,1.71e-05,0.0001,1.3e-11,0.000786
6170,9.802e-08,9.797e-09,1.437e-09,1.39876e-09,3.3292899999999998e-09,6.5025e-10,3.74e-05,5.77e-05,2.55e-05,0.00324,0.00576,1.87e-05,0.0001,1.98e-11,0.000786
6180,9.79e-08,9.789e-09,1.435e-09,1.39876e-09,3.3177599999999995e-09,6.5025e-10,3.74e-05,5.76e-05,2.55e-05,0.00324,0.00633,2.05e-05,0.0001,1.7e-11,0.000785
6190,9.784e-08,9.781e-09,1.434e-09,1.39876e-09,3.3177599999999995e-09,6.5025e-10,3.74e-05,5.76e-05,2.55e-05,0.00324,0.00575,1.86e-05,0.0001,1.3e-11,0.000785
6200,9.771e-08,9.774e-09,1.433e-09,1.39876e-09,3.3062500000000002e-09,6.5025e-10,3.74e-05,5.75e-05,2.55e-05,0.00323,0.00575,1.86e-05,0.0001,1.4e-11,0.000785
6210,9.768e-08,9.766e-09,1.432e-09,1.39876e-09,3.3062500000000002e-09,6.5025e-10,3.74e-05,5.75e-05,2.55e-05,0.00324,0.00574,1.86e-05,0.0001,1.75e-11,0.000785
6220,9.757e-08,9.759e-09,1.43e-09,1.3912899999999999e-09,3.3062500000000002e-09,6.553599999999999e-10,3.73e-05,5.75e-05,2.56e-05,0.00323,0.00574,1.85e-05,0.0001,1.91e-11,0.000785
6230,9.76e-08,9.752e-09,1.427e-09,1.3912899999999999e-09,3.29476e-09,6.451600000000001e-10,3.73e-05,5.74e-05,2.54e-05,0.00322,0.00573,1.85e-05,0.0001,2.31e-11,0.000784
6240,9.746e-08,9.744e-09,1.428e-09,1.3912899999999999e-09,3.29476e-09,6.553599999999999e-10,3.73e-05,5.74e-05,2.56e-05,0.00322,0.00572,1.84e-05,0.0001,1.64e-11,0.000784
6250,9.74e-08,9.736e-09,1.424e-09,1.3912899999999999e-09,3.29476e-09,6.5025e-10,3.73e-05,5.74e-05,2.55e-05,0.00322,0.0052,1.67e-05,0.0001,1.89e-11,0.000784
6260,9.727e-08,9.729e-09,1.42e-09,1.3838400000000003e-09,3.2832899999999997e-09,6.400899999999999e-10,3.72e-05,5.73e-05,2.53e-05,0.00321,0.00571,1.84e-05,0.0001,1.76e-11,0.000784
6270,9.725e-08,9.721e-09,1.421e-09,1.3838400000000003e-09,3.2832899999999997e-09,6.451600000000001e-10,3.72e-05,5.73e-05,2.54e-05,0.00321,0.00571,1.83e-05,0.0001,1.99e-11,0.000784
6280,9.711e-08,9.713e-09,1.42e-09,1.3838400000000003e-09,3.2832899999999997e-09,6.451600000000001e-10,3.72e-05,5.73e-05,2.54e-05,0.00321,0.0057,1.83e-05,0.0001,1.38e-11,0.000784
6290,9.703e-08,9.706e-09,1.415e-09,1.3838400000000003e-09,3.27184e-09,6.3001e-10,3.72e-05,5.72e-05,2.51e-05,0.0032,0.0057,1.82e-05,0.0001,1.22e-11,0.000783
6300,9.695e-08,9.698e-09,1.417e-09,1.3838400000000003e-09,3.27184e-09,6.451600000000001e-10,3.72e-05,5.72e-05,2.54e-05,0.0032,0.00569,1.82e-05,0.0001,1.53e-11,0.000783
6310,9.685e-08,9.69e-09,1.413e-09,1.37641e-09,3.27184e-09,6.3504e-10,3.71e-05,5.72e-05,2.52e-05,0.0032,0.00569,1.82e-05,0.0001,1.76e-11,0.000783
6320,9.682e-08,9.683e-09,1.413e-09,1.37641e-09,3.26041e-09,6.400899999999999e-10,3.71e-05,5.71e-05,2.53e-05,0.00319,0.00568,1.81e-05,0.0001,1.4e-11,0.000783
6330,9.674e-08,9.676e-09,1.412e-09,1.37641e-09,3.26041e-09,6.451600000000001e-10,3.71e-05,5.71e-05,2.54e-05,0.00319,0.00568,1.81e-05,0.0001,1.82e-11,0.000783
6340,9.665e-08,9.669e-09,1.408e-09,1.37641e-09,3.2490000000000003e-09,6.3504e-10,3.71e-05,5.7e-05,2.52e-05,0.00319,0.00567,1.81e-05,0.0001,1.66e-11,0.000782
6350,9.661e-08,9.662e-09,1.408e-09,1.37641e-09,3.2490000000000003e-09,6.400899999999999e-10,3.71e-05,5.7e-05,2.53e-05,0.00318,0.00567,1.8e-05,0.0001,1.26e-11,0.000782
6360,9.655e-08,9.654e-09,1.407e-09,1.37641e-09,3.2490000000000003e-09,6.3504e-10,3.71e-05,5.7e-05,2.52e-05,0.00317,0.00566,1.8e-05,0.0001,1.59e-11,0.000782
6370,9.647e-08,9.646e-09,1.404e-09,1.369e-09,3.23761e-09,6.3504e-10,3.7e-05,5.69e-05,2.52e-05,0.00317,0.00566,1.79e-05,0.0001,1.69e-11,0.000782
6380,9.638e-08,9.639e-09,1.403e-09,1.369e-09,3.23761e-09,6.3504e-10,3.7e-05,5.69e-05,2.52e-05,0.00316,0.00565,1.79e-05,0.0001,2.01e-11,0.000782
6390,9.626e-08,9.632e-09,1.401e-09,1.369e-09,3.23761e-09,6.3001e-10,3.7e-05,5.69e-05,2.51e-05,0.00316,0.00565,1.79e-05,0.0001,1.39e-11,0.000782
6400,9.627e-08,9.624e-09,1.399e-09,1.369e-09,3.22624e-09,6.3001e-10,3.7e-05,5.68e-05,2.51e-05,0.00316,0.00564,1.78e-05,0.0001,2.01e-11,0.000781
6410,9.62e-08,9.616e-09,1.399e-09,1.369e-09,3.22624e-09,6.3001e-10,3.7e-05,5.68e-05,2.51e-05,0.00316,0.00564,1.78e-05,0.0001,1.82e-11,0.000781
6420,9.61e-08,9.609e-09,1.396e-09,1.3616100000000002e-09,3.22624e-09,6.3001e-10,3.69e-05,5.68e-05,2.51e-05,0.00315,0.00563,1.78e-05,0.0001,1.34e-11,0.000781
6430,9.606e-08,9.602e-09,1.395e-09,1.3616100000000002e-09,3.2148900000000003e-09,6.3001e-10,3.69e-05,5.67e-05,2.51e-05,0.00315,0.00511,1.61e-05,0.0001,1.32e-11,0.000781
6440,9.597e-08,9.594e-09,1.394e-09,1.3616100000000002e-09,3.2148900000000003e-09,6.3001e-10,3.69e-05,5.67e-05,2.51e-05,0.00315,0.00562,1.77e-05,0.0001,1.67e-11,0.000781
6450,9.589e-08,9.587e-09,1.394e-09,1.3616100000000002e-09,3.2148900000000003e-09,6.3504e-10,3.69e-05,5.67e-05,2.52e-05,0.00314,0.00562,1.76e-05,0.0001,1.22e-11,0.000781
6460,9.583e-08,9.58e-09,1.392e-09,1.3616100000000002e-09,3.20356e-09,6.25e-10,3.69e-05,5.66e-05,2.5e-05,0.00314,0.00561,1.76e-05,0.0001,2.65e-11,0.00078
6470,9.574e-08,9.572e-09,1.39e-09,1.3616100000000002e-09,3.20356e-09,6.25e-10,3.69e-05,5.66e-05,2.5e-05,0.00313,0.00561,1.76e-05,0.0001,2.52e-11,0.00078
6480,9.563e-08,9.566e-09,1.388e-09,1.35424e-09,3.20356e-09,6.25e-10,3.68e-05,5.66e-05,2.5e-05,0.00313,0.0056,1.75e-05,0.0001,2.2e-11,0.00078
6490,9.558e-08,9.558e-09,1.384e-09,1.35424e-09,3.1922499999999996e-09,6.200099999999999e-10,3.68e-05,5.65e-05,2.49e-05,0.00313,0.0056,1.75e-05,0.0001,1.94e-11,0.00078
6500,9.549e-08,9.551e-09,1.382e-09,1.3468899999999999e-09,3.1922499999999996e-09,6.25e-10,3.67e-05,5.65e-05,2.5e-05,0.00314,0.00508,1.59e-05,0.0001,2.22e-11,0.00078
6510,9.545e-08,9.544e-09,1.381e-09,1.35424e-09,3.1922499999999996e-09,6.1504e-10,3.68e-05,5.65e-05,2.48e-05,0.00312,0.00559,1.74e-05,0.0001,2.46e-11,0.000779
6520,9.544e-08,9.537e-09,1.38e-09,1.3468899999999999e-09,3.18096e-09,6.200099999999999e-10,3.67e-05,5.64e-05,2.49e-05,0.00312,0.00558,1.74e-05,0.0001,2.64e-11,0.000779
6530,9.532e-08,9.53e-09,1.381e-09,1.3468899999999999e-09,3.18096e-09,6.200099999999999e-10,3.67e-05,5.64e-05,2.49e-05,0.00311,0.00558,1.74e-05,0.0001,2.13e-11,0.000779
6540,9.525e-08,9.524e-09,1.379e-09,1.3468899999999999e-09,3.18096e-09,6.25e-10,3.67e-05,5.64e-05,2.5e-05,0.00311,0.00557,1.73e-05,0.0001,1.79e-11,0.000779
6550,9.52e-08,9.517e-09,1.375e-09,1.3468899999999999e-09,3.16969e-09,6.1504e-10,3.67e-05,5.63e-05,2.48e-05,0.0031,0.00557,1.73e-05,0.0001,2.34e-11,0.000779
6560,9.51e-08,9.51e-09,1.372e-09,1.33956e-09,3.16969e-09,6.1009e-10,3.66e-05,5.63e-05,2.47e-05,0.00311,0.00556,1.73e-05,0.0001,1.71e-11,0.000779
6570,9.501e-08,9.503e-09,1.372e-09,1.33956e-09,3.16969e-09,6.1009e-10,3.66e-05,5.63e-05,2.47e-05,0.0031,0.00556,1.72e-05,0.0001,1.56e-11,0.000778
6580,9.496e-08,9.495e-09,1.373e-09,1.33956e-09,3.1584399999999997e-09,6.200099999999999e-10,3.66e-05,5.62e-05,2.49e-05,0.00309,0.00555,1.72e-05,0.0001,2.42e-11,0.000778
6590,9.489e-08,9.488e-09,1.371e-09,1.33956e-09,3.1584399999999997e-09,6.1504e-10,3.66e-05,5.62e-05,2.48e-05,0.0031,0.00555,1.72e-05,0.0001,1.7e-11,0.000778
6600,9.474e-08,9.481e-09,1.368e-09,1.33956e-09,3.1584399999999997e-09,6.1504e-10,3.66e-05,5.62e-05,2.48e-05,0.00309,0.00554,1.71e-05,0.0001,1.93e-11,0.000778
6610,9.476e-08,9.475e-09,1.367e-09,1.33956e-09,3.1472100000000003e-09,6.1504e-10,3.66e-05,5.61e-05,2.48e-05,0.00309,0.00554,1.71e-05,0.0001,2.05e-11,0.000778
6620,9.469e-08,9.468e-09,1.365e-09,1.33225e-09,3.1472100000000003e-09,6.1009e-10,3.65e-05,5.61e-05,2.47e-05,0.00309,0.00553,1.71e-05,0.0001,1.8e-11,0.000778
6630,9.461e-08,9.461e-09,1.366e-09,1.33225e-09,3.1472100000000003e-09,6.200099999999999e-10,3.65e-05,5.61e-05,2.49e-05,0.00308,0.00502,1.55e-05,0.0001,2.07e-11,0.000777
6640,9.456e-08,9.454e-09,1.362e-09,1.33225e-09,3.136e-09,6.1009e-10,3.65e-05,5.6e-05,2.47e-05,0.00307,0.00552,1.7e-05,0.0001,1.86e-11,0.000777
6650,9.449e-08,9.447e-09,1.363e-09,1.33225e-09,3.136e-09,6.200099999999999e-10,3.65e-05,5.6e-05,2.49e-05,0.00308,0.00552,1.7e-05,0.0001,1.71e-11,0.000777
6660,9.441e-08,9.44e-09,1.361e-09,1.33225e-09,3.136e-09,6.1009e-10,3.65e-05,5.6e-05,2.47e-05,0.00307,0.00551,1.69e-05,0.0001,2.36e-11,0.000777
6670,9.434e-08,9.433e-09,1.358e-09,1.33225e-09,3.1248099999999997e-09,6.0025e-10,3.65e-05,5.59e-05,2.45e-05,0.00307,0.00606,1.86e-05,0.0001,2.46e-11,0.000777
6680,9.428e-08,9.426e-09,1.358e-09,1.33225e-09,3.1248099999999997e-09,6.0025e-10,3.65e-05,5.59e-05,2.45e-05,0.00306,0.00605,1.85e-05,0.0001,2.1e-11,0.000777
6690,9.418e-08,9.419e-09,1.358e-09,1.3249599999999997e-09,3.1248099999999997e-09,6.1504e-10,3.64e-05,5.59e-05,2.48e-05,0.00306,0.005,1.53e-05,0.0001,1.87e-11,0.000776
6700,9.411e-08,9.412e-09,1.353e-09,1.3249599999999997e-09,3.1248099999999997e-09,6.051600000000001e-10,3.64e-05,5.59e-05,2.46e-05,0.00306,0.00549,1.68e-05,0.0001,2.2e-11,0.000776
6710,9.409e-08,9.405e-09,1.352e-09,1.3249599999999997e-09,3.11364e-09,6.0025e-10,3.64e-05,5.58e-05,2.45e-05,0.00305,0.00604,1.84e-05,0.0001,2.12e-11,0.000776
6720,9.397e-08,9.398e-09,1.354e-09,1.3249599999999997e-09,3.11364e-09,6.200099999999999e-10,3.64e-05,5.58e-05,2.49e-05,0.00306,0.00548,1.68e-05,0.0001,2.37e-11,0.000776
6730,9.392e-08,9.392e-09,1.352e-09,1.31769e-09,3.11364e-09,6.1504e-10,3.63e-05,5.58e-05,2.48e-05,0.00305,0.00548,1.67e-05,0.0001,1.63e-11,0.000776
6740,9.386e-08,9.384e-09,1.347e-09,1.31769e-09,3.1024899999999997e-09,5.9536e-10,3.63e-05,5.57e-05,2.44e-05,0.00304,0.00547,1.66e-05,0.0001,2.3e-11,0.000776
6750,9.383e-08,9.378e-09,1.347e-09,1.31769e-09,3.1024899999999997e-09,6.0025e-10,3.63e-05,5.57e-05,2.45e-05,0.00304,0.00547,1.66e-05,0.0001,2.88e-11,0.000775
6760,9.374e-08,9.371e-09,1.345e-09,1.31769e-09,3.1024899999999997e-09,5.9536e-10,3.63e-05,5.57e-05,2.44e-05,0.00303,0.00546,1.66e-05,0.0001,2.92e-11,0.000775
6770,9.364e-08,9.364e-09,1.346e-09,1.31769e-09,3.0913600000000004e-09,6.1009e-10,3.63e-05,5.56e-05,2.47e-05,0.00304,0.00546,1.66e-05,0.0001,2.15e-11,0.000775
6780,9.36e-08,9.357e-09,1.342e-09,1.3104399999999999e-09,3.0913600000000004e-09,5.9536e-10,3.62e-05,5.56e-05,2.44e-05,0.00303,0.00545,1.65e-05,0.0001,1.86e-11,0.000775
6790,9.355e-08,9.35e-09,1.342e-09,1.3104399999999999e-09,3.0913600000000004e-09,6.0025e-10,3.62e-05,5.56e-05,2.45e-05,0.00303,0.00545,1.65e-05,0.0001,2.2e-11,0.000775
6800,9.347e-08,9.343e-09,1.341e-09,1.3104399999999999e-09,3.08025e-09,6.051600000000001e-10,3.62e-05,5.55e-05,2.46e-05,0.00303,0.00545,1.65e-05,0.0001,2.28e-11,0.000775
6810,9.337e-08,9.336e-09,1.339e-09,1.3104399999999999e-09,3.08025e-09,5.9536e-10,3.62e-05,5.55e-05,2.44e-05,0.00302,0.00544,1.64e-05,0.0001,2.08e-11,0.000774
6820,9.33e-08,9.329e-09,1.338e-09,1.3104399999999999e-09,3.08025e-09,6.051600000000001e-10,3.62e-05,5.55e-05,2.46e-05,0.00302,0.00494,1.49e-05,0.0001,2.05e-11,0.000774
6830,9.318e-08,9.323e-09,1.336e-09,1.3104399999999999e-09,3.0691599999999998e-09,5.9536e-10,3.62e-05,5.54e-05,2.44e-05,0.00302,0.00543,1.64e-05,0.0001,2.22e-11,0.000774
6840,9.316e-08,9.316e-09,1.337e-09,1.3104399999999999e-09,3.0691599999999998e-09,6.051600000000001e-10,3.62e-05,5.54e-05,2.46e-05,0.00301,0.00543,1.64e-05,0.0001,2.3e-11,0.000774
6850,9.307e-08,9.31e-09,1.334e-09,1.3032100000000003e-09,3.0691599999999998e-09,6.0025e-10,3.61e-05,5.54e-05,2.45e-05,0.00301,0.00542,1.63e-05,0.0001,2.71e-11,0.000774
6860,9.303e-08,9.303e-09,1.333e-09,1.3032100000000003e-09,3.0691599999999998e-09,6.051600000000001e-10,3.61e-05,5.54e-05,2.46e-05,0.003,0.00492,1.48e-05,0.0001,1.91e-11,0.000774
6870,9.295e-08,9.297e-09,1.331e-09,1.3032100000000003e-09,3.05809e-09,5.9536e-10,3.61e-05,5.53e-05,2.44e-05,0.003,0.00541,1.63e-05,0.0001,1.87e-11,0.000773
6880,9.292e-08,9.29e-09,1.329e-09,1.3032100000000003e-09,3.05809e-09,5.904900000000001e-10,3.61e-05,5.53e-05,2.43e-05,0.003,0.00595,1.78e-05,0.0001,1.97e-11,0.000773
6890,9.28e-08,9.283e-09,1.329e-09,1.3032100000000003e-09,3.05809e-09,6.0025e-10,3.61e-05,5.53e-05,2.45e-05,0.003,0.0054,1.62e-05,0.0001,2.45e-11,0.000773
6900,9.275e-08,9.276e-09,1.327e-09,1.296e-09,3.04704e-09,5.9536e-10,3.6e-05,5.52e-05,2.44e-05,0.00299,0.0054,1.62e-05,0.0001,1.9e-11,0.000773
6910,9.266e-08,9.268e-09,1.328e-09,1.296e-09,3.04704e-09,6.0025e-10,3.6e-05,5.52e-05,2.45e-05,0.00298,0.00539,1.61e-05,0.0001,2.39e-11,0.000773
6920,9.268e-08,9.262e-09,1.324e-09,1.296e-09,3.04704e-09,5.9536e-10,3.6e-05,5.52e-05,2.44e-05,0.00298,0.00539,1.61e-05,0.0001,1.99e-11,0.000773
6930,9.256e-08,9.255e-09,1.321e-09,1.296e-09,3.0360099999999997e-09,5.8564e-10,3.6e-05,5.51e-05,2.42e-05,0.00298,0.00539,1.6e-05,0.0001,2.04e-11,0.000772
6940,9.249e-08,9.248e-09,1.32e-09,1.2888099999999998e-09,3.0360099999999997e-09,5.8564e-10,3.59e-05,5.51e-05,2.42e-05,0.00297,0.00592,1.76e-05,0.0001,1.78e-11,0.000772
6950,9.244e-08,9.241e-09,1.32e-09,1.2888099999999998e-09,3.0360099999999997e-09,5.904900000000001e-10,3.59e-05,5.51e-05,2.43e-05,0.00298,0.00591,1.76e-05,0.0001,1.87e-11,0.000772
6960,9.239e-08,9.235e-09,1.317e-09,1.2888099999999998e-09,3.0360099999999997e-09,5.8564e-10,3.59e-05,5.51e-05,2.42e-05,0.00297,0.00591,1.75e-05,0.0001,1.96e-11,0.000772
6970,9.228e-08,9.228e-09,1.316e-09,1.2888099999999998e-09,3.025e-09,5.904900000000001e-10,3.59e-05,5.5e-05,2.43e-05,0.00297,0.0059,1.75e-05,0.0001,2.11e-11,0.000772
6980,9.225e-08,9.221e-09,1.316e-09,1.2888099999999998e-09,3.025e-09,5.904900000000001e-10,3.59e-05,5.5e-05,2.43e-05,0.00297,0.00536,1.59e-05,0.0001,2.05e-11,0.000772
6990,9.217e-08,9.215e-09,1.314e-09,1.2888099999999998e-09,3.025e-09,5.8564e-10,3.59e-05,5.5e-05,2.42e-05,0.00297,0.00536,1.59e-05,0.0001,1.85e-11,0.000771
7000,9.208e-08,9.208e-09,1.312e-09,1.2888099999999998e-09,3.01401e-09,5.760000000000001e-10,3.59e-05,5.49e-05,2.4e-05,0.00296,0.00589,1.74e-05,0.0001,1.97e-11,0.000771
7010,9.206e-08,9.202e-09,1.312e-09,1.2816400000000001e-09,3.01401e-09,5.8564e-10,3.58e-05,5.49e-05,2.42e-05,0.00296,0.00535,1.58e-05,0.0001,2.23e-11,0.000771
7020,9.194e-08,9.195e-09,1.31e-09,1.2816400000000001e-09,3.01401e-09,5.8564e-10,3.58e-05,5.49e-05,2.42e-05,0.00295,0.00535,1.58e-05,0.0001,2.11e-11,0.000771
7030,9.194e-08,9.189e-09,1.309e-09,1.2816400000000001e-09,3.0030399999999996e-09,5.8081e-10,3.58e-05,5.48e-05,2.41e-05,0.00295,0.00587,1.73e-05,0.0001,2e-11,0.000771
7040,9.184e-08,9.182e-09,1.308e-09,1.2816400000000001e-09,3.0030399999999996e-09,5.8564e-10,3.58e-05,5.48e-05,2.42e-05,0.00294,0.00534,1.57e-05,0.0001,2.09e-11,0.000771
7050,9.177e-08,9.176e-09,1.307e-09,1.2816400000000001e-09,3.0030399999999996e-09,5.8564e-10,3.58e-05,5.48e-05,2.42e-05,0.00295,0.00533,1.57e-05,0.0001,1.9e-11,0.000771
7060,9.171e-08,9.17e-09,1.306e-09,1.2816400000000001e-09,3.0030399999999996e-09,5.8081e-10,3.58e-05,5.48e-05,2.41e-05,0.00294,0.00586,1.72e-05,0.0001,1.82e-11,0.00077
7070,9.161e-08,9.163e-09,1.302e-09,1.27449e-09,2.99209e-09,5.8081e-10,3.57e-05,5.47e-05,2.41e-05,0.00293,0.00532,1.56e-05,0.0001,2.88e-11,0.00077
7080,9.158e-08,9.157e-09,1.303e-09,1.27449e-09,2.99209e-09,5.760000000000001e-10,3.57e-05,5.47e-05,2.4e-05,0.00293,0.00585,1.72e-05,0.0001,1.89e-11,0.00077
7090,9.151e-08,9.149e-09,1.3e-09,1.27449e-09,2.99209e-09,5.7121e-10,3.57e-05,5.47e-05,2.39e-05,0.00293,0.00531,1.56e-05,0.0001,2.73e-11,0.00077
7100,9.147e-08,9.142e-09,1.3e-09,1.27449e-09,2.98116e-09,5.8081e-10,3.57e-05,5.46e-05,2.41e-05,0.00293,0.00531,1.56e-05,0.0001,1.95e-11,0.00077
7110,9.138e-08,9.136e-09,1.3e-09,1.27449e-09,2.98116e-09,5.8564e-10,3.57e-05,5.46e-05,2.42e-05,0.00293,0.00584,1.71e-05,0.0001,2.88e-11,0.00077
7120,9.132e-08,9.129e-09,1.297e-09,1.27449e-09,2.98116e-09,5.7121e-10,3.57e-05,5.46e-05,2.39e-05,0.00292,0.00583,1.7e-05,0.0001,2.04e-11,0.000769
7130,9.123e-08,9.123e-09,1.295e-09,1.2673599999999999e-09,2.98116e-09,5.760000000000001e-10,3.56e-05,5.46e-05,2.4e-05,0.00292,0.0053,1.54e-05,0.0001,2.06e-11,0.000769
7140,9.121e-08,9.117e-09,1.294e-09,1.2673599999999999e-09,2.97025e-09,5.7121e-10,3.56e-05,5.45e-05,2.39e-05,0.00292,0.00582,1.7e-05,0.0001,1.9e-11,0.000769
7150,9.108e-08,9.11e-09,1.293e-09,1.2673599999999999e-09,2.97025e-09,5.7121e-10,3.56e-05,5.45e-05,2.39e-05,0.00291,0.00529,1.54e-05,0.0001,2.66e-11,0.000769
7160,9.102e-08,9.103e-09,1.293e-09,1.2673599999999999e-09,2.97025e-09,5.760000000000001e-10,3.56e-05,5.45e-05,2.4e-05,0.00291,0.00528,1.54e-05,0.0001,1.83e-11,0.000769
7170,9.096e-08,9.097e-09,1.291e-09,1.2673599999999999e-09,2.95936e-09,5.760000000000001e-10,3.56e-05,5.44e-05,2.4e-05,0.00291,0.00528,1.53e-05,0.0001,1.82e-11,0.000769
7180,9.09e-08,9.091e-09,1.291e-09,1.26025e-09,2.95936e-09,5.8081e-10,3.55e-05,5.44e-05,2.41e-05,0.00291,0.00528,1.53e-05,0.0001,2.55e-11,0.000768
7190,9.086e-08,9.084e-09,1.288e-09,1.26025e-09,2.95936e-09,5.7121e-10,3.55e-05,5.44e-05,2.39e-05,0.0029,0.0058,1.68e-05,0.0001,2.08e-11,0.000768
7200,9.081e-08,9.078e-09,1.287e-09,1.26025e-09,2.95936e-09,5.7121e-10,3.55e-05,5.44e-05,2.39e-05,0.0029,0.00579,1.68e-05,0.0001,2.08e-11,0.000768
7210,9.073e-08,9.072e-09,1.285e-09,1.26025e-09,2.94849e-09,5.7121e-10,3.55e-05,5.43e-05,2.39e-05,0.00289,0.00579,1.67e-05,0.0001,2.18e-11,0.000768
7220,9.07e-08,9.065e-09,1.284e-09,1.26025e-09,2.94849e-09,5.7121e-10,3.55e-05,5.43e-05,2.39e-05,0.00289,0.00578,1.67e-05,0.0001,1.9e-11,0.000768
7230,9.06e-08,9.059e-09,1.282e-09,1.25316e-09,2.94849e-09,5.6644e-10,3.54e-05,5.43e-05,2.38e-05,0.00289,0.00578,1.67e-05,0.0001,2.29e-11,0.000768
7240,9.054e-08,9.053e-09,1.283e-09,1.26025e-09,2.9376400000000002e-09,5.760000000000001e-10,3.55e-05,5.42e-05,2.4e-05,0.00288,0.00577,1.66e-05,0.0001,2.29e-11,0.000768
7250,9.048e-08,9.046e-09,1.28e-09,1.25316e-09,2.9376400000000002e-09,5.5696e-10,3.54e-05,5.42e-05,2.36e-05,0.00289,0.00525,1.51e-05,0.0001,2.27e-11,0.000767
7260,9.042e-08,9.041e-09,1.279e-09,1.25316e-09,2.9376400000000002e-09,5.616900000000001e-10,3.54e-05,5.42e-05,2.37e-05,0.00288,0.00577,1.66e-05,0.0001,2.23e-11,0.000767
7270,9.033e-08,9.034e-09,1.277e-09,1.25316e-09,2.9376400000000002e-09,5.616900000000001e-10,3.54e-05,5.42e-05,2.37e-05,0.00288,0.00524,1.51e-05,0.0001,2.05e-11,0.000767
7280,9.023e-08,9.028e-09,1.276e-09,1.25316e-09,2.92681e-09,5.7121e-10,3.54e-05,5.41e-05,2.39e-05,0.00288,0.00523,1.51e-05,0.0001,1.67e-11,0.000767
7290,9.02e-08,9.022e-09,1.274e-09,1.2460899999999998e-09,2.92681e-09,5.5696e-10,3.53e-05,5.41e-05,2.36e-05,0.00287,0.00523,1.5e-05,0.0001,1.92e-11,0.000767
7300,9.016e-08,9.016e-09,1.275e-09,1.2460899999999998e-09,2.92681e-09,5.7121e-10,3.53e-05,5.41e-05,2.39e-05,0.00287,0.00522,1.5e-05,0.0001,2.57e-11,0.000767
7310,9.011e-08,9.01e-09,1.272e-09,1.2460899999999998e-09,2.916e-09,5.616900000000001e-10,3.53e-05,5.4e-05,2.37e-05,0.00286,0.00522,1.49e-05,0.0001,2.04e-11,0.000766
7320,9.005e-08,9.004e-09,1.272e-09,1.2460899999999998e-09,2.916e-09,5.6644e-10,3.53e-05,5.4e-05,2.38e-05,0.00286,0.00574,1.64e-05,0.0001,2.1e-11,0.000766
7330,9.005e-08,8.997e-09,1.271e-09,1.2460899999999998e-09,2.916e-09,5.616900000000001e-10,3.53e-05,5.4e-05,2.37e-05,0.00286,0.00521,1.49e-05,0.0001,2.1e-11,0.000766
7340,8.989e-08,8.991e-09,1.268e-09,1.2460899999999998e-09,2.916e-09,5.5696e-10,3.53e-05,5.4e-05,2.36e-05,0.00285,0.00573,1.63e-05,0.0001,1.86e-11,0.000766
7350,8.986e-08,8.984e-09,1.269e-09,1.23904e-09,2.90521e-09,5.7121e-10,3.52e-05,5.39e-05,2.39e-05,0.00285,0.0052,1.48e-05,0.0001,1.78e-11,0.000766
7360,8.984e-08,8.978e-09,1.269e-09,1.2460899999999998e-09,2.90521e-09,5.7121e-10,3.53e-05,5.39e-05,2.39e-05,0.00285,0.0052,1.48e-05,0.0001,1.95e-11,0.000766
7370,8.972e-08,8.972e-09,1.266e-09,1.23904e-09,2.90521e-09,5.6644e-10,3.52e-05,5.39e-05,2.38e-05,0.00285,0.0052,1.48e-05,0.0001,2.07e-11,0.000766
7380,8.968e-08,8.966e-09,1.265e-09,1.23904e-09,2.90521e-09,5.616900000000001e-10,3.52e-05,5.39e-05,2.37e-05,0.00284,0.00519,1.48e-05,0.0001,2.69e-11,0.000765
7390,8.955e-08,8.96e-09,1.262e-09,1.23904e-09,2.89444e-09,5.616900000000001e-10,3.52e-05,5.38e-05,2.37e-05,0.00284,0.00519,1.48e-05,0.0001,1.59e-11,0.000765
7400,8.951e-08,8.953e-09,1.261e-09,1.23904e-09,2.89444e-09,5.5696e-10,3.52e-05,5.38e-05,2.36e-05,0.00284,0.00518,1.47e-05,0.0001,1.89e-11,0.000765
7410,8.949e-08,8.947e-09,1.26e-09,1.23201e-09,2.89444e-09,5.5696e-10,3.51e-05,5.38e-05,2.36e-05,0.00284,0.00518,1.47e-05,0.0001,1.79e-11,0.000765
7420,8.938e-08,8.941e-09,1.259e-09,1.23201e-09,2.8836899999999996e-09,5.522499999999999e-10,3.51e-05,5.37e-05,2.35e-05,0.00283,0.00569,1.61e-05,0.0001,2.19e-11,0.000765
7430,8.936e-08,8.935e-09,1.259e-09,1.23201e-09,2.8836899999999996e-09,5.5696e-10,3.51e-05,5.37e-05,2.36e-05,0.00283,0.00517,1.46e-05,0.0001,1.95e-11,0.000765
7440,8.929e-08,8.929e-09,1.257e-09,1.23201e-09,2.8836899999999996e-09,5.616900000000001e-10,3.51e-05,5.37e-05,2.37e-05,0.00283,0.00517,1.46e-05,0.0001,1.75e-11,0.000764
7450,8.922e-08,8.923e-09,1.257e-09,1.23201e-09,2.8836899999999996e-09,5.616900000000001e-10,3.51e-05,5.37e-05,2.37e-05,0.00284,0.00568,1.61e-05,0.0001,2.07e-11,0.000764
7460,8.921e-08,8.917e-09,1.257e-09,1.23201e-09,2.8729600000000004e-09,5.5696e-10,3.51e-05,5.36e-05,2.36e-05,0.00283,0.00567,1.6e-05,0.0001,2.3e-11,0.000764
7470,8.91e-08,8.911e-09,1.252e-09,1.2249999999999998e-09,2.8729600000000004e-09,5.4756e-10,3.5e-05,5.36e-05,2.34e-05,0.00282,0.00567,1.6e-05,0.0001,1.82e-11,0.000764
7480,8.906e-08,8.905e-09,1.253e-09,1.2249999999999998e-09,2.8729600000000004e-09,5.5696e-10,3.5e-05,5.36e-05,2.36e-05,0.00282,0.00515,1.45e-05,0.0001,2.03e-11,0.000764
7490,8.898e-08,8.899e-09,1.252e-09,1.2249999999999998e-09,2.8729600000000004e-09,5.522499999999999e-10,3.5e-05,5.36e-05,2.35e-05,0.00282,0.00566,1.6e-05,0.0001,2.11e-11,0.000764
7500,8.894e-08,8.892e-09,1.25e-09,1.2249999999999998e-09,2.86225e-09,5.522499999999999e-10,3.5e-05,5.35e-05,2.35e-05,0.00281,0.00514,1.45e-05,0.0001,2.06e-11,0.000764
7510,8.886e-08,8.886e-09,1.246e-09,1.2249999999999998e-09,2.86225e-09,5.428900000000001e-10,3.5e-05,5.35e-05,2.33e-05,0.00281,0.00565,1.59e-05,0.0001,1.94e-11,0.000763
7520,8.878e-08,8.88e-09,1.246e-09,1.2249999999999998e-09,2.86225e-09,5.4756e-10,3.5e-05,5.35e-05,2.34e-05,0.0028,0.00513,1.44e-05,0.0001,2.44e-11,0.000763
7530,8.878e-08,8.874e-09,1.247e-09,1.2249999999999998e-09,2.86225e-09,5.522499999999999e-10,3.5e-05,5.35e-05,2.35e-05,0.0028,0.00564,1.58e-05,0.0001,1.56e-11,0.000763
7540,8.865e-08,8.868e-09,1.244e-09,1.21801e-09,2.8515599999999996e-09,5.382400000000001e-10,3.49e-05,5.34e-05,2.32e-05,0.00281,0.00564,1.58e-05,0.0001,2.57e-11,0.000763
7550,8.865e-08,8.862e-09,1.244e-09,1.21801e-09,2.8515599999999996e-09,5.4756e-10,3.49e-05,5.34e-05,2.34e-05,0.00279,0.00512,1.43e-05,0.0001,1.8e-11,0.000763
7560,8.855e-08,8.856e-09,1.243e-09,1.21801e-09,2.8515599999999996e-09,5.4756e-10,3.49e-05,5.34e-05,2.34e-05,0.00279,0.00563,1.57e-05,0.0001,1.85e-11,0.000763
7570,8.848e-08,8.849e-09,1.242e-09,1.21801e-09,2.84089e-09,5.4756e-10,3.49e-05,5.33e-05,2.34e-05,0.00279,0.00563,1.57e-05,0.0001,1.62e-11,0.000762
7580,8.844e-08,8.844e-09,1.241e-09,1.21801e-09,2.84089e-09,5.4756e-10,3.49e-05,5.33e-05,2.34e-05,0.00279,0.00562,1.57e-05,0.0001,1.62e-11,0.000762
7590,8.839e-08,8.838e-09,1.239e-09,1.21801e-09,2.84089e-09,5.4756e-10,3.49e-05,5.33e-05,2.34e-05,0.00279,0.00562,1.57e-05,0.0001,1.66e-11,0.000762
7600,8.828e-08,8.831e-09,1.237e-09,1.21104e-09,2.84089e-09,5.428900000000001e-10,3.48e-05,5.33e-05,2.33e-05,0.00279,0.0051,1.42e-05,0.0001,2.28e-11,0.000762
7610,8.826e-08,8.825e-09,1.237e-09,1.21104e-09,2.83024e-09,5.4756e-10,3.48e-05,5.32e-05,2.34e-05,0.00278,0.00561,1.56e-05,0.0001,2.26e-11,0.000762
7620,8.817e-08,8.819e-09,1.236e-09,1.21104e-09,2.83024e-09,5.428900000000001e-10,3.48e-05,5.32e-05,2.33e-05,0.00278,0.0056,1.56e-05,0.0001,2.14e-11,0.000762
7630,8.816e-08,8.813e-09,1.233e-09,1.21104e-09,2.83024e-09,5.382400000000001e-10,3.48e-05,5.32e-05,2.32e-05,0.00277,0.0056,1.55e-05,0.0001,1.92e-11,0.000762
7640,8.805e-08,8.806e-09,1.234e-09,1.21104e-09,2.83024e-09,5.4756e-10,3.48e-05,5.32e-05,2.34e-05,0.00277,0.0056,1.55e-05,0.0001,1.69e-11,0.000761
7650,8.8e-08,8.801e-09,1.232e-09,1.21104e-09,2.8196100000000004e-09,5.382400000000001e-10,3.48e-05,5.31e-05,2.32e-05,0.00277,0.00559,1.55e-05,0.0001,2.12e-11,0.000761
7660,8.795e-08,8.795e-09,1.231e-09,1.21104e-09,2.8196100000000004e-09,5.382400000000001e-10,3.48e-05,5.31e-05,2.32e-05,0.00277,0.00559,1.55e-05,0.0001,2.08e-11,0.000761
7670,8.786e-08,8.789e-09,1.229e-09,1.2040900000000001e-09,2.8196100000000004e-09,5.428900000000001e-10,3.47e-05,5.31e-05,2.33e-05,0.00276,0.00558,1.54e-05,0.0001,1.74e-11,0.000761
7680,8.787e-08,8.783e-09,1.229e-09,1.2040900000000001e-09,2.8196100000000004e-09,5.4756e-10,3.47e-05,5.31e-05,2.34e-05,0.00276,0.00558,1.54e-05,0.0001,1.47e-11,0.000761
7690,8.78e-08,8.778e-09,1.227e-09,1.2040900000000001e-09,2.809e-09,5.428900000000001e-10,3.47e-05,5.3e-05,2.33e-05,0.00276,0.00507,1.4e-05,0.0001,1.58e-11,0.000761
7700,8.77e-08,8.772e-09,1.228e-09,1.2040900000000001e-09,2.809e-09,5.522499999999999e-10,3.47e-05,5.3e-05,2.35e-05,0.00276,0.00506,1.4e-05,0.0001,2.02e-11,0.000761
7710,8.767e-08,8.766e-09,1.224e-09,1.2040900000000001e-09,2.809e-09,5.3361e-10,3.47e-05,5.3e-05,2.31e-05,0.00275,0.00557,1.53e-05,0.0001,1.88e-11,0.00076
7720,8.758e-08,8.76e-09,1.223e-09,1.2040900000000001e-09,2.809e-09,5.29e-10,3.47e-05,5.3e-05,2.3e-05,0.00275,0.00556,1.53e-05,0.0001,2.05e-11,0.00076
7730,8.751e-08,8.754e-09,1.224e-09,1.2040900000000001e-09,2.7984099999999996e-09,5.382400000000001e-10,3.47e-05,5.29e-05,2.32e-05,0.00275,0.00505,1.39e-05,0.0001,1.48e-11,0.00076
7740,8.752e-08,8.748e-09,1.222e-09,1.19716e-09,2.7984099999999996e-09,5.382400000000001e-10,3.46e-05,5.29e-05,2.32e-05,0.00274,0.00555,1.52e-05,0.0001,2.26e-11,0.00076
7750,8.74e-08,8.742e-09,1.219e-09,1.19716e-09,2.7984099999999996e-09,5.3361e-10,3.46e-05,5.29e-05,2.31e-05,0.00274,0.00555,1.52e-05,0.0001,1.35e-11,0.00076
7760,8.737e-08,8.736e-09,1.219e-09,1.19716e-09,2.7984099999999996e-09,5.29e-10,3.46e-05,5.29e-05,2.3e-05,0.00273,0.00555,1.52e-05,0.0001,1.74e-11,0.00076
7770,8.731e-08,8.73e-09,1.217e-09,1.19716e-09,2.78784e-09,5.29e-10,3.46e-05,5.28e-05,2.3e-05,0.00274,0.00554,1.52e-05,0.0001,1.26e-11,0.00076
7780,8.725e-08,8.725e-09,1.216e-09,1.19716e-09,2.78784e-09,5.3361e-10,3.46e-05,5.28e-05,2.31e-05,0.00273,0.00554,1.51e-05,0.0001,1.52e-11,0.000759
7790,8.718e-08,8.719e-09,1.217e-09,1.19716e-09,2.78784e-09,5.382400000000001e-10,3.46e-05,5.28e-05,2.32e-05,0.00273,0.00553,1.51e-05,0.0001,1.4e-11,0.000759
7800,8.709e-08,8.713e-09,1.215e-09,1.1902499999999999e-09,2.78784e-09,5.29e-10,3.45e-05,5.28e-05,2.3e-05,0.00273,0.00553,1.51e-05,0.0001,1.45e-11,0.000759
7810,8.709e-08,8.707e-09,1.215e-09,1.1902499999999999e-09,2.77729e-09,5.3361e-10,3.45e-05,5.27e-05,2.31e-05,0.00273,0.00552,1.51e-05,0.0001,1.32e-11,0.000759
7820,8.703e-08,8.701e-09,1.213e-09,1.1902499999999999e-09,2.77729e-09,5.3361e-10,3.45e-05,5.27e-05,2.31e-05,0.00272,0.00552,1.5e-05,0.0001,1.5e-11,0.000759
7830,8.694e-08,8.695e-09,1.212e-09,1.1902499999999999e-09,2.77729e-09,5.3361e-10,3.45e-05,5.27e-05,2.31e-05,0.00273,0.00501,1.37e-05,0.0001,1.34e-11,0.000759
7840,8.693e-08,8.689e-09,1.213e-09,1.1902499999999999e-09,2.77729e-09,5.382400000000001e-10,3.45e-05,5.27e-05,2.32e-05,0.00272,0.00551,1.5e-05,0.0001,1.47e-11,0.000759
7850,8.688e-08,8.683e-09,1.21e-09,1.1902499999999999e-09,2.7667599999999997e-09,5.29e-10,3.45e-05,5.26e-05,2.3e-05,0.00272,0.00551,1.5e-05,0.0001,1.38e-11,0.000758
7860,8.68e-08,8.677e-09,1.21e-09,1.1902499999999999e-09,2.7667599999999997e-09,5.3361e-10,3.45e-05,5.26e-05,2.31e-05,0.00272,0.0055,1.5e-05,0.0001,1.76e-11,0.000758
7870,8.673e-08,8.671e-09,1.208e-09,1.1833600000000001e-09,2.7667599999999997e-09,5.3361e-10,3.44e-05,5.26e-05,2.31e-05,0.00271,0.0055,1.49e-05,0.0001,1.66e-11,0.000758
7880,8.668e-08,8.666e-09,1.206e-09,1.1833600000000001e-09,2.7667599999999997e-09,5.3361e-10,3.44e-05,5.26e-05,2.31e-05,0.00271,0.0055,1.49e-05,0.0001,1.1e-11,0.000758
7890,8.66e-08,8.66e-09,1.206e-09,1.1833600000000001e-09,2.7562500000000003e-09,5.3361e-10,3.44e-05,5.25e-05,2.31e-05,0.00271,0.00549,1.49e-05,0.0001,1.19e-11,0.000758
7900,8.654e-08,8.653e-09,1.204e-09,1.1833600000000001e-09,2.7562500000000003e-09,5.244100000000001e-10,3.44e-05,5.25e-05,2.29e-05,0.0027,0.00549,1.48e-05,0.0001,1.78e-11,0.000758
7910,8.649e-08,8.648e-09,1.204e-09,1.1833600000000001e-09,2.7562500000000003e-09,5.3361e-10,3.44e-05,5.25e-05,2.31e-05,0.0027,0.00548,1.48e-05,0.0001,1.52e-11,0.000757
7920,8.646e-08,8.642e-09,1.204e-09,1.1833600000000001e-09,2.7562500000000003e-09,5.3361e-10,3.44e-05,5.25e-05,2.31e-05,0.0027,0.00548,1.48e-05,0.0001,1.74e-11,0.000757
7930,8.64e-08,8.637e-09,1.199e-09,1.17649e-09,2.74576e-09,5.244100000000001e-10,3.43e-05,5.24e-05,2.29e-05,0.00269,0.00548,1.48e-05,0.0001,1.39e-11,0.000757
7940,8.632e-08,8.631e-09,1.199e-09,1.17649e-09,2.74576e-09,5.244100000000001e-10,3.43e-05,5.24e-05,2.29e-05,0.00269,0.00547,1.47e-05,0.0001,1.52e-11,0.000757
7950,8.624e-08,8.625e-09,1.199e-09,1.17649e-09,2.74576e-09,5.244100000000001e-10,3.43e-05,5.24e-05,2.29e-05,0.00269,0.00547,1.47e-05,0.0001,1.94e-11,0.000757
7960,8.625e-08,8.619e-09,1.198e-09,1.17649e-09,2.74576e-09,5.29e-10,3.43e-05,5.24e-05,2.3e-05,0.00269,0.00546,1.47e-05,0.0001,1.27e-11,0.000757
7970,8.611e-08,8.614e-09,1.195e-09,1.17649e-09,2.7352899999999996e-09,5.198399999999999e-10,3.43e-05,5.23e-05,2.28e-05,0.00268,0.00496,1.33e-05,0.0001,1.56e-11,0.000757
7980,8.607e-08,8.608e-09,1.194e-09,1.16964e-09,2.7352899999999996e-09,5.198399999999999e-10,3.42e-05,5.23e-05,2.28e-05,0.00269,0.00546,1.47e-05,0.0001,1.49e-11,0.000756
7990,8.605e-08,8.602e-09,1.196e-09,1.17649e-09,2.7352899999999996e-09,5.29e-10,3.43e-05,5.23e-05,2.3e-05,0.00268,0.00496,1.33e-05,0.0001,1.7e-11,0.000756
8000,8.595e-08,8.596e-09,1.192e-09,1.16964e-09,2.7352899999999996e-09,5.1529e-10,3.42e-05,5.23e-05,2.27e-05,0.00268,0.00545,1.46e-05,0.0001,2.67e-11,0.000756
8010,8.591e-08,8.591e-09,1.192e-09,1.16964e-09,2.7248400000000003e-09,5.198399999999999e-10,3.42e-05,5.22e-05,2.28e-05,0.00268,0.00544,1.46e-05,0.0001,2.22e-11,0.000756
8020,8.585e-08,8.585e-09,1.192e-09,1.16964e-09,2.7248400000000003e-09,5.244100000000001e-10,3.42e-05,5.22e-05,2.29e-05,0.00268,0.00544,1.46e-05,0.0001,1.32e-11,0.000756
8030,8.578e-08,8.579e-09,1.19e-09,1.16964e-09,2.7248400000000003e-09,5.198399999999999e-10,3.42e-05,5.22e-05,2.28e-05,0.00267,0.00544,1.45e-05,0.0001,1.37e-11,0.000756
8040,8.574e-08,8.573e-09,1.19e-09,1.16964e-09,2.7248400000000003e-09,5.198399999999999e-10,3.42e-05,5.22e-05,2.28e-05,0.00267,0.00543,1.45e-05,0.0001,1.64e-11,0.000756
8050,8.564e-08,8.568e-09,1.189e-09,1.16964e-09,2.71441e-09,5.244100000000001e-10,3.42e-05,5.21e-05,2.29e-05,0.00266,0.00493,1.31e-05,0.0001,2.39e-11,0.000756
8060,8.557e-08,8.562e-09,1.19e-09,1.16964e-09,2.71441e-09,5.29e-10,3.42e-05,5.21e-05,2.3e-05,0.00266,0.00493,1.31e-05,0.0001,2.09e-11,0.000755
8070,8.552e-08,8.556e-09,1.187e-09,1.1628100000000002e-09,2.71441e-09,5.244100000000001e-10,3.41e-05,5.21e-05,2.29e-05,0.00266,0.00542,1.44e-05,0.0001,1.63e-11,0.000755
8080,8.555e-08,8.551e-09,1.186e-09,1.1628100000000002e-09,2.71441e-09,5.1529e-10,3.41e-05,5.21e-05,2.27e-05,0.00266,0.00542,1.44e-05,0.0001,2.37e-11,0.000755
8090,8.549e-08,8.546e-09,1.185e-09,1.1628100000000002e-09,2.7039999999999998e-09,5.244100000000001e-10,3.41e-05,5.2e-05,2.29e-05,0.00266,0.00541,1.44e-05,0.0001,2.28e-11,0.000755
8100,8.538e-08,8.54e-09,1.183e-09,1.1628100000000002e-09,2.7039999999999998e-09,5.198399999999999e-10,3.41e-05,5.2e-05,2.28e-05,0.00266,0.00541,1.44e-05,0.0001,2.53e-11,0.000755
8110,8.539e-08,8.534e-09,1.182e-09,1.1628100000000002e-09,2.7039999999999998e-09,5.198399999999999e-10,3.41e-05,5.2e-05,2.28e-05,0.00265,0.0054,1.43e-05,0.0001,1.66e-11,0.000755
8120,8.53e-08,8.529e-09,1.18e-09,1.156e-09,2.7039999999999998e-09,5.1076e-10,3.4e-05,5.2e-05,2.26e-05,0.00265,0.0054,1.43e-05,0.0001,2.28e-11,0.000755
8130,8.522e-08,8.524e-09,1.18e-09,1.156e-09,2.69361e-09,5.244100000000001e-10,3.4e-05,5.19e-05,2.29e-05,0.00264,0.00491,1.3e-05,0.0001,2.24e-11,0.000754
8140,8.517e-08,8.518e-09,1.179e-09,1.156e-09,2.69361e-09,5.1529e-10,3.4e-05,5.19e-05,2.27e-05,0.00264,0.00539,1.42e-05,0.0001,1.95e-11,0.000754
8150,8.511e-08,8.513e-09,1.179e-09,1.156e-09,2.69361e-09,5.198399999999999e-10,3.4e-05,5.19e-05,2.28e-05,0.00264,0.00539,1.42e-05,0.0001,1.9e-11,0.000754
8160,8.509e-08,8.507e-09,1.178e-09,1.156e-09,2.69361e-09,5.198399999999999e-10,3.4e-05,5.19e-05,2.28e-05,0.00264,0.00489,1.29e-05,0.0001,1.84e-11,0.000754
8170,8.501e-08,8.501e-09,1.176e-09,1.156e-09,2.69361e-09,5.1076e-10,3.4e-05,5.19e-05,2.26e-05,0.00264,0.00538,1.42e-05,0.0001,1.88e-11,0.000754
8180,8.493e-08,8.496e-09,1.174e-09,1.1492099999999998e-09,2.68324e-09,5.1076e-10,3.39e-05,5.18e-05,2.26e-05,0.00263,0.00489,1.29e-05,0.0001,2.34e-11,0.000754
8190,8.491e-08,8.49e-09,1.174e-09,1.156e-09,2.68324e-09,5.1076e-10,3.4e-05,5.18e-05,2.26e-05,0.00263,0.00537,1.41e-05,0.0001,1.64e-11,0.000754
8200,8.486e-08,8.485e-09,1.175e-09,1.156e-09,2.68324e-09,5.198399999999999e-10,3.4e-05,5.18e-05,2.28e-05,0.00263,0.00537,1.41e-05,0.0001,1.4e-11,0.000753
8210,8.478e-08,8.478e-09,1.174e-09,1.1492099999999998e-09,2.68324e-09,5.198399999999999e-10,3.39e-05,5.18e-05,2.28e-05,0.00263,0.00537,1.41e-05,0.0001,1.81e-11,0.000753
8220,8.474e-08,8.474e-09,1.172e-09,1.1492099999999998e-09,2.6728900000000003e-09,5.198399999999999e-10,3.39e-05,5.17e-05,2.28e-05,0.00263,0.00487,1.28e-05,0.0001,1.44e-11,0.000753
8230,8.471e-08,8.468e-09,1.17e-09,1.1492099999999998e-09,2.6728900000000003e-09,5.1529e-10,3.39e-05,5.17e-05,2.27e-05,0.00263,0.00487,1.28e-05,0.0001,1.44e-11,0.000753
8240,8.462e-08,8.463e-09,1.167e-09,1.1492099999999998e-09,2.6728900000000003e-09,5.062500000000001e-10,3.39e-05,5.17e-05,2.25e-05,0.00262,0.00535,1.4e-05,0.0001,1.46e-11,0.000753
8250,8.457e-08,8.457e-09,1.168e-09,1.1492099999999998e-09,2.6728900000000003e-09,5.1076e-10,3.39e-05,5.17e-05,2.26e-05,0.00261,0.00535,1.4e-05,0.0001,1.82e-11,0.000753
8260,8.45e-08,8.451e-09,1.168e-09,1.1492099999999998e-09,2.66256e-09,5.198399999999999e-10,3.39e-05,5.16e-05,2.28e-05,0.00262,0.00535,1.4e-05,0.0001,1.51e-11,0.000753
8270,8.443e-08,8.446e-09,1.164e-09,1.14244e-09,2.66256e-09,5.017599999999999e-10,3.38e-05,5.16e-05,2.24e-05,0.00261,0.00534,1.4e-05,0.0001,1.87e-11,0.000752
8280,8.439e-08,8.44e-09,1.166e-09,1.14244e-09,2.66256e-09,5.1529e-10,3.38e-05,5.16e-05,2.27e-05,0.00261,0.00534,1.39e-05,0.0001,2.31e-11,0.000752
8290,8.437e-08,8.435e-09,1.163e-09,1.14244e-09,2.66256e-09,5.017599999999999e-10,3.38e-05,5.16e-05,2.24e-05,0.0026,0.00533,1.39e-05,0.0001,1.62e-11,0.000752
8300,8.434e-08,8.429e-09,1.163e-09,1.14244e-09,2.66256e-09,5.1076e-10,3.38e-05,5.16e-05,2.26e-05,0.0026,0.00533,1.39e-05,0.0001,1.59e-11,0.000752
8310,8.428e-08,8.424e-09,1.163e-09,1.14244e-09,2.65225e-09,5.1529e-10,3.38e-05,5.15e-05,2.27e-05,0.00261,0.00533,1.39e-05,0.0001,1.69e-11,0.000752
8320,8.417e-08,8.418e-09,1.162e-09,1.14244e-09,2.65225e-09,5.062500000000001e-10,3.38e-05,5.15e-05,2.25e-05,0.0026,0.00586,1.52e-05,0.0001,1.64e-11,0.000752
8330,8.413e-08,8.413e-09,1.161e-09,1.14244e-09,2.65225e-09,5.1076e-10,3.38e-05,5.15e-05,2.26e-05,0.0026,0.00532,1.38e-05,0.0001,1.55e-11,0.000752
8340,8.407e-08,8.408e-09,1.16e-09,1.14244e-09,2.65225e-09,5.1076e-10,3.38e-05,5.15e-05,2.26e-05,0.0026,0.00532,1.38e-05,0.0001,2.16e-11,0.000752
8350,8.404e-08,8.402e-09,1.157e-09,1.13569e-09,2.6419600000000003e-09,5.017599999999999e-10,3.37e-05,5.14e-05,2.24e-05,0.0026,0.00531,1.38e-05,0.0001,1.51e-11,0.000751
8360,8.401e-08,8.397e-09,1.158e-09,1.13569e-09,2.6419600000000003e-09,5.017599999999999e-10,3.37e-05,5.14e-05,2.24e-05,0.00259,0.00531,1.38e-05,0.0001,1.84e-11,0.000751
8370,8.394e-08,8.392e-09,1.157e-09,1.13569e-09,2.6419600000000003e-09,5.062500000000001e-10,3.37e-05,5.14e-05,2.25e-05,0.00259,0.0053,1.37e-05,0.0001,1.73e-11,0.000751
8380,8.378e-08,8.386e-09,1.155e-09,1.13569e-09,2.6419600000000003e-09,5.017599999999999e-10,3.37e-05,5.14e-05,2.24e-05,0.00259,0.0053,1.37e-05,0.0001,2.14e-11,0.000751
8390,8.384e-08,8.381e-09,1.154e-09,1.13569e-09,2.6419600000000003e-09,5.062500000000001e-10,3.37e-05,5.14e-05,2.25e-05,0.00259,0.00482,1.25e-05,0.0001,1.45e-11,0.000751
8400,8.377e-08,8.376e-09,1.152e-09,1.13569e-09,2.63169e-09,4.9284e-10,3.37e-05,5.13e-05,2.22e-05,0.00257,0.00529,1.36e-05,0.0001,1.68e-11,0.000751
8410,8.369e-08,8.371e-09,1.151e-09,1.1289599999999998e-09,2.63169e-09,4.9729e-10,3.36e-05,5.13e-05,2.23e-05,0.00258,0.00529,1.36e-05,0.0001,1.75e-11,0.000751
8420,8.361e-08,8.366e-09,1.15e-09,1.1289599999999998e-09,2.63169e-09,4.9284e-10,3.36e-05,5.13e-05,2.22e-05,0.00258,0.00582,1.5e-05,0.0001,1.6e-11,0.00075
8430,8.36e-08,8.36e-09,1.151e-09,1.1289599999999998e-09,2.63169e-09,5.017599999999999e-10,3.36e-05,5.13e-05,2.24e-05,0.00257,0.00528,1.36e-05,0.0001,1.28e-11,0.00075
8440,8.355e-08,8.355e-09,1.15e-09,1.1289599999999998e-09,2.6214399999999996e-09,5.062500000000001e-10,3.36e-05,5.12e-05,2.25e-05,0.00258,0.00528,1.36e-05,0.0001,1.45e-11,0.00075
8450,8.35e-08,8.35e-09,1.146e-09,1.1289599999999998e-09,2.6214399999999996e-09,4.9284e-10,3.36e-05,5.12e-05,2.22e-05,0.00257,0.00528,1.36e-05,0.0001,1.31e-11,0.00075
8460,8.348e-08,8.345e-09,1.147e-09,1.1289599999999998e-09,2.6214399999999996e-09,4.9284e-10,3.36e-05,5.12e-05,2.22e-05,0.00257,0.00527,1.35e-05,0.0001,1.86e-11,0.00075
8470,8.343e-08,8.339e-09,1.147e-09,1.1289599999999998e-09,2.6214399999999996e-09,5.062500000000001e-10,3.36e-05,5.12e-05,2.25e-05,0.00257,0.00527,1.35e-05,0.0001,1.73e-11,0.00075
8480,8.332e-08,8.334e-09,1.144e-09,1.1222500000000001e-09,2.6214399999999996e-09,4.9284e-10,3.35e-05,5.12e-05,2.22e-05,0.00256,0.00526,1.35e-05,0.0001,1.64e-11,0.00075
8490,8.328e-08,8.328e-09,1.143e-09,1.1222500000000001e-09,2.61121e-09,4.9284e-10,3.35e-05,5.11e-05,2.22e-05,0.00256,0.00579,1.48e-05,0.0001,1.67e-11,0.00075
8500,8.322e-08,8.323e-09,1.144e-09,1.1222500000000001e-09,2.61121e-09,5.017599999999999e-10,3.35e-05,5.11e-05,2.24e-05,0.00256,0.00526,1.35e-05,0.0001,2.12e-11,0.000749
8510,8.32e-08,8.318e-09,1.144e-09,1.1222500000000001e-09,2.61121e-09,5.062500000000001e-10,3.35e-05,5.11e-05,2.25e-05,0.00256,0.00525,1.34e-05,0.0001,1.38e-11,0.000749
8520,8.312e-08,8.313e-09,1.141e-09,1.1222500000000001e-09,2.61121e-09,4.8841e-10,3.35e-05,5.11e-05,2.21e-05,0.00255,0.00525,1.34e-05,0.0001,1.86e-11,0.000749
8530,8.307e-08,8.307e-09,1.14e-09,1.1222500000000001e-09,2.601e-09,4.9729e-10,3.35e-05,5.1e-05,2.23e-05,0.00255,0.00477,1.22e-05,0.0001,1.95e-11,0.000749
8540,8.303e-08,8.303e-09,1.141e-09,1.1222500000000001e-09,2.601e-09,5.062500000000001e-10,3.35e-05,5.1e-05,2.25e-05,0.00255,0.00477,1.21e-05,0.0001,1.65e-11,0.000749
8550,8.296e-08,8.297e-09,1.137e-09,1.1155599999999998e-09,2.601e-09,4.8841e-10,3.34e-05,5.1e-05,2.21e-05,0.00255,0.00524,1.34e-05,0.0001,1.59e-11,0.000749
8560,8.29e-08,8.292e-09,1.14e-09,1.1155599999999998e-09,2.601e-09,5.062500000000001e-10,3.34e-05,5.1e-05,2.25e-05,0.00255,0.00524,1.33e-05,0.0001,1.83e-11,0.000749
8570,8.285e-08,8.287e-09,1.136e-09,1.1155599999999998e-09,2.601e-09,4.84e-10,3.34e-05,5.1e-05,2.2e-05,0.00254,0.00576,1.46e-05,0.0001,1.74e-11,0.000748
8580,8.283e-08,8.281e-09,1.136e-09,1.1155599999999998e-09,2.5908099999999997e-09,4.9284e-10,3.34e-05,5.09e-05,2.22e-05,0.00254,0.00523,1.33e-05,0.0001,1.3e-11,0.000748
8590,8.274e-08,8.276e-09,1.136e-09,1.1155599999999998e-09,2.5908099999999997e-09,4.9729e-10,3.34e-05,5.09e-05,2.23e-05,0.00254,0.00522,1.33e-05,0.0001,1.71e-11,0.000748
8600,8.272e-08,8.271e-09,1.135e-09,1.1155599999999998e-09,2.5908099999999997e-09,4.9284e-10,3.34e-05,5.09e-05,2.22e-05,0.00254,0.00522,1.32e-05,0.0001,1.28e-11,0.000748
8610,8.265e-08,8.266e-09,1.134e-09,1.1155599999999998e-09,2.5908099999999997e-09,4.9284e-10,3.34e-05,5.09e-05,2.22e-05,0.00253,0.00574,1.45e-05,0.0001,1.82e-11,0.000748
8620,8.261e-08,8.26e-09,1.133e-09,1.1155599999999998e-09,2.5806400000000003e-09,4.9729e-10,3.34e-05,5.08e-05,2.23e-05,0.00254,0.00521,1.32e-05,0.0001,1.76e-11,0.000748
8630,8.255e-08,8.255e-09,1.13e-09,1.1088900000000003e-09,2.5806400000000003e-09,4.84e-10,3.33e-05,5.08e-05,2.2e-05,0.00253,0.00521,1.32e-05,0.0001,1.51e-11,0.000748
8640,8.247e-08,8.251e-09,1.13e-09,1.1088900000000003e-09,2.5806400000000003e-09,4.9284e-10,3.33e-05,5.08e-05,2.22e-05,0.00252,0.00521,1.31e-05,0.0001,1.92e-11,0.000748
8650,8.245e-08,8.245e-09,1.131e-09,1.1088900000000003e-09,2.5806400000000003e-09,4.9729e-10,3.33e-05,5.08e-05,2.23e-05,0.00253,0.0052,1.32e-05,0.0001,1.39e-11,0.000747
8660,8.238e-08,8.24e-09,1.128e-09,1.1088900000000003e-09,2.5806400000000003e-09,4.84e-10,3.33e-05,5.08e-05,2.2e-05,0.00252,0.00572,1.44e-05,0.0001,1.46e-11,0.000747
8670,8.237e-08,8.235e-09,1.126e-09,1.1088900000000003e-09,2.57049e-09,4.796100000000001e-10,3.33e-05,5.07e-05,2.19e-05,0.00252,0.00572,1.44e-05,0.0001,1.49e-11,0.000747
8680,8.231e-08,8.23e-09,1.127e-09,1.1088900000000003e-09,2.57049e-09,4.8841e-10,3.33e-05,5.07e-05,2.21e-05,0.00251,0.00519,1.31e-05,0.0001,1.84e-11,0.000747
8690,8.227e-08,8.225e-09,1.126e-09,1.1088900000000003e-09,2.57049e-09,4.9729e-10,3.33e-05,5.07e-05,2.23e-05,0.00252,0.00472,1.19e-05,0.0001,1.91e-11,0.000747
8700,8.222e-08,8.22e-09,1.126e-09,1.1088900000000003e-09,2.57049e-09,4.8841e-10,3.33e-05,5.07e-05,2.21e-05,0.00252,0.0057,1.44e-05,0.0001,1.65e-11,0.000747
8710,8.215e-08,8.215e-09,1.126e-09,1.1088900000000003e-09,2.57049e-09,4.9284e-10,3.33e-05,5.07e-05,2.22e-05,0.00252,0.00518,1.31e-05,0.0001,1.78e-11,0.000747
8720,8.211e-08,8.209e-09,1.122e-09,1.1022400000000001e-09,2.5603599999999996e-09,4.84e-10,3.32e-05,5.06e-05,2.2e-05,0.00251,0.00518,1.3e-05,0.0001,1.69e-11,0.000747
8730,8.209e-08,8.204e-09,1.122e-09,1.1022400000000001e-09,2.5603599999999996e-09,4.8841e-10,3.32e-05,5.06e-05,2.21e-05,0.0025,0.00471,1.18e-05,0.0001,1.64e-11,0.000746
8740,8.201e-08,8.199e-09,1.121e-09,1.1022400000000001e-09,2.5603599999999996e-09,4.84e-10,3.32e-05,5.06e-05,2.2e-05,0.00251,0.00569,1.43e-05,0.0001,2.03e-11,0.000746
8750,8.196e-08,8.194e-09,1.121e-09,1.1022400000000001e-09,2.5603599999999996e-09,4.8841e-10,3.32e-05,5.06e-05,2.21e-05,0.0025,0.00517,1.29e-05,0.0001,2.06e-11,0.000746
8760,8.19e-08,8.188e-09,1.119e-09,1.1022400000000001e-09,2.55025e-09,4.84e-10,3.32e-05,5.05e-05,2.2e-05,0.0025,0.00517,1.29e-05,0.0001,1.68e-11,0.000746
8770,8.188e-08,8.183e-09,1.118e-09,1.1022400000000001e-09,2.55025e-09,4.796100000000001e-10,3.32e-05,5.05e-05,2.19e-05,0.0025,0.00568,1.42e-05,0.0001,1.68e-11,0.000746
8780,8.176e-08,8.178e-09,1.118e-09,1.1022400000000001e-09,2.55025e-09,4.84e-10,3.32e-05,5.05e-05,2.2e-05,0.0025,0.00516,1.29e-05,0.0001,1.83e-11,0.000746
8790,8.174e-08,8.174e-09,1.116e-09,1.09561e-09,2.55025e-09,4.796100000000001e-10,3.31e-05,5.05e-05,2.19e-05,0.00249,0.00515,1.28e-05,0.0001,1.64e-11,0.000746
8800,8.172e-08,8.169e-09,1.115e-09,1.09561e-09,2.55025e-09,4.84e-10,3.31e-05,5.05e-05,2.2e-05,0.0025,0.00515,1.29e-05,0.0001,2.42e-11,0.000745
8810,8.163e-08,8.164e-09,1.114e-09,1.09561e-09,2.54016e-09,4.796100000000001e-10,3.31e-05,5.04e-05,2.19e-05,0.00249,0.00515,1.28e-05,0.0001,1.46e-11,0.000745
8820,8.162e-08,8.159e-09,1.114e-09,1.09561e-09,2.54016e-09,4.796100000000001e-10,3.31e-05,5.04e-05,2.19e-05,0.00249,0.00566,1.41e-05,0.0001,1.62e-11,0.000745
8830,8.153e-08,8.154e-09,1.114e-09,1.09561e-09,2.54016e-09,4.84e-10,3.31e-05,5.04e-05,2.2e-05,0.00249,0.00514,1.28e-05,0.0001,1.63e-11,0.000745
8840,8.15e-08,8.149e-09,1.114e-09,1.09561e-09,2.54016e-09,4.8841e-10,3.31e-05,5.04e-05,2.21e-05,0.00249,0.00467,1.16e-05,0.0001,1.34e-11,0.000745
8850,8.145e-08,8.144e-09,1.112e-09,1.09561e-09,2.54016e-09,4.84e-10,3.31e-05,5.04e-05,2.2e-05,0.00249,0.00513,1.28e-05,0.0001,1.49e-11,0.000745
8860,8.141e-08,8.139e-09,1.11e-09,1.089e-09,2.5300900000000003e-09,4.796100000000001e-10,3.3e-05,5.03e-05,2.19e-05,0.00248,0.00513,1.27e-05,0.0001,1.43e-11,0.000745
8870,8.135e-08,8.134e-09,1.111e-09,1.089e-09,2.5300900000000003e-09,4.8841e-10,3.3e-05,5.03e-05,2.21e-05,0.00248,0.00513,1.27e-05,0.0001,1.74e-11,0.000745
8880,8.129e-08,8.13e-09,1.108e-09,1.089e-09,2.5300900000000003e-09,4.752400000000001e-10,3.3e-05,5.03e-05,2.18e-05,0.00247,0.00564,1.39e-05,0.0001,1.39e-11,0.000744
8890,8.126e-08,8.124e-09,1.109e-09,1.089e-09,2.5300900000000003e-09,4.84e-10,3.3e-05,5.03e-05,2.2e-05,0.00247,0.00512,1.27e-05,0.0001,1.33e-11,0.000744
8900,8.125e-08,8.119e-09,1.108e-09,1.089e-09,2.5300900000000003e-09,4.84e-10,3.3e-05,5.03e-05,2.2e-05,0.00247,0.00512,1.26e-05,0.0001,1.33e-11,0.000744
8910,8.116e-08,8.114e-09,1.108e-09,1.089e-09,2.52004e-09,4.84e-10,3.3e-05,5.02e-05,2.2e-05,0.00247,0.00511,1.26e-05,0.0001,1.82e-11,0.000744
8920,8.103e-08,8.108e-09,1.106e-09,1.089e-09,2.52004e-09,4.796100000000001e-10,3.3e-05,5.02e-05,2.19e-05,0.00246,0.00511,1.26e-05,0.0001,1.72e-11,0.000744
8930,8.102e-08,8.103e-09,1.104e-09,1.089e-09,2.52004e-09,4.708899999999999e-10,3.3e-05,5.02e-05,2.17e-05,0.00246,0.00562,1.38e-05,0.0001,1.26e-11,0.000744
8940,8.099e-08,8.098e-09,1.103e-09,1.08241e-09,2.52004e-09,4.752400000000001e-10,3.29e-05,5.02e-05,2.18e-05,0.00246,0.0051,1.26e-05,0.0001,1.53e-11,0.000744
8950,8.093e-08,8.093e-09,1.101e-09,1.08241e-09,2.52004e-09,4.708899999999999e-10,3.29e-05,5.02e-05,2.17e-05,0.00246,0.0051,1.26e-05,0.0001,1.91e-11,0.000744
8960,8.089e-08,8.089e-09,1.102e-09,1.08241e-09,2.5100099999999997e-09,4.796100000000001e-10,3.29e-05,5.01e-05,2.19e-05,0.00246,0.0051,1.25e-05,0.0001,1.75e-11,0.000743
8970,8.082e-08,8.084e-09,1.101e-09,1.08241e-09,2.5100099999999997e-09,4.796100000000001e-10,3.29e-05,5.01e-05,2.19e-05,0.00246,0.00509,1.25e-05,0.0001,1.33e-11,0.000743
8980,8.079e-08,8.078e-09,1.101e-09,1.08241e-09,2.5100099999999997e-09,4.752400000000001e-10,3.29e-05,5.01e-05,2.18e-05,0.00245,0.0056,1.37e-05,0.0001,1.2e-11,0.000743
8990,8.073e-08,8.074e-09,1.098e-09,1.08241e-09,2.5100099999999997e-09,4.752400000000001e-10,3.29e-05,5.01e-05,2.18e-05,0.00245,0.0056,1.37e-05,0.0001,1.33e-11,0.000743
9000,8.069e-08,8.069e-09,1.098e-09,1.08241e-09,2.5100099999999997e-09,4.752400000000001e-10,3.29e-05,5.01e-05,2.18e-05,0.00245,0.00508,1.25e-05,0.0001,1.84e-11,0.000743
9010,8.064e-08,8.064e-09,1.097e-09,1.08241e-09,2.5e-09,4.752400000000001e-10,3.29e-05,5e-05,2.18e-05,0.00245,0.00508,1.25e-05,0.0001,1.76e-11,0.000743
9020,8.058e-08,8.058e-09,1.098e-09,1.0758399999999999e-09,2.5e-09,4.84e-10,3.28e-05,5e-05,2.2e-05,0.00245,0.00508,1.24e-05,0.0001,1.93e-11,0.000743
9030,8.06e-08,8.054e-09,1.094e-09,1.0758399999999999e-09,2.5e-09,4.6225000000000003e-10,3.28e-05,5e-05,2.15e-05,0.00244,0.00558,1.36e-05,0.0001,1.58e-11,0.000743
9040,8.054e-08,8.049e-09,1.095e-09,1.0758399999999999e-09,2.5e-09,4.708899999999999e-10,3.28e-05,5e-05,2.17e-05,0.00244,0.00507,1.24e-05,0.0001,9.98e-12,0.000742
9050,8.046e-08,8.044e-09,1.094e-09,1.0758399999999999e-09,2.5e-09,4.708899999999999e-10,3.28e-05,5e-05,2.17e-05,0.00244,0.00557,1.36e-05,0.0001,1.61e-11,0.000742
9060,8.042e-08,8.04e-09,1.093e-09,1.0758399999999999e-09,2.49001e-09,4.708899999999999e-10,3.28e-05,4.99e-05,2.17e-05,0.00244,0.00506,1.23e-05,0.0001,1.68e-11,0.000742
9070,8.035e-08,8.036e-09,1.092e-09,1.0758399999999999e-09,2.49001e-09,4.752400000000001e-10,3.28e-05,4.99e-05,2.18e-05,0.00244,0.0046,1.12e-05,0.0001,1.38e-11,0.000742
9080,8.032e-08,8.031e-09,1.091e-09,1.0758399999999999e-09,2.49001e-09,4.708899999999999e-10,3.28e-05,4.99e-05,2.17e-05,0.00243,0.00556,1.35e-05,0.0001,1.39e-11,0.000742
9090,8.029e-08,8.026e-09,1.09e-09,1.0758399999999999e-09,2.49001e-09,4.708899999999999e-10,3.28e-05,4.99e-05,2.17e-05,0.00244,0.00556,1.35e-05,0.0001,1.44e-11,0.000742
9100,8.019e-08,8.021e-09,1.089e-09,1.0692900000000001e-09,2.49001e-09,4.6656e-10,3.27e-05,4.99e-05,2.16e-05,0.00243,0.00505,1.23e-05,0.0001,1.41e-11,0.000742
9110,8.015e-08,8.016e-09,1.089e-09,1.0692900000000001e-09,2.4800399999999996e-09,4.708899999999999e-10,3.27e-05,4.98e-05,2.17e-05,0.00242,0.00505,1.22e-05,0.0001,1.4e-11,0.000742
9120,8.016e-08,8.011e-09,1.087e-09,1.0692900000000001e-09,2.4800399999999996e-09,4.6225000000000003e-10,3.27e-05,4.98e-05,2.15e-05,0.00242,0.00555,1.34e-05,0.0001,1.52e-11,0.000741
9130,8.007e-08,8.006e-09,1.087e-09,1.0692900000000001e-09,2.4800399999999996e-09,4.708899999999999e-10,3.27e-05,4.98e-05,2.17e-05,0.00242,0.00504,1.22e-05,0.0001,1.53e-11,0.000741
9140,8.005e-08,8.002e-09,1.087e-09,1.0692900000000001e-09,2.4800399999999996e-09,4.6656e-10,3.27e-05,4.98e-05,2.16e-05,0.00242,0.00504,1.22e-05,0.0001,1.52e-11,0.000741
9150,7.995e-08,7.997e-09,1.086e-09,1.0692900000000001e-09,2.4800399999999996e-09,4.708899999999999e-10,3.27e-05,4.98e-05,2.17e-05,0.00242,0.00503,1.22e-05,0.0001,1.13e-11,0.000741
9160,7.991e-08,7.992e-09,1.083e-09,1.0692900000000001e-09,2.47009e-09,4.5795999999999994e-10,3.27e-05,4.97e-05,2.14e-05,0.00242,0.00553,1.34e-05,0.0001,1.32e-11,0.000741
9170,7.987e-08,7.987e-09,1.085e-09,1.0692900000000001e-09,2.47009e-09,4.708899999999999e-10,3.27e-05,4.97e-05,2.17e-05,0.00241,0.00503,1.21e-05,0.0001,1.31e-11,0.000741
9180,7.981e-08,7.982e-09,1.083e-09,1.06276e-09,2.47009e-09,4.6656e-10,3.26e-05,4.97e-05,2.16e-05,0.00241,0.00553,1.33e-05,0.0001,1.44e-11,0.000741
9190,7.982e-08,7.978e-09,1.082e-09,1.06276e-09,2.47009e-09,4.6656e-10,3.26e-05,4.97e-05,2.16e-05,0.00241,0.00502,1.21e-05,0.0001,1.44e-11,0.000741
9200,7.976e-08,7.974e-09,1.082e-09,1.06276e-09,2.47009e-09,4.6656e-10,3.26e-05,4.97e-05,2.16e-05,0.00241,0.00502,1.21e-05,0.0001,1.53e-11,0.00074
9210,7.968e-08,7.969e-09,1.081e-09,1.06276e-09,2.46016e-09,4.6656e-10,3.26e-05,4.96e-05,2.16e-05,0.00241,0.00552,1.33e-05,0.0001,1.63e-11,0.00074
9220,7.968e-08,7.964e-09,1.079e-09,1.06276e-09,2.46016e-09,4.5795999999999994e-10,3.26e-05,4.96e-05,2.14e-05,0.0024,0.00551,1.32e-05,0.0001,1.57e-11,0.00074
9230,7.961e-08,7.959e-09,1.079e-09,1.06276e-09,2.46016e-09,4.6656e-10,3.26e-05,4.96e-05,2.16e-05,0.0024,0.00501,1.2e-05,0.0001,1.49e-11,0.00074
9240,7.951e-08,7.954e-09,1.077e-09,1.06276e-09,2.46016e-09,4.6225000000000003e-10,3.26e-05,4.96e-05,2.15e-05,0.0024,0.00551,1.32e-05,0.0001,1.83e-11,0.00074
9250,7.952e-08,7.95e-09,1.075e-09,1.0562499999999997e-09,2.46016e-09,4.5795999999999994e-10,3.25e-05,4.96e-05,2.14e-05,0.0024,0.005,1.2e-05,0.0001,1.66e-11,0.00074
9260,7.946e-08,7.945e-09,1.075e-09,1.0562499999999997e-09,2.45025e-09,4.6225000000000003e-10,3.25e-05,4.95e-05,2.15e-05,0.00239,0.005,1.2e-05,0.0001,1.82e-11,0.00074
9270,7.939e-08,7.941e-09,1.075e-09,1.0562499999999997e-09,2.45025e-09,4.5795999999999994e-10,3.25e-05,4.95e-05,2.14e-05,0.00239,0.005,1.2e-05,0.0001,1.42e-11,0.00074
9280,7.94e-08,7.936e-09,1.074e-09,1.0562499999999997e-09,2.45025e-09,4.5795999999999994e-10,3.25e-05,4.95e-05,2.14e-05,0.00239,0.00549,1.31e-05,0.0001,1.83e-11,0.00074
9290,7.931e-08,7.931e-09,1.076e-09,1.0562499999999997e-09,2.45025e-09,4.6656e-10,3.25e-05,4.95e-05,2.16e-05,0.00239,0.00499,1.19e-05,0.0001,1.5e-11,0.000739
9300,7.926e-08,7.927e-09,1.074e-09,1.0562499999999997e-09,2.45025e-09,4.708899999999999e-10,3.25e-05,4.95e-05,2.17e-05,0.00239,0.00499,1.19e-05,0.0001,1.63e-11,0.000739
9310,7.922e-08,7.922e-09,1.072e-09,1.0562499999999997e-09,2.44036e-09,4.6225000000000003e-10,3.25e-05,4.94e-05,2.15e-05,0.00239,0.00498,1.19e-05,0.0001,1.78e-11,0.000739
9320,7.916e-08,7.917e-09,1.072e-09,1.0562499999999997e-09,2.44036e-09,4.5795999999999994e-10,3.25e-05,4.94e-05,2.14e-05,0.00239,0.00548,1.31e-05,0.0001,1.19e-11,0.000739
9330,7.915e-08,7.912e-09,1.07e-09,1.0562499999999997e-09,2.44036e-09,4.5795999999999994e-10,3.25e-05,4.94e-05,2.14e-05,0.00238,0.00548,1.3e-05,0.0001,2.2e-11,0.000739
9340,7.909e-08,7.907e-09,1.07e-09,1.0562499999999997e-09,2.44036e-09,4.6225000000000003e-10,3.25e-05,4.94e-05,2.15e-05,0.00239,0.00497,1.19e-05,0.0001,1.77e-11,0.000739
9350,7.905e-08,7.903e-09,1.068e-09,1.0497600000000001e-09,2.44036e-09,4.5795999999999994e-10,3.24e-05,4.94e-05,2.14e-05,0.00238,0.00497,1.18e-05,0.0001,1.14e-11,0.000739
9360,7.893e-08,7.898e-09,1.069e-09,1.0497600000000001e-09,2.44036e-09,4.5795999999999994e-10,3.24e-05,4.94e-05,2.14e-05,0.00238,0.00546,1.3e-05,0.0001,1.84e-11,0.000739
9370,7.891e-08,7.893e-09,1.069e-09,1.0497600000000001e-09,2.43049e-09,4.6225000000000003e-10,3.24e-05,4.93e-05,2.15e-05,0.00238,0.00497,1.18e-05,0.0001,1.48e-11,0.000738
9380,7.887e-08,7.888e-09,1.068e-09,1.0497600000000001e-09,2.43049e-09,4.6225000000000003e-10,3.24e-05,4.93e-05,2.15e-05,0.00238,0.00496,1.18e-05,0.0001,1.24e-11,0.000738
9390,7.883e-08,7.884e-09,1.065e-09,1.0497600000000001e-09,2.43049e-09,4.5795999999999994e-10,3.24e-05,4.93e-05,2.14e-05,0.00237,0.00545,1.29e-05,0.0001,1.94e-11,0.000738
9400,7.875e-08,7.879e-09,1.065e-09,1.0497600000000001e-09,2.43049e-09,4.5795999999999994e-10,3.24e-05,4.93e-05,2.14e-05,0.00237,0.00496,1.17e-05,0.0001,1.9e-11,0.000738
9410,7.872e-08,7.875e-09,1.064e-09,1.0497600000000001e-09,2.43049e-09,4.5795999999999994e-10,3.24e-05,4.93e-05,2.14e-05,0.00237,0.00495,1.18e-05,0.0001,2.17e-11,0.000738
9420,7.866e-08,7.87e-09,1.064e-09,1.0497600000000001e-09,2.4206400000000004e-09,4.5795999999999994e-10,3.24e-05,4.92e-05,2.14e-05,0.00237,0.00544,1.29e-05,0.0001,1.5e-11,0.000738
9430,7.868e-08,7.865e-09,1.063e-09,1.0497600000000001e-09,2.4206400000000004e-09,4.5368999999999996e-10,3.24e-05,4.92e-05,2.13e-05,0.00237,0.00495,1.17e-05,0.0001,1.87e-11,0.000738
9440,7.862e-08,7.861e-09,1.062e-09,1.04329e-09,2.4206400000000004e-09,4.6225000000000003e-10,3.23e-05,4.92e-05,2.15e-05,0.00237,0.00494,1.17e-05,0.0001,1.6e-11,0.000738
9450,7.855e-08,7.856e-09,1.062e-09,1.04329e-09,2.4206400000000004e-09,4.6225000000000003e-10,3.23e-05,4.92e-05,2.15e-05,0.00236,0.00543,1.28e-05,0.0001,1.71e-11,0.000737
9460,7.852e-08,7.852e-09,1.06e-09,1.04329e-09,2.4206400000000004e-09,4.5368999999999996e-10,3.23e-05,4.92e-05,2.13e-05,0.00236,0.00494,1.16e-05,0.0001,1.8e-11,0.000737
9470,7.849e-08,7.848e-09,1.06e-09,1.04329e-09,2.4108100000000003e-09,4.5795999999999994e-10,3.23e-05,4.91e-05,2.14e-05,0.00236,0.00493,1.17e-05,0.0001,2e-11,0.000737
9480,7.846e-08,7.844e-09,1.059e-09,1.04329e-09,2.4108100000000003e-09,4.5795999999999994e-10,3.23e-05,4.91e-05,2.14e-05,0.00236,0.00493,1.16e-05,0.0001,1.72e-11,0.000737
9490,7.838e-08,7.839e-09,1.058e-09,1.04329e-09,2.4108100000000003e-09,4.5368999999999996e-10,3.23e-05,4.91e-05,2.13e-05,0.00235,0.00542,1.28e-05,0.0001,1.36e-11,0.000737
9500,7.833e-08,7.834e-09,1.057e-09,1.04329e-09,2.4108100000000003e-09,4.5368999999999996e-10,3.23e-05,4.91e-05,2.13e-05,0.00234,0.00492,1.15e-05,0.0001,1.84e-11,0.000737
9510,7.827e-08,7.83e-09,1.055e-09,1.0368399999999997e-09,2.4108100000000003e-09,4.4944e-10,3.22e-05,4.91e-05,2.12e-05,0.00235,0.00492,1.16e-05,0.0001,1.68e-11,0.000737
9520,7.82e-08,7.826e-09,1.055e-09,1.0368399999999997e-09,2.4108100000000003e-09,4.4944e-10,3.22e-05,4.91e-05,2.12e-05,0.00235,0.00492,1.16e-05,0.0001,1.43e-11,0.000737
9530,7.82e-08,7.821e-09,1.056e-09,1.0368399999999997e-09,2.401e-09,4.5368999999999996e-10,3.22e-05,4.9e-05,2.13e-05,0.00235,0.00541,1.27e-05,0.0001,1.19e-11,0.000737
9540,7.817e-08,7.816e-09,1.053e-09,1.0368399999999997e-09,2.401e-09,4.4521000000000006e-10,3.22e-05,4.9e-05,2.11e-05,0.00234,0.0054,1.27e-05,0.0001,1.57e-11,0.000736
9550,7.806e-08,7.811e-09,1.053e-09,1.0368399999999997e-09,2.401e-09,4.4944e-10,3.22e-05,4.9e-05,2.12e-05,0.00234,0.00491,1.15e-05,0.0001,1.32e-11,0.000736
9560,7.806e-08,7.806e-09,1.053e-09,1.0368399999999997e-09,2.401e-09,4.4944e-10,3.22e-05,4.9e-05,2.12e-05,0.00234,0.0054,1.26e-05,0.0001,1.51e-11,0.000736
9570,7.804e-08,7.801e-09,1.051e-09,1.0368399999999997e-09,2.401e-09,4.4944e-10,3.22e-05,4.9e-05,2.12e-05,0.00234,0.00539,1.26e-05,0.0001,1.54e-11,0.000736
9580,7.797e-08,7.796e-09,1.052e-09,1.0368399999999997e-09,2.3912100000000005e-09,4.4944e-10,3.22e-05,4.89e-05,2.12e-05,0.00233,0.00539,1.26e-05,0.0001,1.39e-11,0.000736
9590,7.793e-08,7.792e-09,1.049e-09,1.0368399999999997e-09,2.3912100000000005e-09,4.4521000000000006e-10,3.22e-05,4.89e-05,2.11e-05,0.00234,0.00539,1.26e-05,0.0001,2.02e-11,0.000736
9600,7.792e-08,7.788e-09,1.05e-09,1.0368399999999997e-09,2.3912100000000005e-09,4.5368999999999996e-10,3.22e-05,4.89e-05,2.13e-05,0.00233,0.00489,1.14e-05,0.0001,1.85e-11,0.000736
9610,7.785e-08,7.783e-09,1.049e-09,1.03041e-09,2.3912100000000005e-09,4.4944e-10,3.21e-05,4.89e-05,2.12e-05,0.00233,0.00489,1.14e-05,0.0001,2.25e-11,0.000736
9620,7.779e-08,7.778e-09,1.049e-09,1.03041e-09,2.3912100000000005e-09,4.5795999999999994e-10,3.21e-05,4.89e-05,2.14e-05,0.00233,0.00489,1.14e-05,0.0001,1.5e-11,0.000735
9630,7.772e-08,7.773e-09,1.047e-09,1.03041e-09,2.38144e-09,4.4944e-10,3.21e-05,4.88e-05,2.12e-05,0.00233,0.00537,1.25e-05,0.0001,1.29e-11,0.000735
9640,7.774e-08,7.769e-09,1.047e-09,1.03041e-09,2.38144e-09,4.4521000000000006e-10,3.21e-05,4.88e-05,2.11e-05,0.00232,0.00537,1.25e-05,0.0001,1.31e-11,0.000735
9650,7.763e-08,7.764e-09,1.044e-09,1.03041e-09,2.38144e-09,4.41e-10,3.21e-05,4.88e-05,2.1e-05,0.00232,0.00488,1.13e-05,0.0001,2.81e-11,0.000735
9660,7.761e-08,7.76e-09,1.045e-09,1.03041e-09,2.38144e-09,4.4944e-10,3.21e-05,4.88e-05,2.12e-05,0.00232,0.00488,1.13e-05,0.0001,1.54e-11,0.000735
9670,7.758e-08,7.755e-09,1.045e-09,1.03041e-09,2.38144e-09,4.4521000000000006e-10,3.21e-05,4.88e-05,2.11e-05,0.00232,0.00536,1.24e-05,0.0001,1.73e-11,0.000735
9680,7.756e-08,7.751e-09,1.045e-09,1.03041e-09,2.38144e-09,4.5368999999999996e-10,3.21e-05,4.88e-05,2.13e-05,0.00232,0.00487,1.13e-05,0.0001,1.22e-11,0.000735
9690,7.749e-08,7.746e-09,1.043e-09,1.024e-09,2.3716899999999997e-09,4.4944e-10,3.2e-05,4.87e-05,2.12e-05,0.00232,0.00487,1.13e-05,0.0001,1.7e-11,0.000735
9700,7.742e-08,7.741e-09,1.042e-09,1.024e-09,2.3716899999999997e-09,4.4521000000000006e-10,3.2e-05,4.87e-05,2.11e-05,0.00232,0.00535,1.24e-05,0.0001,1.52e-11,0.000735
9710,7.736e-08,7.737e-09,1.042e-09,1.024e-09,2.3716899999999997e-09,4.4521000000000006e-10,3.2e-05,4.87e-05,2.11e-05,0.00231,0.00535,1.23e-05,0.0001,1.15e-11,0.000734
9720,7.732e-08,7.732e-09,1.038e-09,1.024e-09,2.3716899999999997e-09,4.41e-10,3.2e-05,4.87e-05,2.1e-05,0.00231,0.00535,1.24e-05,0.0001,1.43e-11,0.000734
9730,7.728e-08,7.728e-09,1.041e-09,1.024e-09,2.3716899999999997e-09,4.5368999999999996e-10,3.2e-05,4.87e-05,2.13e-05,0.00231,0.00486,1.12e-05,0.0001,1.96e-11,0.000734
9740,7.725e-08,7.723e-09,1.039e-09,1.024e-09,2.3619600000000004e-09,4.4521000000000006e-10,3.2e-05,4.86e-05,2.11e-05,0.00231,0.00485,1.12e-05,0.0001,1.53e-11,0.000734
9750,7.717e-08,7.718e-09,1.037e-09,1.024e-09,2.3619600000000004e-09,4.4521000000000006e-10,3.2e-05,4.86e-05,2.11e-05,0.0023,0.00485,1.12e-05,0.0001,1.34e-11,0.000734
9760,7.714e-08,7.714e-09,1.039e-09,1.024e-09,2.3619600000000004e-09,4.4944e-10,3.2e-05,4.86e-05,2.12e-05,0.00231,0.00485,1.12e-05,0.0001,1.53e-11,0.000734
9770,7.71e-08,7.71e-09,1.038e-09,1.0176100000000002e-09,2.3619600000000004e-09,4.5368999999999996e-10,3.19e-05,4.86e-05,2.13e-05,0.0023,0.00484,1.11e-05,0.0001,1.47e-11,0.000734
9780,7.709e-08,7.706e-09,1.035e-09,1.0176100000000002e-09,2.3619600000000004e-09,4.41e-10,3.19e-05,4.86e-05,2.1e-05,0.0023,0.00533,1.22e-05,0.0001,1.56e-11,0.000734
9790,7.699e-08,7.701e-09,1.035e-09,1.0176100000000002e-09,2.3619600000000004e-09,4.4521000000000006e-10,3.19e-05,4.86e-05,2.11e-05,0.0023,0.00532,1.22e-05,0.0001,1.1e-11,0.000733
9800,7.699e-08,7.697e-09,1.034e-09,1.0176100000000002e-09,2.35225e-09,4.4521000000000006e-10,3.19e-05,4.85e-05,2.11e-05,0.0023,0.00484,1.11e-05,0.0001,1.7e-11,0.000733
9810,7.694e-08,7.693e-09,1.033e-09,1.0176100000000002e-09,2.35225e-09,4.41e-10,3.19e-05,4.85e-05,2.1e-05,0.00229,0.00483,1.11e-05,0.0001,1.61e-11,0.000733
9820,7.692e-08,7.689e-09,1.034e-09,1.0176100000000002e-09,2.35225e-09,4.41e-10,3.19e-05,4.85e-05,2.1e-05,0.00229,0.00531,1.22e-05,0.0001,1.53e-11,0.000733
9830,7.685e-08,7.684e-09,1.032e-09,1.0176100000000002e-09,2.35225e-09,4.4521000000000006e-10,3.19e-05,4.85e-05,2.11e-05,0.0023,0.00483,1.11e-05,0.0001,1.74e-11,0.000733
9840,7.68e-08,7.68e-09,1.03e-09,1.0176100000000002e-09,2.35225e-09,4.3681e-10,3.19e-05,4.85e-05,2.09e-05,0.00229,0.00531,1.21e-05,0.0001,1.35e-11,0.000733
9850,7.675e-08,7.676e-09,1.032e-09,1.0176100000000002e-09,2.35225e-09,4.4521000000000006e-10,3.19e-05,4.85e-05,2.11e-05,0.00228,0.0053,1.21e-05,0.0001,1.6e-11,0.000733
9860,7.676e-08,7.672e-09,1.03e-09,1.0176100000000002e-09,2.34256e-09,4.41e-10,3.19e-05,4.84e-05,2.1e-05,0.00229,0.0053,1.21e-05,0.0001,1.88e-11,0.000733
9870,7.668e-08,7.668e-09,1.03e-09,1.0112400000000001e-09,2.34256e-09,4.4521000000000006e-10,3.18e-05,4.84e-05,2.11e-05,0.00229,0.00482,1.1e-05,0.0001,1.55e-11,0.000733
9880,7.663e-08,7.664e-09,1.029e-09,1.0112400000000001e-09,2.34256e-09,4.4521000000000006e-10,3.18e-05,4.84e-05,2.11e-05,0.00228,0.00481,1.1e-05,0.0001,1.18e-11,0.000732
9890,7.659e-08,7.66e-09,1.028e-09,1.0112400000000001e-09,2.34256e-09,4.41e-10,3.18e-05,4.84e-05,2.1e-05,0.00228,0.00529,1.21e-05,0.0001,1.27e-11,0.000732
9900,7.655e-08,7.656e-09,1.026e-09,1.0112400000000001e-09,2.34256e-09,4.3264e-10,3.18e-05,4.84e-05,2.08e-05,0.00228,0.00529,1.2e-05,0.0001,1.63e-11,0.000732
9910,7.651e-08,7.652e-09,1.026e-09,1.0112400000000001e-09,2.33289e-09,4.3681e-10,3.18e-05,4.83e-05,2.09e-05,0.00228,0.00528,1.2e-05,0.0001,1.38e-11,0.000732
9920,7.651e-08,7.647e-09,1.026e-09,1.0112400000000001e-09,2.33289e-09,4.3681e-10,3.18e-05,4.83e-05,2.09e-05,0.00228,0.00528,1.2e-05,0.0001,1.18e-11,0.000732
9930,7.641e-08,7.643e-09,1.024e-09,1.0112400000000001e-09,2.33289e-09,4.2848999999999993e-10,3.18e-05,4.83e-05,2.07e-05,0.00228,0.00528,1.2e-05,0.0001,1.51e-11,0.000732
9940,7.642e-08,7.639e-09,1.025e-09,1.0112400000000001e-09,2.33289e-09,4.41e-10,3.18e-05,4.83e-05,2.1e-05,0.00226,0.00528,1.19e-05,0.0001,1.64e-11,0.000732
9950,7.636e-08,7.635e-09,1.024e-09,1.0112400000000001e-09,2.33289e-09,4.3681e-10,3.18e-05,4.83e-05,2.09e-05,0.00227,0.00527,1.2e-05,0.0001,1.82e-11,0.000732
9960,7.626e-08,7.63e-09,1.022e-09,1.0048899999999998e-09,2.33289e-09,4.3681e-10,3.17e-05,4.83e-05,2.09e-05,0.00227,0.00527,1.2e-05,0.0001,1.78e-11,0.000732
9970,7.626e-08,7.625e-09,1.022e-09,1.0048899999999998e-09,2.32324e-09,4.3264e-10,3.17e-05,4.82e-05,2.08e-05,0.00227,0.00527,1.19e-05,0.0001,1.78e-11,0.000731
9980,7.617e-08,7.621e-09,1.022e-09,1.0048899999999998e-09,2.32324e-09,4.3681e-10,3.17e-05,4.82e-05,2.09e-05,0.00226,0.00526,1.19e-05,0.0001,1.47e-11,0.000731
9990,7.616e-08,7.617e-09,1.021e-09,1.0048899999999998e-09,2.32324e-09,4.3681e-10,3.17e-05,4.82e-05,2.09e-05,0.00226,0.00478,1.08e-05,0.0001,1.87e-11,0.000731
10000,7.609e-08,7.612e-09,1.022e-09,1.0048899999999998e-09,2.32324e-09,4.3681e-10,3.17e-05,4.82e-05,2.09e-05,0.00226,0.00526,1.19e-05,0.0001,1.73e-11,0.000731
