Loaded Allen-Cahn reference from allen_cahn_python.mat
Allen-Cahn data: t (201,), x (513,), usol (201, 513)
Domain: x in [-1.0, 1.0], t in [0.0, 1.0]
PDE: u_t - 0.001 u_xx + 5 u^3 - 5 u = 0
Constraint dimension M_CON = 1300
Fixed damping lambda = 1.0e-04
Jitter: kind=gaussian, sigma_x=0.0e+00, sigma_t=0.0e+00
Constraint blocks: PDE=900, BCv=100, BCd=100, IC=200
  iter |        obj |     pdeMSE |       feas |       PDE |       BCv |       BCd |        IC |      stat |     alpha |   stepInf |      lam |       kkt |     relL2 |       tau
--------------------------------------------------------------------------------------------------------------------------------------------------------------------------
    10 |  6.213e-01 |  6.208e-02 |  9.668e-02 |  2.50e-01 |  2.92e-01 |  4.76e-01 |  4.37e-01 |  2.19e+01 |  4.21e-04 |  9.22e-03 |  1.0e-04 |  3.66e-08 |  1.03e+00 |  4.34e-02
    20 |  6.169e-01 |  6.165e-02 |  9.604e-02 |  2.49e-01 |  2.91e-01 |  4.73e-01 |  4.36e-01 |  2.29e+01 |  3.45e-04 |  7.91e-03 |  1.0e-04 |  2.79e-08 |  1.02e+00 |  3.64e-02
    30 |  6.128e-01 |  6.123e-02 |  9.544e-02 |  2.48e-01 |  2.89e-01 |  4.71e-01 |  4.36e-01 |  2.05e+01 |  4.07e-04 |  8.34e-03 |  1.0e-04 |  1.53e-08 |  1.02e+00 |  3.64e-02
    40 |  6.075e-01 |  6.068e-02 |  9.474e-02 |  2.47e-01 |  2.88e-01 |  4.69e-01 |  4.35e-01 |  1.33e+01 |  5.80e-04 |  7.74e-03 |  1.0e-04 |  3.05e-08 |  1.01e+00 |  3.64e-02
    50 |  5.979e-01 |  5.966e-02 |  9.358e-02 |  2.45e-01 |  2.86e-01 |  4.66e-01 |  4.34e-01 |  1.07e+01 |  9.12e-04 |  9.72e-03 |  1.0e-04 |  2.56e-08 |  1.00e+00 |  3.64e-02
    60 |  5.839e-01 |  5.826e-02 |  9.187e-02 |  2.42e-01 |  2.85e-01 |  4.60e-01 |  4.32e-01 |  8.93e+00 |  1.08e-03 |  9.62e-03 |  1.0e-04 |  2.90e-08 |  9.90e-01 |  3.64e-02
    70 |  5.707e-01 |  5.692e-02 |  9.010e-02 |  2.39e-01 |  2.85e-01 |  4.54e-01 |  4.29e-01 |  7.28e+00 |  1.28e-03 |  9.28e-03 |  1.0e-04 |  3.61e-08 |  9.78e-01 |  3.64e-02
    80 |  5.542e-01 |  5.525e-02 |  8.796e-02 |  2.36e-01 |  2.81e-01 |  4.48e-01 |  4.26e-01 |  6.76e+00 |  1.25e-03 |  8.43e-03 |  1.0e-04 |  1.15e-07 |  9.65e-01 |  3.64e-02
    90 |  5.392e-01 |  5.381e-02 |  8.608e-02 |  2.33e-01 |  2.76e-01 |  4.42e-01 |  4.24e-01 |  6.83e+00 |  1.01e-03 |  6.89e-03 |  1.0e-04 |  2.71e-08 |  9.54e-01 |  3.64e-02
   100 |  5.292e-01 |  5.284e-02 |  8.476e-02 |  2.31e-01 |  2.74e-01 |  4.37e-01 |  4.22e-01 |  7.63e+00 |  7.43e-04 |  5.68e-03 |  1.0e-04 |  2.37e-08 |  9.45e-01 |  3.64e-02
   110 |  5.207e-01 |  5.199e-02 |  8.351e-02 |  2.29e-01 |  2.72e-01 |  4.31e-01 |  4.21e-01 |  9.55e+00 |  6.63e-04 |  6.33e-03 |  1.0e-04 |  3.17e-08 |  9.37e-01 |  3.64e-02
   120 |  5.120e-01 |  5.112e-02 |  8.226e-02 |  2.27e-01 |  2.69e-01 |  4.26e-01 |  4.19e-01 |  1.24e+01 |  5.91e-04 |  7.30e-03 |  1.0e-04 |  2.91e-08 |  9.29e-01 |  3.64e-02
   130 |  5.040e-01 |  5.033e-02 |  8.115e-02 |  2.25e-01 |  2.66e-01 |  4.22e-01 |  4.18e-01 |  1.57e+01 |  5.27e-04 |  8.30e-03 |  1.0e-04 |  3.17e-08 |  9.21e-01 |  3.64e-02
   140 |  4.975e-01 |  4.969e-02 |  8.027e-02 |  2.24e-01 |  2.64e-01 |  4.19e-01 |  4.17e-01 |  1.85e+01 |  4.28e-04 |  7.94e-03 |  1.0e-04 |  3.09e-08 |  9.14e-01 |  3.64e-02
   150 |  4.921e-01 |  4.915e-02 |  7.952e-02 |  2.23e-01 |  2.62e-01 |  4.17e-01 |  4.15e-01 |  2.07e+01 |  4.21e-04 |  8.71e-03 |  1.0e-04 |  3.35e-08 |  9.08e-01 |  3.64e-02
   160 |  4.874e-01 |  4.869e-02 |  7.888e-02 |  2.21e-01 |  2.60e-01 |  4.15e-01 |  4.14e-01 |  2.23e+01 |  3.76e-04 |  8.39e-03 |  1.0e-04 |  4.24e-08 |  9.02e-01 |  3.64e-02
   170 |  4.828e-01 |  4.824e-02 |  7.826e-02 |  2.20e-01 |  2.59e-01 |  4.14e-01 |  4.14e-01 |  2.28e+01 |  3.70e-04 |  8.42e-03 |  1.0e-04 |  1.86e-08 |  8.96e-01 |  3.64e-02
   180 |  4.785e-01 |  4.780e-02 |  7.767e-02 |  2.19e-01 |  2.57e-01 |  4.12e-01 |  4.13e-01 |  2.16e+01 |  3.64e-04 |  7.87e-03 |  1.0e-04 |  2.62e-08 |  8.90e-01 |  3.64e-02
   190 |  4.740e-01 |  4.736e-02 |  7.708e-02 |  2.18e-01 |  2.55e-01 |  4.10e-01 |  4.12e-01 |  1.95e+01 |  3.58e-04 |  6.98e-03 |  1.0e-04 |  3.54e-08 |  8.84e-01 |  3.64e-02
   200 |  4.699e-01 |  4.695e-02 |  7.654e-02 |  2.18e-01 |  2.54e-01 |  4.08e-01 |  4.11e-01 |  1.99e+01 |  3.53e-04 |  7.03e-03 |  1.0e-04 |  2.91e-08 |  8.78e-01 |  3.64e-02
   210 |  4.658e-01 |  4.654e-02 |  7.599e-02 |  2.17e-01 |  2.53e-01 |  4.07e-01 |  4.10e-01 |  1.96e+01 |  3.48e-04 |  6.82e-03 |  1.0e-04 |  2.35e-08 |  8.72e-01 |  3.64e-02
   220 |  4.616e-01 |  4.612e-02 |  7.543e-02 |  2.16e-01 |  2.51e-01 |  4.05e-01 |  4.09e-01 |  1.86e+01 |  3.43e-04 |  6.37e-03 |  1.0e-04 |  2.77e-08 |  8.65e-01 |  3.64e-02
   230 |  4.575e-01 |  4.571e-02 |  7.487e-02 |  2.15e-01 |  2.50e-01 |  4.03e-01 |  4.08e-01 |  1.71e+01 |  3.38e-04 |  5.80e-03 |  1.0e-04 |  5.19e-08 |  8.59e-01 |  3.64e-02
   240 |  4.534e-01 |  4.530e-02 |  7.432e-02 |  2.14e-01 |  2.49e-01 |  4.01e-01 |  4.08e-01 |  1.75e+01 |  3.33e-04 |  5.82e-03 |  1.0e-04 |  3.93e-08 |  8.52e-01 |  3.64e-02
   250 |  4.495e-01 |  4.492e-02 |  7.379e-02 |  2.13e-01 |  2.48e-01 |  3.99e-01 |  4.07e-01 |  1.79e+01 |  3.29e-04 |  5.89e-03 |  1.0e-04 |  4.22e-08 |  8.45e-01 |  3.64e-02
   260 |  4.459e-01 |  4.455e-02 |  7.328e-02 |  2.12e-01 |  2.47e-01 |  3.98e-01 |  4.06e-01 |  1.84e+01 |  3.25e-04 |  5.96e-03 |  1.0e-04 |  2.82e-08 |  8.39e-01 |  3.64e-02
   270 |  4.424e-01 |  4.421e-02 |  7.281e-02 |  2.11e-01 |  2.46e-01 |  3.96e-01 |  4.05e-01 |  1.87e+01 |  3.21e-04 |  6.00e-03 |  1.0e-04 |  2.13e-08 |  8.32e-01 |  3.64e-02
   280 |  4.392e-01 |  4.389e-02 |  7.237e-02 |  2.10e-01 |  2.46e-01 |  3.95e-01 |  4.04e-01 |  1.89e+01 |  3.16e-04 |  5.98e-03 |  1.0e-04 |  2.35e-08 |  8.26e-01 |  3.64e-02
   290 |  4.363e-01 |  4.360e-02 |  7.195e-02 |  2.10e-01 |  2.45e-01 |  3.94e-01 |  4.03e-01 |  1.89e+01 |  3.13e-04 |  5.91e-03 |  1.0e-04 |  3.33e-08 |  8.20e-01 |  3.64e-02
   300 |  4.334e-01 |  4.331e-02 |  7.154e-02 |  2.09e-01 |  2.44e-01 |  3.93e-01 |  4.02e-01 |  1.88e+01 |  3.09e-04 |  5.81e-03 |  1.0e-04 |  2.84e-08 |  8.14e-01 |  3.64e-02
   310 |  4.307e-01 |  4.305e-02 |  7.113e-02 |  2.08e-01 |  2.43e-01 |  3.92e-01 |  4.01e-01 |  1.86e+01 |  3.05e-04 |  5.68e-03 |  1.0e-04 |  3.60e-08 |  8.08e-01 |  3.64e-02
   320 |  4.282e-01 |  4.280e-02 |  7.075e-02 |  2.08e-01 |  2.42e-01 |  3.92e-01 |  4.00e-01 |  1.82e+01 |  3.32e-04 |  6.03e-03 |  1.0e-04 |  3.77e-08 |  8.02e-01 |  3.64e-02
   330 |  4.258e-01 |  4.256e-02 |  7.038e-02 |  2.07e-01 |  2.41e-01 |  3.91e-01 |  3.98e-01 |  1.74e+01 |  3.28e-04 |  5.72e-03 |  1.0e-04 |  2.86e-08 |  7.96e-01 |  3.64e-02
   340 |  4.237e-01 |  4.235e-02 |  7.007e-02 |  2.07e-01 |  2.40e-01 |  3.92e-01 |  3.97e-01 |  1.67e+01 |  3.24e-04 |  5.43e-03 |  1.0e-04 |  3.22e-08 |  7.89e-01 |  3.64e-02
   350 |  4.217e-01 |  4.215e-02 |  6.979e-02 |  2.06e-01 |  2.40e-01 |  3.92e-01 |  3.96e-01 |  1.60e+01 |  3.21e-04 |  5.13e-03 |  1.0e-04 |  1.82e-08 |  7.83e-01 |  3.64e-02
   360 |  4.197e-01 |  4.195e-02 |  6.950e-02 |  2.06e-01 |  2.39e-01 |  3.92e-01 |  3.95e-01 |  1.49e+01 |  3.17e-04 |  4.73e-03 |  1.0e-04 |  3.79e-08 |  7.78e-01 |  3.64e-02
   370 |  4.177e-01 |  4.175e-02 |  6.921e-02 |  2.05e-01 |  2.38e-01 |  3.93e-01 |  3.94e-01 |  1.34e+01 |  3.14e-04 |  4.21e-03 |  1.0e-04 |  3.66e-08 |  7.72e-01 |  3.64e-02
   380 |  4.157e-01 |  4.155e-02 |  6.891e-02 |  2.05e-01 |  2.37e-01 |  3.93e-01 |  3.92e-01 |  1.26e+01 |  3.11e-04 |  3.91e-03 |  1.0e-04 |  3.94e-08 |  7.67e-01 |  3.64e-02
   390 |  4.136e-01 |  4.134e-02 |  6.862e-02 |  2.04e-01 |  2.36e-01 |  3.93e-01 |  3.91e-01 |  1.37e+01 |  3.38e-04 |  4.62e-03 |  1.0e-04 |  3.58e-08 |  7.61e-01 |  3.64e-02
   400 |  4.113e-01 |  4.111e-02 |  6.831e-02 |  2.04e-01 |  2.36e-01 |  3.94e-01 |  3.90e-01 |  1.42e+01 |  3.35e-04 |  4.75e-03 |  1.0e-04 |  3.13e-08 |  7.56e-01 |  3.64e-02
   410 |  4.089e-01 |  4.087e-02 |  6.799e-02 |  2.03e-01 |  2.35e-01 |  3.94e-01 |  3.89e-01 |  1.44e+01 |  3.32e-04 |  4.76e-03 |  1.0e-04 |  3.37e-08 |  7.50e-01 |  3.64e-02
   420 |  4.066e-01 |  4.063e-02 |  6.767e-02 |  2.03e-01 |  2.35e-01 |  3.94e-01 |  3.88e-01 |  1.43e+01 |  3.28e-04 |  4.69e-03 |  1.0e-04 |  3.29e-08 |  7.45e-01 |  3.64e-02
   430 |  4.042e-01 |  4.040e-02 |  6.735e-02 |  2.02e-01 |  2.34e-01 |  3.94e-01 |  3.86e-01 |  1.36e+01 |  3.25e-04 |  4.43e-03 |  1.0e-04 |  2.90e-08 |  7.40e-01 |  3.64e-02
   440 |  4.019e-01 |  4.017e-02 |  6.701e-02 |  2.01e-01 |  2.33e-01 |  3.94e-01 |  3.85e-01 |  1.38e+01 |  3.22e-04 |  4.44e-03 |  1.0e-04 |  4.08e-08 |  7.35e-01 |  3.64e-02
   450 |  3.996e-01 |  3.994e-02 |  6.667e-02 |  2.01e-01 |  2.33e-01 |  3.93e-01 |  3.84e-01 |  1.44e+01 |  3.19e-04 |  4.61e-03 |  1.0e-04 |  3.27e-08 |  7.30e-01 |  3.64e-02
   460 |  3.974e-01 |  3.972e-02 |  6.633e-02 |  2.00e-01 |  2.32e-01 |  3.93e-01 |  3.83e-01 |  1.51e+01 |  3.16e-04 |  4.77e-03 |  1.0e-04 |  3.47e-08 |  7.25e-01 |  3.64e-02
   470 |  3.952e-01 |  3.950e-02 |  6.601e-02 |  2.00e-01 |  2.32e-01 |  3.92e-01 |  3.82e-01 |  1.56e+01 |  3.13e-04 |  4.89e-03 |  1.0e-04 |  4.00e-08 |  7.21e-01 |  3.64e-02
   480 |  3.932e-01 |  3.930e-02 |  6.569e-02 |  1.99e-01 |  2.31e-01 |  3.91e-01 |  3.81e-01 |  1.60e+01 |  3.11e-04 |  4.96e-03 |  1.0e-04 |  4.66e-08 |  7.16e-01 |  3.64e-02
   490 |  3.912e-01 |  3.910e-02 |  6.536e-02 |  1.99e-01 |  2.31e-01 |  3.90e-01 |  3.80e-01 |  1.61e+01 |  3.08e-04 |  4.96e-03 |  1.0e-04 |  3.07e-08 |  7.12e-01 |  3.64e-02
   500 |  3.892e-01 |  3.890e-02 |  6.501e-02 |  1.98e-01 |  2.30e-01 |  3.89e-01 |  3.79e-01 |  1.60e+01 |  3.05e-04 |  4.88e-03 |  1.0e-04 |  2.57e-08 |  7.07e-01 |  3.64e-02
   510 |  3.872e-01 |  3.870e-02 |  6.463e-02 |  1.98e-01 |  2.30e-01 |  3.87e-01 |  3.78e-01 |  1.56e+01 |  3.33e-04 |  5.20e-03 |  1.0e-04 |  2.43e-08 |  7.03e-01 |  3.64e-02
   520 |  3.850e-01 |  3.847e-02 |  6.418e-02 |  1.97e-01 |  2.30e-01 |  3.85e-01 |  3.77e-01 |  1.50e+01 |  3.30e-04 |  4.96e-03 |  1.0e-04 |  2.48e-08 |  6.98e-01 |  3.64e-02
   530 |  3.826e-01 |  3.824e-02 |  6.369e-02 |  1.96e-01 |  2.29e-01 |  3.82e-01 |  3.76e-01 |  1.43e+01 |  3.60e-04 |  5.15e-03 |  1.0e-04 |  1.90e-08 |  6.93e-01 |  3.64e-02
   540 |  3.801e-01 |  3.798e-02 |  6.316e-02 |  1.96e-01 |  2.29e-01 |  3.78e-01 |  3.74e-01 |  1.35e+01 |  3.57e-04 |  4.84e-03 |  1.0e-04 |  1.82e-08 |  6.89e-01 |  3.64e-02
   550 |  3.773e-01 |  3.771e-02 |  6.259e-02 |  1.95e-01 |  2.29e-01 |  3.75e-01 |  3.73e-01 |  1.29e+01 |  3.90e-04 |  5.02e-03 |  1.0e-04 |  1.82e-08 |  6.84e-01 |  3.64e-02
   560 |  3.745e-01 |  3.742e-02 |  6.201e-02 |  1.94e-01 |  2.29e-01 |  3.71e-01 |  3.72e-01 |  1.23e+01 |  3.87e-04 |  4.77e-03 |  1.0e-04 |  1.97e-08 |  6.79e-01 |  3.64e-02
   570 |  3.715e-01 |  3.712e-02 |  6.143e-02 |  1.94e-01 |  2.29e-01 |  3.68e-01 |  3.70e-01 |  1.19e+01 |  4.22e-04 |  5.04e-03 |  1.0e-04 |  1.79e-08 |  6.74e-01 |  3.64e-02
   580 |  3.684e-01 |  3.681e-02 |  6.086e-02 |  1.93e-01 |  2.28e-01 |  3.64e-01 |  3.69e-01 |  1.16e+01 |  4.19e-04 |  4.85e-03 |  1.0e-04 |  1.40e-08 |  6.68e-01 |  3.64e-02
   590 |  3.653e-01 |  3.649e-02 |  6.031e-02 |  1.92e-01 |  2.28e-01 |  3.61e-01 |  3.67e-01 |  1.12e+01 |  4.16e-04 |  4.64e-03 |  1.0e-04 |  1.50e-08 |  6.63e-01 |  3.64e-02
   600 |  3.619e-01 |  3.615e-02 |  5.971e-02 |  1.91e-01 |  2.28e-01 |  3.59e-01 |  3.66e-01 |  1.06e+01 |  4.54e-04 |  4.82e-03 |  1.0e-04 |  1.71e-08 |  6.58e-01 |  3.64e-02
   610 |  3.584e-01 |  3.580e-02 |  5.911e-02 |  1.90e-01 |  2.27e-01 |  3.56e-01 |  3.64e-01 |  9.91e+00 |  4.96e-04 |  4.91e-03 |  1.0e-04 |  1.02e-08 |  6.52e-01 |  3.64e-02
   620 |  3.546e-01 |  3.542e-02 |  5.844e-02 |  1.89e-01 |  2.26e-01 |  3.52e-01 |  3.62e-01 |  8.99e+00 |  4.92e-04 |  4.42e-03 |  1.0e-04 |  1.23e-08 |  6.46e-01 |  3.64e-02
   630 |  3.505e-01 |  3.501e-02 |  5.768e-02 |  1.88e-01 |  2.25e-01 |  3.48e-01 |  3.61e-01 |  7.94e+00 |  5.91e-04 |  4.69e-03 |  1.0e-04 |  1.11e-08 |  6.40e-01 |  3.64e-02
   640 |  3.459e-01 |  3.454e-02 |  5.681e-02 |  1.87e-01 |  2.23e-01 |  3.44e-01 |  3.58e-01 |  7.56e+00 |  6.45e-04 |  4.88e-03 |  1.0e-04 |  1.23e-08 |  6.33e-01 |  3.64e-02
   650 |  3.407e-01 |  3.401e-02 |  5.584e-02 |  1.85e-01 |  2.21e-01 |  3.39e-01 |  3.56e-01 |  7.66e+00 |  7.75e-04 |  5.94e-03 |  1.0e-04 |  9.80e-09 |  6.25e-01 |  3.64e-02
   660 |  3.347e-01 |  3.340e-02 |  5.476e-02 |  1.83e-01 |  2.19e-01 |  3.34e-01 |  3.53e-01 |  7.09e+00 |  9.32e-04 |  6.60e-03 |  1.0e-04 |  1.06e-08 |  6.15e-01 |  3.64e-02
   670 |  3.276e-01 |  3.267e-02 |  5.351e-02 |  1.81e-01 |  2.17e-01 |  3.29e-01 |  3.49e-01 |  5.90e+00 |  1.12e-03 |  6.60e-03 |  1.0e-04 |  8.86e-09 |  6.05e-01 |  3.64e-02
   680 |  3.189e-01 |  3.180e-02 |  5.195e-02 |  1.79e-01 |  2.16e-01 |  3.21e-01 |  3.45e-01 |  4.90e+00 |  1.35e-03 |  6.59e-03 |  1.0e-04 |  8.14e-09 |  5.93e-01 |  3.64e-02
   690 |  3.085e-01 |  3.073e-02 |  4.995e-02 |  1.76e-01 |  2.14e-01 |  3.09e-01 |  3.39e-01 |  3.96e+00 |  1.78e-03 |  7.05e-03 |  1.0e-04 |  9.36e-09 |  5.78e-01 |  3.64e-02
   700 |  2.959e-01 |  2.945e-02 |  4.750e-02 |  1.72e-01 |  2.11e-01 |  2.93e-01 |  3.32e-01 |  3.33e+00 |  2.35e-03 |  7.83e-03 |  1.0e-04 |  6.80e-09 |  5.60e-01 |  3.64e-02
   710 |  2.813e-01 |  2.798e-02 |  4.472e-02 |  1.67e-01 |  2.08e-01 |  2.78e-01 |  3.23e-01 |  3.30e+00 |  2.83e-03 |  9.33e-03 |  1.0e-04 |  4.48e-09 |  5.39e-01 |  3.64e-02
   720 |  2.648e-01 |  2.630e-02 |  4.154e-02 |  1.62e-01 |  2.03e-01 |  2.60e-01 |  3.13e-01 |  3.19e+00 |  3.74e-03 |  1.19e-02 |  1.0e-04 |  4.72e-09 |  5.15e-01 |  3.64e-02
   730 |  2.454e-01 |  2.433e-02 |  3.784e-02 |  1.55e-01 |  1.97e-01 |  2.36e-01 |  3.00e-01 |  3.03e+00 |  4.49e-03 |  1.36e-02 |  1.0e-04 |  4.57e-09 |  4.87e-01 |  3.64e-02
   740 |  2.221e-01 |  2.195e-02 |  3.361e-02 |  1.47e-01 |  1.88e-01 |  2.11e-01 |  2.85e-01 |  2.80e+00 |  5.94e-03 |  1.66e-02 |  1.0e-04 |  3.37e-09 |  4.54e-01 |  3.64e-02
   750 |  1.946e-01 |  1.917e-02 |  2.918e-02 |  1.37e-01 |  1.75e-01 |  1.97e-01 |  2.65e-01 |  2.60e+00 |  7.86e-03 |  2.04e-02 |  1.0e-04 |  3.25e-09 |  4.14e-01 |  3.64e-02
   760 |  1.654e-01 |  1.625e-02 |  2.485e-02 |  1.26e-01 |  1.59e-01 |  1.92e-01 |  2.42e-01 |  2.05e+00 |  9.45e-03 |  1.94e-02 |  1.0e-04 |  2.30e-09 |  3.70e-01 |  3.64e-02
   770 |  1.337e-01 |  1.302e-02 |  1.999e-02 |  1.13e-01 |  1.40e-01 |  1.83e-01 |  2.15e-01 |  1.67e+00 |  1.38e-02 |  2.29e-02 |  1.0e-04 |  2.04e-09 |  3.17e-01 |  3.64e-02
   780 |  9.328e-02 |  8.832e-03 |  1.349e-02 |  9.25e-02 |  1.15e-01 |  1.60e-01 |  1.73e-01 |  8.34e-01 |  2.66e-02 |  2.22e-02 |  1.0e-04 |  1.73e-09 |  2.47e-01 |  3.64e-02
   790 |  4.654e-02 |  4.269e-03 |  6.087e-03 |  6.35e-02 |  8.21e-02 |  1.03e-01 |  1.13e-01 |  6.95e-01 |  4.69e-02 |  3.26e-02 |  1.0e-04 |  9.03e-10 |  1.64e-01 |  3.64e-02
   800 |  1.572e-02 |  1.380e-03 |  2.007e-03 |  3.48e-02 |  4.49e-02 |  7.69e-02 |  6.02e-02 |  2.86e-01 |  6.82e-02 |  1.95e-02 |  1.0e-04 |  7.99e-10 |  1.05e-01 |  3.64e-02
   810 |  4.287e-03 |  3.831e-04 |  4.709e-04 |  1.64e-02 |  1.82e-02 |  4.29e-02 |  2.77e-02 |  1.70e-01 |  7.46e-02 |  1.27e-02 |  1.0e-04 |  9.11e-10 |  7.75e-02 |  3.64e-02
   820 |  1.841e-03 |  1.739e-04 |  1.498e-04 |  9.18e-03 |  8.33e-03 |  2.66e-02 |  1.44e-02 |  1.24e-01 |  5.57e-02 |  6.88e-03 |  1.0e-04 |  7.20e-10 |  6.66e-02 |  3.64e-02
   830 |  1.181e-03 |  1.145e-04 |  6.680e-05 |  5.99e-03 |  4.44e-03 |  1.94e-02 |  8.69e-03 |  1.31e-01 |  4.58e-02 |  6.01e-03 |  1.0e-04 |  5.53e-10 |  6.04e-02 |  3.64e-02
   840 |  9.259e-04 |  9.091e-05 |  3.621e-05 |  4.29e-03 |  2.68e-03 |  1.52e-02 |  5.85e-03 |  1.31e-01 |  3.76e-02 |  4.95e-03 |  1.0e-04 |  5.88e-10 |  5.60e-02 |  3.64e-02
   850 |  7.984e-04 |  7.891e-05 |  2.204e-05 |  3.26e-03 |  1.79e-03 |  1.23e-02 |  4.23e-03 |  1.27e-01 |  3.09e-02 |  3.94e-03 |  1.0e-04 |  5.83e-10 |  5.26e-02 |  3.64e-02
   860 |  7.218e-04 |  7.155e-05 |  1.443e-05 |  2.58e-03 |  1.30e-03 |  1.03e-02 |  3.24e-03 |  1.22e-01 |  2.79e-02 |  3.40e-03 |  1.0e-04 |  5.09e-10 |  4.98e-02 |  3.64e-02
   870 |  6.697e-04 |  6.655e-05 |  1.000e-05 |  2.11e-03 |  1.03e-03 |  8.69e-03 |  2.60e-03 |  1.16e-01 |  2.30e-02 |  2.66e-03 |  1.0e-04 |  4.25e-10 |  4.75e-02 |  3.64e-02
   880 |  6.313e-04 |  6.279e-05 |  7.196e-06 |  1.77e-03 |  8.59e-04 |  7.44e-03 |  2.17e-03 |  1.10e-01 |  2.08e-02 |  2.29e-03 |  1.0e-04 |  4.73e-10 |  4.55e-02 |  3.64e-02
   890 |  6.014e-04 |  5.987e-05 |  5.345e-06 |  1.51e-03 |  7.49e-04 |  6.44e-03 |  1.86e-03 |  1.06e-01 |  1.88e-02 |  1.98e-03 |  1.0e-04 |  5.14e-10 |  4.38e-02 |  3.64e-02
   900 |  5.774e-04 |  5.752e-05 |  4.081e-06 |  1.31e-03 |  6.73e-04 |  5.63e-03 |  1.64e-03 |  1.04e-01 |  1.70e-02 |  1.76e-03 |  1.0e-04 |  5.44e-10 |  4.23e-02 |  3.64e-02
   910 |  5.576e-04 |  5.558e-05 |  3.190e-06 |  1.16e-03 |  6.18e-04 |  4.96e-03 |  1.47e-03 |  1.04e-01 |  1.53e-02 |  1.59e-03 |  1.0e-04 |  4.38e-10 |  4.10e-02 |  3.64e-02
   920 |  5.411e-04 |  5.396e-05 |  2.546e-06 |  1.04e-03 |  5.76e-04 |  4.41e-03 |  1.35e-03 |  1.03e-01 |  1.39e-02 |  1.43e-03 |  1.0e-04 |  4.16e-10 |  3.98e-02 |  3.64e-02
   930 |  5.269e-04 |  5.256e-05 |  2.066e-06 |  9.38e-04 |  5.42e-04 |  3.94e-03 |  1.25e-03 |  1.02e-01 |  1.25e-02 |  1.28e-03 |  1.0e-04 |  4.50e-10 |  3.87e-02 |  3.64e-02
   940 |  5.147e-04 |  5.136e-05 |  1.702e-06 |  8.56e-04 |  5.15e-04 |  3.54e-03 |  1.17e-03 |  1.01e-01 |  1.13e-02 |  1.14e-03 |  1.0e-04 |  5.50e-10 |  3.78e-02 |  3.64e-02
   950 |  5.044e-04 |  5.034e-05 |  1.429e-06 |  7.89e-04 |  4.93e-04 |  3.21e-03 |  1.10e-03 |  9.94e-02 |  1.13e-02 |  1.12e-03 |  1.0e-04 |  5.06e-10 |  3.69e-02 |  3.64e-02
   960 |  4.953e-04 |  4.944e-05 |  1.215e-06 |  7.32e-04 |  4.74e-04 |  2.92e-03 |  1.05e-03 |  9.80e-02 |  1.02e-02 |  1.00e-03 |  1.0e-04 |  4.33e-10 |  3.61e-02 |  3.64e-02
   970 |  4.872e-04 |  4.864e-05 |  1.043e-06 |  6.84e-04 |  4.58e-04 |  2.67e-03 |  1.00e-03 |  9.66e-02 |  1.02e-02 |  9.81e-04 |  1.0e-04 |  4.38e-10 |  3.53e-02 |  3.64e-02
   980 |  4.803e-04 |  4.796e-05 |  9.098e-07 |  6.43e-04 |  4.44e-04 |  2.46e-03 |  9.68e-04 |  9.52e-02 |  9.18e-03 |  8.74e-04 |  1.0e-04 |  4.70e-10 |  3.46e-02 |  3.64e-02
   990 |  4.739e-04 |  4.734e-05 |  7.981e-07 |  6.07e-04 |  4.31e-04 |  2.26e-03 |  9.35e-04 |  9.37e-02 |  8.31e-03 |  7.79e-04 |  1.0e-04 |  3.47e-10 |  3.39e-02 |  3.64e-02
  1000 |  4.685e-04 |  4.680e-05 |  7.096e-07 |  5.77e-04 |  4.20e-04 |  2.10e-03 |  9.07e-04 |  9.23e-02 |  8.27e-03 |  7.63e-04 |  1.0e-04 |  4.22e-10 |  3.33e-02 |  3.64e-02
  1010 |  4.634e-04 |  4.629e-05 |  6.334e-07 |  5.49e-04 |  4.10e-04 |  1.95e-03 |  8.82e-04 |  9.09e-02 |  8.22e-03 |  7.48e-04 |  1.0e-04 |  3.15e-10 |  3.27e-02 |  3.64e-02
  1020 |  4.590e-04 |  4.586e-05 |  5.727e-07 |  5.26e-04 |  4.01e-04 |  1.82e-03 |  8.60e-04 |  8.96e-02 |  7.44e-03 |  6.67e-04 |  1.0e-04 |  3.77e-10 |  3.22e-02 |  3.64e-02
  1030 |  4.549e-04 |  4.546e-05 |  5.197e-07 |  5.05e-04 |  3.93e-04 |  1.70e-03 |  8.40e-04 |  8.83e-02 |  7.40e-03 |  6.54e-04 |  1.0e-04 |  2.85e-10 |  3.17e-02 |  3.64e-02
  1040 |  4.513e-04 |  4.509e-05 |  4.753e-07 |  4.86e-04 |  3.85e-04 |  1.60e-03 |  8.23e-04 |  8.70e-02 |  6.70e-03 |  5.83e-04 |  1.0e-04 |  4.70e-10 |  3.12e-02 |  3.64e-02
  1050 |  4.480e-04 |  4.477e-05 |  4.374e-07 |  4.70e-04 |  3.78e-04 |  1.50e-03 |  8.07e-04 |  8.57e-02 |  6.67e-03 |  5.72e-04 |  1.0e-04 |  3.18e-10 |  3.08e-02 |  3.64e-02
  1060 |  4.449e-04 |  4.445e-05 |  4.038e-07 |  4.54e-04 |  3.72e-04 |  1.41e-03 |  7.92e-04 |  8.45e-02 |  6.63e-03 |  5.61e-04 |  1.0e-04 |  3.98e-10 |  3.03e-02 |  3.64e-02
  1070 |  4.421e-04 |  4.418e-05 |  3.760e-07 |  4.41e-04 |  3.66e-04 |  1.34e-03 |  7.78e-04 |  8.33e-02 |  6.00e-03 |  5.00e-04 |  1.0e-04 |  4.08e-10 |  2.99e-02 |  3.64e-02
  1080 |  4.396e-04 |  4.393e-05 |  3.512e-07 |  4.29e-04 |  3.60e-04 |  1.27e-03 |  7.66e-04 |  8.22e-02 |  5.97e-03 |  4.91e-04 |  1.0e-04 |  3.13e-10 |  2.96e-02 |  3.64e-02
  1090 |  4.371e-04 |  4.369e-05 |  3.288e-07 |  4.17e-04 |  3.55e-04 |  1.20e-03 |  7.54e-04 |  8.10e-02 |  5.95e-03 |  4.82e-04 |  1.0e-04 |  3.79e-10 |  2.92e-02 |  3.64e-02
  1100 |  4.350e-04 |  4.348e-05 |  3.100e-07 |  4.07e-04 |  3.50e-04 |  1.14e-03 |  7.44e-04 |  7.99e-02 |  5.38e-03 |  4.30e-04 |  1.0e-04 |  3.10e-10 |  2.88e-02 |  3.64e-02
  1110 |  4.329e-04 |  4.328e-05 |  2.931e-07 |  3.98e-04 |  3.45e-04 |  1.09e-03 |  7.34e-04 |  7.89e-02 |  5.36e-03 |  4.23e-04 |  1.0e-04 |  3.18e-10 |  2.85e-02 |  3.64e-02
  1120 |  4.310e-04 |  4.308e-05 |  2.777e-07 |  3.90e-04 |  3.41e-04 |  1.04e-03 |  7.25e-04 |  7.79e-02 |  5.33e-03 |  4.15e-04 |  1.0e-04 |  3.09e-10 |  2.82e-02 |  3.64e-02
  1130 |  4.292e-04 |  4.290e-05 |  2.639e-07 |  3.82e-04 |  3.37e-04 |  9.90e-04 |  7.16e-04 |  7.68e-02 |  4.83e-03 |  3.71e-04 |  1.0e-04 |  2.87e-10 |  2.79e-02 |  3.64e-02
  1140 |  4.276e-04 |  4.275e-05 |  2.520e-07 |  3.75e-04 |  3.33e-04 |  9.48e-04 |  7.08e-04 |  7.59e-02 |  4.80e-03 |  3.65e-04 |  1.0e-04 |  2.69e-10 |  2.76e-02 |  3.64e-02
  1150 |  4.261e-04 |  4.259e-05 |  2.411e-07 |  3.68e-04 |  3.29e-04 |  9.08e-04 |  7.00e-04 |  7.49e-02 |  4.78e-03 |  3.58e-04 |  1.0e-04 |  3.98e-10 |  2.73e-02 |  3.64e-02
  1160 |  4.246e-04 |  4.245e-05 |  2.310e-07 |  3.62e-04 |  3.25e-04 |  8.71e-04 |  6.93e-04 |  7.40e-02 |  4.76e-03 |  3.52e-04 |  1.0e-04 |  3.29e-10 |  2.70e-02 |  3.64e-02
  1170 |  4.232e-04 |  4.231e-05 |  2.218e-07 |  3.56e-04 |  3.22e-04 |  8.35e-04 |  6.86e-04 |  7.31e-02 |  4.31e-03 |  3.15e-04 |  1.0e-04 |  3.22e-10 |  2.68e-02 |  3.64e-02
  1180 |  4.219e-04 |  4.218e-05 |  2.138e-07 |  3.51e-04 |  3.19e-04 |  8.04e-04 |  6.79e-04 |  7.22e-02 |  4.29e-03 |  3.10e-04 |  1.0e-04 |  3.47e-10 |  2.65e-02 |  3.64e-02
  1190 |  4.207e-04 |  4.206e-05 |  2.064e-07 |  3.46e-04 |  3.16e-04 |  7.74e-04 |  6.73e-04 |  7.14e-02 |  4.27e-03 |  3.05e-04 |  1.0e-04 |  3.13e-10 |  2.63e-02 |  3.64e-02
  1200 |  4.196e-04 |  4.195e-05 |  1.994e-07 |  3.41e-04 |  3.13e-04 |  7.45e-04 |  6.67e-04 |  7.06e-02 |  4.25e-03 |  3.00e-04 |  1.0e-04 |  3.34e-10 |  2.60e-02 |  3.64e-02
  1210 |  4.184e-04 |  4.183e-05 |  1.929e-07 |  3.37e-04 |  3.10e-04 |  7.18e-04 |  6.61e-04 |  6.98e-02 |  4.24e-03 |  2.95e-04 |  1.0e-04 |  3.16e-10 |  2.58e-02 |  3.64e-02
  1220 |  4.174e-04 |  4.173e-05 |  1.871e-07 |  3.33e-04 |  3.07e-04 |  6.93e-04 |  6.56e-04 |  6.90e-02 |  3.83e-03 |  2.64e-04 |  1.0e-04 |  2.88e-10 |  2.56e-02 |  3.64e-02
  1230 |  4.164e-04 |  4.163e-05 |  1.819e-07 |  3.29e-04 |  3.05e-04 |  6.70e-04 |  6.51e-04 |  6.82e-02 |  3.82e-03 |  2.61e-04 |  1.0e-04 |  3.96e-10 |  2.54e-02 |  3.64e-02
  1240 |  4.155e-04 |  4.154e-05 |  1.769e-07 |  3.26e-04 |  3.02e-04 |  6.48e-04 |  6.46e-04 |  6.75e-02 |  3.80e-03 |  2.57e-04 |  1.0e-04 |  2.96e-10 |  2.52e-02 |  3.64e-02
  1250 |  4.146e-04 |  4.145e-05 |  1.723e-07 |  3.22e-04 |  3.00e-04 |  6.27e-04 |  6.41e-04 |  6.68e-02 |  3.79e-03 |  2.53e-04 |  1.0e-04 |  3.49e-10 |  2.50e-02 |  3.64e-02
  1260 |  4.137e-04 |  4.136e-05 |  1.679e-07 |  3.19e-04 |  2.97e-04 |  6.07e-04 |  6.36e-04 |  6.61e-02 |  3.77e-03 |  2.49e-04 |  1.0e-04 |  5.24e-10 |  2.48e-02 |  3.64e-02
  1270 |  4.129e-04 |  4.128e-05 |  1.637e-07 |  3.16e-04 |  2.95e-04 |  5.87e-04 |  6.32e-04 |  6.53e-02 |  3.76e-03 |  2.45e-04 |  1.0e-04 |  3.53e-10 |  2.46e-02 |  3.64e-02
  1280 |  4.121e-04 |  4.120e-05 |  1.601e-07 |  3.13e-04 |  2.93e-04 |  5.70e-04 |  6.28e-04 |  6.47e-02 |  3.40e-03 |  2.20e-04 |  1.0e-04 |  3.59e-10 |  2.44e-02 |  3.64e-02
  1290 |  4.113e-04 |  4.113e-05 |  1.567e-07 |  3.11e-04 |  2.91e-04 |  5.54e-04 |  6.24e-04 |  6.41e-02 |  3.39e-03 |  2.17e-04 |  1.0e-04 |  3.26e-10 |  2.43e-02 |  3.64e-02
  1300 |  4.106e-04 |  4.105e-05 |  1.534e-07 |  3.08e-04 |  2.89e-04 |  5.38e-04 |  6.20e-04 |  6.34e-02 |  3.37e-03 |  2.14e-04 |  1.0e-04 |  3.60e-10 |  2.41e-02 |  3.64e-02
  1310 |  4.099e-04 |  4.098e-05 |  1.503e-07 |  3.06e-04 |  2.87e-04 |  5.22e-04 |  6.16e-04 |  6.28e-02 |  3.36e-03 |  2.11e-04 |  1.0e-04 |  2.95e-10 |  2.39e-02 |  3.64e-02
  1320 |  4.092e-04 |  4.092e-05 |  1.474e-07 |  3.03e-04 |  2.85e-04 |  5.08e-04 |  6.12e-04 |  6.22e-02 |  3.35e-03 |  2.08e-04 |  1.0e-04 |  3.31e-10 |  2.38e-02 |  3.64e-02
  1330 |  4.085e-04 |  4.085e-05 |  1.445e-07 |  3.01e-04 |  2.83e-04 |  4.93e-04 |  6.08e-04 |  6.16e-02 |  3.33e-03 |  2.05e-04 |  1.0e-04 |  2.62e-10 |  2.36e-02 |  3.64e-02
  1340 |  4.079e-04 |  4.078e-05 |  1.419e-07 |  2.99e-04 |  2.82e-04 |  4.80e-04 |  6.05e-04 |  6.10e-02 |  3.02e-03 |  1.84e-04 |  1.0e-04 |  2.65e-10 |  2.35e-02 |  3.64e-02
  1350 |  4.073e-04 |  4.073e-05 |  1.396e-07 |  2.97e-04 |  2.80e-04 |  4.68e-04 |  6.01e-04 |  6.04e-02 |  3.01e-03 |  1.82e-04 |  1.0e-04 |  2.84e-10 |  2.33e-02 |  3.64e-02
  1360 |  4.067e-04 |  4.067e-05 |  1.373e-07 |  2.95e-04 |  2.78e-04 |  4.56e-04 |  5.98e-04 |  5.99e-02 |  2.99e-03 |  1.79e-04 |  1.0e-04 |  3.09e-10 |  2.32e-02 |  3.64e-02
  1370 |  4.062e-04 |  4.061e-05 |  1.351e-07 |  2.93e-04 |  2.77e-04 |  4.45e-04 |  5.95e-04 |  5.94e-02 |  2.98e-03 |  1.77e-04 |  1.0e-04 |  2.93e-10 |  2.30e-02 |  3.64e-02
  1380 |  4.056e-04 |  4.056e-05 |  1.330e-07 |  2.91e-04 |  2.75e-04 |  4.34e-04 |  5.92e-04 |  5.88e-02 |  2.97e-03 |  1.75e-04 |  1.0e-04 |  3.54e-10 |  2.29e-02 |  3.64e-02
  1390 |  4.051e-04 |  4.050e-05 |  1.310e-07 |  2.90e-04 |  2.74e-04 |  4.23e-04 |  5.89e-04 |  5.83e-02 |  2.96e-03 |  1.73e-04 |  1.0e-04 |  3.41e-10 |  2.28e-02 |  3.64e-02
  1400 |  4.045e-04 |  4.045e-05 |  1.291e-07 |  2.88e-04 |  2.72e-04 |  4.13e-04 |  5.86e-04 |  5.78e-02 |  2.95e-03 |  1.70e-04 |  1.0e-04 |  2.69e-10 |  2.26e-02 |  3.64e-02
  1410 |  4.040e-04 |  4.040e-05 |  1.272e-07 |  2.86e-04 |  2.71e-04 |  4.03e-04 |  5.83e-04 |  5.72e-02 |  2.94e-03 |  1.68e-04 |  1.0e-04 |  2.31e-10 |  2.25e-02 |  3.64e-02
  1420 |  4.035e-04 |  4.035e-05 |  1.255e-07 |  2.85e-04 |  2.69e-04 |  3.94e-04 |  5.80e-04 |  5.68e-02 |  2.66e-03 |  1.51e-04 |  1.0e-04 |  2.67e-10 |  2.24e-02 |  3.64e-02
  1430 |  4.031e-04 |  4.030e-05 |  1.239e-07 |  2.84e-04 |  2.68e-04 |  3.85e-04 |  5.78e-04 |  5.63e-02 |  2.65e-03 |  1.49e-04 |  1.0e-04 |  3.50e-10 |  2.23e-02 |  3.64e-02
  1440 |  4.026e-04 |  4.026e-05 |  1.224e-07 |  2.82e-04 |  2.67e-04 |  3.76e-04 |  5.75e-04 |  5.58e-02 |  2.64e-03 |  1.48e-04 |  1.0e-04 |  3.36e-10 |  2.21e-02 |  3.64e-02
  1450 |  4.022e-04 |  4.021e-05 |  1.209e-07 |  2.81e-04 |  2.65e-04 |  3.68e-04 |  5.73e-04 |  5.54e-02 |  2.63e-03 |  1.46e-04 |  1.0e-04 |  3.13e-10 |  2.20e-02 |  3.64e-02
  1460 |  4.017e-04 |  4.017e-05 |  1.195e-07 |  2.80e-04 |  2.64e-04 |  3.60e-04 |  5.70e-04 |  5.49e-02 |  2.62e-03 |  1.44e-04 |  1.0e-04 |  3.15e-10 |  2.19e-02 |  3.64e-02
  1470 |  4.013e-04 |  4.013e-05 |  1.181e-07 |  2.78e-04 |  2.63e-04 |  3.53e-04 |  5.68e-04 |  5.45e-02 |  2.61e-03 |  1.42e-04 |  1.0e-04 |  3.04e-10 |  2.18e-02 |  3.64e-02
  1480 |  4.009e-04 |  4.008e-05 |  1.167e-07 |  2.77e-04 |  2.62e-04 |  3.45e-04 |  5.65e-04 |  5.41e-02 |  2.60e-03 |  1.41e-04 |  1.0e-04 |  3.46e-10 |  2.17e-02 |  3.64e-02
  1490 |  4.004e-04 |  4.004e-05 |  1.154e-07 |  2.76e-04 |  2.60e-04 |  3.38e-04 |  5.63e-04 |  5.36e-02 |  2.60e-03 |  1.39e-04 |  1.0e-04 |  2.46e-10 |  2.16e-02 |  3.64e-02
  1500 |  4.000e-04 |  4.000e-05 |  1.142e-07 |  2.75e-04 |  2.59e-04 |  3.31e-04 |  5.61e-04 |  5.32e-02 |  2.59e-03 |  1.38e-04 |  1.0e-04 |  2.72e-10 |  2.15e-02 |  3.64e-02
  1510 |  3.996e-04 |  3.996e-05 |  1.130e-07 |  2.74e-04 |  2.58e-04 |  3.24e-04 |  5.58e-04 |  5.28e-02 |  2.34e-03 |  1.24e-04 |  1.0e-04 |  3.01e-10 |  2.14e-02 |  3.64e-02
  1520 |  3.993e-04 |  3.992e-05 |  1.119e-07 |  2.73e-04 |  2.57e-04 |  3.18e-04 |  5.56e-04 |  5.24e-02 |  2.33e-03 |  1.22e-04 |  1.0e-04 |  3.74e-10 |  2.13e-02 |  3.64e-02
  1530 |  3.989e-04 |  3.989e-05 |  1.108e-07 |  2.72e-04 |  2.56e-04 |  3.12e-04 |  5.54e-04 |  5.20e-02 |  2.33e-03 |  1.21e-04 |  1.0e-04 |  2.97e-10 |  2.12e-02 |  3.64e-02
  1540 |  3.985e-04 |  3.985e-05 |  1.098e-07 |  2.71e-04 |  2.55e-04 |  3.06e-04 |  5.52e-04 |  5.18e-02 |  2.32e-03 |  1.20e-04 |  1.0e-04 |  2.72e-10 |  2.11e-02 |  3.64e-02
  1550 |  3.982e-04 |  3.982e-05 |  1.088e-07 |  2.70e-04 |  2.54e-04 |  3.00e-04 |  5.50e-04 |  5.17e-02 |  2.31e-03 |  1.19e-04 |  1.0e-04 |  2.85e-10 |  2.10e-02 |  3.64e-02
  1560 |  3.978e-04 |  3.978e-05 |  1.078e-07 |  2.69e-04 |  2.53e-04 |  2.95e-04 |  5.48e-04 |  5.15e-02 |  2.30e-03 |  1.19e-04 |  1.0e-04 |  4.24e-10 |  2.09e-02 |  3.64e-02
  1570 |  3.975e-04 |  3.975e-05 |  1.068e-07 |  2.68e-04 |  2.52e-04 |  2.89e-04 |  5.46e-04 |  5.14e-02 |  2.29e-03 |  1.18e-04 |  1.0e-04 |  3.61e-10 |  2.08e-02 |  3.64e-02
  1580 |  3.972e-04 |  3.971e-05 |  1.059e-07 |  2.67e-04 |  2.51e-04 |  2.84e-04 |  5.44e-04 |  5.12e-02 |  2.29e-03 |  1.17e-04 |  1.0e-04 |  3.38e-10 |  2.07e-02 |  3.64e-02
  1590 |  3.968e-04 |  3.968e-05 |  1.050e-07 |  2.66e-04 |  2.50e-04 |  2.79e-04 |  5.42e-04 |  5.11e-02 |  2.28e-03 |  1.16e-04 |  1.0e-04 |  4.02e-10 |  2.06e-02 |  3.64e-02
  1600 |  3.965e-04 |  3.965e-05 |  1.041e-07 |  2.65e-04 |  2.49e-04 |  2.74e-04 |  5.41e-04 |  5.10e-02 |  2.27e-03 |  1.16e-04 |  1.0e-04 |  2.77e-10 |  2.06e-02 |  3.64e-02
  1610 |  3.962e-04 |  3.961e-05 |  1.033e-07 |  2.64e-04 |  2.48e-04 |  2.69e-04 |  5.39e-04 |  5.08e-02 |  2.26e-03 |  1.15e-04 |  1.0e-04 |  3.52e-10 |  2.05e-02 |  3.64e-02
  1620 |  3.958e-04 |  3.958e-05 |  1.024e-07 |  2.63e-04 |  2.47e-04 |  2.64e-04 |  5.37e-04 |  5.07e-02 |  2.26e-03 |  1.14e-04 |  1.0e-04 |  3.83e-10 |  2.04e-02 |  3.64e-02
  1630 |  3.955e-04 |  3.955e-05 |  1.016e-07 |  2.63e-04 |  2.46e-04 |  2.60e-04 |  5.35e-04 |  5.06e-02 |  2.04e-03 |  1.03e-04 |  1.0e-04 |  2.57e-10 |  2.03e-02 |  3.64e-02
  1640 |  3.952e-04 |  3.952e-05 |  1.009e-07 |  2.62e-04 |  2.45e-04 |  2.55e-04 |  5.33e-04 |  5.05e-02 |  2.04e-03 |  1.03e-04 |  1.0e-04 |  2.94e-10 |  2.02e-02 |  3.64e-02
  1650 |  3.950e-04 |  3.949e-05 |  1.002e-07 |  2.61e-04 |  2.45e-04 |  2.51e-04 |  5.32e-04 |  5.03e-02 |  2.03e-03 |  1.02e-04 |  1.0e-04 |  2.65e-10 |  2.02e-02 |  3.64e-02
  1660 |  3.947e-04 |  3.946e-05 |  9.946e-08 |  2.60e-04 |  2.44e-04 |  2.47e-04 |  5.30e-04 |  5.02e-02 |  2.02e-03 |  1.02e-04 |  1.0e-04 |  2.94e-10 |  2.01e-02 |  3.64e-02
  1670 |  3.944e-04 |  3.944e-05 |  9.877e-08 |  2.60e-04 |  2.43e-04 |  2.43e-04 |  5.29e-04 |  5.01e-02 |  2.02e-03 |  1.01e-04 |  1.0e-04 |  3.20e-10 |  2.00e-02 |  3.64e-02
  1680 |  3.941e-04 |  3.941e-05 |  9.809e-08 |  2.59e-04 |  2.42e-04 |  2.39e-04 |  5.27e-04 |  5.00e-02 |  2.01e-03 |  1.01e-04 |  1.0e-04 |  2.62e-10 |  1.99e-02 |  3.64e-02
  1690 |  3.938e-04 |  3.938e-05 |  9.743e-08 |  2.58e-04 |  2.41e-04 |  2.36e-04 |  5.26e-04 |  4.99e-02 |  2.01e-03 |  1.00e-04 |  1.0e-04 |  2.89e-10 |  1.99e-02 |  3.64e-02
  1700 |  3.936e-04 |  3.935e-05 |  9.678e-08 |  2.58e-04 |  2.41e-04 |  2.32e-04 |  5.24e-04 |  4.98e-02 |  2.00e-03 |  9.95e-05 |  1.0e-04 |  3.92e-10 |  1.98e-02 |  3.64e-02
  1710 |  3.933e-04 |  3.933e-05 |  9.615e-08 |  2.57e-04 |  2.40e-04 |  2.28e-04 |  5.22e-04 |  4.97e-02 |  1.99e-03 |  9.90e-05 |  1.0e-04 |  2.75e-10 |  1.97e-02 |  3.64e-02
  1720 |  3.930e-04 |  3.930e-05 |  9.553e-08 |  2.56e-04 |  2.39e-04 |  2.25e-04 |  5.21e-04 |  4.96e-02 |  1.99e-03 |  9.85e-05 |  1.0e-04 |  2.77e-10 |  1.96e-02 |  3.64e-02
  1730 |  3.928e-04 |  3.928e-05 |  9.492e-08 |  2.56e-04 |  2.38e-04 |  2.22e-04 |  5.20e-04 |  4.95e-02 |  1.98e-03 |  9.80e-05 |  1.0e-04 |  3.02e-10 |  1.96e-02 |  3.64e-02
  1740 |  3.925e-04 |  3.925e-05 |  9.432e-08 |  2.55e-04 |  2.38e-04 |  2.18e-04 |  5.18e-04 |  4.94e-02 |  1.97e-03 |  9.75e-05 |  1.0e-04 |  3.01e-10 |  1.95e-02 |  3.64e-02
  1750 |  3.923e-04 |  3.922e-05 |  9.373e-08 |  2.54e-04 |  2.37e-04 |  2.15e-04 |  5.17e-04 |  4.93e-02 |  1.97e-03 |  9.70e-05 |  1.0e-04 |  2.50e-10 |  1.94e-02 |  3.64e-02
  1760 |  3.920e-04 |  3.920e-05 |  9.315e-08 |  2.54e-04 |  2.36e-04 |  2.12e-04 |  5.15e-04 |  4.92e-02 |  1.96e-03 |  9.65e-05 |  1.0e-04 |  2.81e-10 |  1.94e-02 |  3.64e-02
  1770 |  3.918e-04 |  3.917e-05 |  9.259e-08 |  2.53e-04 |  2.35e-04 |  2.09e-04 |  5.14e-04 |  4.91e-02 |  1.96e-03 |  9.60e-05 |  1.0e-04 |  2.61e-10 |  1.93e-02 |  3.64e-02
  1780 |  3.915e-04 |  3.915e-05 |  9.203e-08 |  2.53e-04 |  2.35e-04 |  2.05e-04 |  5.12e-04 |  4.90e-02 |  1.95e-03 |  9.55e-05 |  1.0e-04 |  2.56e-10 |  1.92e-02 |  3.64e-02
  1790 |  3.913e-04 |  3.912e-05 |  9.151e-08 |  2.52e-04 |  2.34e-04 |  2.03e-04 |  5.11e-04 |  4.89e-02 |  1.77e-03 |  8.64e-05 |  1.0e-04 |  2.29e-10 |  1.92e-02 |  3.64e-02
  1800 |  3.910e-04 |  3.910e-05 |  9.102e-08 |  2.52e-04 |  2.33e-04 |  2.00e-04 |  5.10e-04 |  4.88e-02 |  1.76e-03 |  8.60e-05 |  1.0e-04 |  2.65e-10 |  1.91e-02 |  3.64e-02
  1810 |  3.908e-04 |  3.908e-05 |  9.054e-08 |  2.51e-04 |  2.33e-04 |  1.97e-04 |  5.08e-04 |  4.87e-02 |  1.76e-03 |  8.56e-05 |  1.0e-04 |  2.60e-10 |  1.90e-02 |  3.64e-02
  1820 |  3.906e-04 |  3.906e-05 |  9.007e-08 |  2.50e-04 |  2.32e-04 |  1.95e-04 |  5.07e-04 |  4.86e-02 |  1.75e-03 |  8.52e-05 |  1.0e-04 |  3.22e-10 |  1.90e-02 |  3.64e-02
  1830 |  3.904e-04 |  3.904e-05 |  8.960e-08 |  2.50e-04 |  2.31e-04 |  1.92e-04 |  5.06e-04 |  4.85e-02 |  1.75e-03 |  8.48e-05 |  1.0e-04 |  2.55e-10 |  1.89e-02 |  3.64e-02
  1840 |  3.902e-04 |  3.902e-05 |  8.915e-08 |  2.49e-04 |  2.31e-04 |  1.90e-04 |  5.05e-04 |  4.85e-02 |  1.74e-03 |  8.44e-05 |  1.0e-04 |  2.36e-10 |  1.89e-02 |  3.64e-02
  1850 |  3.900e-04 |  3.899e-05 |  8.869e-08 |  2.49e-04 |  2.30e-04 |  1.87e-04 |  5.04e-04 |  4.84e-02 |  1.74e-03 |  8.40e-05 |  1.0e-04 |  3.19e-10 |  1.88e-02 |  3.64e-02
  1860 |  3.897e-04 |  3.897e-05 |  8.825e-08 |  2.48e-04 |  2.30e-04 |  1.85e-04 |  5.02e-04 |  4.83e-02 |  1.73e-03 |  8.36e-05 |  1.0e-04 |  2.69e-10 |  1.88e-02 |  3.64e-02
  1870 |  3.895e-04 |  3.895e-05 |  8.781e-08 |  2.48e-04 |  2.29e-04 |  1.82e-04 |  5.01e-04 |  4.82e-02 |  1.73e-03 |  8.32e-05 |  1.0e-04 |  2.32e-10 |  1.87e-02 |  3.64e-02
  1880 |  3.893e-04 |  3.893e-05 |  8.738e-08 |  2.48e-04 |  2.28e-04 |  1.80e-04 |  5.00e-04 |  4.81e-02 |  1.72e-03 |  8.29e-05 |  1.0e-04 |  2.39e-10 |  1.86e-02 |  3.64e-02
  1890 |  3.891e-04 |  3.891e-05 |  8.696e-08 |  2.47e-04 |  2.28e-04 |  1.78e-04 |  4.99e-04 |  4.81e-02 |  1.72e-03 |  8.25e-05 |  1.0e-04 |  2.14e-10 |  1.86e-02 |  3.64e-02
  1900 |  3.889e-04 |  3.889e-05 |  8.654e-08 |  2.47e-04 |  2.27e-04 |  1.75e-04 |  4.98e-04 |  4.80e-02 |  1.71e-03 |  8.21e-05 |  1.0e-04 |  2.57e-10 |  1.85e-02 |  3.64e-02
  1910 |  3.887e-04 |  3.887e-05 |  8.613e-08 |  2.46e-04 |  2.27e-04 |  1.73e-04 |  4.97e-04 |  4.79e-02 |  1.71e-03 |  8.18e-05 |  1.0e-04 |  2.97e-10 |  1.85e-02 |  3.64e-02
  1920 |  3.885e-04 |  3.885e-05 |  8.572e-08 |  2.46e-04 |  2.26e-04 |  1.71e-04 |  4.95e-04 |  4.78e-02 |  1.70e-03 |  8.14e-05 |  1.0e-04 |  2.45e-10 |  1.84e-02 |  3.64e-02
  1930 |  3.883e-04 |  3.883e-05 |  8.532e-08 |  2.45e-04 |  2.25e-04 |  1.69e-04 |  4.94e-04 |  4.78e-02 |  1.70e-03 |  8.11e-05 |  1.0e-04 |  2.51e-10 |  1.84e-02 |  3.64e-02
  1940 |  3.881e-04 |  3.881e-05 |  8.493e-08 |  2.45e-04 |  2.25e-04 |  1.67e-04 |  4.93e-04 |  4.77e-02 |  1.69e-03 |  8.07e-05 |  1.0e-04 |  3.23e-10 |  1.83e-02 |  3.64e-02
  1950 |  3.879e-04 |  3.879e-05 |  8.454e-08 |  2.44e-04 |  2.24e-04 |  1.65e-04 |  4.92e-04 |  4.76e-02 |  1.69e-03 |  8.04e-05 |  1.0e-04 |  2.99e-10 |  1.83e-02 |  3.64e-02
  1960 |  3.877e-04 |  3.877e-05 |  8.416e-08 |  2.44e-04 |  2.24e-04 |  1.63e-04 |  4.91e-04 |  4.75e-02 |  1.68e-03 |  8.00e-05 |  1.0e-04 |  2.46e-10 |  1.82e-02 |  3.64e-02
  1970 |  3.875e-04 |  3.875e-05 |  8.378e-08 |  2.43e-04 |  2.23e-04 |  1.61e-04 |  4.90e-04 |  4.75e-02 |  1.68e-03 |  7.97e-05 |  1.0e-04 |  2.49e-10 |  1.82e-02 |  3.64e-02
  1980 |  3.874e-04 |  3.873e-05 |  8.341e-08 |  2.43e-04 |  2.23e-04 |  1.59e-04 |  4.89e-04 |  4.74e-02 |  1.67e-03 |  7.93e-05 |  1.0e-04 |  2.47e-10 |  1.81e-02 |  3.64e-02
  1990 |  3.872e-04 |  3.871e-05 |  8.304e-08 |  2.43e-04 |  2.22e-04 |  1.57e-04 |  4.88e-04 |  4.73e-02 |  1.67e-03 |  7.90e-05 |  1.0e-04 |  3.20e-10 |  1.81e-02 |  3.64e-02
  2000 |  3.870e-04 |  3.870e-05 |  8.270e-08 |  2.42e-04 |  2.22e-04 |  1.56e-04 |  4.87e-04 |  4.73e-02 |  1.51e-03 |  7.15e-05 |  1.0e-04 |  2.97e-10 |  1.80e-02 |  3.64e-02
  2010 |  3.868e-04 |  3.868e-05 |  8.238e-08 |  2.42e-04 |  2.21e-04 |  1.54e-04 |  4.86e-04 |  4.72e-02 |  1.51e-03 |  7.12e-05 |  1.0e-04 |  2.44e-10 |  1.80e-02 |  3.64e-02
  2020 |  3.867e-04 |  3.866e-05 |  8.205e-08 |  2.41e-04 |  2.21e-04 |  1.52e-04 |  4.85e-04 |  4.71e-02 |  1.50e-03 |  7.09e-05 |  1.0e-04 |  3.50e-10 |  1.79e-02 |  3.64e-02
  2030 |  3.865e-04 |  3.865e-05 |  8.173e-08 |  2.41e-04 |  2.20e-04 |  1.51e-04 |  4.84e-04 |  4.71e-02 |  1.50e-03 |  7.07e-05 |  1.0e-04 |  2.80e-10 |  1.79e-02 |  3.64e-02
  2040 |  3.863e-04 |  3.863e-05 |  8.142e-08 |  2.41e-04 |  2.20e-04 |  1.49e-04 |  4.83e-04 |  4.70e-02 |  1.50e-03 |  7.04e-05 |  1.0e-04 |  2.41e-10 |  1.78e-02 |  3.64e-02
  2050 |  3.862e-04 |  3.861e-05 |  8.111e-08 |  2.40e-04 |  2.19e-04 |  1.48e-04 |  4.82e-04 |  4.70e-02 |  1.49e-03 |  7.01e-05 |  1.0e-04 |  2.50e-10 |  1.78e-02 |  3.64e-02
  2060 |  3.860e-04 |  3.860e-05 |  8.080e-08 |  2.40e-04 |  2.19e-04 |  1.46e-04 |  4.81e-04 |  4.69e-02 |  1.49e-03 |  6.98e-05 |  1.0e-04 |  2.35e-10 |  1.77e-02 |  3.64e-02
  2070 |  3.858e-04 |  3.858e-05 |  8.050e-08 |  2.40e-04 |  2.18e-04 |  1.45e-04 |  4.80e-04 |  4.68e-02 |  1.48e-03 |  6.96e-05 |  1.0e-04 |  2.33e-10 |  1.77e-02 |  3.64e-02
  2080 |  3.857e-04 |  3.857e-05 |  8.020e-08 |  2.39e-04 |  2.18e-04 |  1.43e-04 |  4.79e-04 |  4.68e-02 |  1.48e-03 |  6.93e-05 |  1.0e-04 |  2.26e-10 |  1.77e-02 |  3.64e-02
  2090 |  3.855e-04 |  3.855e-05 |  7.990e-08 |  2.39e-04 |  2.17e-04 |  1.42e-04 |  4.78e-04 |  4.67e-02 |  1.48e-03 |  6.90e-05 |  1.0e-04 |  2.48e-10 |  1.76e-02 |  3.64e-02
  2100 |  3.854e-04 |  3.853e-05 |  7.961e-08 |  2.39e-04 |  2.17e-04 |  1.40e-04 |  4.78e-04 |  4.67e-02 |  1.47e-03 |  6.88e-05 |  1.0e-04 |  2.47e-10 |  1.76e-02 |  3.64e-02
  2110 |  3.852e-04 |  3.852e-05 |  7.932e-08 |  2.38e-04 |  2.16e-04 |  1.39e-04 |  4.77e-04 |  4.66e-02 |  1.47e-03 |  6.85e-05 |  1.0e-04 |  2.65e-10 |  1.75e-02 |  3.64e-02
  2120 |  3.851e-04 |  3.850e-05 |  7.903e-08 |  2.38e-04 |  2.16e-04 |  1.37e-04 |  4.76e-04 |  4.66e-02 |  1.47e-03 |  6.82e-05 |  1.0e-04 |  2.73e-10 |  1.75e-02 |  3.64e-02
  2130 |  3.849e-04 |  3.849e-05 |  7.875e-08 |  2.37e-04 |  2.15e-04 |  1.36e-04 |  4.75e-04 |  4.65e-02 |  1.46e-03 |  6.80e-05 |  1.0e-04 |  2.43e-10 |  1.74e-02 |  3.64e-02
  2140 |  3.847e-04 |  3.847e-05 |  7.847e-08 |  2.37e-04 |  2.15e-04 |  1.35e-04 |  4.74e-04 |  4.64e-02 |  1.46e-03 |  6.77e-05 |  1.0e-04 |  2.77e-10 |  1.74e-02 |  3.64e-02
  2150 |  3.846e-04 |  3.846e-05 |  7.819e-08 |  2.37e-04 |  2.15e-04 |  1.33e-04 |  4.73e-04 |  4.64e-02 |  1.45e-03 |  6.75e-05 |  1.0e-04 |  2.51e-10 |  1.74e-02 |  3.64e-02
  2160 |  3.844e-04 |  3.844e-05 |  7.792e-08 |  2.36e-04 |  2.14e-04 |  1.32e-04 |  4.72e-04 |  4.63e-02 |  1.45e-03 |  6.72e-05 |  1.0e-04 |  3.72e-10 |  1.73e-02 |  3.64e-02
  2170 |  3.843e-04 |  3.843e-05 |  7.765e-08 |  2.36e-04 |  2.14e-04 |  1.31e-04 |  4.72e-04 |  4.63e-02 |  1.45e-03 |  6.70e-05 |  1.0e-04 |  2.91e-10 |  1.73e-02 |  3.64e-02
  2180 |  3.842e-04 |  3.841e-05 |  7.738e-08 |  2.36e-04 |  2.13e-04 |  1.30e-04 |  4.71e-04 |  4.62e-02 |  1.44e-03 |  6.67e-05 |  1.0e-04 |  2.94e-10 |  1.72e-02 |  3.64e-02
  2190 |  3.840e-04 |  3.840e-05 |  7.712e-08 |  2.36e-04 |  2.13e-04 |  1.28e-04 |  4.70e-04 |  4.62e-02 |  1.44e-03 |  6.65e-05 |  1.0e-04 |  2.31e-10 |  1.72e-02 |  3.64e-02
  2200 |  3.839e-04 |  3.838e-05 |  7.685e-08 |  2.35e-04 |  2.12e-04 |  1.27e-04 |  4.69e-04 |  4.61e-02 |  1.44e-03 |  6.62e-05 |  1.0e-04 |  3.25e-10 |  1.71e-02 |  3.64e-02
  2210 |  3.837e-04 |  3.837e-05 |  7.660e-08 |  2.35e-04 |  2.12e-04 |  1.26e-04 |  4.68e-04 |  4.61e-02 |  1.43e-03 |  6.60e-05 |  1.0e-04 |  2.83e-10 |  1.71e-02 |  3.64e-02
  2220 |  3.836e-04 |  3.836e-05 |  7.634e-08 |  2.35e-04 |  2.12e-04 |  1.25e-04 |  4.67e-04 |  4.60e-02 |  1.43e-03 |  6.58e-05 |  1.0e-04 |  3.28e-10 |  1.71e-02 |  3.64e-02
  2230 |  3.834e-04 |  3.834e-05 |  7.608e-08 |  2.34e-04 |  2.11e-04 |  1.24e-04 |  4.67e-04 |  4.60e-02 |  1.43e-03 |  6.55e-05 |  1.0e-04 |  3.32e-10 |  1.70e-02 |  3.64e-02
  2240 |  3.833e-04 |  3.833e-05 |  7.583e-08 |  2.34e-04 |  2.11e-04 |  1.23e-04 |  4.66e-04 |  4.59e-02 |  1.42e-03 |  6.53e-05 |  1.0e-04 |  3.30e-10 |  1.70e-02 |  3.64e-02
  2250 |  3.832e-04 |  3.832e-05 |  7.560e-08 |  2.34e-04 |  2.10e-04 |  1.22e-04 |  4.65e-04 |  4.59e-02 |  1.29e-03 |  5.91e-05 |  1.0e-04 |  3.20e-10 |  1.70e-02 |  3.64e-02
  2260 |  3.830e-04 |  3.830e-05 |  7.537e-08 |  2.33e-04 |  2.10e-04 |  1.21e-04 |  4.64e-04 |  4.58e-02 |  1.29e-03 |  5.89e-05 |  1.0e-04 |  3.11e-10 |  1.69e-02 |  3.64e-02
  2270 |  3.829e-04 |  3.829e-05 |  7.515e-08 |  2.33e-04 |  2.10e-04 |  1.20e-04 |  4.64e-04 |  4.58e-02 |  1.28e-03 |  5.87e-05 |  1.0e-04 |  3.33e-10 |  1.69e-02 |  3.64e-02
  2280 |  3.828e-04 |  3.828e-05 |  7.493e-08 |  2.33e-04 |  2.09e-04 |  1.19e-04 |  4.63e-04 |  4.57e-02 |  1.28e-03 |  5.85e-05 |  1.0e-04 |  3.29e-10 |  1.68e-02 |  3.64e-02
  2290 |  3.827e-04 |  3.827e-05 |  7.471e-08 |  2.33e-04 |  2.09e-04 |  1.18e-04 |  4.62e-04 |  4.57e-02 |  1.28e-03 |  5.83e-05 |  1.0e-04 |  2.37e-10 |  1.68e-02 |  3.64e-02
  2300 |  3.826e-04 |  3.825e-05 |  7.449e-08 |  2.32e-04 |  2.09e-04 |  1.17e-04 |  4.61e-04 |  4.56e-02 |  1.27e-03 |  5.81e-05 |  1.0e-04 |  2.86e-10 |  1.68e-02 |  3.64e-02
  2310 |  3.824e-04 |  3.824e-05 |  7.428e-08 |  2.32e-04 |  2.08e-04 |  1.16e-04 |  4.61e-04 |  4.56e-02 |  1.27e-03 |  5.79e-05 |  1.0e-04 |  3.18e-10 |  1.67e-02 |  3.64e-02
  2320 |  3.823e-04 |  3.823e-05 |  7.407e-08 |  2.32e-04 |  2.08e-04 |  1.15e-04 |  4.60e-04 |  4.56e-02 |  1.27e-03 |  5.78e-05 |  1.0e-04 |  2.92e-10 |  1.67e-02 |  3.64e-02
  2330 |  3.822e-04 |  3.822e-05 |  7.386e-08 |  2.31e-04 |  2.07e-04 |  1.14e-04 |  4.59e-04 |  4.55e-02 |  1.26e-03 |  5.76e-05 |  1.0e-04 |  2.33e-10 |  1.67e-02 |  3.64e-02
  2340 |  3.821e-04 |  3.821e-05 |  7.365e-08 |  2.31e-04 |  2.07e-04 |  1.13e-04 |  4.59e-04 |  4.55e-02 |  1.26e-03 |  5.74e-05 |  1.0e-04 |  2.87e-10 |  1.66e-02 |  3.64e-02
  2350 |  3.820e-04 |  3.820e-05 |  7.344e-08 |  2.31e-04 |  2.07e-04 |  1.12e-04 |  4.58e-04 |  4.54e-02 |  1.26e-03 |  5.72e-05 |  1.0e-04 |  2.62e-10 |  1.66e-02 |  3.64e-02
  2360 |  3.818e-04 |  3.818e-05 |  7.324e-08 |  2.31e-04 |  2.06e-04 |  1.11e-04 |  4.57e-04 |  4.54e-02 |  1.26e-03 |  5.70e-05 |  1.0e-04 |  2.95e-10 |  1.66e-02 |  3.64e-02
  2370 |  3.817e-04 |  3.817e-05 |  7.303e-08 |  2.30e-04 |  2.06e-04 |  1.11e-04 |  4.57e-04 |  4.53e-02 |  1.25e-03 |  5.68e-05 |  1.0e-04 |  2.60e-10 |  1.65e-02 |  3.64e-02
  2380 |  3.816e-04 |  3.816e-05 |  7.283e-08 |  2.30e-04 |  2.06e-04 |  1.10e-04 |  4.56e-04 |  4.53e-02 |  1.25e-03 |  5.66e-05 |  1.0e-04 |  2.53e-10 |  1.65e-02 |  3.64e-02
  2390 |  3.815e-04 |  3.815e-05 |  7.263e-08 |  2.30e-04 |  2.05e-04 |  1.09e-04 |  4.55e-04 |  4.53e-02 |  1.25e-03 |  5.64e-05 |  1.0e-04 |  2.30e-10 |  1.65e-02 |  3.64e-02
  2400 |  3.814e-04 |  3.814e-05 |  7.243e-08 |  2.30e-04 |  2.05e-04 |  1.08e-04 |  4.55e-04 |  4.52e-02 |  1.24e-03 |  5.63e-05 |  1.0e-04 |  2.72e-10 |  1.64e-02 |  3.64e-02
  2410 |  3.813e-04 |  3.813e-05 |  7.224e-08 |  2.29e-04 |  2.05e-04 |  1.07e-04 |  4.54e-04 |  4.52e-02 |  1.24e-03 |  5.61e-05 |  1.0e-04 |  2.39e-10 |  1.64e-02 |  3.64e-02
  2420 |  3.812e-04 |  3.812e-05 |  7.204e-08 |  2.29e-04 |  2.04e-04 |  1.07e-04 |  4.53e-04 |  4.51e-02 |  1.24e-03 |  5.59e-05 |  1.0e-04 |  2.44e-10 |  1.64e-02 |  3.64e-02
  2430 |  3.811e-04 |  3.811e-05 |  7.185e-08 |  2.29e-04 |  2.04e-04 |  1.06e-04 |  4.53e-04 |  4.51e-02 |  1.24e-03 |  5.57e-05 |  1.0e-04 |  2.71e-10 |  1.63e-02 |  3.64e-02
  2440 |  3.810e-04 |  3.809e-05 |  7.166e-08 |  2.29e-04 |  2.04e-04 |  1.05e-04 |  4.52e-04 |  4.51e-02 |  1.23e-03 |  5.55e-05 |  1.0e-04 |  2.61e-10 |  1.63e-02 |  3.64e-02
  2450 |  3.808e-04 |  3.808e-05 |  7.147e-08 |  2.28e-04 |  2.03e-04 |  1.04e-04 |  4.51e-04 |  4.50e-02 |  1.23e-03 |  5.54e-05 |  1.0e-04 |  2.42e-10 |  1.63e-02 |  3.64e-02
  2460 |  3.807e-04 |  3.807e-05 |  7.128e-08 |  2.28e-04 |  2.03e-04 |  1.04e-04 |  4.51e-04 |  4.50e-02 |  1.23e-03 |  5.52e-05 |  1.0e-04 |  2.98e-10 |  1.63e-02 |  3.64e-02
  2470 |  3.806e-04 |  3.806e-05 |  7.109e-08 |  2.28e-04 |  2.03e-04 |  1.03e-04 |  4.50e-04 |  4.49e-02 |  1.22e-03 |  5.50e-05 |  1.0e-04 |  2.25e-10 |  1.62e-02 |  3.64e-02
  2480 |  3.805e-04 |  3.805e-05 |  7.091e-08 |  2.28e-04 |  2.02e-04 |  1.02e-04 |  4.49e-04 |  4.49e-02 |  1.22e-03 |  5.49e-05 |  1.0e-04 |  3.38e-10 |  1.62e-02 |  3.64e-02
  2490 |  3.804e-04 |  3.804e-05 |  7.073e-08 |  2.27e-04 |  2.02e-04 |  1.01e-04 |  4.49e-04 |  4.49e-02 |  1.22e-03 |  5.47e-05 |  1.0e-04 |  2.47e-10 |  1.62e-02 |  3.64e-02
  2500 |  3.803e-04 |  3.803e-05 |  7.054e-08 |  2.27e-04 |  2.02e-04 |  1.01e-04 |  4.48e-04 |  4.48e-02 |  1.22e-03 |  5.45e-05 |  1.0e-04 |  2.65e-10 |  1.61e-02 |  3.64e-02
  2510 |  3.802e-04 |  3.802e-05 |  7.036e-08 |  2.27e-04 |  2.01e-04 |  1.00e-04 |  4.48e-04 |  4.48e-02 |  1.21e-03 |  5.44e-05 |  1.0e-04 |  2.83e-10 |  1.61e-02 |  3.64e-02
  2520 |  3.801e-04 |  3.801e-05 |  7.018e-08 |  2.27e-04 |  2.01e-04 |  9.93e-05 |  4.47e-04 |  4.47e-02 |  1.21e-03 |  5.42e-05 |  1.0e-04 |  3.14e-10 |  1.61e-02 |  3.64e-02
  2530 |  3.800e-04 |  3.800e-05 |  7.001e-08 |  2.26e-04 |  2.01e-04 |  9.87e-05 |  4.46e-04 |  4.47e-02 |  1.21e-03 |  5.40e-05 |  1.0e-04 |  2.58e-10 |  1.60e-02 |  3.64e-02
  2540 |  3.799e-04 |  3.799e-05 |  6.983e-08 |  2.26e-04 |  2.00e-04 |  9.80e-05 |  4.46e-04 |  4.47e-02 |  1.21e-03 |  5.39e-05 |  1.0e-04 |  2.45e-10 |  1.60e-02 |  3.64e-02
  2550 |  3.798e-04 |  3.798e-05 |  6.965e-08 |  2.26e-04 |  2.00e-04 |  9.74e-05 |  4.45e-04 |  4.46e-02 |  1.20e-03 |  5.37e-05 |  1.0e-04 |  2.35e-10 |  1.60e-02 |  3.64e-02
  2560 |  3.797e-04 |  3.797e-05 |  6.948e-08 |  2.26e-04 |  2.00e-04 |  9.67e-05 |  4.44e-04 |  4.46e-02 |  1.20e-03 |  5.35e-05 |  1.0e-04 |  3.28e-10 |  1.59e-02 |  3.64e-02
  2570 |  3.796e-04 |  3.796e-05 |  6.931e-08 |  2.26e-04 |  1.99e-04 |  9.61e-05 |  4.44e-04 |  4.46e-02 |  1.20e-03 |  5.34e-05 |  1.0e-04 |  2.75e-10 |  1.59e-02 |  3.64e-02
  2580 |  3.795e-04 |  3.795e-05 |  6.914e-08 |  2.25e-04 |  1.99e-04 |  9.55e-05 |  4.43e-04 |  4.45e-02 |  1.20e-03 |  5.32e-05 |  1.0e-04 |  2.95e-10 |  1.59e-02 |  3.64e-02
  2590 |  3.794e-04 |  3.794e-05 |  6.897e-08 |  2.25e-04 |  1.99e-04 |  9.49e-05 |  4.43e-04 |  4.45e-02 |  1.19e-03 |  5.31e-05 |  1.0e-04 |  2.71e-10 |  1.59e-02 |  3.64e-02
  2600 |  3.793e-04 |  3.793e-05 |  6.880e-08 |  2.25e-04 |  1.98e-04 |  9.43e-05 |  4.42e-04 |  4.44e-02 |  1.19e-03 |  5.29e-05 |  1.0e-04 |  2.58e-10 |  1.58e-02 |  3.64e-02
  2610 |  3.793e-04 |  3.792e-05 |  6.863e-08 |  2.25e-04 |  1.98e-04 |  9.37e-05 |  4.42e-04 |  4.44e-02 |  1.19e-03 |  5.27e-05 |  1.0e-04 |  2.60e-10 |  1.58e-02 |  3.64e-02
  2620 |  3.792e-04 |  3.792e-05 |  6.846e-08 |  2.24e-04 |  1.98e-04 |  9.32e-05 |  4.41e-04 |  4.44e-02 |  1.19e-03 |  5.26e-05 |  1.0e-04 |  2.51e-10 |  1.58e-02 |  3.64e-02
  2630 |  3.791e-04 |  3.791e-05 |  6.830e-08 |  2.24e-04 |  1.98e-04 |  9.26e-05 |  4.40e-04 |  4.43e-02 |  1.18e-03 |  5.24e-05 |  1.0e-04 |  2.23e-10 |  1.57e-02 |  3.64e-02
  2640 |  3.790e-04 |  3.790e-05 |  6.814e-08 |  2.24e-04 |  1.97e-04 |  9.20e-05 |  4.40e-04 |  4.43e-02 |  1.18e-03 |  5.23e-05 |  1.0e-04 |  2.70e-10 |  1.57e-02 |  3.64e-02
  2650 |  3.789e-04 |  3.789e-05 |  6.797e-08 |  2.24e-04 |  1.97e-04 |  9.15e-05 |  4.39e-04 |  4.43e-02 |  1.18e-03 |  5.21e-05 |  1.0e-04 |  2.16e-10 |  1.57e-02 |  3.64e-02
  2660 |  3.788e-04 |  3.788e-05 |  6.781e-08 |  2.24e-04 |  1.97e-04 |  9.09e-05 |  4.39e-04 |  4.42e-02 |  1.18e-03 |  5.20e-05 |  1.0e-04 |  2.43e-10 |  1.57e-02 |  3.64e-02
  2670 |  3.787e-04 |  3.787e-05 |  6.765e-08 |  2.23e-04 |  1.96e-04 |  9.04e-05 |  4.38e-04 |  4.42e-02 |  1.17e-03 |  5.18e-05 |  1.0e-04 |  2.58e-10 |  1.56e-02 |  3.64e-02
  2680 |  3.786e-04 |  3.786e-05 |  6.749e-08 |  2.23e-04 |  1.96e-04 |  8.99e-05 |  4.37e-04 |  4.42e-02 |  1.17e-03 |  5.17e-05 |  1.0e-04 |  2.44e-10 |  1.56e-02 |  3.64e-02
  2690 |  3.785e-04 |  3.785e-05 |  6.734e-08 |  2.23e-04 |  1.96e-04 |  8.94e-05 |  4.37e-04 |  4.41e-02 |  1.06e-03 |  4.68e-05 |  1.0e-04 |  2.23e-10 |  1.56e-02 |  3.64e-02
  2700 |  3.785e-04 |  3.784e-05 |  6.719e-08 |  2.23e-04 |  1.95e-04 |  8.89e-05 |  4.36e-04 |  4.41e-02 |  1.06e-03 |  4.67e-05 |  1.0e-04 |  2.57e-10 |  1.56e-02 |  3.64e-02
  2710 |  3.784e-04 |  3.784e-05 |  6.705e-08 |  2.23e-04 |  1.95e-04 |  8.84e-05 |  4.36e-04 |  4.41e-02 |  1.06e-03 |  4.66e-05 |  1.0e-04 |  3.06e-10 |  1.55e-02 |  3.64e-02
  2720 |  3.783e-04 |  3.783e-05 |  6.691e-08 |  2.22e-04 |  1.95e-04 |  8.80e-05 |  4.35e-04 |  4.40e-02 |  1.06e-03 |  4.65e-05 |  1.0e-04 |  3.03e-10 |  1.55e-02 |  3.64e-02
  2730 |  3.782e-04 |  3.782e-05 |  6.677e-08 |  2.22e-04 |  1.95e-04 |  8.75e-05 |  4.35e-04 |  4.40e-02 |  1.05e-03 |  4.63e-05 |  1.0e-04 |  3.68e-10 |  1.55e-02 |  3.64e-02
  2740 |  3.781e-04 |  3.781e-05 |  6.663e-08 |  2.22e-04 |  1.94e-04 |  8.70e-05 |  4.34e-04 |  4.40e-02 |  1.05e-03 |  4.62e-05 |  1.0e-04 |  3.13e-10 |  1.55e-02 |  3.64e-02
  2750 |  3.781e-04 |  3.781e-05 |  6.649e-08 |  2.22e-04 |  1.94e-04 |  8.66e-05 |  4.34e-04 |  4.39e-02 |  1.05e-03 |  4.61e-05 |  1.0e-04 |  2.34e-10 |  1.54e-02 |  3.64e-02
  2760 |  3.780e-04 |  3.780e-05 |  6.636e-08 |  2.22e-04 |  1.94e-04 |  8.62e-05 |  4.33e-04 |  4.39e-02 |  1.05e-03 |  4.60e-05 |  1.0e-04 |  2.39e-10 |  1.54e-02 |  3.64e-02
  2770 |  3.779e-04 |  3.779e-05 |  6.622e-08 |  2.21e-04 |  1.94e-04 |  8.57e-05 |  4.33e-04 |  4.39e-02 |  1.04e-03 |  4.58e-05 |  1.0e-04 |  2.69e-10 |  1.54e-02 |  3.64e-02
  2780 |  3.778e-04 |  3.778e-05 |  6.609e-08 |  2.21e-04 |  1.93e-04 |  8.53e-05 |  4.32e-04 |  4.39e-02 |  1.04e-03 |  4.57e-05 |  1.0e-04 |  2.44e-10 |  1.54e-02 |  3.64e-02
  2790 |  3.778e-04 |  3.778e-05 |  6.595e-08 |  2.21e-04 |  1.93e-04 |  8.49e-05 |  4.32e-04 |  4.38e-02 |  1.04e-03 |  4.56e-05 |  1.0e-04 |  2.24e-10 |  1.53e-02 |  3.64e-02
  2800 |  3.777e-04 |  3.777e-05 |  6.582e-08 |  2.21e-04 |  1.93e-04 |  8.45e-05 |  4.31e-04 |  4.38e-02 |  1.04e-03 |  4.55e-05 |  1.0e-04 |  2.93e-10 |  1.53e-02 |  3.64e-02
  2810 |  3.776e-04 |  3.776e-05 |  6.569e-08 |  2.21e-04 |  1.93e-04 |  8.41e-05 |  4.31e-04 |  4.38e-02 |  1.04e-03 |  4.53e-05 |  1.0e-04 |  2.80e-10 |  1.53e-02 |  3.64e-02
  2820 |  3.776e-04 |  3.776e-05 |  6.555e-08 |  2.21e-04 |  1.92e-04 |  8.37e-05 |  4.30e-04 |  4.37e-02 |  1.03e-03 |  4.52e-05 |  1.0e-04 |  2.80e-10 |  1.53e-02 |  3.64e-02
  2830 |  3.775e-04 |  3.775e-05 |  6.542e-08 |  2.20e-04 |  1.92e-04 |  8.33e-05 |  4.30e-04 |  4.37e-02 |  1.03e-03 |  4.51e-05 |  1.0e-04 |  2.59e-10 |  1.52e-02 |  3.64e-02
  2840 |  3.774e-04 |  3.774e-05 |  6.529e-08 |  2.20e-04 |  1.92e-04 |  8.29e-05 |  4.29e-04 |  4.37e-02 |  1.03e-03 |  4.50e-05 |  1.0e-04 |  2.35e-10 |  1.52e-02 |  3.64e-02
  2850 |  3.774e-04 |  3.773e-05 |  6.516e-08 |  2.20e-04 |  1.92e-04 |  8.25e-05 |  4.29e-04 |  4.36e-02 |  1.03e-03 |  4.49e-05 |  1.0e-04 |  2.78e-10 |  1.52e-02 |  3.64e-02
  2860 |  3.773e-04 |  3.773e-05 |  6.503e-08 |  2.20e-04 |  1.91e-04 |  8.21e-05 |  4.29e-04 |  4.36e-02 |  1.03e-03 |  4.47e-05 |  1.0e-04 |  2.39e-10 |  1.52e-02 |  3.64e-02
  2870 |  3.772e-04 |  3.772e-05 |  6.491e-08 |  2.20e-04 |  1.91e-04 |  8.17e-05 |  4.28e-04 |  4.36e-02 |  1.02e-03 |  4.46e-05 |  1.0e-04 |  2.36e-10 |  1.51e-02 |  3.64e-02
  2880 |  3.772e-04 |  3.771e-05 |  6.478e-08 |  2.19e-04 |  1.91e-04 |  8.14e-05 |  4.28e-04 |  4.36e-02 |  1.02e-03 |  4.45e-05 |  1.0e-04 |  2.63e-10 |  1.51e-02 |  3.64e-02
  2890 |  3.771e-04 |  3.771e-05 |  6.465e-08 |  2.19e-04 |  1.91e-04 |  8.10e-05 |  4.27e-04 |  4.35e-02 |  1.02e-03 |  4.44e-05 |  1.0e-04 |  2.22e-10 |  1.51e-02 |  3.64e-02
  2900 |  3.770e-04 |  3.770e-05 |  6.453e-08 |  2.19e-04 |  1.90e-04 |  8.06e-05 |  4.27e-04 |  4.35e-02 |  1.02e-03 |  4.43e-05 |  1.0e-04 |  2.09e-10 |  1.51e-02 |  3.64e-02
  2910 |  3.770e-04 |  3.769e-05 |  6.440e-08 |  2.19e-04 |  1.90e-04 |  8.03e-05 |  4.26e-04 |  4.35e-02 |  1.02e-03 |  4.42e-05 |  1.0e-04 |  2.38e-10 |  1.51e-02 |  3.64e-02
  2920 |  3.769e-04 |  3.769e-05 |  6.428e-08 |  2.19e-04 |  1.90e-04 |  7.99e-05 |  4.26e-04 |  4.34e-02 |  1.01e-03 |  4.41e-05 |  1.0e-04 |  2.47e-10 |  1.50e-02 |  3.64e-02
  2930 |  3.768e-04 |  3.768e-05 |  6.415e-08 |  2.19e-04 |  1.90e-04 |  7.96e-05 |  4.25e-04 |  4.34e-02 |  1.01e-03 |  4.39e-05 |  1.0e-04 |  2.77e-10 |  1.50e-02 |  3.64e-02
  2940 |  3.768e-04 |  3.768e-05 |  6.403e-08 |  2.18e-04 |  1.89e-04 |  7.92e-05 |  4.25e-04 |  4.34e-02 |  1.01e-03 |  4.38e-05 |  1.0e-04 |  2.72e-10 |  1.50e-02 |  3.64e-02
  2950 |  3.767e-04 |  3.767e-05 |  6.391e-08 |  2.18e-04 |  1.89e-04 |  7.89e-05 |  4.24e-04 |  4.34e-02 |  1.01e-03 |  4.37e-05 |  1.0e-04 |  2.68e-10 |  1.50e-02 |  3.64e-02
  2960 |  3.766e-04 |  3.766e-05 |  6.379e-08 |  2.18e-04 |  1.89e-04 |  7.86e-05 |  4.24e-04 |  4.33e-02 |  1.01e-03 |  4.36e-05 |  1.0e-04 |  2.15e-10 |  1.49e-02 |  3.64e-02
  2970 |  3.766e-04 |  3.766e-05 |  6.367e-08 |  2.18e-04 |  1.89e-04 |  7.82e-05 |  4.23e-04 |  4.33e-02 |  1.00e-03 |  4.35e-05 |  1.0e-04 |  3.10e-10 |  1.49e-02 |  3.64e-02
  2980 |  3.765e-04 |  3.765e-05 |  6.355e-08 |  2.18e-04 |  1.88e-04 |  7.79e-05 |  4.23e-04 |  4.33e-02 |  1.00e-03 |  4.34e-05 |  1.0e-04 |  3.57e-10 |  1.49e-02 |  3.64e-02
  2990 |  3.765e-04 |  3.764e-05 |  6.343e-08 |  2.18e-04 |  1.88e-04 |  7.76e-05 |  4.23e-04 |  4.33e-02 |  1.00e-03 |  4.33e-05 |  1.0e-04 |  3.60e-10 |  1.49e-02 |  3.64e-02
  3000 |  3.764e-04 |  3.764e-05 |  6.331e-08 |  2.17e-04 |  1.88e-04 |  7.73e-05 |  4.22e-04 |  4.32e-02 |  9.99e-04 |  4.32e-05 |  1.0e-04 |  2.48e-10 |  1.49e-02 |  3.64e-02
  3010 |  3.763e-04 |  3.763e-05 |  6.319e-08 |  2.17e-04 |  1.88e-04 |  7.70e-05 |  4.22e-04 |  4.32e-02 |  9.97e-04 |  4.31e-05 |  1.0e-04 |  2.81e-10 |  1.48e-02 |  3.64e-02
  3020 |  3.763e-04 |  3.763e-05 |  6.308e-08 |  2.17e-04 |  1.87e-04 |  7.67e-05 |  4.21e-04 |  4.32e-02 |  9.95e-04 |  4.30e-05 |  1.0e-04 |  3.13e-10 |  1.48e-02 |  3.64e-02
  3030 |  3.762e-04 |  3.762e-05 |  6.296e-08 |  2.17e-04 |  1.87e-04 |  7.64e-05 |  4.21e-04 |  4.31e-02 |  9.93e-04 |  4.29e-05 |  1.0e-04 |  2.65e-10 |  1.48e-02 |  3.64e-02
  3040 |  3.762e-04 |  3.762e-05 |  6.284e-08 |  2.17e-04 |  1.87e-04 |  7.61e-05 |  4.20e-04 |  4.31e-02 |  9.91e-04 |  4.27e-05 |  1.0e-04 |  3.68e-10 |  1.48e-02 |  3.64e-02
  3050 |  3.761e-04 |  3.761e-05 |  6.273e-08 |  2.17e-04 |  1.87e-04 |  7.58e-05 |  4.20e-04 |  4.31e-02 |  9.89e-04 |  4.26e-05 |  1.0e-04 |  2.82e-10 |  1.48e-02 |  3.64e-02
  3060 |  3.760e-04 |  3.760e-05 |  6.261e-08 |  2.16e-04 |  1.86e-04 |  7.55e-05 |  4.19e-04 |  4.31e-02 |  9.88e-04 |  4.25e-05 |  1.0e-04 |  2.87e-10 |  1.47e-02 |  3.64e-02
  3070 |  3.760e-04 |  3.760e-05 |  6.250e-08 |  2.16e-04 |  1.86e-04 |  7.52e-05 |  4.19e-04 |  4.30e-02 |  9.86e-04 |  4.24e-05 |  1.0e-04 |  2.42e-10 |  1.47e-02 |  3.64e-02
  3080 |  3.759e-04 |  3.759e-05 |  6.239e-08 |  2.16e-04 |  1.86e-04 |  7.49e-05 |  4.19e-04 |  4.30e-02 |  9.84e-04 |  4.23e-05 |  1.0e-04 |  2.18e-10 |  1.47e-02 |  3.64e-02
  3090 |  3.759e-04 |  3.759e-05 |  6.228e-08 |  2.16e-04 |  1.86e-04 |  7.46e-05 |  4.18e-04 |  4.30e-02 |  9.82e-04 |  4.22e-05 |  1.0e-04 |  2.37e-10 |  1.47e-02 |  3.64e-02
  3100 |  3.758e-04 |  3.758e-05 |  6.216e-08 |  2.16e-04 |  1.86e-04 |  7.43e-05 |  4.18e-04 |  4.30e-02 |  9.80e-04 |  4.21e-05 |  1.0e-04 |  2.64e-10 |  1.46e-02 |  3.64e-02
  3110 |  3.758e-04 |  3.758e-05 |  6.205e-08 |  2.16e-04 |  1.85e-04 |  7.41e-05 |  4.17e-04 |  4.29e-02 |  9.79e-04 |  4.20e-05 |  1.0e-04 |  2.32e-10 |  1.46e-02 |  3.64e-02
  3120 |  3.757e-04 |  3.757e-05 |  6.194e-08 |  2.15e-04 |  1.85e-04 |  7.38e-05 |  4.17e-04 |  4.29e-02 |  9.77e-04 |  4.19e-05 |  1.0e-04 |  2.33e-10 |  1.46e-02 |  3.64e-02
  3130 |  3.757e-04 |  3.757e-05 |  6.183e-08 |  2.15e-04 |  1.85e-04 |  7.35e-05 |  4.16e-04 |  4.29e-02 |  9.75e-04 |  4.18e-05 |  1.0e-04 |  2.55e-10 |  1.46e-02 |  3.64e-02
  3140 |  3.756e-04 |  3.756e-05 |  6.172e-08 |  2.15e-04 |  1.85e-04 |  7.33e-05 |  4.16e-04 |  4.29e-02 |  9.73e-04 |  4.17e-05 |  1.0e-04 |  1.78e-10 |  1.46e-02 |  3.64e-02
  3150 |  3.756e-04 |  3.756e-05 |  6.161e-08 |  2.15e-04 |  1.84e-04 |  7.30e-05 |  4.16e-04 |  4.28e-02 |  9.72e-04 |  4.16e-05 |  1.0e-04 |  2.20e-10 |  1.45e-02 |  3.64e-02
  3160 |  3.755e-04 |  3.755e-05 |  6.150e-08 |  2.15e-04 |  1.84e-04 |  7.27e-05 |  4.15e-04 |  4.28e-02 |  9.70e-04 |  4.15e-05 |  1.0e-04 |  2.38e-10 |  1.45e-02 |  3.64e-02
  3170 |  3.755e-04 |  3.755e-05 |  6.140e-08 |  2.15e-04 |  1.84e-04 |  7.25e-05 |  4.15e-04 |  4.28e-02 |  9.68e-04 |  4.14e-05 |  1.0e-04 |  2.78e-10 |  1.45e-02 |  3.64e-02
  3180 |  3.754e-04 |  3.754e-05 |  6.129e-08 |  2.15e-04 |  1.84e-04 |  7.22e-05 |  4.14e-04 |  4.28e-02 |  9.66e-04 |  4.13e-05 |  1.0e-04 |  2.36e-10 |  1.45e-02 |  3.64e-02
  3190 |  3.754e-04 |  3.754e-05 |  6.118e-08 |  2.14e-04 |  1.84e-04 |  7.20e-05 |  4.14e-04 |  4.27e-02 |  9.65e-04 |  4.12e-05 |  1.0e-04 |  2.56e-10 |  1.45e-02 |  3.64e-02
  3200 |  3.753e-04 |  3.753e-05 |  6.108e-08 |  2.14e-04 |  1.83e-04 |  7.17e-05 |  4.14e-04 |  4.27e-02 |  9.63e-04 |  4.11e-05 |  1.0e-04 |  2.91e-10 |  1.44e-02 |  3.64e-02
  3210 |  3.753e-04 |  3.753e-05 |  6.097e-08 |  2.14e-04 |  1.83e-04 |  7.15e-05 |  4.13e-04 |  4.27e-02 |  9.61e-04 |  4.10e-05 |  1.0e-04 |  2.87e-10 |  1.44e-02 |  3.64e-02
  3220 |  3.752e-04 |  3.752e-05 |  6.087e-08 |  2.14e-04 |  1.83e-04 |  7.13e-05 |  4.13e-04 |  4.27e-02 |  9.60e-04 |  4.09e-05 |  1.0e-04 |  2.53e-10 |  1.44e-02 |  3.64e-02
  3230 |  3.752e-04 |  3.752e-05 |  6.076e-08 |  2.14e-04 |  1.83e-04 |  7.10e-05 |  4.12e-04 |  4.26e-02 |  9.58e-04 |  4.08e-05 |  1.0e-04 |  2.31e-10 |  1.44e-02 |  3.64e-02
  3240 |  3.751e-04 |  3.751e-05 |  6.066e-08 |  2.14e-04 |  1.82e-04 |  7.08e-05 |  4.12e-04 |  4.26e-02 |  9.56e-04 |  4.08e-05 |  1.0e-04 |  2.06e-10 |  1.44e-02 |  3.64e-02
  3250 |  3.751e-04 |  3.751e-05 |  6.056e-08 |  2.13e-04 |  1.82e-04 |  7.06e-05 |  4.12e-04 |  4.26e-02 |  9.55e-04 |  4.07e-05 |  1.0e-04 |  2.66e-10 |  1.43e-02 |  3.64e-02
  3260 |  3.750e-04 |  3.750e-05 |  6.045e-08 |  2.13e-04 |  1.82e-04 |  7.03e-05 |  4.11e-04 |  4.26e-02 |  9.53e-04 |  4.06e-05 |  1.0e-04 |  2.68e-10 |  1.43e-02 |  3.64e-02
  3270 |  3.750e-04 |  3.750e-05 |  6.035e-08 |  2.13e-04 |  1.82e-04 |  7.01e-05 |  4.11e-04 |  4.25e-02 |  9.51e-04 |  4.05e-05 |  1.0e-04 |  2.56e-10 |  1.43e-02 |  3.64e-02
  3280 |  3.749e-04 |  3.749e-05 |  6.025e-08 |  2.13e-04 |  1.82e-04 |  6.99e-05 |  4.10e-04 |  4.25e-02 |  9.50e-04 |  4.04e-05 |  1.0e-04 |  2.66e-10 |  1.43e-02 |  3.64e-02
  3290 |  3.749e-04 |  3.749e-05 |  6.015e-08 |  2.13e-04 |  1.81e-04 |  6.97e-05 |  4.10e-04 |  4.25e-02 |  9.48e-04 |  4.03e-05 |  1.0e-04 |  3.11e-10 |  1.43e-02 |  3.64e-02
  3300 |  3.749e-04 |  3.748e-05 |  6.005e-08 |  2.13e-04 |  1.81e-04 |  6.95e-05 |  4.10e-04 |  4.25e-02 |  9.46e-04 |  4.02e-05 |  1.0e-04 |  2.83e-10 |  1.42e-02 |  3.64e-02
  3310 |  3.748e-04 |  3.748e-05 |  5.995e-08 |  2.13e-04 |  1.81e-04 |  6.92e-05 |  4.09e-04 |  4.24e-02 |  9.45e-04 |  4.01e-05 |  1.0e-04 |  3.09e-10 |  1.42e-02 |  3.64e-02
  3320 |  3.748e-04 |  3.748e-05 |  5.985e-08 |  2.12e-04 |  1.81e-04 |  6.90e-05 |  4.09e-04 |  4.24e-02 |  9.43e-04 |  4.00e-05 |  1.0e-04 |  2.73e-10 |  1.42e-02 |  3.64e-02
  3330 |  3.747e-04 |  3.747e-05 |  5.975e-08 |  2.12e-04 |  1.81e-04 |  6.88e-05 |  4.08e-04 |  4.24e-02 |  9.42e-04 |  3.99e-05 |  1.0e-04 |  2.23e-10 |  1.42e-02 |  3.64e-02
  3340 |  3.747e-04 |  3.747e-05 |  5.965e-08 |  2.12e-04 |  1.80e-04 |  6.86e-05 |  4.08e-04 |  4.24e-02 |  9.40e-04 |  3.98e-05 |  1.0e-04 |  2.57e-10 |  1.42e-02 |  3.64e-02
  3350 |  3.746e-04 |  3.746e-05 |  5.955e-08 |  2.12e-04 |  1.80e-04 |  6.84e-05 |  4.08e-04 |  4.23e-02 |  9.38e-04 |  3.97e-05 |  1.0e-04 |  2.67e-10 |  1.42e-02 |  3.64e-02
  3360 |  3.746e-04 |  3.746e-05 |  5.945e-08 |  2.12e-04 |  1.80e-04 |  6.82e-05 |  4.07e-04 |  4.23e-02 |  9.37e-04 |  3.97e-05 |  1.0e-04 |  2.57e-10 |  1.41e-02 |  3.64e-02
  3370 |  3.746e-04 |  3.746e-05 |  5.936e-08 |  2.12e-04 |  1.80e-04 |  6.80e-05 |  4.07e-04 |  4.23e-02 |  9.35e-04 |  3.96e-05 |  1.0e-04 |  2.11e-10 |  1.41e-02 |  3.64e-02
  3380 |  3.745e-04 |  3.745e-05 |  5.926e-08 |  2.12e-04 |  1.80e-04 |  6.78e-05 |  4.06e-04 |  4.23e-02 |  9.34e-04 |  3.95e-05 |  1.0e-04 |  2.74e-10 |  1.41e-02 |  3.64e-02
  3390 |  3.745e-04 |  3.745e-05 |  5.916e-08 |  2.11e-04 |  1.79e-04 |  6.76e-05 |  4.06e-04 |  4.23e-02 |  9.32e-04 |  3.94e-05 |  1.0e-04 |  2.92e-10 |  1.41e-02 |  3.64e-02
  3400 |  3.744e-04 |  3.744e-05 |  5.907e-08 |  2.11e-04 |  1.79e-04 |  6.74e-05 |  4.06e-04 |  4.22e-02 |  9.31e-04 |  3.93e-05 |  1.0e-04 |  2.15e-10 |  1.41e-02 |  3.64e-02
  3410 |  3.744e-04 |  3.744e-05 |  5.897e-08 |  2.11e-04 |  1.79e-04 |  6.73e-05 |  4.05e-04 |  4.22e-02 |  9.29e-04 |  3.92e-05 |  1.0e-04 |  2.33e-10 |  1.40e-02 |  3.64e-02
  3420 |  3.744e-04 |  3.744e-05 |  5.888e-08 |  2.11e-04 |  1.79e-04 |  6.71e-05 |  4.05e-04 |  4.22e-02 |  9.27e-04 |  3.91e-05 |  1.0e-04 |  2.72e-10 |  1.40e-02 |  3.64e-02
  3430 |  3.743e-04 |  3.743e-05 |  5.878e-08 |  2.11e-04 |  1.79e-04 |  6.69e-05 |  4.05e-04 |  4.22e-02 |  9.26e-04 |  3.90e-05 |  1.0e-04 |  2.59e-10 |  1.40e-02 |  3.64e-02
  3440 |  3.743e-04 |  3.743e-05 |  5.869e-08 |  2.11e-04 |  1.78e-04 |  6.67e-05 |  4.04e-04 |  4.21e-02 |  9.24e-04 |  3.90e-05 |  1.0e-04 |  2.27e-10 |  1.40e-02 |  3.64e-02
  3450 |  3.743e-04 |  3.743e-05 |  5.860e-08 |  2.11e-04 |  1.78e-04 |  6.65e-05 |  4.04e-04 |  4.21e-02 |  9.23e-04 |  3.89e-05 |  1.0e-04 |  2.37e-10 |  1.40e-02 |  3.64e-02
  3460 |  3.742e-04 |  3.742e-05 |  5.850e-08 |  2.11e-04 |  1.78e-04 |  6.63e-05 |  4.03e-04 |  4.21e-02 |  9.21e-04 |  3.88e-05 |  1.0e-04 |  2.59e-10 |  1.40e-02 |  3.64e-02
  3470 |  3.742e-04 |  3.742e-05 |  5.841e-08 |  2.10e-04 |  1.78e-04 |  6.62e-05 |  4.03e-04 |  4.21e-02 |  9.20e-04 |  3.87e-05 |  1.0e-04 |  2.93e-10 |  1.39e-02 |  3.64e-02
  3480 |  3.742e-04 |  3.741e-05 |  5.832e-08 |  2.10e-04 |  1.78e-04 |  6.60e-05 |  4.03e-04 |  4.20e-02 |  9.18e-04 |  3.86e-05 |  1.0e-04 |  2.17e-10 |  1.39e-02 |  3.64e-02
  3490 |  3.741e-04 |  3.741e-05 |  5.823e-08 |  2.10e-04 |  1.77e-04 |  6.58e-05 |  4.02e-04 |  4.20e-02 |  9.17e-04 |  3.85e-05 |  1.0e-04 |  2.52e-10 |  1.39e-02 |  3.64e-02
  3500 |  3.741e-04 |  3.741e-05 |  5.813e-08 |  2.10e-04 |  1.77e-04 |  6.57e-05 |  4.02e-04 |  4.20e-02 |  9.15e-04 |  3.84e-05 |  1.0e-04 |  2.30e-10 |  1.39e-02 |  3.64e-02
  3510 |  3.741e-04 |  3.740e-05 |  5.804e-08 |  2.10e-04 |  1.77e-04 |  6.55e-05 |  4.02e-04 |  4.20e-02 |  9.14e-04 |  3.84e-05 |  1.0e-04 |  3.27e-10 |  1.39e-02 |  3.64e-02
  3520 |  3.740e-04 |  3.740e-05 |  5.795e-08 |  2.10e-04 |  1.77e-04 |  6.53e-05 |  4.01e-04 |  4.20e-02 |  9.12e-04 |  3.83e-05 |  1.0e-04 |  2.72e-10 |  1.38e-02 |  3.64e-02
  3530 |  3.740e-04 |  3.740e-05 |  5.786e-08 |  2.10e-04 |  1.77e-04 |  6.52e-05 |  4.01e-04 |  4.19e-02 |  9.11e-04 |  3.82e-05 |  1.0e-04 |  2.14e-10 |  1.38e-02 |  3.64e-02
  3540 |  3.740e-04 |  3.740e-05 |  5.777e-08 |  2.09e-04 |  1.76e-04 |  6.50e-05 |  4.01e-04 |  4.19e-02 |  9.09e-04 |  3.81e-05 |  1.0e-04 |  2.66e-10 |  1.38e-02 |  3.64e-02
  3550 |  3.739e-04 |  3.739e-05 |  5.768e-08 |  2.09e-04 |  1.76e-04 |  6.48e-05 |  4.00e-04 |  4.19e-02 |  9.08e-04 |  3.80e-05 |  1.0e-04 |  2.67e-10 |  1.38e-02 |  3.64e-02
  3560 |  3.739e-04 |  3.739e-05 |  5.760e-08 |  2.09e-04 |  1.76e-04 |  6.47e-05 |  4.00e-04 |  4.19e-02 |  9.07e-04 |  3.80e-05 |  1.0e-04 |  2.41e-10 |  1.38e-02 |  3.64e-02
  3570 |  3.739e-04 |  3.739e-05 |  5.751e-08 |  2.09e-04 |  1.76e-04 |  6.45e-05 |  4.00e-04 |  4.18e-02 |  9.05e-04 |  3.79e-05 |  1.0e-04 |  2.64e-10 |  1.38e-02 |  3.64e-02
  3580 |  3.738e-04 |  3.738e-05 |  5.742e-08 |  2.09e-04 |  1.76e-04 |  6.44e-05 |  3.99e-04 |  4.18e-02 |  9.04e-04 |  3.78e-05 |  1.0e-04 |  2.45e-10 |  1.37e-02 |  3.64e-02
  3590 |  3.738e-04 |  3.738e-05 |  5.733e-08 |  2.09e-04 |  1.75e-04 |  6.42e-05 |  3.99e-04 |  4.18e-02 |  9.02e-04 |  3.77e-05 |  1.0e-04 |  2.48e-10 |  1.37e-02 |  3.64e-02
  3600 |  3.738e-04 |  3.738e-05 |  5.724e-08 |  2.09e-04 |  1.75e-04 |  6.41e-05 |  3.98e-04 |  4.18e-02 |  9.01e-04 |  3.76e-05 |  1.0e-04 |  2.25e-10 |  1.37e-02 |  3.64e-02
  3610 |  3.737e-04 |  3.737e-05 |  5.716e-08 |  2.09e-04 |  1.75e-04 |  6.39e-05 |  3.98e-04 |  4.18e-02 |  8.99e-04 |  3.76e-05 |  1.0e-04 |  1.83e-10 |  1.37e-02 |  3.64e-02
  3620 |  3.737e-04 |  3.737e-05 |  5.707e-08 |  2.08e-04 |  1.75e-04 |  6.38e-05 |  3.98e-04 |  4.17e-02 |  8.98e-04 |  3.75e-05 |  1.0e-04 |  2.13e-10 |  1.37e-02 |  3.64e-02
  3630 |  3.737e-04 |  3.737e-05 |  5.699e-08 |  2.08e-04 |  1.75e-04 |  6.36e-05 |  3.97e-04 |  4.17e-02 |  8.97e-04 |  3.74e-05 |  1.0e-04 |  2.24e-10 |  1.37e-02 |  3.64e-02
  3640 |  3.737e-04 |  3.737e-05 |  5.690e-08 |  2.08e-04 |  1.74e-04 |  6.35e-05 |  3.97e-04 |  4.17e-02 |  8.95e-04 |  3.73e-05 |  1.0e-04 |  2.60e-10 |  1.36e-02 |  3.64e-02
  3650 |  3.736e-04 |  3.736e-05 |  5.681e-08 |  2.08e-04 |  1.74e-04 |  6.33e-05 |  3.97e-04 |  4.17e-02 |  8.94e-04 |  3.72e-05 |  1.0e-04 |  2.71e-10 |  1.36e-02 |  3.64e-02
  3660 |  3.736e-04 |  3.736e-05 |  5.673e-08 |  2.08e-04 |  1.74e-04 |  6.32e-05 |  3.96e-04 |  4.17e-02 |  8.92e-04 |  3.72e-05 |  1.0e-04 |  2.67e-10 |  1.36e-02 |  3.64e-02
  3670 |  3.736e-04 |  3.736e-05 |  5.665e-08 |  2.08e-04 |  1.74e-04 |  6.30e-05 |  3.96e-04 |  4.16e-02 |  8.91e-04 |  3.71e-05 |  1.0e-04 |  2.52e-10 |  1.36e-02 |  3.64e-02
  3680 |  3.736e-04 |  3.736e-05 |  5.656e-08 |  2.08e-04 |  1.74e-04 |  6.29e-05 |  3.96e-04 |  4.16e-02 |  8.90e-04 |  3.70e-05 |  1.0e-04 |  2.16e-10 |  1.36e-02 |  3.64e-02
  3690 |  3.735e-04 |  3.735e-05 |  5.648e-08 |  2.08e-04 |  1.74e-04 |  6.28e-05 |  3.95e-04 |  4.16e-02 |  8.88e-04 |  3.69e-05 |  1.0e-04 |  2.36e-10 |  1.36e-02 |  3.64e-02
  3700 |  3.735e-04 |  3.735e-05 |  5.639e-08 |  2.07e-04 |  1.73e-04 |  6.26e-05 |  3.95e-04 |  4.16e-02 |  8.87e-04 |  3.69e-05 |  1.0e-04 |  2.34e-10 |  1.35e-02 |  3.64e-02
  3710 |  3.735e-04 |  3.735e-05 |  5.631e-08 |  2.07e-04 |  1.73e-04 |  6.25e-05 |  3.95e-04 |  4.15e-02 |  8.86e-04 |  3.68e-05 |  1.0e-04 |  2.04e-10 |  1.35e-02 |  3.64e-02
  3720 |  3.735e-04 |  3.735e-05 |  5.623e-08 |  2.07e-04 |  1.73e-04 |  6.24e-05 |  3.94e-04 |  4.15e-02 |  8.84e-04 |  3.67e-05 |  1.0e-04 |  2.37e-10 |  1.35e-02 |  3.64e-02
  3730 |  3.734e-04 |  3.734e-05 |  5.615e-08 |  2.07e-04 |  1.73e-04 |  6.22e-05 |  3.94e-04 |  4.15e-02 |  8.83e-04 |  3.66e-05 |  1.0e-04 |  2.01e-10 |  1.35e-02 |  3.64e-02
  3740 |  3.734e-04 |  3.734e-05 |  5.606e-08 |  2.07e-04 |  1.73e-04 |  6.21e-05 |  3.94e-04 |  4.15e-02 |  8.81e-04 |  3.66e-05 |  1.0e-04 |  1.99e-10 |  1.35e-02 |  3.64e-02
  3750 |  3.734e-04 |  3.734e-05 |  5.598e-08 |  2.07e-04 |  1.72e-04 |  6.20e-05 |  3.93e-04 |  4.15e-02 |  8.80e-04 |  3.65e-05 |  1.0e-04 |  2.62e-10 |  1.35e-02 |  3.64e-02
  3760 |  3.734e-04 |  3.734e-05 |  5.590e-08 |  2.07e-04 |  1.72e-04 |  6.18e-05 |  3.93e-04 |  4.14e-02 |  8.79e-04 |  3.64e-05 |  1.0e-04 |  2.30e-10 |  1.34e-02 |  3.64e-02
  3770 |  3.733e-04 |  3.733e-05 |  5.582e-08 |  2.07e-04 |  1.72e-04 |  6.17e-05 |  3.93e-04 |  4.14e-02 |  8.77e-04 |  3.63e-05 |  1.0e-04 |  2.61e-10 |  1.34e-02 |  3.64e-02
  3780 |  3.733e-04 |  3.733e-05 |  5.574e-08 |  2.06e-04 |  1.72e-04 |  6.16e-05 |  3.92e-04 |  4.14e-02 |  8.76e-04 |  3.63e-05 |  1.0e-04 |  2.48e-10 |  1.34e-02 |  3.64e-02
  3790 |  3.733e-04 |  3.733e-05 |  5.566e-08 |  2.06e-04 |  1.72e-04 |  6.15e-05 |  3.92e-04 |  4.14e-02 |  8.75e-04 |  3.62e-05 |  1.0e-04 |  1.72e-10 |  1.34e-02 |  3.64e-02
  3800 |  3.733e-04 |  3.733e-05 |  5.558e-08 |  2.06e-04 |  1.72e-04 |  6.14e-05 |  3.92e-04 |  4.14e-02 |  8.74e-04 |  3.61e-05 |  1.0e-04 |  2.20e-10 |  1.34e-02 |  3.64e-02
  3810 |  3.733e-04 |  3.733e-05 |  5.550e-08 |  2.06e-04 |  1.71e-04 |  6.12e-05 |  3.91e-04 |  4.13e-02 |  8.72e-04 |  3.61e-05 |  1.0e-04 |  2.33e-10 |  1.34e-02 |  3.64e-02
  3820 |  3.732e-04 |  3.732e-05 |  5.542e-08 |  2.06e-04 |  1.71e-04 |  6.11e-05 |  3.91e-04 |  4.13e-02 |  8.71e-04 |  3.60e-05 |  1.0e-04 |  2.93e-10 |  1.34e-02 |  3.64e-02
  3830 |  3.732e-04 |  3.732e-05 |  5.534e-08 |  2.06e-04 |  1.71e-04 |  6.10e-05 |  3.91e-04 |  4.13e-02 |  8.70e-04 |  3.59e-05 |  1.0e-04 |  2.68e-10 |  1.33e-02 |  3.64e-02
  3840 |  3.732e-04 |  3.732e-05 |  5.526e-08 |  2.06e-04 |  1.71e-04 |  6.09e-05 |  3.90e-04 |  4.13e-02 |  8.68e-04 |  3.58e-05 |  1.0e-04 |  3.06e-10 |  1.33e-02 |  3.64e-02
  3850 |  3.732e-04 |  3.732e-05 |  5.519e-08 |  2.06e-04 |  1.71e-04 |  6.08e-05 |  3.90e-04 |  4.13e-02 |  8.67e-04 |  3.58e-05 |  1.0e-04 |  2.54e-10 |  1.33e-02 |  3.64e-02
  3860 |  3.732e-04 |  3.732e-05 |  5.511e-08 |  2.05e-04 |  1.71e-04 |  6.07e-05 |  3.90e-04 |  4.12e-02 |  8.66e-04 |  3.57e-05 |  1.0e-04 |  2.12e-10 |  1.33e-02 |  3.64e-02
  3870 |  3.732e-04 |  3.731e-05 |  5.503e-08 |  2.05e-04 |  1.70e-04 |  6.05e-05 |  3.89e-04 |  4.12e-02 |  8.64e-04 |  3.56e-05 |  1.0e-04 |  2.36e-10 |  1.33e-02 |  3.64e-02
  3880 |  3.731e-04 |  3.731e-05 |  5.495e-08 |  2.05e-04 |  1.70e-04 |  6.04e-05 |  3.89e-04 |  4.12e-02 |  8.63e-04 |  3.56e-05 |  1.0e-04 |  2.45e-10 |  1.33e-02 |  3.64e-02
  3890 |  3.731e-04 |  3.731e-05 |  5.488e-08 |  2.05e-04 |  1.70e-04 |  6.03e-05 |  3.89e-04 |  4.12e-02 |  8.62e-04 |  3.55e-05 |  1.0e-04 |  2.02e-10 |  1.32e-02 |  3.64e-02
  3900 |  3.731e-04 |  3.731e-05 |  5.480e-08 |  2.05e-04 |  1.70e-04 |  6.02e-05 |  3.88e-04 |  4.12e-02 |  8.61e-04 |  3.54e-05 |  1.0e-04 |  2.48e-10 |  1.32e-02 |  3.64e-02
  3910 |  3.731e-04 |  3.731e-05 |  5.472e-08 |  2.05e-04 |  1.70e-04 |  6.01e-05 |  3.88e-04 |  4.11e-02 |  8.59e-04 |  3.54e-05 |  1.0e-04 |  2.67e-10 |  1.32e-02 |  3.64e-02
  3920 |  3.731e-04 |  3.731e-05 |  5.465e-08 |  2.05e-04 |  1.69e-04 |  6.00e-05 |  3.88e-04 |  4.11e-02 |  8.58e-04 |  3.53e-05 |  1.0e-04 |  2.20e-10 |  1.32e-02 |  3.64e-02
  3930 |  3.731e-04 |  3.731e-05 |  5.457e-08 |  2.05e-04 |  1.69e-04 |  5.99e-05 |  3.87e-04 |  4.11e-02 |  8.57e-04 |  3.52e-05 |  1.0e-04 |  2.27e-10 |  1.32e-02 |  3.64e-02
  3940 |  3.730e-04 |  3.730e-05 |  5.450e-08 |  2.05e-04 |  1.69e-04 |  5.98e-05 |  3.87e-04 |  4.11e-02 |  8.56e-04 |  3.51e-05 |  1.0e-04 |  2.18e-10 |  1.32e-02 |  3.64e-02
  3950 |  3.730e-04 |  3.730e-05 |  5.442e-08 |  2.04e-04 |  1.69e-04 |  5.97e-05 |  3.87e-04 |  4.11e-02 |  8.54e-04 |  3.51e-05 |  1.0e-04 |  2.08e-10 |  1.32e-02 |  3.64e-02
  3960 |  3.730e-04 |  3.730e-05 |  5.435e-08 |  2.04e-04 |  1.69e-04 |  5.96e-05 |  3.87e-04 |  4.10e-02 |  8.53e-04 |  3.50e-05 |  1.0e-04 |  2.52e-10 |  1.31e-02 |  3.64e-02
  3970 |  3.730e-04 |  3.730e-05 |  5.427e-08 |  2.04e-04 |  1.69e-04 |  5.95e-05 |  3.86e-04 |  4.10e-02 |  8.52e-04 |  3.49e-05 |  1.0e-04 |  2.30e-10 |  1.31e-02 |  3.64e-02
  3980 |  3.730e-04 |  3.730e-05 |  5.420e-08 |  2.04e-04 |  1.68e-04 |  5.94e-05 |  3.86e-04 |  4.10e-02 |  8.51e-04 |  3.49e-05 |  1.0e-04 |  1.97e-10 |  1.31e-02 |  3.64e-02
  3990 |  3.730e-04 |  3.730e-05 |  5.412e-08 |  2.04e-04 |  1.68e-04 |  5.93e-05 |  3.86e-04 |  4.10e-02 |  8.50e-04 |  3.48e-05 |  1.0e-04 |  2.40e-10 |  1.31e-02 |  3.64e-02
  4000 |  3.730e-04 |  3.730e-05 |  5.405e-08 |  2.04e-04 |  1.68e-04 |  5.92e-05 |  3.85e-04 |  4.10e-02 |  8.48e-04 |  3.47e-05 |  1.0e-04 |  2.48e-10 |  1.31e-02 |  3.64e-02
  4010 |  3.729e-04 |  3.729e-05 |  5.398e-08 |  2.04e-04 |  1.68e-04 |  5.91e-05 |  3.85e-04 |  4.09e-02 |  8.47e-04 |  3.47e-05 |  1.0e-04 |  2.28e-10 |  1.31e-02 |  3.64e-02
  4020 |  3.729e-04 |  3.729e-05 |  5.391e-08 |  2.04e-04 |  1.68e-04 |  5.90e-05 |  3.85e-04 |  4.09e-02 |  8.46e-04 |  3.46e-05 |  1.0e-04 |  1.93e-10 |  1.31e-02 |  3.64e-02
  4030 |  3.729e-04 |  3.729e-05 |  5.383e-08 |  2.04e-04 |  1.68e-04 |  5.89e-05 |  3.84e-04 |  4.09e-02 |  8.45e-04 |  3.45e-05 |  1.0e-04 |  2.81e-10 |  1.30e-02 |  3.64e-02
  4040 |  3.729e-04 |  3.729e-05 |  5.376e-08 |  2.03e-04 |  1.67e-04 |  5.88e-05 |  3.84e-04 |  4.09e-02 |  8.44e-04 |  3.45e-05 |  1.0e-04 |  2.05e-10 |  1.30e-02 |  3.64e-02
  4050 |  3.729e-04 |  3.729e-05 |  5.369e-08 |  2.03e-04 |  1.67e-04 |  5.87e-05 |  3.84e-04 |  4.09e-02 |  8.42e-04 |  3.44e-05 |  1.0e-04 |  2.37e-10 |  1.30e-02 |  3.64e-02
  4060 |  3.729e-04 |  3.729e-05 |  5.362e-08 |  2.03e-04 |  1.67e-04 |  5.86e-05 |  3.83e-04 |  4.08e-02 |  8.41e-04 |  3.43e-05 |  1.0e-04 |  2.33e-10 |  1.30e-02 |  3.64e-02
  4070 |  3.729e-04 |  3.729e-05 |  5.354e-08 |  2.03e-04 |  1.67e-04 |  5.85e-05 |  3.83e-04 |  4.08e-02 |  8.40e-04 |  3.43e-05 |  1.0e-04 |  2.74e-10 |  1.30e-02 |  3.64e-02
  4080 |  3.729e-04 |  3.729e-05 |  5.347e-08 |  2.03e-04 |  1.67e-04 |  5.84e-05 |  3.83e-04 |  4.08e-02 |  8.39e-04 |  3.42e-05 |  1.0e-04 |  3.14e-10 |  1.30e-02 |  3.64e-02
  4090 |  3.729e-04 |  3.729e-05 |  5.340e-08 |  2.03e-04 |  1.67e-04 |  5.83e-05 |  3.83e-04 |  4.08e-02 |  8.38e-04 |  3.42e-05 |  1.0e-04 |  2.06e-10 |  1.30e-02 |  3.64e-02
  4100 |  3.729e-04 |  3.729e-05 |  5.333e-08 |  2.03e-04 |  1.66e-04 |  5.82e-05 |  3.82e-04 |  4.08e-02 |  8.36e-04 |  3.41e-05 |  1.0e-04 |  2.75e-10 |  1.29e-02 |  3.64e-02
  4110 |  3.728e-04 |  3.728e-05 |  5.326e-08 |  2.03e-04 |  1.66e-04 |  5.81e-05 |  3.82e-04 |  4.07e-02 |  8.35e-04 |  3.40e-05 |  1.0e-04 |  1.71e-10 |  1.29e-02 |  3.64e-02
  4120 |  3.728e-04 |  3.728e-05 |  5.319e-08 |  2.03e-04 |  1.66e-04 |  5.80e-05 |  3.82e-04 |  4.07e-02 |  8.34e-04 |  3.40e-05 |  1.0e-04 |  2.22e-10 |  1.29e-02 |  3.64e-02
  4130 |  3.728e-04 |  3.728e-05 |  5.312e-08 |  2.02e-04 |  1.66e-04 |  5.80e-05 |  3.81e-04 |  4.07e-02 |  8.33e-04 |  3.39e-05 |  1.0e-04 |  2.31e-10 |  1.29e-02 |  3.64e-02
  4140 |  3.728e-04 |  3.728e-05 |  5.305e-08 |  2.02e-04 |  1.66e-04 |  5.79e-05 |  3.81e-04 |  4.07e-02 |  8.32e-04 |  3.38e-05 |  1.0e-04 |  2.03e-10 |  1.29e-02 |  3.64e-02
  4150 |  3.728e-04 |  3.728e-05 |  5.298e-08 |  2.02e-04 |  1.66e-04 |  5.78e-05 |  3.81e-04 |  4.07e-02 |  8.31e-04 |  3.38e-05 |  1.0e-04 |  2.04e-10 |  1.29e-02 |  3.64e-02
  4160 |  3.728e-04 |  3.728e-05 |  5.291e-08 |  2.02e-04 |  1.65e-04 |  5.77e-05 |  3.80e-04 |  4.06e-02 |  8.30e-04 |  3.37e-05 |  1.0e-04 |  3.27e-10 |  1.29e-02 |  3.64e-02
  4170 |  3.728e-04 |  3.728e-05 |  5.284e-08 |  2.02e-04 |  1.65e-04 |  5.76e-05 |  3.80e-04 |  4.06e-02 |  8.28e-04 |  3.36e-05 |  1.0e-04 |  2.30e-10 |  1.28e-02 |  3.64e-02
  4180 |  3.728e-04 |  3.728e-05 |  5.278e-08 |  2.02e-04 |  1.65e-04 |  5.75e-05 |  3.80e-04 |  4.06e-02 |  8.27e-04 |  3.36e-05 |  1.0e-04 |  2.20e-10 |  1.28e-02 |  3.64e-02
  4190 |  3.728e-04 |  3.728e-05 |  5.271e-08 |  2.02e-04 |  1.65e-04 |  5.75e-05 |  3.80e-04 |  4.06e-02 |  8.26e-04 |  3.35e-05 |  1.0e-04 |  2.45e-10 |  1.28e-02 |  3.64e-02
  4200 |  3.728e-04 |  3.728e-05 |  5.264e-08 |  2.02e-04 |  1.65e-04 |  5.74e-05 |  3.79e-04 |  4.06e-02 |  8.25e-04 |  3.35e-05 |  1.0e-04 |  2.94e-10 |  1.28e-02 |  3.64e-02
  4210 |  3.728e-04 |  3.728e-05 |  5.257e-08 |  2.02e-04 |  1.65e-04 |  5.73e-05 |  3.79e-04 |  4.05e-02 |  8.24e-04 |  3.34e-05 |  1.0e-04 |  3.25e-10 |  1.28e-02 |  3.64e-02
  4220 |  3.728e-04 |  3.728e-05 |  5.250e-08 |  2.01e-04 |  1.65e-04 |  5.72e-05 |  3.79e-04 |  4.05e-02 |  8.23e-04 |  3.33e-05 |  1.0e-04 |  3.19e-10 |  1.28e-02 |  3.64e-02
  4230 |  3.728e-04 |  3.728e-05 |  5.244e-08 |  2.01e-04 |  1.64e-04 |  5.71e-05 |  3.78e-04 |  4.05e-02 |  8.22e-04 |  3.33e-05 |  1.0e-04 |  2.36e-10 |  1.28e-02 |  3.64e-02
  4240 |  3.728e-04 |  3.728e-05 |  5.237e-08 |  2.01e-04 |  1.64e-04 |  5.70e-05 |  3.78e-04 |  4.05e-02 |  8.21e-04 |  3.32e-05 |  1.0e-04 |  2.62e-10 |  1.27e-02 |  3.64e-02
  4250 |  3.728e-04 |  3.728e-05 |  5.230e-08 |  2.01e-04 |  1.64e-04 |  5.70e-05 |  3.78e-04 |  4.05e-02 |  8.19e-04 |  3.32e-05 |  1.0e-04 |  2.41e-10 |  1.27e-02 |  3.64e-02
  4260 |  3.728e-04 |  3.728e-05 |  5.224e-08 |  2.01e-04 |  1.64e-04 |  5.69e-05 |  3.78e-04 |  4.05e-02 |  8.18e-04 |  3.31e-05 |  1.0e-04 |  2.39e-10 |  1.27e-02 |  3.64e-02
  4270 |  3.728e-04 |  3.728e-05 |  5.217e-08 |  2.01e-04 |  1.64e-04 |  5.68e-05 |  3.77e-04 |  4.04e-02 |  8.17e-04 |  3.30e-05 |  1.0e-04 |  2.81e-10 |  1.27e-02 |  3.64e-02
  4280 |  3.728e-04 |  3.728e-05 |  5.210e-08 |  2.01e-04 |  1.64e-04 |  5.67e-05 |  3.77e-04 |  4.04e-02 |  8.16e-04 |  3.30e-05 |  1.0e-04 |  2.35e-10 |  1.27e-02 |  3.64e-02
  4290 |  3.728e-04 |  3.728e-05 |  5.204e-08 |  2.01e-04 |  1.63e-04 |  5.67e-05 |  3.77e-04 |  4.04e-02 |  8.15e-04 |  3.29e-05 |  1.0e-04 |  2.57e-10 |  1.27e-02 |  3.64e-02
  4300 |  3.728e-04 |  3.728e-05 |  5.197e-08 |  2.01e-04 |  1.63e-04 |  5.66e-05 |  3.76e-04 |  4.04e-02 |  8.14e-04 |  3.29e-05 |  1.0e-04 |  1.70e-10 |  1.27e-02 |  3.64e-02
  4310 |  3.728e-04 |  3.728e-05 |  5.191e-08 |  2.01e-04 |  1.63e-04 |  5.65e-05 |  3.76e-04 |  4.04e-02 |  8.13e-04 |  3.28e-05 |  1.0e-04 |  2.10e-10 |  1.27e-02 |  3.64e-02
  4320 |  3.728e-04 |  3.728e-05 |  5.184e-08 |  2.00e-04 |  1.63e-04 |  5.64e-05 |  3.76e-04 |  4.03e-02 |  8.12e-04 |  3.27e-05 |  1.0e-04 |  2.22e-10 |  1.26e-02 |  3.64e-02
  4330 |  3.728e-04 |  3.728e-05 |  5.178e-08 |  2.00e-04 |  1.63e-04 |  5.64e-05 |  3.76e-04 |  4.03e-02 |  8.11e-04 |  3.27e-05 |  1.0e-04 |  2.22e-10 |  1.26e-02 |  3.64e-02
  4340 |  3.728e-04 |  3.728e-05 |  5.171e-08 |  2.00e-04 |  1.63e-04 |  5.63e-05 |  3.75e-04 |  4.03e-02 |  8.10e-04 |  3.26e-05 |  1.0e-04 |  2.30e-10 |  1.26e-02 |  3.64e-02
  4350 |  3.728e-04 |  3.728e-05 |  5.165e-08 |  2.00e-04 |  1.63e-04 |  5.62e-05 |  3.75e-04 |  4.03e-02 |  8.09e-04 |  3.26e-05 |  1.0e-04 |  2.78e-10 |  1.26e-02 |  3.64e-02
  4360 |  3.728e-04 |  3.728e-05 |  5.158e-08 |  2.00e-04 |  1.62e-04 |  5.61e-05 |  3.75e-04 |  4.03e-02 |  8.07e-04 |  3.25e-05 |  1.0e-04 |  2.59e-10 |  1.26e-02 |  3.64e-02
  4370 |  3.728e-04 |  3.728e-05 |  5.152e-08 |  2.00e-04 |  1.62e-04 |  5.61e-05 |  3.74e-04 |  4.02e-02 |  8.06e-04 |  3.25e-05 |  1.0e-04 |  1.93e-10 |  1.26e-02 |  3.64e-02
  4380 |  3.728e-04 |  3.728e-05 |  5.146e-08 |  2.00e-04 |  1.62e-04 |  5.60e-05 |  3.74e-04 |  4.02e-02 |  8.05e-04 |  3.24e-05 |  1.0e-04 |  2.12e-10 |  1.26e-02 |  3.64e-02
  4390 |  3.728e-04 |  3.728e-05 |  5.139e-08 |  2.00e-04 |  1.62e-04 |  5.59e-05 |  3.74e-04 |  4.02e-02 |  8.04e-04 |  3.23e-05 |  1.0e-04 |  2.24e-10 |  1.25e-02 |  3.64e-02
  4400 |  3.728e-04 |  3.728e-05 |  5.133e-08 |  2.00e-04 |  1.62e-04 |  5.59e-05 |  3.74e-04 |  4.02e-02 |  8.03e-04 |  3.23e-05 |  1.0e-04 |  3.60e-10 |  1.25e-02 |  3.64e-02
  4410 |  3.728e-04 |  3.728e-05 |  5.127e-08 |  2.00e-04 |  1.62e-04 |  5.58e-05 |  3.73e-04 |  4.02e-02 |  8.02e-04 |  3.22e-05 |  1.0e-04 |  2.70e-10 |  1.25e-02 |  3.64e-02
  4420 |  3.728e-04 |  3.728e-05 |  5.120e-08 |  1.99e-04 |  1.61e-04 |  5.57e-05 |  3.73e-04 |  4.02e-02 |  8.01e-04 |  3.22e-05 |  1.0e-04 |  2.30e-10 |  1.25e-02 |  3.64e-02
  4430 |  3.728e-04 |  3.728e-05 |  5.114e-08 |  1.99e-04 |  1.61e-04 |  5.57e-05 |  3.73e-04 |  4.01e-02 |  8.00e-04 |  3.21e-05 |  1.0e-04 |  2.59e-10 |  1.25e-02 |  3.64e-02
  4440 |  3.728e-04 |  3.728e-05 |  5.108e-08 |  1.99e-04 |  1.61e-04 |  5.56e-05 |  3.73e-04 |  4.01e-02 |  7.99e-04 |  3.21e-05 |  1.0e-04 |  2.35e-10 |  1.25e-02 |  3.64e-02
  4450 |  3.728e-04 |  3.728e-05 |  5.102e-08 |  1.99e-04 |  1.61e-04 |  5.55e-05 |  3.72e-04 |  4.01e-02 |  7.98e-04 |  3.20e-05 |  1.0e-04 |  2.85e-10 |  1.25e-02 |  3.64e-02
  4460 |  3.728e-04 |  3.728e-05 |  5.096e-08 |  1.99e-04 |  1.61e-04 |  5.55e-05 |  3.72e-04 |  4.01e-02 |  7.97e-04 |  3.19e-05 |  1.0e-04 |  2.45e-10 |  1.25e-02 |  3.64e-02
  4470 |  3.728e-04 |  3.728e-05 |  5.089e-08 |  1.99e-04 |  1.61e-04 |  5.54e-05 |  3.72e-04 |  4.01e-02 |  7.96e-04 |  3.19e-05 |  1.0e-04 |  2.07e-10 |  1.24e-02 |  3.64e-02
  4480 |  3.728e-04 |  3.728e-05 |  5.083e-08 |  1.99e-04 |  1.61e-04 |  5.53e-05 |  3.71e-04 |  4.00e-02 |  7.95e-04 |  3.18e-05 |  1.0e-04 |  3.07e-10 |  1.24e-02 |  3.64e-02
  4490 |  3.728e-04 |  3.728e-05 |  5.077e-08 |  1.99e-04 |  1.60e-04 |  5.53e-05 |  3.71e-04 |  4.00e-02 |  7.94e-04 |  3.18e-05 |  1.0e-04 |  2.48e-10 |  1.24e-02 |  3.64e-02
  4500 |  3.728e-04 |  3.728e-05 |  5.071e-08 |  1.99e-04 |  1.60e-04 |  5.52e-05 |  3.71e-04 |  4.00e-02 |  7.93e-04 |  3.17e-05 |  1.0e-04 |  2.40e-10 |  1.24e-02 |  3.64e-02
  4510 |  3.728e-04 |  3.728e-05 |  5.065e-08 |  1.99e-04 |  1.60e-04 |  5.51e-05 |  3.71e-04 |  4.00e-02 |  7.92e-04 |  3.17e-05 |  1.0e-04 |  2.64e-10 |  1.24e-02 |  3.64e-02
  4520 |  3.728e-04 |  3.728e-05 |  5.059e-08 |  1.98e-04 |  1.60e-04 |  5.51e-05 |  3.70e-04 |  4.00e-02 |  7.91e-04 |  3.16e-05 |  1.0e-04 |  2.79e-10 |  1.24e-02 |  3.64e-02
  4530 |  3.728e-04 |  3.728e-05 |  5.053e-08 |  1.98e-04 |  1.60e-04 |  5.50e-05 |  3.70e-04 |  4.00e-02 |  7.90e-04 |  3.16e-05 |  1.0e-04 |  1.92e-10 |  1.24e-02 |  3.64e-02
  4540 |  3.728e-04 |  3.728e-05 |  5.047e-08 |  1.98e-04 |  1.60e-04 |  5.49e-05 |  3.70e-04 |  3.99e-02 |  7.89e-04 |  3.15e-05 |  1.0e-04 |  3.07e-10 |  1.24e-02 |  3.64e-02
  4550 |  3.728e-04 |  3.728e-05 |  5.041e-08 |  1.98e-04 |  1.60e-04 |  5.49e-05 |  3.70e-04 |  3.99e-02 |  7.88e-04 |  3.15e-05 |  1.0e-04 |  2.38e-10 |  1.23e-02 |  3.64e-02
  4560 |  3.728e-04 |  3.728e-05 |  5.035e-08 |  1.98e-04 |  1.59e-04 |  5.48e-05 |  3.69e-04 |  3.99e-02 |  7.87e-04 |  3.14e-05 |  1.0e-04 |  2.25e-10 |  1.23e-02 |  3.64e-02
  4570 |  3.729e-04 |  3.729e-05 |  5.029e-08 |  1.98e-04 |  1.59e-04 |  5.48e-05 |  3.69e-04 |  3.99e-02 |  7.86e-04 |  3.13e-05 |  1.0e-04 |  2.43e-10 |  1.23e-02 |  3.64e-02
  4580 |  3.729e-04 |  3.729e-05 |  5.023e-08 |  1.98e-04 |  1.59e-04 |  5.47e-05 |  3.69e-04 |  3.99e-02 |  7.85e-04 |  3.13e-05 |  1.0e-04 |  2.42e-10 |  1.23e-02 |  3.64e-02
  4590 |  3.729e-04 |  3.729e-05 |  5.017e-08 |  1.98e-04 |  1.59e-04 |  5.46e-05 |  3.69e-04 |  3.98e-02 |  7.84e-04 |  3.12e-05 |  1.0e-04 |  2.53e-10 |  1.23e-02 |  3.64e-02
  4600 |  3.729e-04 |  3.729e-05 |  5.011e-08 |  1.98e-04 |  1.59e-04 |  5.46e-05 |  3.68e-04 |  3.98e-02 |  7.83e-04 |  3.12e-05 |  1.0e-04 |  2.41e-10 |  1.23e-02 |  3.64e-02
  4610 |  3.729e-04 |  3.729e-05 |  5.005e-08 |  1.98e-04 |  1.59e-04 |  5.45e-05 |  3.68e-04 |  3.98e-02 |  7.82e-04 |  3.11e-05 |  1.0e-04 |  2.44e-10 |  1.23e-02 |  3.64e-02
  4620 |  3.729e-04 |  3.729e-05 |  4.999e-08 |  1.98e-04 |  1.59e-04 |  5.45e-05 |  3.68e-04 |  3.98e-02 |  7.81e-04 |  3.11e-05 |  1.0e-04 |  2.46e-10 |  1.23e-02 |  3.64e-02
  4630 |  3.729e-04 |  3.729e-05 |  4.994e-08 |  1.97e-04 |  1.58e-04 |  5.44e-05 |  3.68e-04 |  3.98e-02 |  7.80e-04 |  3.10e-05 |  1.0e-04 |  2.08e-10 |  1.23e-02 |  3.64e-02
  4640 |  3.729e-04 |  3.729e-05 |  4.988e-08 |  1.97e-04 |  1.58e-04 |  5.43e-05 |  3.67e-04 |  3.98e-02 |  7.79e-04 |  3.10e-05 |  1.0e-04 |  2.73e-10 |  1.22e-02 |  3.64e-02
  4650 |  3.729e-04 |  3.729e-05 |  4.982e-08 |  1.97e-04 |  1.58e-04 |  5.43e-05 |  3.67e-04 |  3.97e-02 |  7.78e-04 |  3.09e-05 |  1.0e-04 |  1.99e-10 |  1.22e-02 |  3.64e-02
  4660 |  3.729e-04 |  3.729e-05 |  4.976e-08 |  1.97e-04 |  1.58e-04 |  5.42e-05 |  3.67e-04 |  3.97e-02 |  7.77e-04 |  3.09e-05 |  1.0e-04 |  1.96e-10 |  1.22e-02 |  3.64e-02
  4670 |  3.729e-04 |  3.729e-05 |  4.970e-08 |  1.97e-04 |  1.58e-04 |  5.42e-05 |  3.66e-04 |  3.97e-02 |  7.76e-04 |  3.08e-05 |  1.0e-04 |  2.24e-10 |  1.22e-02 |  3.64e-02
  4680 |  3.730e-04 |  3.730e-05 |  4.965e-08 |  1.97e-04 |  1.58e-04 |  5.41e-05 |  3.66e-04 |  3.97e-02 |  7.75e-04 |  3.08e-05 |  1.0e-04 |  2.94e-10 |  1.22e-02 |  3.64e-02
  4690 |  3.730e-04 |  3.730e-05 |  4.959e-08 |  1.97e-04 |  1.58e-04 |  5.41e-05 |  3.66e-04 |  3.97e-02 |  7.74e-04 |  3.07e-05 |  1.0e-04 |  2.20e-10 |  1.22e-02 |  3.64e-02
  4700 |  3.730e-04 |  3.730e-05 |  4.953e-08 |  1.97e-04 |  1.57e-04 |  5.40e-05 |  3.66e-04 |  3.97e-02 |  7.73e-04 |  3.07e-05 |  1.0e-04 |  2.08e-10 |  1.22e-02 |  3.64e-02
  4710 |  3.730e-04 |  3.730e-05 |  4.947e-08 |  1.97e-04 |  1.57e-04 |  5.40e-05 |  3.65e-04 |  3.96e-02 |  7.72e-04 |  3.06e-05 |  1.0e-04 |  2.40e-10 |  1.22e-02 |  3.64e-02
  4720 |  3.730e-04 |  3.730e-05 |  4.942e-08 |  1.97e-04 |  1.57e-04 |  5.39e-05 |  3.65e-04 |  3.96e-02 |  7.72e-04 |  3.06e-05 |  1.0e-04 |  2.12e-10 |  1.21e-02 |  3.64e-02
  4730 |  3.730e-04 |  3.730e-05 |  4.936e-08 |  1.97e-04 |  1.57e-04 |  5.38e-05 |  3.65e-04 |  3.96e-02 |  7.71e-04 |  3.05e-05 |  1.0e-04 |  1.86e-10 |  1.21e-02 |  3.64e-02
  4740 |  3.730e-04 |  3.730e-05 |  4.931e-08 |  1.96e-04 |  1.57e-04 |  5.38e-05 |  3.65e-04 |  3.96e-02 |  7.70e-04 |  3.05e-05 |  1.0e-04 |  2.30e-10 |  1.21e-02 |  3.64e-02
  4750 |  3.730e-04 |  3.730e-05 |  4.925e-08 |  1.96e-04 |  1.57e-04 |  5.37e-05 |  3.64e-04 |  3.96e-02 |  7.69e-04 |  3.04e-05 |  1.0e-04 |  2.00e-10 |  1.21e-02 |  3.64e-02
  4760 |  3.730e-04 |  3.731e-05 |  4.919e-08 |  1.96e-04 |  1.57e-04 |  5.37e-05 |  3.64e-04 |  3.95e-02 |  7.68e-04 |  3.04e-05 |  1.0e-04 |  1.71e-10 |  1.21e-02 |  3.64e-02
  4770 |  3.731e-04 |  3.731e-05 |  4.914e-08 |  1.96e-04 |  1.56e-04 |  5.36e-05 |  3.64e-04 |  3.95e-02 |  7.67e-04 |  3.03e-05 |  1.0e-04 |  1.99e-10 |  1.21e-02 |  3.64e-02
  4780 |  3.731e-04 |  3.731e-05 |  4.908e-08 |  1.96e-04 |  1.56e-04 |  5.36e-05 |  3.64e-04 |  3.95e-02 |  7.66e-04 |  3.03e-05 |  1.0e-04 |  1.87e-10 |  1.21e-02 |  3.64e-02
  4790 |  3.731e-04 |  3.731e-05 |  4.903e-08 |  1.96e-04 |  1.56e-04 |  5.35e-05 |  3.63e-04 |  3.95e-02 |  7.65e-04 |  3.02e-05 |  1.0e-04 |  1.67e-10 |  1.21e-02 |  3.64e-02
  4800 |  3.731e-04 |  3.731e-05 |  4.897e-08 |  1.96e-04 |  1.56e-04 |  5.35e-05 |  3.63e-04 |  3.95e-02 |  7.64e-04 |  3.02e-05 |  1.0e-04 |  1.72e-10 |  1.21e-02 |  3.64e-02
  4810 |  3.731e-04 |  3.731e-05 |  4.892e-08 |  1.96e-04 |  1.56e-04 |  5.34e-05 |  3.63e-04 |  3.95e-02 |  7.63e-04 |  3.01e-05 |  1.0e-04 |  1.93e-10 |  1.20e-02 |  3.64e-02
  4820 |  3.731e-04 |  3.731e-05 |  4.886e-08 |  1.96e-04 |  1.56e-04 |  5.34e-05 |  3.63e-04 |  3.94e-02 |  7.62e-04 |  3.01e-05 |  1.0e-04 |  1.91e-10 |  1.20e-02 |  3.64e-02
  4830 |  3.731e-04 |  3.732e-05 |  4.881e-08 |  1.96e-04 |  1.56e-04 |  5.33e-05 |  3.62e-04 |  3.94e-02 |  7.61e-04 |  3.00e-05 |  1.0e-04 |  1.85e-10 |  1.20e-02 |  3.64e-02
  4840 |  3.732e-04 |  3.732e-05 |  4.875e-08 |  1.96e-04 |  1.56e-04 |  5.33e-05 |  3.62e-04 |  3.94e-02 |  7.60e-04 |  3.00e-05 |  1.0e-04 |  2.38e-10 |  1.20e-02 |  3.64e-02
  4850 |  3.732e-04 |  3.732e-05 |  4.870e-08 |  1.96e-04 |  1.55e-04 |  5.32e-05 |  3.62e-04 |  3.94e-02 |  7.60e-04 |  2.99e-05 |  1.0e-04 |  2.52e-10 |  1.20e-02 |  3.64e-02
  4860 |  3.732e-04 |  3.732e-05 |  4.864e-08 |  1.95e-04 |  1.55e-04 |  5.32e-05 |  3.62e-04 |  3.94e-02 |  7.59e-04 |  2.99e-05 |  1.0e-04 |  2.10e-10 |  1.20e-02 |  3.64e-02
  4870 |  3.732e-04 |  3.732e-05 |  4.859e-08 |  1.95e-04 |  1.55e-04 |  5.31e-05 |  3.62e-04 |  3.94e-02 |  7.58e-04 |  2.98e-05 |  1.0e-04 |  1.99e-10 |  1.20e-02 |  3.64e-02
  4880 |  3.732e-04 |  3.732e-05 |  4.854e-08 |  1.95e-04 |  1.55e-04 |  5.31e-05 |  3.61e-04 |  3.93e-02 |  7.57e-04 |  2.98e-05 |  1.0e-04 |  1.95e-10 |  1.20e-02 |  3.64e-02
  4890 |  3.732e-04 |  3.732e-05 |  4.848e-08 |  1.95e-04 |  1.55e-04 |  5.30e-05 |  3.61e-04 |  3.93e-02 |  7.56e-04 |  2.97e-05 |  1.0e-04 |  1.59e-10 |  1.20e-02 |  3.64e-02
  4900 |  3.733e-04 |  3.733e-05 |  4.843e-08 |  1.95e-04 |  1.55e-04 |  5.30e-05 |  3.61e-04 |  3.93e-02 |  7.55e-04 |  2.97e-05 |  1.0e-04 |  2.02e-10 |  1.19e-02 |  3.64e-02
  4910 |  3.733e-04 |  3.733e-05 |  4.838e-08 |  1.95e-04 |  1.55e-04 |  5.29e-05 |  3.61e-04 |  3.93e-02 |  7.54e-04 |  2.96e-05 |  1.0e-04 |  2.13e-10 |  1.19e-02 |  3.64e-02
  4920 |  3.733e-04 |  3.733e-05 |  4.832e-08 |  1.95e-04 |  1.54e-04 |  5.29e-05 |  3.60e-04 |  3.93e-02 |  7.53e-04 |  2.96e-05 |  1.0e-04 |  2.18e-10 |  1.19e-02 |  3.64e-02
  4930 |  3.733e-04 |  3.733e-05 |  4.827e-08 |  1.95e-04 |  1.54e-04 |  5.28e-05 |  3.60e-04 |  3.93e-02 |  7.52e-04 |  2.95e-05 |  1.0e-04 |  2.13e-10 |  1.19e-02 |  3.64e-02
  4940 |  3.733e-04 |  3.733e-05 |  4.822e-08 |  1.95e-04 |  1.54e-04 |  5.28e-05 |  3.60e-04 |  3.92e-02 |  7.52e-04 |  2.95e-05 |  1.0e-04 |  2.13e-10 |  1.19e-02 |  3.64e-02
  4950 |  3.734e-04 |  3.734e-05 |  4.816e-08 |  1.95e-04 |  1.54e-04 |  5.27e-05 |  3.60e-04 |  3.92e-02 |  7.51e-04 |  2.94e-05 |  1.0e-04 |  2.32e-10 |  1.19e-02 |  3.64e-02
  4960 |  3.734e-04 |  3.734e-05 |  4.811e-08 |  1.95e-04 |  1.54e-04 |  5.27e-05 |  3.59e-04 |  3.92e-02 |  7.50e-04 |  2.94e-05 |  1.0e-04 |  2.51e-10 |  1.19e-02 |  3.64e-02
  4970 |  3.734e-04 |  3.734e-05 |  4.806e-08 |  1.94e-04 |  1.54e-04 |  5.26e-05 |  3.59e-04 |  3.92e-02 |  7.49e-04 |  2.93e-05 |  1.0e-04 |  2.15e-10 |  1.19e-02 |  3.64e-02
  4980 |  3.734e-04 |  3.734e-05 |  4.801e-08 |  1.94e-04 |  1.54e-04 |  5.26e-05 |  3.59e-04 |  3.92e-02 |  7.48e-04 |  2.93e-05 |  1.0e-04 |  2.53e-10 |  1.19e-02 |  3.64e-02
  4990 |  3.734e-04 |  3.734e-05 |  4.795e-08 |  1.94e-04 |  1.54e-04 |  5.25e-05 |  3.59e-04 |  3.92e-02 |  7.47e-04 |  2.93e-05 |  1.0e-04 |  2.37e-10 |  1.18e-02 |  3.64e-02
  5000 |  3.734e-04 |  3.734e-05 |  4.790e-08 |  1.94e-04 |  1.53e-04 |  5.25e-05 |  3.58e-04 |  3.91e-02 |  7.46e-04 |  2.92e-05 |  1.0e-04 |  2.20e-10 |  1.18e-02 |  3.64e-02
  5010 |  3.735e-04 |  3.735e-05 |  4.785e-08 |  1.94e-04 |  1.53e-04 |  5.24e-05 |  3.58e-04 |  3.91e-02 |  7.45e-04 |  2.92e-05 |  1.0e-04 |  1.88e-10 |  1.18e-02 |  3.64e-02
  5020 |  3.735e-04 |  3.735e-05 |  4.780e-08 |  1.94e-04 |  1.53e-04 |  5.24e-05 |  3.58e-04 |  3.91e-02 |  7.45e-04 |  2.91e-05 |  1.0e-04 |  2.14e-10 |  1.18e-02 |  3.64e-02
  5030 |  3.735e-04 |  3.735e-05 |  4.775e-08 |  1.94e-04 |  1.53e-04 |  5.24e-05 |  3.58e-04 |  3.91e-02 |  7.44e-04 |  2.91e-05 |  1.0e-04 |  2.05e-10 |  1.18e-02 |  3.64e-02
  5040 |  3.735e-04 |  3.735e-05 |  4.770e-08 |  1.94e-04 |  1.53e-04 |  5.23e-05 |  3.57e-04 |  3.91e-02 |  7.43e-04 |  2.90e-05 |  1.0e-04 |  2.79e-10 |  1.18e-02 |  3.64e-02
  5050 |  3.735e-04 |  3.736e-05 |  4.765e-08 |  1.94e-04 |  1.53e-04 |  5.23e-05 |  3.57e-04 |  3.91e-02 |  7.42e-04 |  2.90e-05 |  1.0e-04 |  2.24e-10 |  1.18e-02 |  3.64e-02
  5060 |  3.736e-04 |  3.736e-05 |  4.760e-08 |  1.94e-04 |  1.53e-04 |  5.22e-05 |  3.57e-04 |  3.90e-02 |  7.41e-04 |  2.89e-05 |  1.0e-04 |  2.18e-10 |  1.18e-02 |  3.64e-02
  5070 |  3.736e-04 |  3.736e-05 |  4.754e-08 |  1.94e-04 |  1.53e-04 |  5.22e-05 |  3.57e-04 |  3.90e-02 |  7.40e-04 |  2.89e-05 |  1.0e-04 |  2.05e-10 |  1.18e-02 |  3.64e-02
  5080 |  3.736e-04 |  3.736e-05 |  4.749e-08 |  1.94e-04 |  1.52e-04 |  5.21e-05 |  3.57e-04 |  3.90e-02 |  7.39e-04 |  2.88e-05 |  1.0e-04 |  2.02e-10 |  1.17e-02 |  3.64e-02
  5090 |  3.736e-04 |  3.736e-05 |  4.744e-08 |  1.94e-04 |  1.52e-04 |  5.21e-05 |  3.56e-04 |  3.90e-02 |  7.39e-04 |  2.88e-05 |  1.0e-04 |  2.30e-10 |  1.17e-02 |  3.64e-02
  5100 |  3.737e-04 |  3.737e-05 |  4.739e-08 |  1.93e-04 |  1.52e-04 |  5.20e-05 |  3.56e-04 |  3.90e-02 |  7.38e-04 |  2.88e-05 |  1.0e-04 |  1.99e-10 |  1.17e-02 |  3.64e-02
  5110 |  3.737e-04 |  3.737e-05 |  4.734e-08 |  1.93e-04 |  1.52e-04 |  5.20e-05 |  3.56e-04 |  3.89e-02 |  7.37e-04 |  2.87e-05 |  1.0e-04 |  2.22e-10 |  1.17e-02 |  3.64e-02
  5120 |  3.737e-04 |  3.737e-05 |  4.729e-08 |  1.93e-04 |  1.52e-04 |  5.20e-05 |  3.56e-04 |  3.89e-02 |  7.36e-04 |  2.87e-05 |  1.0e-04 |  2.03e-10 |  1.17e-02 |  3.64e-02
  5130 |  3.737e-04 |  3.737e-05 |  4.724e-08 |  1.93e-04 |  1.52e-04 |  5.19e-05 |  3.55e-04 |  3.89e-02 |  7.35e-04 |  2.86e-05 |  1.0e-04 |  2.56e-10 |  1.17e-02 |  3.64e-02
  5140 |  3.737e-04 |  3.738e-05 |  4.719e-08 |  1.93e-04 |  1.52e-04 |  5.19e-05 |  3.55e-04 |  3.89e-02 |  7.34e-04 |  2.86e-05 |  1.0e-04 |  2.07e-10 |  1.17e-02 |  3.64e-02
  5150 |  3.738e-04 |  3.738e-05 |  4.714e-08 |  1.93e-04 |  1.52e-04 |  5.18e-05 |  3.55e-04 |  3.89e-02 |  7.34e-04 |  2.85e-05 |  1.0e-04 |  2.02e-10 |  1.17e-02 |  3.64e-02
  5160 |  3.738e-04 |  3.738e-05 |  4.709e-08 |  1.93e-04 |  1.51e-04 |  5.18e-05 |  3.55e-04 |  3.89e-02 |  7.33e-04 |  2.85e-05 |  1.0e-04 |  2.27e-10 |  1.17e-02 |  3.64e-02
  5170 |  3.738e-04 |  3.738e-05 |  4.705e-08 |  1.93e-04 |  1.51e-04 |  5.17e-05 |  3.54e-04 |  3.88e-02 |  7.32e-04 |  2.84e-05 |  1.0e-04 |  2.11e-10 |  1.17e-02 |  3.64e-02
  5180 |  3.738e-04 |  3.738e-05 |  4.700e-08 |  1.93e-04 |  1.51e-04 |  5.17e-05 |  3.54e-04 |  3.88e-02 |  7.31e-04 |  2.84e-05 |  1.0e-04 |  1.90e-10 |  1.16e-02 |  3.64e-02
  5190 |  3.739e-04 |  3.739e-05 |  4.695e-08 |  1.93e-04 |  1.51e-04 |  5.17e-05 |  3.54e-04 |  3.88e-02 |  7.30e-04 |  2.84e-05 |  1.0e-04 |  1.78e-10 |  1.16e-02 |  3.64e-02
  5200 |  3.739e-04 |  3.739e-05 |  4.690e-08 |  1.93e-04 |  1.51e-04 |  5.16e-05 |  3.54e-04 |  3.88e-02 |  7.30e-04 |  2.83e-05 |  1.0e-04 |  2.22e-10 |  1.16e-02 |  3.64e-02
  5210 |  3.739e-04 |  3.739e-05 |  4.685e-08 |  1.93e-04 |  1.51e-04 |  5.16e-05 |  3.54e-04 |  3.88e-02 |  7.29e-04 |  2.83e-05 |  1.0e-04 |  2.25e-10 |  1.16e-02 |  3.64e-02
  5220 |  3.739e-04 |  3.739e-05 |  4.680e-08 |  1.92e-04 |  1.51e-04 |  5.15e-05 |  3.53e-04 |  3.88e-02 |  7.28e-04 |  2.82e-05 |  1.0e-04 |  2.30e-10 |  1.16e-02 |  3.64e-02
  5230 |  3.740e-04 |  3.740e-05 |  4.675e-08 |  1.92e-04 |  1.51e-04 |  5.15e-05 |  3.53e-04 |  3.88e-02 |  7.27e-04 |  2.82e-05 |  1.0e-04 |  2.16e-10 |  1.16e-02 |  3.64e-02
  5240 |  3.740e-04 |  3.740e-05 |  4.670e-08 |  1.92e-04 |  1.50e-04 |  5.15e-05 |  3.53e-04 |  3.87e-02 |  7.26e-04 |  2.81e-05 |  1.0e-04 |  2.53e-10 |  1.16e-02 |  3.64e-02
  5250 |  3.740e-04 |  3.740e-05 |  4.666e-08 |  1.92e-04 |  1.50e-04 |  5.14e-05 |  3.53e-04 |  3.87e-02 |  7.26e-04 |  2.81e-05 |  1.0e-04 |  2.08e-10 |  1.16e-02 |  3.64e-02
  5260 |  3.740e-04 |  3.741e-05 |  4.661e-08 |  1.92e-04 |  1.50e-04 |  5.14e-05 |  3.52e-04 |  3.87e-02 |  7.25e-04 |  2.80e-05 |  1.0e-04 |  2.23e-10 |  1.16e-02 |  3.64e-02
  5270 |  3.741e-04 |  3.741e-05 |  4.656e-08 |  1.92e-04 |  1.50e-04 |  5.13e-05 |  3.52e-04 |  3.87e-02 |  7.24e-04 |  2.80e-05 |  1.0e-04 |  1.97e-10 |  1.16e-02 |  3.64e-02
  5280 |  3.741e-04 |  3.741e-05 |  4.651e-08 |  1.92e-04 |  1.50e-04 |  5.13e-05 |  3.52e-04 |  3.87e-02 |  7.23e-04 |  2.80e-05 |  1.0e-04 |  2.37e-10 |  1.15e-02 |  3.64e-02
  5290 |  3.741e-04 |  3.741e-05 |  4.647e-08 |  1.92e-04 |  1.50e-04 |  5.13e-05 |  3.52e-04 |  3.87e-02 |  7.22e-04 |  2.79e-05 |  1.0e-04 |  1.72e-10 |  1.15e-02 |  3.64e-02
  5300 |  3.742e-04 |  3.742e-05 |  4.642e-08 |  1.92e-04 |  1.50e-04 |  5.12e-05 |  3.52e-04 |  3.86e-02 |  7.22e-04 |  2.79e-05 |  1.0e-04 |  2.16e-10 |  1.15e-02 |  3.64e-02
  5310 |  3.742e-04 |  3.742e-05 |  4.637e-08 |  1.92e-04 |  1.50e-04 |  5.12e-05 |  3.51e-04 |  3.86e-02 |  7.21e-04 |  2.78e-05 |  1.0e-04 |  2.34e-10 |  1.15e-02 |  3.64e-02
  5320 |  3.742e-04 |  3.742e-05 |  4.632e-08 |  1.92e-04 |  1.49e-04 |  5.11e-05 |  3.51e-04 |  3.86e-02 |  7.20e-04 |  2.78e-05 |  1.0e-04 |  2.55e-10 |  1.15e-02 |  3.64e-02
  5330 |  3.742e-04 |  3.742e-05 |  4.628e-08 |  1.92e-04 |  1.49e-04 |  5.11e-05 |  3.51e-04 |  3.86e-02 |  7.19e-04 |  2.78e-05 |  1.0e-04 |  2.05e-10 |  1.15e-02 |  3.64e-02
  5340 |  3.743e-04 |  3.743e-05 |  4.623e-08 |  1.92e-04 |  1.49e-04 |  5.11e-05 |  3.51e-04 |  3.86e-02 |  7.18e-04 |  2.77e-05 |  1.0e-04 |  2.28e-10 |  1.15e-02 |  3.64e-02
  5350 |  3.743e-04 |  3.743e-05 |  4.618e-08 |  1.91e-04 |  1.49e-04 |  5.10e-05 |  3.50e-04 |  3.86e-02 |  7.18e-04 |  2.77e-05 |  1.0e-04 |  2.30e-10 |  1.15e-02 |  3.64e-02
  5360 |  3.743e-04 |  3.743e-05 |  4.614e-08 |  1.91e-04 |  1.49e-04 |  5.10e-05 |  3.50e-04 |  3.85e-02 |  7.17e-04 |  2.76e-05 |  1.0e-04 |  2.07e-10 |  1.15e-02 |  3.64e-02
  5370 |  3.744e-04 |  3.744e-05 |  4.609e-08 |  1.91e-04 |  1.49e-04 |  5.09e-05 |  3.50e-04 |  3.85e-02 |  7.16e-04 |  2.76e-05 |  1.0e-04 |  2.21e-10 |  1.15e-02 |  3.64e-02
  5380 |  3.744e-04 |  3.744e-05 |  4.604e-08 |  1.91e-04 |  1.49e-04 |  5.09e-05 |  3.50e-04 |  3.85e-02 |  7.15e-04 |  2.75e-05 |  1.0e-04 |  2.40e-10 |  1.14e-02 |  3.64e-02
  5390 |  3.744e-04 |  3.744e-05 |  4.600e-08 |  1.91e-04 |  1.49e-04 |  5.09e-05 |  3.50e-04 |  3.85e-02 |  7.15e-04 |  2.75e-05 |  1.0e-04 |  2.39e-10 |  1.14e-02 |  3.64e-02
  5400 |  3.744e-04 |  3.744e-05 |  4.595e-08 |  1.91e-04 |  1.48e-04 |  5.08e-05 |  3.49e-04 |  3.85e-02 |  7.14e-04 |  2.75e-05 |  1.0e-04 |  2.74e-10 |  1.14e-02 |  3.64e-02
  5410 |  3.745e-04 |  3.745e-05 |  4.590e-08 |  1.91e-04 |  1.48e-04 |  5.08e-05 |  3.49e-04 |  3.85e-02 |  7.13e-04 |  2.74e-05 |  1.0e-04 |  2.42e-10 |  1.14e-02 |  3.64e-02
  5420 |  3.745e-04 |  3.745e-05 |  4.586e-08 |  1.91e-04 |  1.48e-04 |  5.07e-05 |  3.49e-04 |  3.84e-02 |  7.12e-04 |  2.74e-05 |  1.0e-04 |  2.35e-10 |  1.14e-02 |  3.64e-02
  5430 |  3.745e-04 |  3.745e-05 |  4.581e-08 |  1.91e-04 |  1.48e-04 |  5.07e-05 |  3.49e-04 |  3.84e-02 |  7.12e-04 |  2.73e-05 |  1.0e-04 |  2.61e-10 |  1.14e-02 |  3.64e-02
  5440 |  3.746e-04 |  3.746e-05 |  4.577e-08 |  1.91e-04 |  1.48e-04 |  5.07e-05 |  3.48e-04 |  3.84e-02 |  7.11e-04 |  2.73e-05 |  1.0e-04 |  2.28e-10 |  1.14e-02 |  3.64e-02
  5450 |  3.746e-04 |  3.746e-05 |  4.572e-08 |  1.91e-04 |  1.48e-04 |  5.06e-05 |  3.48e-04 |  3.84e-02 |  7.10e-04 |  2.73e-05 |  1.0e-04 |  2.14e-10 |  1.14e-02 |  3.64e-02
  5460 |  3.746e-04 |  3.746e-05 |  4.568e-08 |  1.91e-04 |  1.48e-04 |  5.06e-05 |  3.48e-04 |  3.84e-02 |  7.09e-04 |  2.72e-05 |  1.0e-04 |  2.08e-10 |  1.14e-02 |  3.64e-02
  5470 |  3.747e-04 |  3.747e-05 |  4.563e-08 |  1.91e-04 |  1.48e-04 |  5.06e-05 |  3.48e-04 |  3.84e-02 |  7.09e-04 |  2.72e-05 |  1.0e-04 |  2.06e-10 |  1.14e-02 |  3.64e-02
  5480 |  3.747e-04 |  3.747e-05 |  4.559e-08 |  1.90e-04 |  1.48e-04 |  5.05e-05 |  3.48e-04 |  3.83e-02 |  7.08e-04 |  2.71e-05 |  1.0e-04 |  1.99e-10 |  1.13e-02 |  3.64e-02
  5490 |  3.747e-04 |  3.747e-05 |  4.554e-08 |  1.90e-04 |  1.47e-04 |  5.05e-05 |  3.47e-04 |  3.83e-02 |  7.07e-04 |  2.71e-05 |  1.0e-04 |  1.95e-10 |  1.13e-02 |  3.64e-02
  5500 |  3.747e-04 |  3.747e-05 |  4.550e-08 |  1.90e-04 |  1.47e-04 |  5.05e-05 |  3.47e-04 |  3.83e-02 |  7.06e-04 |  2.71e-05 |  1.0e-04 |  2.09e-10 |  1.13e-02 |  3.64e-02
  5510 |  3.748e-04 |  3.748e-05 |  4.545e-08 |  1.90e-04 |  1.47e-04 |  5.04e-05 |  3.47e-04 |  3.83e-02 |  7.06e-04 |  2.70e-05 |  1.0e-04 |  2.98e-10 |  1.13e-02 |  3.64e-02
  5520 |  3.748e-04 |  3.748e-05 |  4.541e-08 |  1.90e-04 |  1.47e-04 |  5.04e-05 |  3.47e-04 |  3.83e-02 |  7.05e-04 |  2.70e-05 |  1.0e-04 |  2.06e-10 |  1.13e-02 |  3.64e-02
  5530 |  3.748e-04 |  3.748e-05 |  4.536e-08 |  1.90e-04 |  1.47e-04 |  5.03e-05 |  3.47e-04 |  3.83e-02 |  7.04e-04 |  2.69e-05 |  1.0e-04 |  2.60e-10 |  1.13e-02 |  3.64e-02
  5540 |  3.749e-04 |  3.749e-05 |  4.532e-08 |  1.90e-04 |  1.47e-04 |  5.03e-05 |  3.46e-04 |  3.82e-02 |  7.03e-04 |  2.69e-05 |  1.0e-04 |  2.24e-10 |  1.13e-02 |  3.64e-02
  5550 |  3.749e-04 |  3.749e-05 |  4.527e-08 |  1.90e-04 |  1.47e-04 |  5.03e-05 |  3.46e-04 |  3.82e-02 |  7.03e-04 |  2.69e-05 |  1.0e-04 |  2.45e-10 |  1.13e-02 |  3.64e-02
  5560 |  3.749e-04 |  3.749e-05 |  4.523e-08 |  1.90e-04 |  1.47e-04 |  5.02e-05 |  3.46e-04 |  3.82e-02 |  7.02e-04 |  2.68e-05 |  1.0e-04 |  1.96e-10 |  1.13e-02 |  3.64e-02
  5570 |  3.750e-04 |  3.750e-05 |  4.519e-08 |  1.90e-04 |  1.46e-04 |  5.02e-05 |  3.46e-04 |  3.82e-02 |  7.01e-04 |  2.68e-05 |  1.0e-04 |  2.20e-10 |  1.13e-02 |  3.64e-02
  5580 |  3.750e-04 |  3.750e-05 |  4.514e-08 |  1.90e-04 |  1.46e-04 |  5.02e-05 |  3.46e-04 |  3.82e-02 |  7.00e-04 |  2.67e-05 |  1.0e-04 |  2.55e-10 |  1.13e-02 |  3.64e-02
  5590 |  3.750e-04 |  3.750e-05 |  4.510e-08 |  1.90e-04 |  1.46e-04 |  5.01e-05 |  3.45e-04 |  3.82e-02 |  7.00e-04 |  2.67e-05 |  1.0e-04 |  1.69e-10 |  1.12e-02 |  3.64e-02
  5600 |  3.751e-04 |  3.751e-05 |  4.506e-08 |  1.90e-04 |  1.46e-04 |  5.01e-05 |  3.45e-04 |  3.82e-02 |  6.99e-04 |  2.67e-05 |  1.0e-04 |  2.49e-10 |  1.12e-02 |  3.64e-02
  5610 |  3.751e-04 |  3.751e-05 |  4.501e-08 |  1.90e-04 |  1.46e-04 |  5.01e-05 |  3.45e-04 |  3.81e-02 |  6.98e-04 |  2.66e-05 |  1.0e-04 |  2.15e-10 |  1.12e-02 |  3.64e-02
  5620 |  3.751e-04 |  3.751e-05 |  4.497e-08 |  1.89e-04 |  1.46e-04 |  5.00e-05 |  3.45e-04 |  3.81e-02 |  6.98e-04 |  2.66e-05 |  1.0e-04 |  2.40e-10 |  1.12e-02 |  3.64e-02
  5630 |  3.752e-04 |  3.752e-05 |  4.493e-08 |  1.89e-04 |  1.46e-04 |  5.00e-05 |  3.45e-04 |  3.81e-02 |  6.97e-04 |  2.66e-05 |  1.0e-04 |  2.70e-10 |  1.12e-02 |  3.64e-02
  5640 |  3.752e-04 |  3.752e-05 |  4.488e-08 |  1.89e-04 |  1.46e-04 |  5.00e-05 |  3.44e-04 |  3.81e-02 |  6.96e-04 |  2.65e-05 |  1.0e-04 |  2.63e-10 |  1.12e-02 |  3.64e-02
  5650 |  3.752e-04 |  3.752e-05 |  4.484e-08 |  1.89e-04 |  1.46e-04 |  4.99e-05 |  3.44e-04 |  3.81e-02 |  6.95e-04 |  2.65e-05 |  1.0e-04 |  1.95e-10 |  1.12e-02 |  3.64e-02
  5660 |  3.753e-04 |  3.753e-05 |  4.480e-08 |  1.89e-04 |  1.45e-04 |  4.99e-05 |  3.44e-04 |  3.81e-02 |  6.95e-04 |  2.64e-05 |  1.0e-04 |  2.54e-10 |  1.12e-02 |  3.64e-02
  5670 |  3.753e-04 |  3.753e-05 |  4.475e-08 |  1.89e-04 |  1.45e-04 |  4.99e-05 |  3.44e-04 |  3.80e-02 |  6.94e-04 |  2.64e-05 |  1.0e-04 |  2.54e-10 |  1.12e-02 |  3.64e-02
  5680 |  3.753e-04 |  3.754e-05 |  4.471e-08 |  1.89e-04 |  1.45e-04 |  4.98e-05 |  3.43e-04 |  3.80e-02 |  6.93e-04 |  2.64e-05 |  1.0e-04 |  2.35e-10 |  1.12e-02 |  3.64e-02
  5690 |  3.754e-04 |  3.754e-05 |  4.467e-08 |  1.89e-04 |  1.45e-04 |  4.98e-05 |  3.43e-04 |  3.80e-02 |  6.93e-04 |  2.63e-05 |  1.0e-04 |  2.17e-10 |  1.12e-02 |  3.64e-02
  5700 |  3.754e-04 |  3.754e-05 |  4.463e-08 |  1.89e-04 |  1.45e-04 |  4.98e-05 |  3.43e-04 |  3.80e-02 |  6.92e-04 |  2.63e-05 |  1.0e-04 |  2.07e-10 |  1.11e-02 |  3.64e-02
  5710 |  3.755e-04 |  3.755e-05 |  4.458e-08 |  1.89e-04 |  1.45e-04 |  4.97e-05 |  3.43e-04 |  3.80e-02 |  6.91e-04 |  2.62e-05 |  1.0e-04 |  2.01e-10 |  1.11e-02 |  3.64e-02
  5720 |  3.755e-04 |  3.755e-05 |  4.454e-08 |  1.89e-04 |  1.45e-04 |  4.97e-05 |  3.43e-04 |  3.80e-02 |  6.90e-04 |  2.62e-05 |  1.0e-04 |  2.02e-10 |  1.11e-02 |  3.64e-02
  5730 |  3.755e-04 |  3.755e-05 |  4.450e-08 |  1.89e-04 |  1.45e-04 |  4.97e-05 |  3.42e-04 |  3.79e-02 |  6.90e-04 |  2.62e-05 |  1.0e-04 |  2.39e-10 |  1.11e-02 |  3.64e-02
  5740 |  3.756e-04 |  3.756e-05 |  4.446e-08 |  1.89e-04 |  1.45e-04 |  4.96e-05 |  3.42e-04 |  3.79e-02 |  6.89e-04 |  2.61e-05 |  1.0e-04 |  2.20e-10 |  1.11e-02 |  3.64e-02
  5750 |  3.756e-04 |  3.756e-05 |  4.442e-08 |  1.89e-04 |  1.44e-04 |  4.96e-05 |  3.42e-04 |  3.79e-02 |  6.88e-04 |  2.61e-05 |  1.0e-04 |  2.07e-10 |  1.11e-02 |  3.64e-02
  5760 |  3.756e-04 |  3.756e-05 |  4.437e-08 |  1.89e-04 |  1.44e-04 |  4.96e-05 |  3.42e-04 |  3.79e-02 |  6.88e-04 |  2.61e-05 |  1.0e-04 |  1.98e-10 |  1.11e-02 |  3.64e-02
  5770 |  3.757e-04 |  3.757e-05 |  4.433e-08 |  1.88e-04 |  1.44e-04 |  4.95e-05 |  3.42e-04 |  3.79e-02 |  6.87e-04 |  2.60e-05 |  1.0e-04 |  2.24e-10 |  1.11e-02 |  3.64e-02
  5780 |  3.757e-04 |  3.757e-05 |  4.429e-08 |  1.88e-04 |  1.44e-04 |  4.95e-05 |  3.41e-04 |  3.79e-02 |  6.86e-04 |  2.60e-05 |  1.0e-04 |  1.70e-10 |  1.11e-02 |  3.64e-02
  5790 |  3.757e-04 |  3.758e-05 |  4.425e-08 |  1.88e-04 |  1.44e-04 |  4.95e-05 |  3.41e-04 |  3.78e-02 |  6.86e-04 |  2.59e-05 |  1.0e-04 |  2.12e-10 |  1.11e-02 |  3.64e-02
  5800 |  3.758e-04 |  3.758e-05 |  4.421e-08 |  1.88e-04 |  1.44e-04 |  4.94e-05 |  3.41e-04 |  3.78e-02 |  6.85e-04 |  2.59e-05 |  1.0e-04 |  2.09e-10 |  1.11e-02 |  3.64e-02
  5810 |  3.758e-04 |  3.758e-05 |  4.417e-08 |  1.88e-04 |  1.44e-04 |  4.94e-05 |  3.41e-04 |  3.78e-02 |  6.84e-04 |  2.59e-05 |  1.0e-04 |  2.50e-10 |  1.10e-02 |  3.64e-02
  5820 |  3.759e-04 |  3.759e-05 |  4.413e-08 |  1.88e-04 |  1.44e-04 |  4.94e-05 |  3.41e-04 |  3.78e-02 |  6.84e-04 |  2.58e-05 |  1.0e-04 |  2.16e-10 |  1.10e-02 |  3.64e-02
  5830 |  3.759e-04 |  3.759e-05 |  4.408e-08 |  1.88e-04 |  1.44e-04 |  4.93e-05 |  3.40e-04 |  3.78e-02 |  6.83e-04 |  2.58e-05 |  1.0e-04 |  2.25e-10 |  1.10e-02 |  3.64e-02
  5840 |  3.759e-04 |  3.759e-05 |  4.404e-08 |  1.88e-04 |  1.43e-04 |  4.93e-05 |  3.40e-04 |  3.78e-02 |  6.82e-04 |  2.58e-05 |  1.0e-04 |  1.90e-10 |  1.10e-02 |  3.64e-02
  5850 |  3.760e-04 |  3.760e-05 |  4.400e-08 |  1.88e-04 |  1.43e-04 |  4.93e-05 |  3.40e-04 |  3.78e-02 |  6.81e-04 |  2.57e-05 |  1.0e-04 |  2.25e-10 |  1.10e-02 |  3.64e-02
  5860 |  3.760e-04 |  3.760e-05 |  4.396e-08 |  1.88e-04 |  1.43e-04 |  4.92e-05 |  3.40e-04 |  3.77e-02 |  6.81e-04 |  2.57e-05 |  1.0e-04 |  2.00e-10 |  1.10e-02 |  3.64e-02
  5870 |  3.761e-04 |  3.761e-05 |  4.392e-08 |  1.88e-04 |  1.43e-04 |  4.92e-05 |  3.40e-04 |  3.77e-02 |  6.80e-04 |  2.57e-05 |  1.0e-04 |  2.36e-10 |  1.10e-02 |  3.64e-02
  5880 |  3.761e-04 |  3.761e-05 |  4.388e-08 |  1.88e-04 |  1.43e-04 |  4.92e-05 |  3.39e-04 |  3.77e-02 |  6.79e-04 |  2.56e-05 |  1.0e-04 |  2.51e-10 |  1.10e-02 |  3.64e-02
  5890 |  3.761e-04 |  3.761e-05 |  4.384e-08 |  1.88e-04 |  1.43e-04 |  4.91e-05 |  3.39e-04 |  3.77e-02 |  6.79e-04 |  2.56e-05 |  1.0e-04 |  2.16e-10 |  1.10e-02 |  3.64e-02
  5900 |  3.762e-04 |  3.762e-05 |  4.380e-08 |  1.88e-04 |  1.43e-04 |  4.91e-05 |  3.39e-04 |  3.77e-02 |  6.78e-04 |  2.56e-05 |  1.0e-04 |  2.58e-10 |  1.10e-02 |  3.64e-02
  5910 |  3.762e-04 |  3.762e-05 |  4.376e-08 |  1.87e-04 |  1.43e-04 |  4.91e-05 |  3.39e-04 |  3.77e-02 |  6.77e-04 |  2.55e-05 |  1.0e-04 |  2.38e-10 |  1.10e-02 |  3.64e-02
  5920 |  3.763e-04 |  3.763e-05 |  4.372e-08 |  1.87e-04 |  1.43e-04 |  4.90e-05 |  3.39e-04 |  3.76e-02 |  6.77e-04 |  2.55e-05 |  1.0e-04 |  2.07e-10 |  1.10e-02 |  3.64e-02
  5930 |  3.763e-04 |  3.763e-05 |  4.368e-08 |  1.87e-04 |  1.43e-04 |  4.90e-05 |  3.39e-04 |  3.76e-02 |  6.76e-04 |  2.54e-05 |  1.0e-04 |  2.34e-10 |  1.09e-02 |  3.64e-02
  5940 |  3.763e-04 |  3.763e-05 |  4.364e-08 |  1.87e-04 |  1.42e-04 |  4.90e-05 |  3.38e-04 |  3.76e-02 |  6.75e-04 |  2.54e-05 |  1.0e-04 |  2.04e-10 |  1.09e-02 |  3.64e-02
  5950 |  3.764e-04 |  3.764e-05 |  4.360e-08 |  1.87e-04 |  1.42e-04 |  4.90e-05 |  3.38e-04 |  3.76e-02 |  6.75e-04 |  2.54e-05 |  1.0e-04 |  2.19e-10 |  1.09e-02 |  3.64e-02
  5960 |  3.764e-04 |  3.764e-05 |  4.356e-08 |  1.87e-04 |  1.42e-04 |  4.89e-05 |  3.38e-04 |  3.76e-02 |  6.74e-04 |  2.53e-05 |  1.0e-04 |  2.45e-10 |  1.09e-02 |  3.64e-02
  5970 |  3.765e-04 |  3.765e-05 |  4.352e-08 |  1.87e-04 |  1.42e-04 |  4.89e-05 |  3.38e-04 |  3.76e-02 |  6.74e-04 |  2.53e-05 |  1.0e-04 |  2.53e-10 |  1.09e-02 |  3.64e-02
  5980 |  3.765e-04 |  3.765e-05 |  4.348e-08 |  1.87e-04 |  1.42e-04 |  4.89e-05 |  3.38e-04 |  3.76e-02 |  6.73e-04 |  2.53e-05 |  1.0e-04 |  2.05e-10 |  1.09e-02 |  3.64e-02
  5990 |  3.765e-04 |  3.765e-05 |  4.344e-08 |  1.87e-04 |  1.42e-04 |  4.88e-05 |  3.37e-04 |  3.75e-02 |  6.72e-04 |  2.52e-05 |  1.0e-04 |  2.20e-10 |  1.09e-02 |  3.64e-02
  6000 |  3.766e-04 |  3.766e-05 |  4.340e-08 |  1.87e-04 |  1.42e-04 |  4.88e-05 |  3.37e-04 |  3.75e-02 |  6.72e-04 |  2.52e-05 |  1.0e-04 |  2.40e-10 |  1.09e-02 |  3.64e-02
  6010 |  3.766e-04 |  3.766e-05 |  4.336e-08 |  1.87e-04 |  1.42e-04 |  4.88e-05 |  3.37e-04 |  3.75e-02 |  6.71e-04 |  2.52e-05 |  1.0e-04 |  2.75e-10 |  1.09e-02 |  3.64e-02
  6020 |  3.767e-04 |  3.767e-05 |  4.332e-08 |  1.87e-04 |  1.42e-04 |  4.87e-05 |  3.37e-04 |  3.75e-02 |  6.70e-04 |  2.51e-05 |  1.0e-04 |  2.61e-10 |  1.09e-02 |  3.64e-02
  6030 |  3.767e-04 |  3.767e-05 |  4.329e-08 |  1.87e-04 |  1.41e-04 |  4.87e-05 |  3.37e-04 |  3.75e-02 |  6.70e-04 |  2.51e-05 |  1.0e-04 |  3.05e-10 |  1.09e-02 |  3.64e-02
  6040 |  3.767e-04 |  3.767e-05 |  4.325e-08 |  1.87e-04 |  1.41e-04 |  4.87e-05 |  3.36e-04 |  3.75e-02 |  6.69e-04 |  2.51e-05 |  1.0e-04 |  2.45e-10 |  1.09e-02 |  3.64e-02
  6050 |  3.768e-04 |  3.768e-05 |  4.321e-08 |  1.87e-04 |  1.41e-04 |  4.86e-05 |  3.36e-04 |  3.74e-02 |  6.68e-04 |  2.50e-05 |  1.0e-04 |  2.32e-10 |  1.08e-02 |  3.64e-02
  6060 |  3.768e-04 |  3.768e-05 |  4.317e-08 |  1.87e-04 |  1.41e-04 |  4.86e-05 |  3.36e-04 |  3.74e-02 |  6.68e-04 |  2.50e-05 |  1.0e-04 |  2.49e-10 |  1.08e-02 |  3.64e-02
  6070 |  3.769e-04 |  3.769e-05 |  4.313e-08 |  1.86e-04 |  1.41e-04 |  4.86e-05 |  3.36e-04 |  3.74e-02 |  6.67e-04 |  2.50e-05 |  1.0e-04 |  2.70e-10 |  1.08e-02 |  3.64e-02
  6080 |  3.769e-04 |  3.769e-05 |  4.309e-08 |  1.86e-04 |  1.41e-04 |  4.86e-05 |  3.36e-04 |  3.74e-02 |  6.66e-04 |  2.49e-05 |  1.0e-04 |  2.66e-10 |  1.08e-02 |  3.64e-02
  6090 |  3.770e-04 |  3.770e-05 |  4.305e-08 |  1.86e-04 |  1.41e-04 |  4.85e-05 |  3.35e-04 |  3.74e-02 |  6.66e-04 |  2.49e-05 |  1.0e-04 |  2.23e-10 |  1.08e-02 |  3.64e-02
  6100 |  3.770e-04 |  3.770e-05 |  4.302e-08 |  1.86e-04 |  1.41e-04 |  4.85e-05 |  3.35e-04 |  3.74e-02 |  6.65e-04 |  2.49e-05 |  1.0e-04 |  2.27e-10 |  1.08e-02 |  3.64e-02
  6110 |  3.770e-04 |  3.770e-05 |  4.298e-08 |  1.86e-04 |  1.41e-04 |  4.85e-05 |  3.35e-04 |  3.74e-02 |  6.65e-04 |  2.48e-05 |  1.0e-04 |  1.85e-10 |  1.08e-02 |  3.64e-02
  6120 |  3.771e-04 |  3.771e-05 |  4.294e-08 |  1.86e-04 |  1.41e-04 |  4.84e-05 |  3.35e-04 |  3.73e-02 |  6.64e-04 |  2.48e-05 |  1.0e-04 |  1.98e-10 |  1.08e-02 |  3.64e-02
  6130 |  3.771e-04 |  3.771e-05 |  4.290e-08 |  1.86e-04 |  1.40e-04 |  4.84e-05 |  3.35e-04 |  3.73e-02 |  6.63e-04 |  2.48e-05 |  1.0e-04 |  2.25e-10 |  1.08e-02 |  3.64e-02
  6140 |  3.772e-04 |  3.772e-05 |  4.286e-08 |  1.86e-04 |  1.40e-04 |  4.84e-05 |  3.35e-04 |  3.73e-02 |  6.63e-04 |  2.47e-05 |  1.0e-04 |  1.96e-10 |  1.08e-02 |  3.64e-02
  6150 |  3.772e-04 |  3.772e-05 |  4.283e-08 |  1.86e-04 |  1.40e-04 |  4.84e-05 |  3.34e-04 |  3.73e-02 |  6.62e-04 |  2.47e-05 |  1.0e-04 |  2.04e-10 |  1.08e-02 |  3.64e-02
  6160 |  3.773e-04 |  3.773e-05 |  4.279e-08 |  1.86e-04 |  1.40e-04 |  4.83e-05 |  3.34e-04 |  3.73e-02 |  6.61e-04 |  2.47e-05 |  1.0e-04 |  1.61e-10 |  1.08e-02 |  3.64e-02
  6170 |  3.773e-04 |  3.773e-05 |  4.275e-08 |  1.86e-04 |  1.40e-04 |  4.83e-05 |  3.34e-04 |  3.73e-02 |  6.61e-04 |  2.46e-05 |  1.0e-04 |  1.75e-10 |  1.07e-02 |  3.64e-02
  6180 |  3.773e-04 |  3.774e-05 |  4.271e-08 |  1.86e-04 |  1.40e-04 |  4.83e-05 |  3.34e-04 |  3.72e-02 |  6.60e-04 |  2.46e-05 |  1.0e-04 |  1.85e-10 |  1.07e-02 |  3.64e-02
  6190 |  3.774e-04 |  3.774e-05 |  4.267e-08 |  1.86e-04 |  1.40e-04 |  4.82e-05 |  3.34e-04 |  3.72e-02 |  6.60e-04 |  2.46e-05 |  1.0e-04 |  2.12e-10 |  1.07e-02 |  3.64e-02
  6200 |  3.774e-04 |  3.774e-05 |  4.264e-08 |  1.86e-04 |  1.40e-04 |  4.82e-05 |  3.33e-04 |  3.72e-02 |  6.59e-04 |  2.45e-05 |  1.0e-04 |  2.14e-10 |  1.07e-02 |  3.64e-02
  6210 |  3.775e-04 |  3.775e-05 |  4.260e-08 |  1.86e-04 |  1.40e-04 |  4.82e-05 |  3.33e-04 |  3.72e-02 |  6.58e-04 |  2.45e-05 |  1.0e-04 |  2.32e-10 |  1.07e-02 |  3.64e-02
  6220 |  3.775e-04 |  3.775e-05 |  4.256e-08 |  1.86e-04 |  1.40e-04 |  4.81e-05 |  3.33e-04 |  3.72e-02 |  6.58e-04 |  2.45e-05 |  1.0e-04 |  2.06e-10 |  1.07e-02 |  3.64e-02
  6230 |  3.776e-04 |  3.776e-05 |  4.253e-08 |  1.85e-04 |  1.39e-04 |  4.81e-05 |  3.33e-04 |  3.72e-02 |  6.57e-04 |  2.44e-05 |  1.0e-04 |  2.23e-10 |  1.07e-02 |  3.64e-02
  6240 |  3.776e-04 |  3.776e-05 |  4.249e-08 |  1.85e-04 |  1.39e-04 |  4.81e-05 |  3.33e-04 |  3.72e-02 |  6.56e-04 |  2.44e-05 |  1.0e-04 |  1.67e-10 |  1.07e-02 |  3.64e-02
  6250 |  3.777e-04 |  3.777e-05 |  4.245e-08 |  1.85e-04 |  1.39e-04 |  4.81e-05 |  3.32e-04 |  3.71e-02 |  6.56e-04 |  2.44e-05 |  1.0e-04 |  2.08e-10 |  1.07e-02 |  3.64e-02
  6260 |  3.777e-04 |  3.777e-05 |  4.241e-08 |  1.85e-04 |  1.39e-04 |  4.80e-05 |  3.32e-04 |  3.71e-02 |  6.55e-04 |  2.43e-05 |  1.0e-04 |  2.45e-10 |  1.07e-02 |  3.64e-02
  6270 |  3.778e-04 |  3.778e-05 |  4.238e-08 |  1.85e-04 |  1.39e-04 |  4.80e-05 |  3.32e-04 |  3.71e-02 |  6.55e-04 |  2.43e-05 |  1.0e-04 |  2.05e-10 |  1.07e-02 |  3.64e-02
  6280 |  3.778e-04 |  3.778e-05 |  4.234e-08 |  1.85e-04 |  1.39e-04 |  4.80e-05 |  3.32e-04 |  3.71e-02 |  6.54e-04 |  2.43e-05 |  1.0e-04 |  1.93e-10 |  1.07e-02 |  3.64e-02
  6290 |  3.778e-04 |  3.779e-05 |  4.230e-08 |  1.85e-04 |  1.39e-04 |  4.79e-05 |  3.32e-04 |  3.71e-02 |  6.53e-04 |  2.42e-05 |  1.0e-04 |  1.84e-10 |  1.07e-02 |  3.64e-02
  6300 |  3.779e-04 |  3.779e-05 |  4.227e-08 |  1.85e-04 |  1.39e-04 |  4.79e-05 |  3.32e-04 |  3.71e-02 |  6.53e-04 |  2.42e-05 |  1.0e-04 |  2.13e-10 |  1.06e-02 |  3.64e-02
  6310 |  3.779e-04 |  3.779e-05 |  4.223e-08 |  1.85e-04 |  1.39e-04 |  4.79e-05 |  3.31e-04 |  3.70e-02 |  6.52e-04 |  2.42e-05 |  1.0e-04 |  1.89e-10 |  1.06e-02 |  3.64e-02
  6320 |  3.780e-04 |  3.780e-05 |  4.220e-08 |  1.85e-04 |  1.39e-04 |  4.79e-05 |  3.31e-04 |  3.70e-02 |  6.52e-04 |  2.41e-05 |  1.0e-04 |  1.98e-10 |  1.06e-02 |  3.64e-02
  6330 |  3.780e-04 |  3.780e-05 |  4.216e-08 |  1.85e-04 |  1.38e-04 |  4.78e-05 |  3.31e-04 |  3.70e-02 |  6.51e-04 |  2.41e-05 |  1.0e-04 |  2.14e-10 |  1.06e-02 |  3.64e-02
  6340 |  3.781e-04 |  3.781e-05 |  4.212e-08 |  1.85e-04 |  1.38e-04 |  4.78e-05 |  3.31e-04 |  3.70e-02 |  6.50e-04 |  2.41e-05 |  1.0e-04 |  2.16e-10 |  1.06e-02 |  3.64e-02
  6350 |  3.781e-04 |  3.781e-05 |  4.209e-08 |  1.85e-04 |  1.38e-04 |  4.78e-05 |  3.31e-04 |  3.70e-02 |  6.50e-04 |  2.40e-05 |  1.0e-04 |  1.77e-10 |  1.06e-02 |  3.64e-02
  6360 |  3.782e-04 |  3.782e-05 |  4.205e-08 |  1.85e-04 |  1.38e-04 |  4.78e-05 |  3.30e-04 |  3.70e-02 |  6.49e-04 |  2.40e-05 |  1.0e-04 |  1.96e-10 |  1.06e-02 |  3.64e-02
  6370 |  3.782e-04 |  3.782e-05 |  4.202e-08 |  1.85e-04 |  1.38e-04 |  4.77e-05 |  3.30e-04 |  3.70e-02 |  6.49e-04 |  2.40e-05 |  1.0e-04 |  1.79e-10 |  1.06e-02 |  3.64e-02
  6380 |  3.783e-04 |  3.783e-05 |  4.198e-08 |  1.85e-04 |  1.38e-04 |  4.77e-05 |  3.30e-04 |  3.69e-02 |  6.48e-04 |  2.39e-05 |  1.0e-04 |  1.86e-10 |  1.06e-02 |  3.64e-02
  6390 |  3.783e-04 |  3.783e-05 |  4.194e-08 |  1.84e-04 |  1.38e-04 |  4.77e-05 |  3.30e-04 |  3.69e-02 |  6.47e-04 |  2.39e-05 |  1.0e-04 |  1.82e-10 |  1.06e-02 |  3.64e-02
  6400 |  3.784e-04 |  3.784e-05 |  4.191e-08 |  1.84e-04 |  1.38e-04 |  4.76e-05 |  3.30e-04 |  3.69e-02 |  6.47e-04 |  2.39e-05 |  1.0e-04 |  1.66e-10 |  1.06e-02 |  3.64e-02
  6410 |  3.784e-04 |  3.784e-05 |  4.187e-08 |  1.84e-04 |  1.38e-04 |  4.76e-05 |  3.30e-04 |  3.69e-02 |  6.46e-04 |  2.38e-05 |  1.0e-04 |  1.75e-10 |  1.06e-02 |  3.64e-02
  6420 |  3.785e-04 |  3.785e-05 |  4.184e-08 |  1.84e-04 |  1.38e-04 |  4.76e-05 |  3.29e-04 |  3.69e-02 |  6.46e-04 |  2.38e-05 |  1.0e-04 |  1.77e-10 |  1.06e-02 |  3.64e-02
  6430 |  3.785e-04 |  3.785e-05 |  4.180e-08 |  1.84e-04 |  1.37e-04 |  4.76e-05 |  3.29e-04 |  3.69e-02 |  6.45e-04 |  2.38e-05 |  1.0e-04 |  1.79e-10 |  1.05e-02 |  3.64e-02
  6440 |  3.786e-04 |  3.786e-05 |  4.177e-08 |  1.84e-04 |  1.37e-04 |  4.75e-05 |  3.29e-04 |  3.69e-02 |  6.44e-04 |  2.38e-05 |  1.0e-04 |  1.79e-10 |  1.05e-02 |  3.64e-02
  6450 |  3.786e-04 |  3.786e-05 |  4.173e-08 |  1.84e-04 |  1.37e-04 |  4.75e-05 |  3.29e-04 |  3.68e-02 |  6.44e-04 |  2.37e-05 |  1.0e-04 |  2.24e-10 |  1.05e-02 |  3.64e-02
  6460 |  3.787e-04 |  3.787e-05 |  4.170e-08 |  1.84e-04 |  1.37e-04 |  4.75e-05 |  3.29e-04 |  3.68e-02 |  6.43e-04 |  2.37e-05 |  1.0e-04 |  1.63e-10 |  1.05e-02 |  3.64e-02
  6470 |  3.787e-04 |  3.787e-05 |  4.166e-08 |  1.84e-04 |  1.37e-04 |  4.75e-05 |  3.29e-04 |  3.68e-02 |  6.43e-04 |  2.37e-05 |  1.0e-04 |  2.69e-10 |  1.05e-02 |  3.64e-02
  6480 |  3.788e-04 |  3.788e-05 |  4.163e-08 |  1.84e-04 |  1.37e-04 |  4.74e-05 |  3.28e-04 |  3.68e-02 |  6.42e-04 |  2.36e-05 |  1.0e-04 |  2.32e-10 |  1.05e-02 |  3.64e-02
  6490 |  3.788e-04 |  3.788e-05 |  4.159e-08 |  1.84e-04 |  1.37e-04 |  4.74e-05 |  3.28e-04 |  3.68e-02 |  6.42e-04 |  2.36e-05 |  1.0e-04 |  2.49e-10 |  1.05e-02 |  3.64e-02
  6500 |  3.788e-04 |  3.789e-05 |  4.156e-08 |  1.84e-04 |  1.37e-04 |  4.74e-05 |  3.28e-04 |  3.68e-02 |  6.41e-04 |  2.36e-05 |  1.0e-04 |  1.83e-10 |  1.05e-02 |  3.64e-02
  6510 |  3.789e-04 |  3.789e-05 |  4.152e-08 |  1.84e-04 |  1.37e-04 |  4.73e-05 |  3.28e-04 |  3.67e-02 |  6.40e-04 |  2.35e-05 |  1.0e-04 |  2.50e-10 |  1.05e-02 |  3.64e-02
  6520 |  3.789e-04 |  3.790e-05 |  4.149e-08 |  1.84e-04 |  1.37e-04 |  4.73e-05 |  3.28e-04 |  3.67e-02 |  6.40e-04 |  2.35e-05 |  1.0e-04 |  1.95e-10 |  1.05e-02 |  3.64e-02
  6530 |  3.790e-04 |  3.790e-05 |  4.145e-08 |  1.84e-04 |  1.36e-04 |  4.73e-05 |  3.27e-04 |  3.67e-02 |  6.39e-04 |  2.35e-05 |  1.0e-04 |  2.20e-10 |  1.05e-02 |  3.64e-02
  6540 |  3.790e-04 |  3.791e-05 |  4.142e-08 |  1.84e-04 |  1.36e-04 |  4.73e-05 |  3.27e-04 |  3.67e-02 |  6.39e-04 |  2.34e-05 |  1.0e-04 |  2.46e-10 |  1.05e-02 |  3.64e-02
  6550 |  3.791e-04 |  3.791e-05 |  4.138e-08 |  1.84e-04 |  1.36e-04 |  4.72e-05 |  3.27e-04 |  3.67e-02 |  6.38e-04 |  2.34e-05 |  1.0e-04 |  2.01e-10 |  1.05e-02 |  3.64e-02
  6560 |  3.791e-04 |  3.792e-05 |  4.135e-08 |  1.83e-04 |  1.36e-04 |  4.72e-05 |  3.27e-04 |  3.67e-02 |  6.38e-04 |  2.34e-05 |  1.0e-04 |  1.93e-10 |  1.04e-02 |  3.64e-02
  6570 |  3.792e-04 |  3.792e-05 |  4.131e-08 |  1.83e-04 |  1.36e-04 |  4.72e-05 |  3.27e-04 |  3.67e-02 |  6.37e-04 |  2.34e-05 |  1.0e-04 |  2.02e-10 |  1.04e-02 |  3.64e-02
  6580 |  3.792e-04 |  3.793e-05 |  4.128e-08 |  1.83e-04 |  1.36e-04 |  4.72e-05 |  3.27e-04 |  3.66e-02 |  6.36e-04 |  2.33e-05 |  1.0e-04 |  1.63e-10 |  1.04e-02 |  3.64e-02
  6590 |  3.793e-04 |  3.793e-05 |  4.125e-08 |  1.83e-04 |  1.36e-04 |  4.71e-05 |  3.26e-04 |  3.66e-02 |  6.36e-04 |  2.33e-05 |  1.0e-04 |  2.16e-10 |  1.04e-02 |  3.64e-02
  6600 |  3.793e-04 |  3.794e-05 |  4.121e-08 |  1.83e-04 |  1.36e-04 |  4.71e-05 |  3.26e-04 |  3.66e-02 |  6.35e-04 |  2.33e-05 |  1.0e-04 |  2.02e-10 |  1.04e-02 |  3.64e-02
  6610 |  3.794e-04 |  3.794e-05 |  4.118e-08 |  1.83e-04 |  1.36e-04 |  4.71e-05 |  3.26e-04 |  3.66e-02 |  6.35e-04 |  2.32e-05 |  1.0e-04 |  1.89e-10 |  1.04e-02 |  3.64e-02
  6620 |  3.794e-04 |  3.795e-05 |  4.114e-08 |  1.83e-04 |  1.36e-04 |  4.71e-05 |  3.26e-04 |  3.66e-02 |  6.34e-04 |  2.32e-05 |  1.0e-04 |  1.93e-10 |  1.04e-02 |  3.64e-02
  6630 |  3.795e-04 |  3.795e-05 |  4.111e-08 |  1.83e-04 |  1.36e-04 |  4.70e-05 |  3.26e-04 |  3.66e-02 |  6.34e-04 |  2.32e-05 |  1.0e-04 |  1.79e-10 |  1.04e-02 |  3.64e-02
  6640 |  3.796e-04 |  3.796e-05 |  4.108e-08 |  1.83e-04 |  1.35e-04 |  4.70e-05 |  3.26e-04 |  3.66e-02 |  6.33e-04 |  2.31e-05 |  1.0e-04 |  1.93e-10 |  1.04e-02 |  3.64e-02
  6650 |  3.796e-04 |  3.796e-05 |  4.104e-08 |  1.83e-04 |  1.35e-04 |  4.70e-05 |  3.25e-04 |  3.65e-02 |  6.33e-04 |  2.31e-05 |  1.0e-04 |  1.87e-10 |  1.04e-02 |  3.64e-02
  6660 |  3.797e-04 |  3.797e-05 |  4.101e-08 |  1.83e-04 |  1.35e-04 |  4.69e-05 |  3.25e-04 |  3.65e-02 |  6.32e-04 |  2.31e-05 |  1.0e-04 |  2.25e-10 |  1.04e-02 |  3.64e-02
  6670 |  3.797e-04 |  3.797e-05 |  4.098e-08 |  1.83e-04 |  1.35e-04 |  4.69e-05 |  3.25e-04 |  3.65e-02 |  6.31e-04 |  2.31e-05 |  1.0e-04 |  1.74e-10 |  1.04e-02 |  3.64e-02
  6680 |  3.798e-04 |  3.798e-05 |  4.094e-08 |  1.83e-04 |  1.35e-04 |  4.69e-05 |  3.25e-04 |  3.65e-02 |  6.31e-04 |  2.30e-05 |  1.0e-04 |  1.90e-10 |  1.04e-02 |  3.64e-02
  6690 |  3.798e-04 |  3.798e-05 |  4.091e-08 |  1.83e-04 |  1.35e-04 |  4.69e-05 |  3.25e-04 |  3.65e-02 |  6.30e-04 |  2.30e-05 |  1.0e-04 |  1.74e-10 |  1.04e-02 |  3.64e-02
  6700 |  3.799e-04 |  3.799e-05 |  4.088e-08 |  1.83e-04 |  1.35e-04 |  4.68e-05 |  3.25e-04 |  3.65e-02 |  6.30e-04 |  2.30e-05 |  1.0e-04 |  1.92e-10 |  1.03e-02 |  3.64e-02
  6710 |  3.799e-04 |  3.799e-05 |  4.084e-08 |  1.83e-04 |  1.35e-04 |  4.68e-05 |  3.24e-04 |  3.65e-02 |  6.29e-04 |  2.29e-05 |  1.0e-04 |  1.76e-10 |  1.03e-02 |  3.64e-02
  6720 |  3.800e-04 |  3.800e-05 |  4.081e-08 |  1.83e-04 |  1.35e-04 |  4.68e-05 |  3.24e-04 |  3.64e-02 |  6.29e-04 |  2.29e-05 |  1.0e-04 |  1.88e-10 |  1.03e-02 |  3.64e-02
  6730 |  3.800e-04 |  3.800e-05 |  4.078e-08 |  1.83e-04 |  1.35e-04 |  4.68e-05 |  3.24e-04 |  3.64e-02 |  6.28e-04 |  2.29e-05 |  1.0e-04 |  1.79e-10 |  1.03e-02 |  3.64e-02
  6740 |  3.801e-04 |  3.801e-05 |  4.074e-08 |  1.82e-04 |  1.35e-04 |  4.67e-05 |  3.24e-04 |  3.64e-02 |  6.28e-04 |  2.29e-05 |  1.0e-04 |  1.75e-10 |  1.03e-02 |  3.64e-02
  6750 |  3.801e-04 |  3.801e-05 |  4.071e-08 |  1.82e-04 |  1.34e-04 |  4.67e-05 |  3.24e-04 |  3.64e-02 |  6.27e-04 |  2.28e-05 |  1.0e-04 |  2.22e-10 |  1.03e-02 |  3.64e-02
  6760 |  3.802e-04 |  3.802e-05 |  4.068e-08 |  1.82e-04 |  1.34e-04 |  4.67e-05 |  3.24e-04 |  3.64e-02 |  6.27e-04 |  2.28e-05 |  1.0e-04 |  1.58e-10 |  1.03e-02 |  3.64e-02
  6770 |  3.802e-04 |  3.802e-05 |  4.065e-08 |  1.82e-04 |  1.34e-04 |  4.67e-05 |  3.23e-04 |  3.64e-02 |  6.26e-04 |  2.28e-05 |  1.0e-04 |  1.77e-10 |  1.03e-02 |  3.64e-02
  6780 |  3.803e-04 |  3.803e-05 |  4.061e-08 |  1.82e-04 |  1.34e-04 |  4.66e-05 |  3.23e-04 |  3.63e-02 |  6.25e-04 |  2.27e-05 |  1.0e-04 |  1.68e-10 |  1.03e-02 |  3.64e-02
  6790 |  3.803e-04 |  3.803e-05 |  4.058e-08 |  1.82e-04 |  1.34e-04 |  4.66e-05 |  3.23e-04 |  3.63e-02 |  6.25e-04 |  2.27e-05 |  1.0e-04 |  1.69e-10 |  1.03e-02 |  3.64e-02
  6800 |  3.804e-04 |  3.804e-05 |  4.055e-08 |  1.82e-04 |  1.34e-04 |  4.66e-05 |  3.23e-04 |  3.63e-02 |  6.24e-04 |  2.27e-05 |  1.0e-04 |  1.88e-10 |  1.03e-02 |  3.64e-02
  6810 |  3.804e-04 |  3.804e-05 |  4.051e-08 |  1.82e-04 |  1.34e-04 |  4.66e-05 |  3.23e-04 |  3.63e-02 |  6.24e-04 |  2.26e-05 |  1.0e-04 |  2.47e-10 |  1.03e-02 |  3.64e-02
  6820 |  3.805e-04 |  3.805e-05 |  4.048e-08 |  1.82e-04 |  1.34e-04 |  4.65e-05 |  3.23e-04 |  3.63e-02 |  6.23e-04 |  2.26e-05 |  1.0e-04 |  1.81e-10 |  1.03e-02 |  3.64e-02
  6830 |  3.805e-04 |  3.805e-05 |  4.045e-08 |  1.82e-04 |  1.34e-04 |  4.65e-05 |  3.22e-04 |  3.63e-02 |  6.23e-04 |  2.26e-05 |  1.0e-04 |  1.46e-10 |  1.03e-02 |  3.64e-02
  6840 |  3.806e-04 |  3.806e-05 |  4.042e-08 |  1.82e-04 |  1.34e-04 |  4.65e-05 |  3.22e-04 |  3.63e-02 |  6.22e-04 |  2.26e-05 |  1.0e-04 |  2.12e-10 |  1.02e-02 |  3.64e-02
  6850 |  3.807e-04 |  3.807e-05 |  4.039e-08 |  1.82e-04 |  1.34e-04 |  4.65e-05 |  3.22e-04 |  3.62e-02 |  6.22e-04 |  2.25e-05 |  1.0e-04 |  2.90e-10 |  1.02e-02 |  3.64e-02
  6860 |  3.807e-04 |  3.807e-05 |  4.035e-08 |  1.82e-04 |  1.33e-04 |  4.64e-05 |  3.22e-04 |  3.62e-02 |  6.21e-04 |  2.25e-05 |  1.0e-04 |  2.06e-10 |  1.02e-02 |  3.64e-02
  6870 |  3.808e-04 |  3.808e-05 |  4.032e-08 |  1.82e-04 |  1.33e-04 |  4.64e-05 |  3.22e-04 |  3.62e-02 |  6.21e-04 |  2.25e-05 |  1.0e-04 |  2.05e-10 |  1.02e-02 |  3.64e-02
  6880 |  3.808e-04 |  3.808e-05 |  4.029e-08 |  1.82e-04 |  1.33e-04 |  4.64e-05 |  3.22e-04 |  3.62e-02 |  6.20e-04 |  2.25e-05 |  1.0e-04 |  1.91e-10 |  1.02e-02 |  3.64e-02
  6890 |  3.809e-04 |  3.809e-05 |  4.026e-08 |  1.82e-04 |  1.33e-04 |  4.64e-05 |  3.21e-04 |  3.62e-02 |  6.20e-04 |  2.24e-05 |  1.0e-04 |  1.80e-10 |  1.02e-02 |  3.64e-02
  6900 |  3.809e-04 |  3.809e-05 |  4.023e-08 |  1.82e-04 |  1.33e-04 |  4.63e-05 |  3.21e-04 |  3.62e-02 |  6.19e-04 |  2.24e-05 |  1.0e-04 |  1.82e-10 |  1.02e-02 |  3.64e-02
  6910 |  3.810e-04 |  3.810e-05 |  4.019e-08 |  1.82e-04 |  1.33e-04 |  4.63e-05 |  3.21e-04 |  3.62e-02 |  6.19e-04 |  2.24e-05 |  1.0e-04 |  2.07e-10 |  1.02e-02 |  3.64e-02
  6920 |  3.810e-04 |  3.810e-05 |  4.016e-08 |  1.81e-04 |  1.33e-04 |  4.63e-05 |  3.21e-04 |  3.61e-02 |  6.18e-04 |  2.23e-05 |  1.0e-04 |  2.15e-10 |  1.02e-02 |  3.64e-02
  6930 |  3.811e-04 |  3.811e-05 |  4.013e-08 |  1.81e-04 |  1.33e-04 |  4.63e-05 |  3.21e-04 |  3.61e-02 |  6.18e-04 |  2.23e-05 |  1.0e-04 |  1.95e-10 |  1.02e-02 |  3.64e-02
  6940 |  3.811e-04 |  3.811e-05 |  4.010e-08 |  1.81e-04 |  1.33e-04 |  4.62e-05 |  3.21e-04 |  3.61e-02 |  6.17e-04 |  2.23e-05 |  1.0e-04 |  2.06e-10 |  1.02e-02 |  3.64e-02
  6950 |  3.812e-04 |  3.812e-05 |  4.007e-08 |  1.81e-04 |  1.33e-04 |  4.62e-05 |  3.20e-04 |  3.61e-02 |  6.16e-04 |  2.23e-05 |  1.0e-04 |  1.79e-10 |  1.02e-02 |  3.64e-02
  6960 |  3.812e-04 |  3.813e-05 |  4.004e-08 |  1.81e-04 |  1.33e-04 |  4.62e-05 |  3.20e-04 |  3.61e-02 |  6.16e-04 |  2.22e-05 |  1.0e-04 |  1.95e-10 |  1.02e-02 |  3.64e-02
  6970 |  3.813e-04 |  3.813e-05 |  4.000e-08 |  1.81e-04 |  1.32e-04 |  4.62e-05 |  3.20e-04 |  3.61e-02 |  6.15e-04 |  2.22e-05 |  1.0e-04 |  2.47e-10 |  1.02e-02 |  3.64e-02
  6980 |  3.814e-04 |  3.814e-05 |  3.997e-08 |  1.81e-04 |  1.32e-04 |  4.61e-05 |  3.20e-04 |  3.61e-02 |  6.15e-04 |  2.22e-05 |  1.0e-04 |  1.70e-10 |  1.02e-02 |  3.64e-02
  6990 |  3.814e-04 |  3.814e-05 |  3.994e-08 |  1.81e-04 |  1.32e-04 |  4.61e-05 |  3.20e-04 |  3.60e-02 |  6.14e-04 |  2.21e-05 |  1.0e-04 |  1.98e-10 |  1.01e-02 |  3.64e-02
  7000 |  3.815e-04 |  3.815e-05 |  3.991e-08 |  1.81e-04 |  1.32e-04 |  4.61e-05 |  3.20e-04 |  3.60e-02 |  6.14e-04 |  2.21e-05 |  1.0e-04 |  2.33e-10 |  1.01e-02 |  3.64e-02
  7010 |  3.815e-04 |  3.815e-05 |  3.988e-08 |  1.81e-04 |  1.32e-04 |  4.61e-05 |  3.19e-04 |  3.60e-02 |  6.13e-04 |  2.21e-05 |  1.0e-04 |  1.76e-10 |  1.01e-02 |  3.64e-02
  7020 |  3.816e-04 |  3.816e-05 |  3.985e-08 |  1.81e-04 |  1.32e-04 |  4.60e-05 |  3.19e-04 |  3.60e-02 |  6.13e-04 |  2.21e-05 |  1.0e-04 |  2.68e-10 |  1.01e-02 |  3.64e-02
  7030 |  3.816e-04 |  3.816e-05 |  3.982e-08 |  1.81e-04 |  1.32e-04 |  4.60e-05 |  3.19e-04 |  3.60e-02 |  6.12e-04 |  2.20e-05 |  1.0e-04 |  2.38e-10 |  1.01e-02 |  3.64e-02
  7040 |  3.817e-04 |  3.817e-05 |  3.979e-08 |  1.81e-04 |  1.32e-04 |  4.60e-05 |  3.19e-04 |  3.60e-02 |  6.12e-04 |  2.20e-05 |  1.0e-04 |  2.20e-10 |  1.01e-02 |  3.64e-02
  7050 |  3.817e-04 |  3.818e-05 |  3.976e-08 |  1.81e-04 |  1.32e-04 |  4.60e-05 |  3.19e-04 |  3.60e-02 |  6.11e-04 |  2.20e-05 |  1.0e-04 |  2.28e-10 |  1.01e-02 |  3.64e-02
  7060 |  3.818e-04 |  3.818e-05 |  3.973e-08 |  1.81e-04 |  1.32e-04 |  4.60e-05 |  3.19e-04 |  3.59e-02 |  6.11e-04 |  2.20e-05 |  1.0e-04 |  1.86e-10 |  1.01e-02 |  3.64e-02
  7070 |  3.819e-04 |  3.819e-05 |  3.969e-08 |  1.81e-04 |  1.32e-04 |  4.59e-05 |  3.18e-04 |  3.59e-02 |  6.10e-04 |  2.19e-05 |  1.0e-04 |  1.87e-10 |  1.01e-02 |  3.64e-02
  7080 |  3.819e-04 |  3.819e-05 |  3.966e-08 |  1.81e-04 |  1.31e-04 |  4.59e-05 |  3.18e-04 |  3.59e-02 |  6.71e-04 |  2.41e-05 |  1.0e-04 |  2.16e-10 |  1.01e-02 |  3.64e-02
  7090 |  3.820e-04 |  3.820e-05 |  3.963e-08 |  1.81e-04 |  1.31e-04 |  4.59e-05 |  3.18e-04 |  3.59e-02 |  6.70e-04 |  2.41e-05 |  1.0e-04 |  2.41e-10 |  1.01e-02 |  3.64e-02
  7100 |  3.820e-04 |  3.821e-05 |  3.959e-08 |  1.80e-04 |  1.31e-04 |  4.59e-05 |  3.18e-04 |  3.59e-02 |  6.70e-04 |  2.40e-05 |  1.0e-04 |  2.11e-10 |  1.01e-02 |  3.64e-02
  7110 |  3.821e-04 |  3.821e-05 |  3.956e-08 |  1.80e-04 |  1.31e-04 |  4.58e-05 |  3.18e-04 |  3.59e-02 |  6.69e-04 |  2.40e-05 |  1.0e-04 |  2.18e-10 |  1.01e-02 |  3.64e-02
  7120 |  3.822e-04 |  3.822e-05 |  3.953e-08 |  1.80e-04 |  1.31e-04 |  4.58e-05 |  3.18e-04 |  3.58e-02 |  6.69e-04 |  2.40e-05 |  1.0e-04 |  2.41e-10 |  1.01e-02 |  3.64e-02
  7130 |  3.822e-04 |  3.822e-05 |  3.949e-08 |  1.80e-04 |  1.31e-04 |  4.58e-05 |  3.17e-04 |  3.58e-02 |  6.68e-04 |  2.39e-05 |  1.0e-04 |  2.10e-10 |  1.01e-02 |  3.64e-02
  7140 |  3.823e-04 |  3.823e-05 |  3.946e-08 |  1.80e-04 |  1.31e-04 |  4.57e-05 |  3.17e-04 |  3.58e-02 |  6.68e-04 |  2.39e-05 |  1.0e-04 |  2.07e-10 |  1.00e-02 |  3.64e-02
  7150 |  3.824e-04 |  3.824e-05 |  3.943e-08 |  1.80e-04 |  1.31e-04 |  4.57e-05 |  3.17e-04 |  3.58e-02 |  6.67e-04 |  2.39e-05 |  1.0e-04 |  2.03e-10 |  1.00e-02 |  3.64e-02
  7160 |  3.824e-04 |  3.824e-05 |  3.939e-08 |  1.80e-04 |  1.31e-04 |  4.57e-05 |  3.17e-04 |  3.58e-02 |  6.66e-04 |  2.38e-05 |  1.0e-04 |  2.28e-10 |  1.00e-02 |  3.64e-02
  7170 |  3.825e-04 |  3.825e-05 |  3.936e-08 |  1.80e-04 |  1.31e-04 |  4.57e-05 |  3.17e-04 |  3.58e-02 |  6.66e-04 |  2.38e-05 |  1.0e-04 |  2.02e-10 |  1.00e-02 |  3.64e-02
  7180 |  3.825e-04 |  3.826e-05 |  3.933e-08 |  1.80e-04 |  1.31e-04 |  4.56e-05 |  3.17e-04 |  3.58e-02 |  6.65e-04 |  2.38e-05 |  1.0e-04 |  1.94e-10 |  1.00e-02 |  3.64e-02
  7190 |  3.826e-04 |  3.826e-05 |  3.930e-08 |  1.80e-04 |  1.30e-04 |  4.56e-05 |  3.16e-04 |  3.57e-02 |  6.65e-04 |  2.38e-05 |  1.0e-04 |  2.40e-10 |  1.00e-02 |  3.64e-02
  7200 |  3.827e-04 |  3.827e-05 |  3.926e-08 |  1.80e-04 |  1.30e-04 |  4.56e-05 |  3.16e-04 |  3.57e-02 |  6.64e-04 |  2.37e-05 |  1.0e-04 |  1.78e-10 |  1.00e-02 |  3.64e-02
  7210 |  3.827e-04 |  3.827e-05 |  3.923e-08 |  1.80e-04 |  1.30e-04 |  4.56e-05 |  3.16e-04 |  3.57e-02 |  6.64e-04 |  2.37e-05 |  1.0e-04 |  1.87e-10 |  9.99e-03 |  3.64e-02
  7220 |  3.828e-04 |  3.828e-05 |  3.920e-08 |  1.80e-04 |  1.30e-04 |  4.55e-05 |  3.16e-04 |  3.57e-02 |  6.63e-04 |  2.37e-05 |  1.0e-04 |  2.12e-10 |  9.99e-03 |  3.64e-02
  7230 |  3.829e-04 |  3.829e-05 |  3.917e-08 |  1.80e-04 |  1.30e-04 |  4.55e-05 |  3.16e-04 |  3.57e-02 |  6.63e-04 |  2.36e-05 |  1.0e-04 |  2.27e-10 |  9.98e-03 |  3.64e-02
  7240 |  3.829e-04 |  3.829e-05 |  3.913e-08 |  1.80e-04 |  1.30e-04 |  4.55e-05 |  3.16e-04 |  3.57e-02 |  6.62e-04 |  2.36e-05 |  1.0e-04 |  1.85e-10 |  9.97e-03 |  3.64e-02
  7250 |  3.830e-04 |  3.830e-05 |  3.910e-08 |  1.80e-04 |  1.30e-04 |  4.55e-05 |  3.15e-04 |  3.56e-02 |  6.62e-04 |  2.36e-05 |  1.0e-04 |  1.97e-10 |  9.97e-03 |  3.64e-02
  7260 |  3.831e-04 |  3.831e-05 |  3.907e-08 |  1.80e-04 |  1.30e-04 |  4.54e-05 |  3.15e-04 |  3.56e-02 |  6.61e-04 |  2.36e-05 |  1.0e-04 |  1.62e-10 |  9.96e-03 |  3.64e-02
  7270 |  3.831e-04 |  3.831e-05 |  3.904e-08 |  1.80e-04 |  1.30e-04 |  4.54e-05 |  3.15e-04 |  3.56e-02 |  6.61e-04 |  2.35e-05 |  1.0e-04 |  1.94e-10 |  9.95e-03 |  3.64e-02
  7280 |  3.832e-04 |  3.832e-05 |  3.900e-08 |  1.79e-04 |  1.30e-04 |  4.54e-05 |  3.15e-04 |  3.56e-02 |  6.60e-04 |  2.35e-05 |  1.0e-04 |  2.12e-10 |  9.95e-03 |  3.64e-02
  7290 |  3.833e-04 |  3.833e-05 |  3.897e-08 |  1.79e-04 |  1.29e-04 |  4.54e-05 |  3.15e-04 |  3.56e-02 |  6.60e-04 |  2.35e-05 |  1.0e-04 |  1.98e-10 |  9.94e-03 |  3.64e-02
  7300 |  3.833e-04 |  3.833e-05 |  3.894e-08 |  1.79e-04 |  1.29e-04 |  4.53e-05 |  3.15e-04 |  3.56e-02 |  6.59e-04 |  2.34e-05 |  1.0e-04 |  2.01e-10 |  9.93e-03 |  3.64e-02
  7310 |  3.834e-04 |  3.834e-05 |  3.891e-08 |  1.79e-04 |  1.29e-04 |  4.53e-05 |  3.14e-04 |  3.55e-02 |  6.58e-04 |  2.34e-05 |  1.0e-04 |  1.62e-10 |  9.92e-03 |  3.64e-02
  7320 |  3.834e-04 |  3.835e-05 |  3.887e-08 |  1.79e-04 |  1.29e-04 |  4.53e-05 |  3.14e-04 |  3.55e-02 |  6.58e-04 |  2.34e-05 |  1.0e-04 |  1.54e-10 |  9.92e-03 |  3.64e-02
  7330 |  3.835e-04 |  3.835e-05 |  3.884e-08 |  1.79e-04 |  1.29e-04 |  4.53e-05 |  3.14e-04 |  3.55e-02 |  6.57e-04 |  2.33e-05 |  1.0e-04 |  1.76e-10 |  9.91e-03 |  3.64e-02
  7340 |  3.836e-04 |  3.836e-05 |  3.881e-08 |  1.79e-04 |  1.29e-04 |  4.52e-05 |  3.14e-04 |  3.55e-02 |  6.57e-04 |  2.33e-05 |  1.0e-04 |  1.86e-10 |  9.90e-03 |  3.64e-02
  7350 |  3.836e-04 |  3.836e-05 |  3.878e-08 |  1.79e-04 |  1.29e-04 |  4.52e-05 |  3.14e-04 |  3.55e-02 |  6.56e-04 |  2.33e-05 |  1.0e-04 |  1.79e-10 |  9.90e-03 |  3.64e-02
  7360 |  3.837e-04 |  3.837e-05 |  3.875e-08 |  1.79e-04 |  1.29e-04 |  4.52e-05 |  3.14e-04 |  3.55e-02 |  6.56e-04 |  2.33e-05 |  1.0e-04 |  2.06e-10 |  9.89e-03 |  3.64e-02
  7370 |  3.838e-04 |  3.838e-05 |  3.872e-08 |  1.79e-04 |  1.29e-04 |  4.52e-05 |  3.13e-04 |  3.55e-02 |  6.55e-04 |  2.32e-05 |  1.0e-04 |  1.68e-10 |  9.88e-03 |  3.64e-02
  7380 |  3.838e-04 |  3.838e-05 |  3.868e-08 |  1.79e-04 |  1.29e-04 |  4.51e-05 |  3.13e-04 |  3.54e-02 |  6.55e-04 |  2.32e-05 |  1.0e-04 |  2.06e-10 |  9.88e-03 |  3.64e-02
  7390 |  3.839e-04 |  3.839e-05 |  3.865e-08 |  1.79e-04 |  1.29e-04 |  4.51e-05 |  3.13e-04 |  3.54e-02 |  6.54e-04 |  2.32e-05 |  1.0e-04 |  1.67e-10 |  9.87e-03 |  3.64e-02
  7400 |  3.840e-04 |  3.840e-05 |  3.862e-08 |  1.79e-04 |  1.28e-04 |  4.51e-05 |  3.13e-04 |  3.54e-02 |  6.54e-04 |  2.31e-05 |  1.0e-04 |  1.62e-10 |  9.86e-03 |  3.64e-02
  7410 |  3.840e-04 |  3.840e-05 |  3.859e-08 |  1.79e-04 |  1.28e-04 |  4.51e-05 |  3.13e-04 |  3.54e-02 |  6.53e-04 |  2.31e-05 |  1.0e-04 |  1.84e-10 |  9.86e-03 |  3.64e-02
  7420 |  3.841e-04 |  3.841e-05 |  3.856e-08 |  1.79e-04 |  1.28e-04 |  4.50e-05 |  3.13e-04 |  3.54e-02 |  6.53e-04 |  2.31e-05 |  1.0e-04 |  1.71e-10 |  9.85e-03 |  3.64e-02
  7430 |  3.842e-04 |  3.842e-05 |  3.853e-08 |  1.79e-04 |  1.28e-04 |  4.50e-05 |  3.12e-04 |  3.54e-02 |  6.52e-04 |  2.31e-05 |  1.0e-04 |  1.72e-10 |  9.84e-03 |  3.64e-02
  7440 |  3.842e-04 |  3.842e-05 |  3.850e-08 |  1.79e-04 |  1.28e-04 |  4.50e-05 |  3.12e-04 |  3.53e-02 |  6.52e-04 |  2.30e-05 |  1.0e-04 |  2.29e-10 |  9.84e-03 |  3.64e-02
  7450 |  3.843e-04 |  3.843e-05 |  3.847e-08 |  1.79e-04 |  1.28e-04 |  4.50e-05 |  3.12e-04 |  3.53e-02 |  6.51e-04 |  2.30e-05 |  1.0e-04 |  2.30e-10 |  9.83e-03 |  3.64e-02
  7460 |  3.844e-04 |  3.844e-05 |  3.843e-08 |  1.78e-04 |  1.28e-04 |  4.49e-05 |  3.12e-04 |  3.53e-02 |  6.51e-04 |  2.30e-05 |  1.0e-04 |  2.11e-10 |  9.82e-03 |  3.64e-02
  7470 |  3.844e-04 |  3.844e-05 |  3.840e-08 |  1.78e-04 |  1.28e-04 |  4.49e-05 |  3.12e-04 |  3.53e-02 |  6.50e-04 |  2.30e-05 |  1.0e-04 |  1.93e-10 |  9.82e-03 |  3.64e-02
  7480 |  3.845e-04 |  3.845e-05 |  3.837e-08 |  1.78e-04 |  1.28e-04 |  4.49e-05 |  3.12e-04 |  3.53e-02 |  6.50e-04 |  2.29e-05 |  1.0e-04 |  1.92e-10 |  9.81e-03 |  3.64e-02
  7490 |  3.846e-04 |  3.846e-05 |  3.834e-08 |  1.78e-04 |  1.28e-04 |  4.49e-05 |  3.11e-04 |  3.53e-02 |  6.49e-04 |  2.29e-05 |  1.0e-04 |  1.69e-10 |  9.80e-03 |  3.64e-02
  7500 |  3.846e-04 |  3.846e-05 |  3.831e-08 |  1.78e-04 |  1.28e-04 |  4.48e-05 |  3.11e-04 |  3.53e-02 |  6.49e-04 |  2.29e-05 |  1.0e-04 |  1.58e-10 |  9.80e-03 |  3.64e-02
  7510 |  3.847e-04 |  3.847e-05 |  3.828e-08 |  1.78e-04 |  1.28e-04 |  4.48e-05 |  3.11e-04 |  3.52e-02 |  6.48e-04 |  2.28e-05 |  1.0e-04 |  1.64e-10 |  9.79e-03 |  3.64e-02
  7520 |  3.848e-04 |  3.848e-05 |  3.825e-08 |  1.78e-04 |  1.27e-04 |  4.48e-05 |  3.11e-04 |  3.52e-02 |  6.48e-04 |  2.28e-05 |  1.0e-04 |  2.40e-10 |  9.78e-03 |  3.64e-02
  7530 |  3.848e-04 |  3.848e-05 |  3.822e-08 |  1.78e-04 |  1.27e-04 |  4.48e-05 |  3.11e-04 |  3.52e-02 |  6.47e-04 |  2.28e-05 |  1.0e-04 |  1.73e-10 |  9.78e-03 |  3.64e-02
  7540 |  3.849e-04 |  3.849e-05 |  3.819e-08 |  1.78e-04 |  1.27e-04 |  4.47e-05 |  3.11e-04 |  3.52e-02 |  6.47e-04 |  2.28e-05 |  1.0e-04 |  2.17e-10 |  9.77e-03 |  3.64e-02
  7550 |  3.850e-04 |  3.850e-05 |  3.816e-08 |  1.78e-04 |  1.27e-04 |  4.47e-05 |  3.10e-04 |  3.52e-02 |  6.46e-04 |  2.27e-05 |  1.0e-04 |  1.98e-10 |  9.76e-03 |  3.64e-02
  7560 |  3.850e-04 |  3.850e-05 |  3.813e-08 |  1.78e-04 |  1.27e-04 |  4.47e-05 |  3.10e-04 |  3.52e-02 |  6.46e-04 |  2.27e-05 |  1.0e-04 |  2.11e-10 |  9.76e-03 |  3.64e-02
  7570 |  3.851e-04 |  3.851e-05 |  3.810e-08 |  1.78e-04 |  1.27e-04 |  4.47e-05 |  3.10e-04 |  3.51e-02 |  6.45e-04 |  2.27e-05 |  1.0e-04 |  1.96e-10 |  9.75e-03 |  3.64e-02
  7580 |  3.852e-04 |  3.852e-05 |  3.807e-08 |  1.78e-04 |  1.27e-04 |  4.47e-05 |  3.10e-04 |  3.51e-02 |  6.45e-04 |  2.26e-05 |  1.0e-04 |  2.06e-10 |  9.74e-03 |  3.64e-02
  7590 |  3.852e-04 |  3.853e-05 |  3.804e-08 |  1.78e-04 |  1.27e-04 |  4.46e-05 |  3.10e-04 |  3.51e-02 |  6.44e-04 |  2.26e-05 |  1.0e-04 |  2.01e-10 |  9.74e-03 |  3.64e-02
  7600 |  3.853e-04 |  3.853e-05 |  3.801e-08 |  1.78e-04 |  1.27e-04 |  4.46e-05 |  3.10e-04 |  3.51e-02 |  6.44e-04 |  2.26e-05 |  1.0e-04 |  1.94e-10 |  9.73e-03 |  3.64e-02
  7610 |  3.854e-04 |  3.854e-05 |  3.798e-08 |  1.78e-04 |  1.27e-04 |  4.46e-05 |  3.09e-04 |  3.51e-02 |  6.43e-04 |  2.26e-05 |  1.0e-04 |  1.69e-10 |  9.72e-03 |  3.64e-02
  7620 |  3.854e-04 |  3.855e-05 |  3.795e-08 |  1.78e-04 |  1.27e-04 |  4.46e-05 |  3.09e-04 |  3.51e-02 |  6.43e-04 |  2.25e-05 |  1.0e-04 |  1.83e-10 |  9.72e-03 |  3.64e-02
  7630 |  3.855e-04 |  3.855e-05 |  3.792e-08 |  1.78e-04 |  1.26e-04 |  4.45e-05 |  3.09e-04 |  3.51e-02 |  6.42e-04 |  2.25e-05 |  1.0e-04 |  1.85e-10 |  9.71e-03 |  3.64e-02
  7640 |  3.856e-04 |  3.856e-05 |  3.789e-08 |  1.78e-04 |  1.26e-04 |  4.45e-05 |  3.09e-04 |  3.50e-02 |  6.42e-04 |  2.25e-05 |  1.0e-04 |  1.69e-10 |  9.70e-03 |  3.64e-02
  7650 |  3.857e-04 |  3.857e-05 |  3.786e-08 |  1.77e-04 |  1.26e-04 |  4.45e-05 |  3.09e-04 |  3.50e-02 |  6.41e-04 |  2.25e-05 |  1.0e-04 |  1.82e-10 |  9.70e-03 |  3.64e-02
  7660 |  3.857e-04 |  3.857e-05 |  3.783e-08 |  1.77e-04 |  1.26e-04 |  4.45e-05 |  3.09e-04 |  3.50e-02 |  6.41e-04 |  2.24e-05 |  1.0e-04 |  2.06e-10 |  9.69e-03 |  3.64e-02
  7670 |  3.858e-04 |  3.858e-05 |  3.780e-08 |  1.77e-04 |  1.26e-04 |  4.44e-05 |  3.08e-04 |  3.50e-02 |  6.40e-04 |  2.24e-05 |  1.0e-04 |  1.84e-10 |  9.68e-03 |  3.64e-02
  7680 |  3.859e-04 |  3.859e-05 |  3.777e-08 |  1.77e-04 |  1.26e-04 |  4.44e-05 |  3.08e-04 |  3.50e-02 |  6.40e-04 |  2.24e-05 |  1.0e-04 |  2.03e-10 |  9.68e-03 |  3.64e-02
  7690 |  3.859e-04 |  3.859e-05 |  3.774e-08 |  1.77e-04 |  1.26e-04 |  4.44e-05 |  3.08e-04 |  3.50e-02 |  6.39e-04 |  2.23e-05 |  1.0e-04 |  2.16e-10 |  9.67e-03 |  3.64e-02
  7700 |  3.860e-04 |  3.860e-05 |  3.771e-08 |  1.77e-04 |  1.26e-04 |  4.44e-05 |  3.08e-04 |  3.49e-02 |  6.39e-04 |  2.23e-05 |  1.0e-04 |  1.44e-10 |  9.67e-03 |  3.64e-02
  7710 |  3.861e-04 |  3.861e-05 |  3.768e-08 |  1.77e-04 |  1.26e-04 |  4.43e-05 |  3.08e-04 |  3.49e-02 |  6.38e-04 |  2.23e-05 |  1.0e-04 |  2.28e-10 |  9.66e-03 |  3.64e-02
  7720 |  3.861e-04 |  3.861e-05 |  3.765e-08 |  1.77e-04 |  1.26e-04 |  4.43e-05 |  3.08e-04 |  3.49e-02 |  6.38e-04 |  2.23e-05 |  1.0e-04 |  1.64e-10 |  9.65e-03 |  3.64e-02
  7730 |  3.862e-04 |  3.862e-05 |  3.762e-08 |  1.77e-04 |  1.26e-04 |  4.43e-05 |  3.08e-04 |  3.49e-02 |  6.37e-04 |  2.22e-05 |  1.0e-04 |  2.06e-10 |  9.65e-03 |  3.64e-02
  7740 |  3.863e-04 |  3.863e-05 |  3.759e-08 |  1.77e-04 |  1.26e-04 |  4.43e-05 |  3.07e-04 |  3.49e-02 |  6.37e-04 |  2.22e-05 |  1.0e-04 |  2.33e-10 |  9.64e-03 |  3.64e-02
  7750 |  3.863e-04 |  3.864e-05 |  3.756e-08 |  1.77e-04 |  1.25e-04 |  4.42e-05 |  3.07e-04 |  3.49e-02 |  6.36e-04 |  2.22e-05 |  1.0e-04 |  1.79e-10 |  9.63e-03 |  3.64e-02
  7760 |  3.864e-04 |  3.864e-05 |  3.753e-08 |  1.77e-04 |  1.25e-04 |  4.42e-05 |  3.07e-04 |  3.49e-02 |  6.36e-04 |  2.22e-05 |  1.0e-04 |  2.46e-10 |  9.63e-03 |  3.64e-02
  7770 |  3.865e-04 |  3.865e-05 |  3.750e-08 |  1.77e-04 |  1.25e-04 |  4.42e-05 |  3.07e-04 |  3.48e-02 |  6.35e-04 |  2.21e-05 |  1.0e-04 |  1.86e-10 |  9.62e-03 |  3.64e-02
  7780 |  3.866e-04 |  3.866e-05 |  3.747e-08 |  1.77e-04 |  1.25e-04 |  4.42e-05 |  3.07e-04 |  3.48e-02 |  6.35e-04 |  2.21e-05 |  1.0e-04 |  2.34e-10 |  9.61e-03 |  3.64e-02
  7790 |  3.866e-04 |  3.866e-05 |  3.745e-08 |  1.77e-04 |  1.25e-04 |  4.42e-05 |  3.07e-04 |  3.48e-02 |  6.34e-04 |  2.21e-05 |  1.0e-04 |  2.03e-10 |  9.61e-03 |  3.64e-02
  7800 |  3.867e-04 |  3.867e-05 |  3.742e-08 |  1.77e-04 |  1.25e-04 |  4.41e-05 |  3.06e-04 |  3.48e-02 |  6.34e-04 |  2.21e-05 |  1.0e-04 |  1.65e-10 |  9.60e-03 |  3.64e-02
  7810 |  3.868e-04 |  3.868e-05 |  3.739e-08 |  1.77e-04 |  1.25e-04 |  4.41e-05 |  3.06e-04 |  3.48e-02 |  6.33e-04 |  2.20e-05 |  1.0e-04 |  1.84e-10 |  9.60e-03 |  3.64e-02
  7820 |  3.868e-04 |  3.868e-05 |  3.736e-08 |  1.77e-04 |  1.25e-04 |  4.41e-05 |  3.06e-04 |  3.48e-02 |  6.33e-04 |  2.20e-05 |  1.0e-04 |  1.69e-10 |  9.59e-03 |  3.64e-02
  7830 |  3.869e-04 |  3.869e-05 |  3.733e-08 |  1.77e-04 |  1.25e-04 |  4.41e-05 |  3.06e-04 |  3.47e-02 |  6.33e-04 |  2.20e-05 |  1.0e-04 |  1.43e-10 |  9.58e-03 |  3.64e-02
  7840 |  3.870e-04 |  3.870e-05 |  3.730e-08 |  1.77e-04 |  1.25e-04 |  4.40e-05 |  3.06e-04 |  3.47e-02 |  6.32e-04 |  2.20e-05 |  1.0e-04 |  1.73e-10 |  9.58e-03 |  3.64e-02
  7850 |  3.870e-04 |  3.871e-05 |  3.727e-08 |  1.76e-04 |  1.25e-04 |  4.40e-05 |  3.06e-04 |  3.47e-02 |  6.32e-04 |  2.19e-05 |  1.0e-04 |  1.92e-10 |  9.57e-03 |  3.64e-02
  7860 |  3.871e-04 |  3.871e-05 |  3.724e-08 |  1.76e-04 |  1.24e-04 |  4.40e-05 |  3.05e-04 |  3.47e-02 |  6.31e-04 |  2.19e-05 |  1.0e-04 |  2.11e-10 |  9.56e-03 |  3.64e-02
  7870 |  3.872e-04 |  3.872e-05 |  3.722e-08 |  1.76e-04 |  1.24e-04 |  4.40e-05 |  3.05e-04 |  3.47e-02 |  6.31e-04 |  2.19e-05 |  1.0e-04 |  2.11e-10 |  9.56e-03 |  3.64e-02
  7880 |  3.873e-04 |  3.873e-05 |  3.719e-08 |  1.76e-04 |  1.24e-04 |  4.39e-05 |  3.05e-04 |  3.47e-02 |  6.30e-04 |  2.18e-05 |  1.0e-04 |  2.23e-10 |  9.55e-03 |  3.64e-02
  7890 |  3.873e-04 |  3.873e-05 |  3.716e-08 |  1.76e-04 |  1.24e-04 |  4.39e-05 |  3.05e-04 |  3.47e-02 |  6.30e-04 |  2.18e-05 |  1.0e-04 |  1.86e-10 |  9.55e-03 |  3.64e-02
  7900 |  3.874e-04 |  3.874e-05 |  3.713e-08 |  1.76e-04 |  1.24e-04 |  4.39e-05 |  3.05e-04 |  3.46e-02 |  6.29e-04 |  2.18e-05 |  1.0e-04 |  1.76e-10 |  9.54e-03 |  3.64e-02
  7910 |  3.875e-04 |  3.875e-05 |  3.710e-08 |  1.76e-04 |  1.24e-04 |  4.39e-05 |  3.05e-04 |  3.46e-02 |  6.29e-04 |  2.18e-05 |  1.0e-04 |  2.05e-10 |  9.53e-03 |  3.64e-02
  7920 |  3.875e-04 |  3.875e-05 |  3.707e-08 |  1.76e-04 |  1.24e-04 |  4.39e-05 |  3.05e-04 |  3.46e-02 |  6.28e-04 |  2.17e-05 |  1.0e-04 |  1.96e-10 |  9.53e-03 |  3.64e-02
  7930 |  3.876e-04 |  3.876e-05 |  3.705e-08 |  1.76e-04 |  1.24e-04 |  4.38e-05 |  3.04e-04 |  3.46e-02 |  6.28e-04 |  2.17e-05 |  1.0e-04 |  2.34e-10 |  9.52e-03 |  3.64e-02
  7940 |  3.877e-04 |  3.877e-05 |  3.702e-08 |  1.76e-04 |  1.24e-04 |  4.38e-05 |  3.04e-04 |  3.46e-02 |  6.27e-04 |  2.17e-05 |  1.0e-04 |  1.94e-10 |  9.52e-03 |  3.64e-02
  7950 |  3.878e-04 |  3.878e-05 |  3.699e-08 |  1.76e-04 |  1.24e-04 |  4.38e-05 |  3.04e-04 |  3.46e-02 |  6.27e-04 |  2.17e-05 |  1.0e-04 |  1.96e-10 |  9.51e-03 |  3.64e-02
  7960 |  3.878e-04 |  3.878e-05 |  3.696e-08 |  1.76e-04 |  1.24e-04 |  4.38e-05 |  3.04e-04 |  3.46e-02 |  6.26e-04 |  2.16e-05 |  1.0e-04 |  1.67e-10 |  9.50e-03 |  3.64e-02
  7970 |  3.879e-04 |  3.879e-05 |  3.693e-08 |  1.76e-04 |  1.24e-04 |  4.37e-05 |  3.04e-04 |  3.45e-02 |  6.26e-04 |  2.16e-05 |  1.0e-04 |  1.82e-10 |  9.50e-03 |  3.64e-02
  7980 |  3.880e-04 |  3.880e-05 |  3.691e-08 |  1.76e-04 |  1.24e-04 |  4.37e-05 |  3.04e-04 |  3.45e-02 |  6.26e-04 |  2.16e-05 |  1.0e-04 |  1.96e-10 |  9.49e-03 |  3.64e-02
  7990 |  3.880e-04 |  3.880e-05 |  3.688e-08 |  1.76e-04 |  1.23e-04 |  4.37e-05 |  3.03e-04 |  3.45e-02 |  6.25e-04 |  2.16e-05 |  1.0e-04 |  1.65e-10 |  9.49e-03 |  3.64e-02
  8000 |  3.881e-04 |  3.881e-05 |  3.685e-08 |  1.76e-04 |  1.23e-04 |  4.37e-05 |  3.03e-04 |  3.45e-02 |  6.25e-04 |  2.15e-05 |  1.0e-04 |  1.76e-10 |  9.48e-03 |  3.64e-02
  8010 |  3.882e-04 |  3.882e-05 |  3.682e-08 |  1.76e-04 |  1.23e-04 |  4.36e-05 |  3.03e-04 |  3.45e-02 |  6.24e-04 |  2.15e-05 |  1.0e-04 |  1.72e-10 |  9.47e-03 |  3.64e-02
  8020 |  3.883e-04 |  3.883e-05 |  3.680e-08 |  1.76e-04 |  1.23e-04 |  4.36e-05 |  3.03e-04 |  3.45e-02 |  6.24e-04 |  2.15e-05 |  1.0e-04 |  2.00e-10 |  9.47e-03 |  3.64e-02
  8030 |  3.883e-04 |  3.883e-05 |  3.677e-08 |  1.76e-04 |  1.23e-04 |  4.36e-05 |  3.03e-04 |  3.44e-02 |  6.23e-04 |  2.15e-05 |  1.0e-04 |  1.64e-10 |  9.46e-03 |  3.64e-02
  8040 |  3.884e-04 |  3.884e-05 |  3.674e-08 |  1.76e-04 |  1.23e-04 |  4.36e-05 |  3.03e-04 |  3.44e-02 |  6.23e-04 |  2.14e-05 |  1.0e-04 |  1.73e-10 |  9.46e-03 |  3.64e-02
  8050 |  3.885e-04 |  3.885e-05 |  3.671e-08 |  1.75e-04 |  1.23e-04 |  4.36e-05 |  3.03e-04 |  3.44e-02 |  6.22e-04 |  2.14e-05 |  1.0e-04 |  1.67e-10 |  9.45e-03 |  3.64e-02
  8060 |  3.885e-04 |  3.886e-05 |  3.669e-08 |  1.75e-04 |  1.23e-04 |  4.35e-05 |  3.02e-04 |  3.44e-02 |  6.22e-04 |  2.14e-05 |  1.0e-04 |  1.79e-10 |  9.44e-03 |  3.64e-02
  8070 |  3.886e-04 |  3.886e-05 |  3.666e-08 |  1.75e-04 |  1.23e-04 |  4.35e-05 |  3.02e-04 |  3.44e-02 |  6.21e-04 |  2.14e-05 |  1.0e-04 |  1.41e-10 |  9.44e-03 |  3.64e-02
  8080 |  3.887e-04 |  3.887e-05 |  3.663e-08 |  1.75e-04 |  1.23e-04 |  4.35e-05 |  3.02e-04 |  3.44e-02 |  6.21e-04 |  2.13e-05 |  1.0e-04 |  1.57e-10 |  9.43e-03 |  3.64e-02
  8090 |  3.888e-04 |  3.888e-05 |  3.660e-08 |  1.75e-04 |  1.23e-04 |  4.35e-05 |  3.02e-04 |  3.44e-02 |  6.21e-04 |  2.13e-05 |  1.0e-04 |  1.74e-10 |  9.43e-03 |  3.64e-02
  8100 |  3.888e-04 |  3.888e-05 |  3.658e-08 |  1.75e-04 |  1.23e-04 |  4.34e-05 |  3.02e-04 |  3.43e-02 |  6.20e-04 |  2.13e-05 |  1.0e-04 |  1.50e-10 |  9.42e-03 |  3.64e-02
  8110 |  3.889e-04 |  3.889e-05 |  3.655e-08 |  1.75e-04 |  1.22e-04 |  4.34e-05 |  3.02e-04 |  3.43e-02 |  6.20e-04 |  2.13e-05 |  1.0e-04 |  1.76e-10 |  9.41e-03 |  3.64e-02
  8120 |  3.890e-04 |  3.890e-05 |  3.652e-08 |  1.75e-04 |  1.22e-04 |  4.34e-05 |  3.02e-04 |  3.43e-02 |  6.19e-04 |  2.12e-05 |  1.0e-04 |  1.80e-10 |  9.41e-03 |  3.64e-02
  8130 |  3.891e-04 |  3.891e-05 |  3.649e-08 |  1.75e-04 |  1.22e-04 |  4.34e-05 |  3.01e-04 |  3.43e-02 |  6.19e-04 |  2.12e-05 |  1.0e-04 |  1.68e-10 |  9.40e-03 |  3.64e-02
  8140 |  3.891e-04 |  3.891e-05 |  3.647e-08 |  1.75e-04 |  1.22e-04 |  4.34e-05 |  3.01e-04 |  3.43e-02 |  6.18e-04 |  2.12e-05 |  1.0e-04 |  1.65e-10 |  9.40e-03 |  3.64e-02
  8150 |  3.892e-04 |  3.892e-05 |  3.644e-08 |  1.75e-04 |  1.22e-04 |  4.33e-05 |  3.01e-04 |  3.43e-02 |  6.18e-04 |  2.12e-05 |  1.0e-04 |  2.09e-10 |  9.39e-03 |  3.64e-02
  8160 |  3.893e-04 |  3.893e-05 |  3.641e-08 |  1.75e-04 |  1.22e-04 |  4.33e-05 |  3.01e-04 |  3.42e-02 |  6.17e-04 |  2.11e-05 |  1.0e-04 |  1.75e-10 |  9.38e-03 |  3.64e-02
  8170 |  3.893e-04 |  3.894e-05 |  3.639e-08 |  1.75e-04 |  1.22e-04 |  4.33e-05 |  3.01e-04 |  3.42e-02 |  6.17e-04 |  2.11e-05 |  1.0e-04 |  1.63e-10 |  9.38e-03 |  3.64e-02
  8180 |  3.894e-04 |  3.894e-05 |  3.636e-08 |  1.75e-04 |  1.22e-04 |  4.33e-05 |  3.01e-04 |  3.42e-02 |  6.17e-04 |  2.11e-05 |  1.0e-04 |  1.88e-10 |  9.37e-03 |  3.64e-02
  8190 |  3.895e-04 |  3.895e-05 |  3.633e-08 |  1.75e-04 |  1.22e-04 |  4.32e-05 |  3.01e-04 |  3.42e-02 |  6.16e-04 |  2.11e-05 |  1.0e-04 |  1.44e-10 |  9.37e-03 |  3.64e-02
  8200 |  3.896e-04 |  3.896e-05 |  3.631e-08 |  1.75e-04 |  1.22e-04 |  4.32e-05 |  3.00e-04 |  3.42e-02 |  6.16e-04 |  2.10e-05 |  1.0e-04 |  1.82e-10 |  9.36e-03 |  3.64e-02
  8210 |  3.896e-04 |  3.896e-05 |  3.628e-08 |  1.75e-04 |  1.22e-04 |  4.32e-05 |  3.00e-04 |  3.42e-02 |  6.15e-04 |  2.10e-05 |  1.0e-04 |  2.07e-10 |  9.36e-03 |  3.64e-02
  8220 |  3.897e-04 |  3.897e-05 |  3.625e-08 |  1.75e-04 |  1.22e-04 |  4.32e-05 |  3.00e-04 |  3.42e-02 |  6.15e-04 |  2.10e-05 |  1.0e-04 |  1.83e-10 |  9.35e-03 |  3.64e-02
  8230 |  3.898e-04 |  3.898e-05 |  3.623e-08 |  1.75e-04 |  1.21e-04 |  4.32e-05 |  3.00e-04 |  3.41e-02 |  6.14e-04 |  2.10e-05 |  1.0e-04 |  2.13e-10 |  9.34e-03 |  3.64e-02
  8240 |  3.899e-04 |  3.899e-05 |  3.620e-08 |  1.75e-04 |  1.21e-04 |  4.31e-05 |  3.00e-04 |  3.41e-02 |  6.14e-04 |  2.10e-05 |  1.0e-04 |  1.74e-10 |  9.34e-03 |  3.64e-02
  8250 |  3.899e-04 |  3.899e-05 |  3.617e-08 |  1.75e-04 |  1.21e-04 |  4.31e-05 |  3.00e-04 |  3.41e-02 |  6.13e-04 |  2.09e-05 |  1.0e-04 |  1.69e-10 |  9.33e-03 |  3.64e-02
  8260 |  3.900e-04 |  3.900e-05 |  3.615e-08 |  1.74e-04 |  1.21e-04 |  4.31e-05 |  2.99e-04 |  3.41e-02 |  6.13e-04 |  2.09e-05 |  1.0e-04 |  2.01e-10 |  9.33e-03 |  3.64e-02
  8270 |  3.901e-04 |  3.901e-05 |  3.612e-08 |  1.74e-04 |  1.21e-04 |  4.31e-05 |  2.99e-04 |  3.41e-02 |  6.13e-04 |  2.09e-05 |  1.0e-04 |  1.76e-10 |  9.32e-03 |  3.64e-02
  8280 |  3.902e-04 |  3.902e-05 |  3.609e-08 |  1.74e-04 |  1.21e-04 |  4.30e-05 |  2.99e-04 |  3.41e-02 |  6.12e-04 |  2.09e-05 |  1.0e-04 |  2.07e-10 |  9.31e-03 |  3.64e-02
  8290 |  3.902e-04 |  3.902e-05 |  3.607e-08 |  1.74e-04 |  1.21e-04 |  4.30e-05 |  2.99e-04 |  3.41e-02 |  6.12e-04 |  2.08e-05 |  1.0e-04 |  2.02e-10 |  9.31e-03 |  3.64e-02
  8300 |  3.903e-04 |  3.903e-05 |  3.604e-08 |  1.74e-04 |  1.21e-04 |  4.30e-05 |  2.99e-04 |  3.40e-02 |  6.11e-04 |  2.08e-05 |  1.0e-04 |  1.91e-10 |  9.30e-03 |  3.64e-02
  8310 |  3.904e-04 |  3.904e-05 |  3.602e-08 |  1.74e-04 |  1.21e-04 |  4.30e-05 |  2.99e-04 |  3.40e-02 |  6.11e-04 |  2.08e-05 |  1.0e-04 |  1.55e-10 |  9.30e-03 |  3.64e-02
  8320 |  3.904e-04 |  3.905e-05 |  3.599e-08 |  1.74e-04 |  1.21e-04 |  4.30e-05 |  2.99e-04 |  3.40e-02 |  6.10e-04 |  2.08e-05 |  1.0e-04 |  1.74e-10 |  9.29e-03 |  3.64e-02
  8330 |  3.905e-04 |  3.905e-05 |  3.596e-08 |  1.74e-04 |  1.21e-04 |  4.29e-05 |  2.98e-04 |  3.40e-02 |  6.10e-04 |  2.07e-05 |  1.0e-04 |  1.82e-10 |  9.29e-03 |  3.64e-02
  8340 |  3.906e-04 |  3.906e-05 |  3.594e-08 |  1.74e-04 |  1.21e-04 |  4.29e-05 |  2.98e-04 |  3.40e-02 |  6.10e-04 |  2.07e-05 |  1.0e-04 |  2.01e-10 |  9.28e-03 |  3.64e-02
  8350 |  3.907e-04 |  3.907e-05 |  3.591e-08 |  1.74e-04 |  1.21e-04 |  4.29e-05 |  2.98e-04 |  3.40e-02 |  6.09e-04 |  2.07e-05 |  1.0e-04 |  1.62e-10 |  9.28e-03 |  3.64e-02
  8360 |  3.907e-04 |  3.908e-05 |  3.589e-08 |  1.74e-04 |  1.20e-04 |  4.29e-05 |  2.98e-04 |  3.40e-02 |  6.09e-04 |  2.07e-05 |  1.0e-04 |  1.74e-10 |  9.27e-03 |  3.64e-02
  8370 |  3.908e-04 |  3.908e-05 |  3.586e-08 |  1.74e-04 |  1.20e-04 |  4.28e-05 |  2.98e-04 |  3.39e-02 |  6.08e-04 |  2.06e-05 |  1.0e-04 |  1.72e-10 |  9.26e-03 |  3.64e-02
  8380 |  3.909e-04 |  3.909e-05 |  3.583e-08 |  1.74e-04 |  1.20e-04 |  4.28e-05 |  2.98e-04 |  3.39e-02 |  6.08e-04 |  2.06e-05 |  1.0e-04 |  1.88e-10 |  9.26e-03 |  3.64e-02
  8390 |  3.910e-04 |  3.910e-05 |  3.581e-08 |  1.74e-04 |  1.20e-04 |  4.28e-05 |  2.98e-04 |  3.39e-02 |  6.07e-04 |  2.06e-05 |  1.0e-04 |  1.81e-10 |  9.25e-03 |  3.64e-02
  8400 |  3.910e-04 |  3.910e-05 |  3.578e-08 |  1.74e-04 |  1.20e-04 |  4.28e-05 |  2.97e-04 |  3.39e-02 |  6.07e-04 |  2.06e-05 |  1.0e-04 |  1.99e-10 |  9.25e-03 |  3.64e-02
  8410 |  3.911e-04 |  3.911e-05 |  3.576e-08 |  1.74e-04 |  1.20e-04 |  4.28e-05 |  2.97e-04 |  3.39e-02 |  6.07e-04 |  2.06e-05 |  1.0e-04 |  1.51e-10 |  9.24e-03 |  3.64e-02
  8420 |  3.912e-04 |  3.912e-05 |  3.573e-08 |  1.74e-04 |  1.20e-04 |  4.27e-05 |  2.97e-04 |  3.39e-02 |  6.06e-04 |  2.05e-05 |  1.0e-04 |  1.82e-10 |  9.24e-03 |  3.64e-02
  8430 |  3.913e-04 |  3.913e-05 |  3.571e-08 |  1.74e-04 |  1.20e-04 |  4.27e-05 |  2.97e-04 |  3.38e-02 |  6.06e-04 |  2.05e-05 |  1.0e-04 |  1.58e-10 |  9.23e-03 |  3.64e-02
  8440 |  3.913e-04 |  3.913e-05 |  3.568e-08 |  1.74e-04 |  1.20e-04 |  4.27e-05 |  2.97e-04 |  3.38e-02 |  6.05e-04 |  2.05e-05 |  1.0e-04 |  1.83e-10 |  9.22e-03 |  3.64e-02
  8450 |  3.914e-04 |  3.914e-05 |  3.565e-08 |  1.74e-04 |  1.20e-04 |  4.27e-05 |  2.97e-04 |  3.38e-02 |  6.05e-04 |  2.05e-05 |  1.0e-04 |  2.01e-10 |  9.22e-03 |  3.64e-02
  8460 |  3.915e-04 |  3.915e-05 |  3.563e-08 |  1.74e-04 |  1.20e-04 |  4.27e-05 |  2.97e-04 |  3.38e-02 |  6.05e-04 |  2.04e-05 |  1.0e-04 |  2.02e-10 |  9.21e-03 |  3.64e-02
  8470 |  3.916e-04 |  3.916e-05 |  3.560e-08 |  1.74e-04 |  1.20e-04 |  4.26e-05 |  2.96e-04 |  3.38e-02 |  6.04e-04 |  2.04e-05 |  1.0e-04 |  2.07e-10 |  9.21e-03 |  3.64e-02
  8480 |  3.916e-04 |  3.916e-05 |  3.558e-08 |  1.73e-04 |  1.20e-04 |  4.26e-05 |  2.96e-04 |  3.38e-02 |  6.04e-04 |  2.04e-05 |  1.0e-04 |  1.66e-10 |  9.20e-03 |  3.64e-02
  8490 |  3.917e-04 |  3.917e-05 |  3.555e-08 |  1.73e-04 |  1.19e-04 |  4.26e-05 |  2.96e-04 |  3.38e-02 |  6.03e-04 |  2.04e-05 |  1.0e-04 |  1.97e-10 |  9.20e-03 |  3.64e-02
  8500 |  3.918e-04 |  3.918e-05 |  3.553e-08 |  1.73e-04 |  1.19e-04 |  4.26e-05 |  2.96e-04 |  3.37e-02 |  6.03e-04 |  2.03e-05 |  1.0e-04 |  1.89e-10 |  9.19e-03 |  3.64e-02
  8510 |  3.919e-04 |  3.919e-05 |  3.550e-08 |  1.73e-04 |  1.19e-04 |  4.25e-05 |  2.96e-04 |  3.37e-02 |  6.02e-04 |  2.03e-05 |  1.0e-04 |  2.15e-10 |  9.19e-03 |  3.64e-02
  8520 |  3.919e-04 |  3.919e-05 |  3.548e-08 |  1.73e-04 |  1.19e-04 |  4.25e-05 |  2.96e-04 |  3.37e-02 |  6.02e-04 |  2.03e-05 |  1.0e-04 |  1.82e-10 |  9.18e-03 |  3.64e-02
  8530 |  3.920e-04 |  3.920e-05 |  3.545e-08 |  1.73e-04 |  1.19e-04 |  4.25e-05 |  2.96e-04 |  3.37e-02 |  6.02e-04 |  2.03e-05 |  1.0e-04 |  2.31e-10 |  9.18e-03 |  3.64e-02
  8540 |  3.921e-04 |  3.921e-05 |  3.543e-08 |  1.73e-04 |  1.19e-04 |  4.25e-05 |  2.95e-04 |  3.37e-02 |  6.01e-04 |  2.03e-05 |  1.0e-04 |  2.21e-10 |  9.17e-03 |  3.64e-02
  8550 |  3.922e-04 |  3.922e-05 |  3.540e-08 |  1.73e-04 |  1.19e-04 |  4.25e-05 |  2.95e-04 |  3.37e-02 |  6.01e-04 |  2.02e-05 |  1.0e-04 |  2.12e-10 |  9.16e-03 |  3.64e-02
  8560 |  3.922e-04 |  3.922e-05 |  3.538e-08 |  1.73e-04 |  1.19e-04 |  4.24e-05 |  2.95e-04 |  3.37e-02 |  6.00e-04 |  2.02e-05 |  1.0e-04 |  1.76e-10 |  9.16e-03 |  3.64e-02
  8570 |  3.923e-04 |  3.923e-05 |  3.535e-08 |  1.73e-04 |  1.19e-04 |  4.24e-05 |  2.95e-04 |  3.36e-02 |  6.00e-04 |  2.02e-05 |  1.0e-04 |  1.77e-10 |  9.15e-03 |  3.64e-02
  8580 |  3.924e-04 |  3.924e-05 |  3.533e-08 |  1.73e-04 |  1.19e-04 |  4.24e-05 |  2.95e-04 |  3.36e-02 |  6.00e-04 |  2.02e-05 |  1.0e-04 |  2.09e-10 |  9.15e-03 |  3.64e-02
  8590 |  3.925e-04 |  3.925e-05 |  3.530e-08 |  1.73e-04 |  1.19e-04 |  4.24e-05 |  2.95e-04 |  3.36e-02 |  5.99e-04 |  2.01e-05 |  1.0e-04 |  2.12e-10 |  9.14e-03 |  3.64e-02
  8600 |  3.925e-04 |  3.926e-05 |  3.528e-08 |  1.73e-04 |  1.19e-04 |  4.24e-05 |  2.95e-04 |  3.36e-02 |  5.99e-04 |  2.01e-05 |  1.0e-04 |  1.69e-10 |  9.14e-03 |  3.64e-02
  8610 |  3.926e-04 |  3.926e-05 |  3.525e-08 |  1.73e-04 |  1.19e-04 |  4.23e-05 |  2.94e-04 |  3.36e-02 |  5.98e-04 |  2.01e-05 |  1.0e-04 |  1.69e-10 |  9.13e-03 |  3.64e-02
  8620 |  3.927e-04 |  3.927e-05 |  3.523e-08 |  1.73e-04 |  1.19e-04 |  4.23e-05 |  2.94e-04 |  3.36e-02 |  5.98e-04 |  2.01e-05 |  1.0e-04 |  1.91e-10 |  9.13e-03 |  3.64e-02
  8630 |  3.928e-04 |  3.928e-05 |  3.520e-08 |  1.73e-04 |  1.18e-04 |  4.23e-05 |  2.94e-04 |  3.36e-02 |  5.97e-04 |  2.01e-05 |  1.0e-04 |  1.94e-10 |  9.12e-03 |  3.64e-02
  8640 |  3.928e-04 |  3.929e-05 |  3.518e-08 |  1.73e-04 |  1.18e-04 |  4.23e-05 |  2.94e-04 |  3.35e-02 |  5.97e-04 |  2.00e-05 |  1.0e-04 |  1.84e-10 |  9.12e-03 |  3.64e-02
  8650 |  3.929e-04 |  3.929e-05 |  3.515e-08 |  1.73e-04 |  1.18e-04 |  4.23e-05 |  2.94e-04 |  3.35e-02 |  5.97e-04 |  2.00e-05 |  1.0e-04 |  1.76e-10 |  9.11e-03 |  3.64e-02
  8660 |  3.930e-04 |  3.930e-05 |  3.513e-08 |  1.73e-04 |  1.18e-04 |  4.22e-05 |  2.94e-04 |  3.35e-02 |  5.96e-04 |  2.00e-05 |  1.0e-04 |  1.56e-10 |  9.10e-03 |  3.64e-02
  8670 |  3.931e-04 |  3.931e-05 |  3.511e-08 |  1.73e-04 |  1.18e-04 |  4.22e-05 |  2.94e-04 |  3.35e-02 |  5.96e-04 |  2.00e-05 |  1.0e-04 |  1.62e-10 |  9.10e-03 |  3.64e-02
  8680 |  3.932e-04 |  3.932e-05 |  3.508e-08 |  1.73e-04 |  1.18e-04 |  4.22e-05 |  2.94e-04 |  3.35e-02 |  5.95e-04 |  1.99e-05 |  1.0e-04 |  1.61e-10 |  9.09e-03 |  3.64e-02
  8690 |  3.932e-04 |  3.932e-05 |  3.506e-08 |  1.73e-04 |  1.18e-04 |  4.22e-05 |  2.93e-04 |  3.35e-02 |  5.95e-04 |  1.99e-05 |  1.0e-04 |  1.88e-10 |  9.09e-03 |  3.64e-02
  8700 |  3.933e-04 |  3.933e-05 |  3.503e-08 |  1.72e-04 |  1.18e-04 |  4.21e-05 |  2.93e-04 |  3.35e-02 |  5.95e-04 |  1.99e-05 |  1.0e-04 |  1.49e-10 |  9.08e-03 |  3.64e-02
  8710 |  3.934e-04 |  3.934e-05 |  3.501e-08 |  1.72e-04 |  1.18e-04 |  4.21e-05 |  2.93e-04 |  3.34e-02 |  5.94e-04 |  1.99e-05 |  1.0e-04 |  1.72e-10 |  9.08e-03 |  3.64e-02
  8720 |  3.935e-04 |  3.935e-05 |  3.498e-08 |  1.72e-04 |  1.18e-04 |  4.21e-05 |  2.93e-04 |  3.34e-02 |  5.94e-04 |  1.99e-05 |  1.0e-04 |  2.29e-10 |  9.07e-03 |  3.64e-02
  8730 |  3.935e-04 |  3.935e-05 |  3.496e-08 |  1.72e-04 |  1.18e-04 |  4.21e-05 |  2.93e-04 |  3.34e-02 |  5.93e-04 |  1.98e-05 |  1.0e-04 |  2.13e-10 |  9.07e-03 |  3.64e-02
  8740 |  3.936e-04 |  3.936e-05 |  3.494e-08 |  1.72e-04 |  1.18e-04 |  4.21e-05 |  2.93e-04 |  3.34e-02 |  5.93e-04 |  1.98e-05 |  1.0e-04 |  1.63e-10 |  9.06e-03 |  3.64e-02
  8750 |  3.937e-04 |  3.937e-05 |  3.491e-08 |  1.72e-04 |  1.18e-04 |  4.20e-05 |  2.93e-04 |  3.34e-02 |  5.93e-04 |  1.98e-05 |  1.0e-04 |  1.71e-10 |  9.06e-03 |  3.64e-02
  8760 |  3.938e-04 |  3.938e-05 |  3.489e-08 |  1.72e-04 |  1.17e-04 |  4.20e-05 |  2.92e-04 |  3.34e-02 |  5.92e-04 |  1.98e-05 |  1.0e-04 |  1.73e-10 |  9.05e-03 |  3.64e-02
  8770 |  3.938e-04 |  3.938e-05 |  3.486e-08 |  1.72e-04 |  1.17e-04 |  4.20e-05 |  2.92e-04 |  3.34e-02 |  5.92e-04 |  1.97e-05 |  1.0e-04 |  1.76e-10 |  9.05e-03 |  3.64e-02
  8780 |  3.939e-04 |  3.939e-05 |  3.484e-08 |  1.72e-04 |  1.17e-04 |  4.20e-05 |  2.92e-04 |  3.33e-02 |  5.91e-04 |  1.97e-05 |  1.0e-04 |  1.81e-10 |  9.04e-03 |  3.64e-02
  8790 |  3.940e-04 |  3.940e-05 |  3.482e-08 |  1.72e-04 |  1.17e-04 |  4.20e-05 |  2.92e-04 |  3.33e-02 |  5.91e-04 |  1.97e-05 |  1.0e-04 |  1.69e-10 |  9.04e-03 |  3.64e-02
  8800 |  3.941e-04 |  3.941e-05 |  3.479e-08 |  1.72e-04 |  1.17e-04 |  4.19e-05 |  2.92e-04 |  3.33e-02 |  5.91e-04 |  1.97e-05 |  1.0e-04 |  1.95e-10 |  9.03e-03 |  3.64e-02
  8810 |  3.941e-04 |  3.942e-05 |  3.477e-08 |  1.72e-04 |  1.17e-04 |  4.19e-05 |  2.92e-04 |  3.33e-02 |  5.90e-04 |  1.97e-05 |  1.0e-04 |  1.63e-10 |  9.03e-03 |  3.64e-02
  8820 |  3.942e-04 |  3.942e-05 |  3.474e-08 |  1.72e-04 |  1.17e-04 |  4.19e-05 |  2.92e-04 |  3.33e-02 |  5.90e-04 |  1.96e-05 |  1.0e-04 |  1.77e-10 |  9.02e-03 |  3.64e-02
  8830 |  3.943e-04 |  3.943e-05 |  3.472e-08 |  1.72e-04 |  1.17e-04 |  4.19e-05 |  2.91e-04 |  3.33e-02 |  5.90e-04 |  1.96e-05 |  1.0e-04 |  1.73e-10 |  9.02e-03 |  3.64e-02
  8840 |  3.944e-04 |  3.944e-05 |  3.470e-08 |  1.72e-04 |  1.17e-04 |  4.19e-05 |  2.91e-04 |  3.33e-02 |  5.89e-04 |  1.96e-05 |  1.0e-04 |  1.63e-10 |  9.01e-03 |  3.64e-02
  8850 |  3.945e-04 |  3.945e-05 |  3.467e-08 |  1.72e-04 |  1.17e-04 |  4.18e-05 |  2.91e-04 |  3.32e-02 |  5.89e-04 |  1.96e-05 |  1.0e-04 |  1.60e-10 |  9.00e-03 |  3.64e-02
  8860 |  3.945e-04 |  3.945e-05 |  3.465e-08 |  1.72e-04 |  1.17e-04 |  4.18e-05 |  2.91e-04 |  3.32e-02 |  5.88e-04 |  1.95e-05 |  1.0e-04 |  1.55e-10 |  9.00e-03 |  3.64e-02
  8870 |  3.946e-04 |  3.946e-05 |  3.463e-08 |  1.72e-04 |  1.17e-04 |  4.18e-05 |  2.91e-04 |  3.32e-02 |  5.88e-04 |  1.95e-05 |  1.0e-04 |  1.71e-10 |  8.99e-03 |  3.64e-02
  8880 |  3.947e-04 |  3.947e-05 |  3.460e-08 |  1.72e-04 |  1.17e-04 |  4.18e-05 |  2.91e-04 |  3.32e-02 |  5.88e-04 |  1.95e-05 |  1.0e-04 |  2.45e-10 |  8.99e-03 |  3.64e-02
  8890 |  3.948e-04 |  3.948e-05 |  3.458e-08 |  1.72e-04 |  1.17e-04 |  4.18e-05 |  2.91e-04 |  3.32e-02 |  5.87e-04 |  1.95e-05 |  1.0e-04 |  1.89e-10 |  8.98e-03 |  3.64e-02
  8900 |  3.948e-04 |  3.948e-05 |  3.455e-08 |  1.72e-04 |  1.16e-04 |  4.17e-05 |  2.91e-04 |  3.32e-02 |  5.87e-04 |  1.95e-05 |  1.0e-04 |  1.55e-10 |  8.98e-03 |  3.64e-02
  8910 |  3.949e-04 |  3.949e-05 |  3.453e-08 |  1.72e-04 |  1.16e-04 |  4.17e-05 |  2.90e-04 |  3.32e-02 |  5.86e-04 |  1.94e-05 |  1.0e-04 |  1.93e-10 |  8.97e-03 |  3.64e-02
  8920 |  3.950e-04 |  3.950e-05 |  3.451e-08 |  1.72e-04 |  1.16e-04 |  4.17e-05 |  2.90e-04 |  3.31e-02 |  5.86e-04 |  1.94e-05 |  1.0e-04 |  1.61e-10 |  8.97e-03 |  3.64e-02
  8930 |  3.951e-04 |  3.951e-05 |  3.448e-08 |  1.71e-04 |  1.16e-04 |  4.17e-05 |  2.90e-04 |  3.31e-02 |  5.86e-04 |  1.94e-05 |  1.0e-04 |  1.91e-10 |  8.96e-03 |  3.64e-02
  8940 |  3.951e-04 |  3.952e-05 |  3.446e-08 |  1.71e-04 |  1.16e-04 |  4.17e-05 |  2.90e-04 |  3.31e-02 |  5.85e-04 |  1.94e-05 |  1.0e-04 |  1.56e-10 |  8.96e-03 |  3.64e-02
  8950 |  3.952e-04 |  3.952e-05 |  3.444e-08 |  1.71e-04 |  1.16e-04 |  4.16e-05 |  2.90e-04 |  3.31e-02 |  5.85e-04 |  1.94e-05 |  1.0e-04 |  1.99e-10 |  8.95e-03 |  3.64e-02
  8960 |  3.953e-04 |  3.953e-05 |  3.441e-08 |  1.71e-04 |  1.16e-04 |  4.16e-05 |  2.90e-04 |  3.31e-02 |  5.84e-04 |  1.93e-05 |  1.0e-04 |  1.58e-10 |  8.95e-03 |  3.64e-02
  8970 |  3.954e-04 |  3.954e-05 |  3.439e-08 |  1.71e-04 |  1.16e-04 |  4.16e-05 |  2.90e-04 |  3.31e-02 |  5.84e-04 |  1.93e-05 |  1.0e-04 |  1.66e-10 |  8.94e-03 |  3.64e-02
  8980 |  3.955e-04 |  3.955e-05 |  3.437e-08 |  1.71e-04 |  1.16e-04 |  4.16e-05 |  2.89e-04 |  3.31e-02 |  5.84e-04 |  1.93e-05 |  1.0e-04 |  1.90e-10 |  8.94e-03 |  3.64e-02
  8990 |  3.955e-04 |  3.955e-05 |  3.435e-08 |  1.71e-04 |  1.16e-04 |  4.16e-05 |  2.89e-04 |  3.30e-02 |  5.83e-04 |  1.93e-05 |  1.0e-04 |  1.43e-10 |  8.93e-03 |  3.64e-02
  9000 |  3.956e-04 |  3.956e-05 |  3.432e-08 |  1.71e-04 |  1.16e-04 |  4.15e-05 |  2.89e-04 |  3.30e-02 |  5.83e-04 |  1.93e-05 |  1.0e-04 |  2.09e-10 |  8.93e-03 |  3.64e-02
  9010 |  3.957e-04 |  3.957e-05 |  3.430e-08 |  1.71e-04 |  1.16e-04 |  4.15e-05 |  2.89e-04 |  3.30e-02 |  5.83e-04 |  1.92e-05 |  1.0e-04 |  2.05e-10 |  8.92e-03 |  3.64e-02
  9020 |  3.958e-04 |  3.958e-05 |  3.428e-08 |  1.71e-04 |  1.16e-04 |  4.15e-05 |  2.89e-04 |  3.30e-02 |  5.82e-04 |  1.92e-05 |  1.0e-04 |  1.84e-10 |  8.92e-03 |  3.64e-02
  9030 |  3.958e-04 |  3.958e-05 |  3.425e-08 |  1.71e-04 |  1.16e-04 |  4.15e-05 |  2.89e-04 |  3.30e-02 |  5.82e-04 |  1.92e-05 |  1.0e-04 |  1.91e-10 |  8.91e-03 |  3.64e-02
  9040 |  3.959e-04 |  3.959e-05 |  3.423e-08 |  1.71e-04 |  1.15e-04 |  4.15e-05 |  2.89e-04 |  3.30e-02 |  5.81e-04 |  1.92e-05 |  1.0e-04 |  2.01e-10 |  8.91e-03 |  3.64e-02
  9050 |  3.960e-04 |  3.960e-05 |  3.421e-08 |  1.71e-04 |  1.15e-04 |  4.14e-05 |  2.89e-04 |  3.30e-02 |  5.81e-04 |  1.91e-05 |  1.0e-04 |  1.86e-10 |  8.90e-03 |  3.64e-02
  9060 |  3.961e-04 |  3.961e-05 |  3.418e-08 |  1.71e-04 |  1.15e-04 |  4.14e-05 |  2.88e-04 |  3.29e-02 |  5.81e-04 |  1.91e-05 |  1.0e-04 |  1.97e-10 |  8.90e-03 |  3.64e-02
  9070 |  3.962e-04 |  3.962e-05 |  3.416e-08 |  1.71e-04 |  1.15e-04 |  4.14e-05 |  2.88e-04 |  3.29e-02 |  5.80e-04 |  1.91e-05 |  1.0e-04 |  1.60e-10 |  8.89e-03 |  3.64e-02
  9080 |  3.962e-04 |  3.962e-05 |  3.414e-08 |  1.71e-04 |  1.15e-04 |  4.14e-05 |  2.88e-04 |  3.29e-02 |  6.38e-04 |  2.10e-05 |  1.0e-04 |  2.00e-10 |  8.89e-03 |  3.64e-02
  9090 |  3.963e-04 |  3.963e-05 |  3.411e-08 |  1.71e-04 |  1.15e-04 |  4.14e-05 |  2.88e-04 |  3.29e-02 |  6.38e-04 |  2.10e-05 |  1.0e-04 |  2.05e-10 |  8.88e-03 |  3.64e-02
  9100 |  3.964e-04 |  3.964e-05 |  3.409e-08 |  1.71e-04 |  1.15e-04 |  4.13e-05 |  2.88e-04 |  3.29e-02 |  6.37e-04 |  2.09e-05 |  1.0e-04 |  1.83e-10 |  8.88e-03 |  3.64e-02
  9110 |  3.965e-04 |  3.965e-05 |  3.406e-08 |  1.71e-04 |  1.15e-04 |  4.13e-05 |  2.88e-04 |  3.29e-02 |  6.37e-04 |  2.09e-05 |  1.0e-04 |  1.64e-10 |  8.87e-03 |  3.64e-02
  9120 |  3.966e-04 |  3.966e-05 |  3.404e-08 |  1.71e-04 |  1.15e-04 |  4.13e-05 |  2.88e-04 |  3.28e-02 |  6.36e-04 |  2.09e-05 |  1.0e-04 |  1.96e-10 |  8.87e-03 |  3.64e-02
  9130 |  3.967e-04 |  3.967e-05 |  3.401e-08 |  1.71e-04 |  1.15e-04 |  4.13e-05 |  2.87e-04 |  3.28e-02 |  6.36e-04 |  2.09e-05 |  1.0e-04 |  1.67e-10 |  8.86e-03 |  3.64e-02
  9140 |  3.967e-04 |  3.968e-05 |  3.399e-08 |  1.71e-04 |  1.15e-04 |  4.12e-05 |  2.87e-04 |  3.28e-02 |  6.35e-04 |  2.09e-05 |  1.0e-04 |  1.53e-10 |  8.86e-03 |  3.64e-02
  9150 |  3.968e-04 |  3.968e-05 |  3.396e-08 |  1.71e-04 |  1.15e-04 |  4.12e-05 |  2.87e-04 |  3.28e-02 |  6.35e-04 |  2.08e-05 |  1.0e-04 |  1.47e-10 |  8.85e-03 |  3.64e-02
  9160 |  3.969e-04 |  3.969e-05 |  3.394e-08 |  1.70e-04 |  1.15e-04 |  4.12e-05 |  2.87e-04 |  3.28e-02 |  6.35e-04 |  2.08e-05 |  1.0e-04 |  1.67e-10 |  8.84e-03 |  3.64e-02
  9170 |  3.970e-04 |  3.970e-05 |  3.392e-08 |  1.70e-04 |  1.15e-04 |  4.12e-05 |  2.87e-04 |  3.28e-02 |  6.34e-04 |  2.08e-05 |  1.0e-04 |  1.53e-10 |  8.84e-03 |  3.64e-02
  9180 |  3.971e-04 |  3.971e-05 |  3.389e-08 |  1.70e-04 |  1.14e-04 |  4.12e-05 |  2.87e-04 |  3.28e-02 |  6.34e-04 |  2.08e-05 |  1.0e-04 |  1.61e-10 |  8.83e-03 |  3.64e-02
  9190 |  3.972e-04 |  3.972e-05 |  3.387e-08 |  1.70e-04 |  1.14e-04 |  4.11e-05 |  2.87e-04 |  3.27e-02 |  6.33e-04 |  2.07e-05 |  1.0e-04 |  1.75e-10 |  8.83e-03 |  3.64e-02
  9200 |  3.973e-04 |  3.973e-05 |  3.384e-08 |  1.70e-04 |  1.14e-04 |  4.11e-05 |  2.86e-04 |  3.27e-02 |  6.33e-04 |  2.07e-05 |  1.0e-04 |  1.96e-10 |  8.82e-03 |  3.64e-02
  9210 |  3.973e-04 |  3.974e-05 |  3.382e-08 |  1.70e-04 |  1.14e-04 |  4.11e-05 |  2.86e-04 |  3.27e-02 |  6.33e-04 |  2.07e-05 |  1.0e-04 |  2.02e-10 |  8.82e-03 |  3.64e-02
  9220 |  3.974e-04 |  3.974e-05 |  3.379e-08 |  1.70e-04 |  1.14e-04 |  4.11e-05 |  2.86e-04 |  3.27e-02 |  6.32e-04 |  2.07e-05 |  1.0e-04 |  1.85e-10 |  8.81e-03 |  3.64e-02
  9230 |  3.975e-04 |  3.975e-05 |  3.377e-08 |  1.70e-04 |  1.14e-04 |  4.11e-05 |  2.86e-04 |  3.27e-02 |  6.32e-04 |  2.06e-05 |  1.0e-04 |  1.76e-10 |  8.81e-03 |  3.64e-02
  9240 |  3.976e-04 |  3.976e-05 |  3.374e-08 |  1.70e-04 |  1.14e-04 |  4.10e-05 |  2.86e-04 |  3.27e-02 |  6.31e-04 |  2.06e-05 |  1.0e-04 |  1.69e-10 |  8.80e-03 |  3.64e-02
  9250 |  3.977e-04 |  3.977e-05 |  3.372e-08 |  1.70e-04 |  1.14e-04 |  4.10e-05 |  2.86e-04 |  3.26e-02 |  6.31e-04 |  2.06e-05 |  1.0e-04 |  1.97e-10 |  8.80e-03 |  3.64e-02
  9260 |  3.978e-04 |  3.978e-05 |  3.370e-08 |  1.70e-04 |  1.14e-04 |  4.10e-05 |  2.86e-04 |  3.26e-02 |  6.31e-04 |  2.06e-05 |  1.0e-04 |  2.20e-10 |  8.79e-03 |  3.64e-02
  9270 |  3.979e-04 |  3.979e-05 |  3.367e-08 |  1.70e-04 |  1.14e-04 |  4.10e-05 |  2.85e-04 |  3.26e-02 |  6.30e-04 |  2.06e-05 |  1.0e-04 |  2.19e-10 |  8.79e-03 |  3.64e-02
  9280 |  3.979e-04 |  3.980e-05 |  3.365e-08 |  1.70e-04 |  1.14e-04 |  4.09e-05 |  2.85e-04 |  3.26e-02 |  6.30e-04 |  2.05e-05 |  1.0e-04 |  2.32e-10 |  8.78e-03 |  3.64e-02
  9290 |  3.980e-04 |  3.980e-05 |  3.362e-08 |  1.70e-04 |  1.14e-04 |  4.09e-05 |  2.85e-04 |  3.26e-02 |  6.29e-04 |  2.05e-05 |  1.0e-04 |  1.82e-10 |  8.78e-03 |  3.64e-02
  9300 |  3.981e-04 |  3.981e-05 |  3.360e-08 |  1.70e-04 |  1.14e-04 |  4.09e-05 |  2.85e-04 |  3.26e-02 |  6.29e-04 |  2.05e-05 |  1.0e-04 |  2.02e-10 |  8.77e-03 |  3.64e-02
  9310 |  3.982e-04 |  3.982e-05 |  3.358e-08 |  1.70e-04 |  1.13e-04 |  4.09e-05 |  2.85e-04 |  3.26e-02 |  6.29e-04 |  2.05e-05 |  1.0e-04 |  1.48e-10 |  8.76e-03 |  3.64e-02
  9320 |  3.983e-04 |  3.983e-05 |  3.355e-08 |  1.70e-04 |  1.13e-04 |  4.09e-05 |  2.85e-04 |  3.25e-02 |  6.28e-04 |  2.04e-05 |  1.0e-04 |  1.57e-10 |  8.76e-03 |  3.64e-02
  9330 |  3.984e-04 |  3.984e-05 |  3.353e-08 |  1.70e-04 |  1.13e-04 |  4.08e-05 |  2.85e-04 |  3.25e-02 |  6.28e-04 |  2.04e-05 |  1.0e-04 |  2.00e-10 |  8.75e-03 |  3.64e-02
  9340 |  3.985e-04 |  3.985e-05 |  3.350e-08 |  1.70e-04 |  1.13e-04 |  4.08e-05 |  2.85e-04 |  3.25e-02 |  6.27e-04 |  2.04e-05 |  1.0e-04 |  1.71e-10 |  8.75e-03 |  3.64e-02
  9350 |  3.986e-04 |  3.986e-05 |  3.348e-08 |  1.70e-04 |  1.13e-04 |  4.08e-05 |  2.84e-04 |  3.25e-02 |  6.27e-04 |  2.04e-05 |  1.0e-04 |  1.71e-10 |  8.74e-03 |  3.64e-02
  9360 |  3.986e-04 |  3.986e-05 |  3.346e-08 |  1.70e-04 |  1.13e-04 |  4.08e-05 |  2.84e-04 |  3.25e-02 |  6.27e-04 |  2.04e-05 |  1.0e-04 |  1.51e-10 |  8.74e-03 |  3.64e-02
  9370 |  3.987e-04 |  3.987e-05 |  3.343e-08 |  1.70e-04 |  1.13e-04 |  4.08e-05 |  2.84e-04 |  3.25e-02 |  6.26e-04 |  2.03e-05 |  1.0e-04 |  1.97e-10 |  8.73e-03 |  3.64e-02
  9380 |  3.988e-04 |  3.988e-05 |  3.341e-08 |  1.70e-04 |  1.13e-04 |  4.07e-05 |  2.84e-04 |  3.24e-02 |  6.26e-04 |  2.03e-05 |  1.0e-04 |  1.67e-10 |  8.73e-03 |  3.64e-02
  9390 |  3.989e-04 |  3.989e-05 |  3.338e-08 |  1.69e-04 |  1.13e-04 |  4.07e-05 |  2.84e-04 |  3.24e-02 |  6.25e-04 |  2.03e-05 |  1.0e-04 |  1.53e-10 |  8.72e-03 |  3.64e-02
  9400 |  3.990e-04 |  3.990e-05 |  3.336e-08 |  1.69e-04 |  1.13e-04 |  4.07e-05 |  2.84e-04 |  3.24e-02 |  6.25e-04 |  2.03e-05 |  1.0e-04 |  1.58e-10 |  8.72e-03 |  3.64e-02
  9410 |  3.991e-04 |  3.991e-05 |  3.334e-08 |  1.69e-04 |  1.13e-04 |  4.07e-05 |  2.84e-04 |  3.24e-02 |  6.25e-04 |  2.02e-05 |  1.0e-04 |  1.67e-10 |  8.71e-03 |  3.64e-02
  9420 |  3.992e-04 |  3.992e-05 |  3.331e-08 |  1.69e-04 |  1.13e-04 |  4.07e-05 |  2.83e-04 |  3.24e-02 |  6.24e-04 |  2.02e-05 |  1.0e-04 |  1.54e-10 |  8.71e-03 |  3.64e-02
  9430 |  3.992e-04 |  3.993e-05 |  3.329e-08 |  1.69e-04 |  1.13e-04 |  4.06e-05 |  2.83e-04 |  3.24e-02 |  6.24e-04 |  2.02e-05 |  1.0e-04 |  1.77e-10 |  8.70e-03 |  3.64e-02
  9440 |  3.993e-04 |  3.993e-05 |  3.327e-08 |  1.69e-04 |  1.13e-04 |  4.06e-05 |  2.83e-04 |  3.24e-02 |  6.24e-04 |  2.02e-05 |  1.0e-04 |  1.70e-10 |  8.70e-03 |  3.64e-02
  9450 |  3.994e-04 |  3.994e-05 |  3.324e-08 |  1.69e-04 |  1.12e-04 |  4.06e-05 |  2.83e-04 |  3.23e-02 |  6.23e-04 |  2.02e-05 |  1.0e-04 |  1.89e-10 |  8.69e-03 |  3.64e-02
  9460 |  3.995e-04 |  3.995e-05 |  3.322e-08 |  1.69e-04 |  1.12e-04 |  4.06e-05 |  2.83e-04 |  3.23e-02 |  6.23e-04 |  2.01e-05 |  1.0e-04 |  2.05e-10 |  8.69e-03 |  3.64e-02
  9470 |  3.996e-04 |  3.996e-05 |  3.320e-08 |  1.69e-04 |  1.12e-04 |  4.06e-05 |  2.83e-04 |  3.23e-02 |  6.22e-04 |  2.01e-05 |  1.0e-04 |  1.88e-10 |  8.68e-03 |  3.64e-02
  9480 |  3.997e-04 |  3.997e-05 |  3.317e-08 |  1.69e-04 |  1.12e-04 |  4.05e-05 |  2.83e-04 |  3.23e-02 |  6.22e-04 |  2.01e-05 |  1.0e-04 |  1.67e-10 |  8.68e-03 |  3.64e-02
  9490 |  3.998e-04 |  3.998e-05 |  3.315e-08 |  1.69e-04 |  1.12e-04 |  4.05e-05 |  2.82e-04 |  3.23e-02 |  6.22e-04 |  2.01e-05 |  1.0e-04 |  1.80e-10 |  8.67e-03 |  3.64e-02
  9500 |  3.999e-04 |  3.999e-05 |  3.313e-08 |  1.69e-04 |  1.12e-04 |  4.05e-05 |  2.82e-04 |  3.23e-02 |  6.21e-04 |  2.00e-05 |  1.0e-04 |  1.72e-10 |  8.67e-03 |  3.64e-02
  9510 |  3.999e-04 |  3.999e-05 |  3.310e-08 |  1.69e-04 |  1.12e-04 |  4.05e-05 |  2.82e-04 |  3.23e-02 |  6.21e-04 |  2.00e-05 |  1.0e-04 |  2.19e-10 |  8.66e-03 |  3.64e-02
  9520 |  4.000e-04 |  4.000e-05 |  3.308e-08 |  1.69e-04 |  1.12e-04 |  4.04e-05 |  2.82e-04 |  3.22e-02 |  6.20e-04 |  2.00e-05 |  1.0e-04 |  1.39e-10 |  8.66e-03 |  3.64e-02
  9530 |  4.001e-04 |  4.001e-05 |  3.306e-08 |  1.69e-04 |  1.12e-04 |  4.04e-05 |  2.82e-04 |  3.22e-02 |  6.20e-04 |  2.00e-05 |  1.0e-04 |  2.07e-10 |  8.65e-03 |  3.64e-02
  9540 |  4.002e-04 |  4.002e-05 |  3.304e-08 |  1.69e-04 |  1.12e-04 |  4.04e-05 |  2.82e-04 |  3.22e-02 |  6.20e-04 |  2.00e-05 |  1.0e-04 |  1.77e-10 |  8.65e-03 |  3.64e-02
  9550 |  4.003e-04 |  4.003e-05 |  3.301e-08 |  1.69e-04 |  1.12e-04 |  4.04e-05 |  2.82e-04 |  3.22e-02 |  6.19e-04 |  1.99e-05 |  1.0e-04 |  2.10e-10 |  8.64e-03 |  3.64e-02
  9560 |  4.004e-04 |  4.004e-05 |  3.299e-08 |  1.69e-04 |  1.12e-04 |  4.04e-05 |  2.82e-04 |  3.22e-02 |  6.19e-04 |  1.99e-05 |  1.0e-04 |  1.52e-10 |  8.64e-03 |  3.64e-02
  9570 |  4.005e-04 |  4.005e-05 |  3.297e-08 |  1.69e-04 |  1.12e-04 |  4.03e-05 |  2.81e-04 |  3.22e-02 |  6.19e-04 |  1.99e-05 |  1.0e-04 |  1.51e-10 |  8.63e-03 |  3.64e-02
  9580 |  4.005e-04 |  4.006e-05 |  3.294e-08 |  1.69e-04 |  1.12e-04 |  4.03e-05 |  2.81e-04 |  3.21e-02 |  6.18e-04 |  1.99e-05 |  1.0e-04 |  1.66e-10 |  8.63e-03 |  3.64e-02
  9590 |  4.006e-04 |  4.006e-05 |  3.292e-08 |  1.69e-04 |  1.11e-04 |  4.03e-05 |  2.81e-04 |  3.21e-02 |  6.18e-04 |  1.98e-05 |  1.0e-04 |  1.79e-10 |  8.62e-03 |  3.64e-02
  9600 |  4.007e-04 |  4.007e-05 |  3.290e-08 |  1.69e-04 |  1.11e-04 |  4.03e-05 |  2.81e-04 |  3.21e-02 |  6.17e-04 |  1.98e-05 |  1.0e-04 |  1.96e-10 |  8.62e-03 |  3.64e-02
  9610 |  4.008e-04 |  4.008e-05 |  3.287e-08 |  1.69e-04 |  1.11e-04 |  4.03e-05 |  2.81e-04 |  3.21e-02 |  6.17e-04 |  1.98e-05 |  1.0e-04 |  2.09e-10 |  8.61e-03 |  3.64e-02
  9620 |  4.009e-04 |  4.009e-05 |  3.285e-08 |  1.68e-04 |  1.11e-04 |  4.02e-05 |  2.81e-04 |  3.21e-02 |  6.17e-04 |  1.98e-05 |  1.0e-04 |  1.80e-10 |  8.61e-03 |  3.64e-02
  9630 |  4.010e-04 |  4.010e-05 |  3.283e-08 |  1.68e-04 |  1.11e-04 |  4.02e-05 |  2.81e-04 |  3.21e-02 |  6.16e-04 |  1.98e-05 |  1.0e-04 |  1.75e-10 |  8.60e-03 |  3.64e-02
  9640 |  4.011e-04 |  4.011e-05 |  3.281e-08 |  1.68e-04 |  1.11e-04 |  4.02e-05 |  2.80e-04 |  3.21e-02 |  6.16e-04 |  1.97e-05 |  1.0e-04 |  1.87e-10 |  8.60e-03 |  3.64e-02
  9650 |  4.012e-04 |  4.012e-05 |  3.278e-08 |  1.68e-04 |  1.11e-04 |  4.02e-05 |  2.80e-04 |  3.20e-02 |  6.16e-04 |  1.97e-05 |  1.0e-04 |  1.80e-10 |  8.59e-03 |  3.64e-02
  9660 |  4.012e-04 |  4.013e-05 |  3.276e-08 |  1.68e-04 |  1.11e-04 |  4.02e-05 |  2.80e-04 |  3.20e-02 |  6.15e-04 |  1.97e-05 |  1.0e-04 |  1.99e-10 |  8.59e-03 |  3.64e-02
  9670 |  4.013e-04 |  4.013e-05 |  3.274e-08 |  1.68e-04 |  1.11e-04 |  4.01e-05 |  2.80e-04 |  3.20e-02 |  6.15e-04 |  1.97e-05 |  1.0e-04 |  1.69e-10 |  8.58e-03 |  3.64e-02
  9680 |  4.014e-04 |  4.014e-05 |  3.272e-08 |  1.68e-04 |  1.11e-04 |  4.01e-05 |  2.80e-04 |  3.20e-02 |  6.14e-04 |  1.97e-05 |  1.0e-04 |  2.28e-10 |  8.58e-03 |  3.64e-02
  9690 |  4.015e-04 |  4.015e-05 |  3.269e-08 |  1.68e-04 |  1.11e-04 |  4.01e-05 |  2.80e-04 |  3.20e-02 |  6.14e-04 |  1.96e-05 |  1.0e-04 |  1.78e-10 |  8.57e-03 |  3.64e-02
  9700 |  4.016e-04 |  4.016e-05 |  3.267e-08 |  1.68e-04 |  1.11e-04 |  4.01e-05 |  2.80e-04 |  3.20e-02 |  6.14e-04 |  1.96e-05 |  1.0e-04 |  1.86e-10 |  8.57e-03 |  3.64e-02
  9710 |  4.017e-04 |  4.017e-05 |  3.265e-08 |  1.68e-04 |  1.11e-04 |  4.01e-05 |  2.80e-04 |  3.19e-02 |  6.13e-04 |  1.96e-05 |  1.0e-04 |  1.95e-10 |  8.56e-03 |  3.64e-02
  9720 |  4.018e-04 |  4.018e-05 |  3.263e-08 |  1.68e-04 |  1.11e-04 |  4.00e-05 |  2.79e-04 |  3.19e-02 |  6.13e-04 |  1.96e-05 |  1.0e-04 |  1.96e-10 |  8.56e-03 |  3.64e-02
  9730 |  4.019e-04 |  4.019e-05 |  3.261e-08 |  1.68e-04 |  1.11e-04 |  4.00e-05 |  2.79e-04 |  3.19e-02 |  6.13e-04 |  1.96e-05 |  1.0e-04 |  1.80e-10 |  8.55e-03 |  3.64e-02
  9740 |  4.019e-04 |  4.020e-05 |  3.258e-08 |  1.68e-04 |  1.10e-04 |  4.00e-05 |  2.79e-04 |  3.19e-02 |  6.12e-04 |  1.95e-05 |  1.0e-04 |  1.60e-10 |  8.55e-03 |  3.64e-02
  9750 |  4.020e-04 |  4.020e-05 |  3.256e-08 |  1.68e-04 |  1.10e-04 |  4.00e-05 |  2.79e-04 |  3.19e-02 |  6.12e-04 |  1.95e-05 |  1.0e-04 |  1.95e-10 |  8.54e-03 |  3.64e-02
  9760 |  4.021e-04 |  4.021e-05 |  3.254e-08 |  1.68e-04 |  1.10e-04 |  4.00e-05 |  2.79e-04 |  3.19e-02 |  6.11e-04 |  1.95e-05 |  1.0e-04 |  1.86e-10 |  8.54e-03 |  3.64e-02
  9770 |  4.022e-04 |  4.022e-05 |  3.252e-08 |  1.68e-04 |  1.10e-04 |  3.99e-05 |  2.79e-04 |  3.19e-02 |  6.11e-04 |  1.95e-05 |  1.0e-04 |  1.84e-10 |  8.53e-03 |  3.64e-02
  9780 |  4.023e-04 |  4.023e-05 |  3.249e-08 |  1.68e-04 |  1.10e-04 |  3.99e-05 |  2.79e-04 |  3.18e-02 |  6.11e-04 |  1.94e-05 |  1.0e-04 |  1.67e-10 |  8.53e-03 |  3.64e-02
  9790 |  4.024e-04 |  4.024e-05 |  3.247e-08 |  1.68e-04 |  1.10e-04 |  3.99e-05 |  2.78e-04 |  3.18e-02 |  6.10e-04 |  1.94e-05 |  1.0e-04 |  1.86e-10 |  8.52e-03 |  3.64e-02
  9800 |  4.025e-04 |  4.025e-05 |  3.245e-08 |  1.68e-04 |  1.10e-04 |  3.99e-05 |  2.78e-04 |  3.18e-02 |  6.10e-04 |  1.94e-05 |  1.0e-04 |  1.83e-10 |  8.52e-03 |  3.64e-02
  9810 |  4.026e-04 |  4.026e-05 |  3.243e-08 |  1.68e-04 |  1.10e-04 |  3.99e-05 |  2.78e-04 |  3.18e-02 |  6.10e-04 |  1.94e-05 |  1.0e-04 |  1.48e-10 |  8.51e-03 |  3.64e-02
  9820 |  4.026e-04 |  4.027e-05 |  3.241e-08 |  1.68e-04 |  1.10e-04 |  3.98e-05 |  2.78e-04 |  3.18e-02 |  6.09e-04 |  1.94e-05 |  1.0e-04 |  1.73e-10 |  8.51e-03 |  3.64e-02
  9830 |  4.027e-04 |  4.027e-05 |  3.238e-08 |  1.68e-04 |  1.10e-04 |  3.98e-05 |  2.78e-04 |  3.18e-02 |  6.09e-04 |  1.93e-05 |  1.0e-04 |  1.49e-10 |  8.50e-03 |  3.64e-02
  9840 |  4.028e-04 |  4.028e-05 |  3.236e-08 |  1.68e-04 |  1.10e-04 |  3.98e-05 |  2.78e-04 |  3.18e-02 |  6.09e-04 |  1.93e-05 |  1.0e-04 |  1.99e-10 |  8.50e-03 |  3.64e-02
  9850 |  4.029e-04 |  4.029e-05 |  3.234e-08 |  1.68e-04 |  1.10e-04 |  3.98e-05 |  2.78e-04 |  3.17e-02 |  6.08e-04 |  1.93e-05 |  1.0e-04 |  1.80e-10 |  8.49e-03 |  3.64e-02
  9860 |  4.030e-04 |  4.030e-05 |  3.232e-08 |  1.67e-04 |  1.10e-04 |  3.98e-05 |  2.78e-04 |  3.17e-02 |  6.08e-04 |  1.93e-05 |  1.0e-04 |  1.57e-10 |  8.49e-03 |  3.64e-02
  9870 |  4.031e-04 |  4.031e-05 |  3.230e-08 |  1.67e-04 |  1.10e-04 |  3.97e-05 |  2.77e-04 |  3.17e-02 |  6.07e-04 |  1.93e-05 |  1.0e-04 |  1.57e-10 |  8.48e-03 |  3.64e-02
  9880 |  4.032e-04 |  4.032e-05 |  3.228e-08 |  1.67e-04 |  1.09e-04 |  3.97e-05 |  2.77e-04 |  3.17e-02 |  6.07e-04 |  1.92e-05 |  1.0e-04 |  2.10e-10 |  8.48e-03 |  3.64e-02
  9890 |  4.033e-04 |  4.033e-05 |  3.225e-08 |  1.67e-04 |  1.09e-04 |  3.97e-05 |  2.77e-04 |  3.17e-02 |  6.07e-04 |  1.92e-05 |  1.0e-04 |  1.91e-10 |  8.47e-03 |  3.64e-02
  9900 |  4.033e-04 |  4.034e-05 |  3.223e-08 |  1.67e-04 |  1.09e-04 |  3.97e-05 |  2.77e-04 |  3.17e-02 |  6.06e-04 |  1.92e-05 |  1.0e-04 |  1.39e-10 |  8.47e-03 |  3.64e-02
  9910 |  4.034e-04 |  4.034e-05 |  3.221e-08 |  1.67e-04 |  1.09e-04 |  3.97e-05 |  2.77e-04 |  3.17e-02 |  6.06e-04 |  1.92e-05 |  1.0e-04 |  1.72e-10 |  8.46e-03 |  3.64e-02
  9920 |  4.035e-04 |  4.035e-05 |  3.219e-08 |  1.67e-04 |  1.09e-04 |  3.96e-05 |  2.77e-04 |  3.16e-02 |  6.06e-04 |  1.92e-05 |  1.0e-04 |  1.46e-10 |  8.46e-03 |  3.64e-02
  9930 |  4.036e-04 |  4.036e-05 |  3.217e-08 |  1.67e-04 |  1.09e-04 |  3.96e-05 |  2.77e-04 |  3.16e-02 |  6.05e-04 |  1.91e-05 |  1.0e-04 |  1.68e-10 |  8.46e-03 |  3.64e-02
  9940 |  4.037e-04 |  4.037e-05 |  3.215e-08 |  1.67e-04 |  1.09e-04 |  3.96e-05 |  2.77e-04 |  3.16e-02 |  6.05e-04 |  1.91e-05 |  1.0e-04 |  1.58e-10 |  8.45e-03 |  3.64e-02
  9950 |  4.038e-04 |  4.038e-05 |  3.212e-08 |  1.67e-04 |  1.09e-04 |  3.96e-05 |  2.76e-04 |  3.16e-02 |  6.05e-04 |  1.91e-05 |  1.0e-04 |  2.09e-10 |  8.45e-03 |  3.64e-02
  9960 |  4.039e-04 |  4.039e-05 |  3.210e-08 |  1.67e-04 |  1.09e-04 |  3.96e-05 |  2.76e-04 |  3.16e-02 |  6.04e-04 |  1.91e-05 |  1.0e-04 |  1.74e-10 |  8.44e-03 |  3.64e-02
  9970 |  4.040e-04 |  4.040e-05 |  3.208e-08 |  1.67e-04 |  1.09e-04 |  3.96e-05 |  2.76e-04 |  3.16e-02 |  6.04e-04 |  1.91e-05 |  1.0e-04 |  1.55e-10 |  8.44e-03 |  3.64e-02
  9980 |  4.040e-04 |  4.041e-05 |  3.206e-08 |  1.67e-04 |  1.09e-04 |  3.95e-05 |  2.76e-04 |  3.15e-02 |  6.03e-04 |  1.90e-05 |  1.0e-04 |  2.05e-10 |  8.43e-03 |  3.64e-02
  9990 |  4.041e-04 |  4.041e-05 |  3.204e-08 |  1.67e-04 |  1.09e-04 |  3.95e-05 |  2.76e-04 |  3.15e-02 |  6.03e-04 |  1.90e-05 |  1.0e-04 |  1.79e-10 |  8.43e-03 |  3.64e-02
 10000 |  4.042e-04 |  4.042e-05 |  3.202e-08 |  1.67e-04 |  1.09e-04 |  3.95e-05 |  2.76e-04 |  3.15e-02 |  6.03e-04 |  1.90e-05 |  1.0e-04 |  1.67e-10 |  8.42e-03 |  3.64e-02
[done] elapsed=8054.92s
[best] relL2=8.422e-03
Saved final theta -> allen_cahn_stosqp_final.npy
[EVAL] full-grid MSE=3.538e-05, relL2=8.422e-03
Saved heatmaps -> allen_cahn_stosqp_heatmaps.png
