Loaded Allen-Cahn reference from allen_cahn_python.mat
Allen-Cahn data: t (201,), x (513,), usol (201, 513)
Domain: x in [-1.0, 1.0], t in [0.0, 1.0]
PDE: u_t - 0.001 u_xx + 5 u^3 - 5 u = 0
Constraint dimension M_CON = 1300
Fixed damping lambda = 1.0e-04
Jitter: kind=gaussian, sigma_x=1.0e-04, sigma_t=1.0e-04
Constraint blocks: PDE=900, BCv=100, BCd=100, IC=200
  iter |        obj |     pdeMSE |       feas |       PDE |       BCv |       BCd |        IC |      stat |     alpha |   stepInf |      lam |       kkt |     relL2 |       tau
--------------------------------------------------------------------------------------------------------------------------------------------------------------------------
    10 |  6.213e-01 |  6.208e-02 |  9.668e-02 |  2.50e-01 |  2.92e-01 |  4.76e-01 |  4.37e-01 |  2.19e+01 |  4.21e-04 |  9.22e-03 |  1.0e-04 |  1.43e-08 |  1.03e+00 |  4.34e-02
    20 |  6.169e-01 |  6.165e-02 |  9.604e-02 |  2.49e-01 |  2.91e-01 |  4.73e-01 |  4.36e-01 |  2.29e+01 |  3.45e-04 |  7.91e-03 |  1.0e-04 |  2.16e-08 |  1.02e+00 |  3.64e-02
    30 |  6.128e-01 |  6.123e-02 |  9.544e-02 |  2.48e-01 |  2.89e-01 |  4.71e-01 |  4.36e-01 |  2.05e+01 |  4.07e-04 |  8.34e-03 |  1.0e-04 |  1.91e-08 |  1.02e+00 |  3.64e-02
    40 |  6.075e-01 |  6.068e-02 |  9.474e-02 |  2.47e-01 |  2.88e-01 |  4.69e-01 |  4.35e-01 |  1.34e+01 |  5.80e-04 |  7.75e-03 |  1.0e-04 |  2.31e-08 |  1.01e+00 |  3.64e-02
    50 |  5.979e-01 |  5.966e-02 |  9.358e-02 |  2.45e-01 |  2.86e-01 |  4.66e-01 |  4.34e-01 |  1.06e+01 |  9.12e-04 |  9.71e-03 |  1.0e-04 |  3.36e-08 |  1.00e+00 |  3.64e-02
    60 |  5.839e-01 |  5.826e-02 |  9.186e-02 |  2.42e-01 |  2.85e-01 |  4.60e-01 |  4.32e-01 |  8.93e+00 |  1.08e-03 |  9.63e-03 |  1.0e-04 |  3.01e-08 |  9.90e-01 |  3.64e-02
    70 |  5.707e-01 |  5.692e-02 |  9.010e-02 |  2.39e-01 |  2.85e-01 |  4.54e-01 |  4.29e-01 |  7.26e+00 |  1.28e-03 |  9.26e-03 |  1.0e-04 |  2.56e-08 |  9.78e-01 |  3.64e-02
    80 |  5.542e-01 |  5.525e-02 |  8.795e-02 |  2.36e-01 |  2.81e-01 |  4.48e-01 |  4.26e-01 |  6.77e+00 |  1.25e-03 |  8.44e-03 |  1.0e-04 |  1.04e-07 |  9.65e-01 |  3.64e-02
    90 |  5.392e-01 |  5.381e-02 |  8.608e-02 |  2.33e-01 |  2.76e-01 |  4.42e-01 |  4.24e-01 |  6.82e+00 |  1.01e-03 |  6.89e-03 |  1.0e-04 |  5.80e-08 |  9.54e-01 |  3.64e-02
   100 |  5.292e-01 |  5.284e-02 |  8.475e-02 |  2.31e-01 |  2.74e-01 |  4.37e-01 |  4.22e-01 |  7.63e+00 |  7.43e-04 |  5.67e-03 |  1.0e-04 |  2.71e-08 |  9.45e-01 |  3.64e-02
   110 |  5.207e-01 |  5.199e-02 |  8.351e-02 |  2.29e-01 |  2.72e-01 |  4.31e-01 |  4.21e-01 |  9.54e+00 |  6.63e-04 |  6.32e-03 |  1.0e-04 |  5.14e-08 |  9.37e-01 |  3.64e-02
   120 |  5.119e-01 |  5.111e-02 |  8.223e-02 |  2.27e-01 |  2.69e-01 |  4.26e-01 |  4.19e-01 |  1.24e+01 |  5.91e-04 |  7.30e-03 |  1.0e-04 |  2.03e-08 |  9.29e-01 |  3.64e-02
   130 |  5.039e-01 |  5.031e-02 |  8.113e-02 |  2.25e-01 |  2.66e-01 |  4.22e-01 |  4.18e-01 |  1.58e+01 |  5.27e-04 |  8.31e-03 |  1.0e-04 |  2.20e-08 |  9.21e-01 |  3.64e-02
   140 |  4.974e-01 |  4.968e-02 |  8.026e-02 |  2.24e-01 |  2.64e-01 |  4.19e-01 |  4.17e-01 |  1.86e+01 |  4.28e-04 |  7.96e-03 |  1.0e-04 |  4.66e-08 |  9.14e-01 |  3.64e-02
   150 |  4.919e-01 |  4.914e-02 |  7.950e-02 |  2.23e-01 |  2.62e-01 |  4.17e-01 |  4.15e-01 |  2.07e+01 |  4.21e-04 |  8.72e-03 |  1.0e-04 |  2.74e-08 |  9.08e-01 |  3.64e-02
   160 |  4.873e-01 |  4.868e-02 |  7.886e-02 |  2.21e-01 |  2.60e-01 |  4.15e-01 |  4.14e-01 |  2.23e+01 |  3.76e-04 |  8.40e-03 |  1.0e-04 |  3.25e-08 |  9.02e-01 |  3.64e-02
   170 |  4.827e-01 |  4.823e-02 |  7.824e-02 |  2.20e-01 |  2.59e-01 |  4.13e-01 |  4.13e-01 |  2.28e+01 |  3.70e-04 |  8.42e-03 |  1.0e-04 |  4.49e-08 |  8.96e-01 |  3.64e-02
   180 |  4.784e-01 |  4.779e-02 |  7.765e-02 |  2.19e-01 |  2.57e-01 |  4.12e-01 |  4.13e-01 |  2.16e+01 |  3.64e-04 |  7.88e-03 |  1.0e-04 |  2.97e-08 |  8.90e-01 |  3.64e-02
   190 |  4.739e-01 |  4.735e-02 |  7.707e-02 |  2.18e-01 |  2.55e-01 |  4.10e-01 |  4.12e-01 |  1.95e+01 |  3.58e-04 |  6.99e-03 |  1.0e-04 |  2.50e-08 |  8.84e-01 |  3.64e-02
   200 |  4.698e-01 |  4.694e-02 |  7.652e-02 |  2.18e-01 |  2.54e-01 |  4.08e-01 |  4.11e-01 |  1.99e+01 |  3.53e-04 |  7.03e-03 |  1.0e-04 |  3.29e-08 |  8.78e-01 |  3.64e-02
   210 |  4.657e-01 |  4.653e-02 |  7.597e-02 |  2.17e-01 |  2.53e-01 |  4.07e-01 |  4.10e-01 |  1.96e+01 |  3.48e-04 |  6.80e-03 |  1.0e-04 |  3.63e-08 |  8.72e-01 |  3.64e-02
   220 |  4.615e-01 |  4.611e-02 |  7.541e-02 |  2.16e-01 |  2.51e-01 |  4.05e-01 |  4.09e-01 |  1.86e+01 |  3.43e-04 |  6.38e-03 |  1.0e-04 |  2.86e-08 |  8.65e-01 |  3.64e-02
   230 |  4.574e-01 |  4.570e-02 |  7.485e-02 |  2.15e-01 |  2.50e-01 |  4.03e-01 |  4.08e-01 |  1.71e+01 |  3.38e-04 |  5.79e-03 |  1.0e-04 |  2.62e-08 |  8.59e-01 |  3.64e-02
   240 |  4.533e-01 |  4.529e-02 |  7.430e-02 |  2.14e-01 |  2.49e-01 |  4.01e-01 |  4.08e-01 |  1.74e+01 |  3.33e-04 |  5.82e-03 |  1.0e-04 |  2.59e-08 |  8.52e-01 |  3.64e-02
   250 |  4.494e-01 |  4.490e-02 |  7.377e-02 |  2.13e-01 |  2.48e-01 |  3.99e-01 |  4.07e-01 |  1.79e+01 |  3.29e-04 |  5.88e-03 |  1.0e-04 |  4.22e-08 |  8.45e-01 |  3.64e-02
   260 |  4.457e-01 |  4.454e-02 |  7.326e-02 |  2.12e-01 |  2.47e-01 |  3.97e-01 |  4.06e-01 |  1.83e+01 |  3.25e-04 |  5.95e-03 |  1.0e-04 |  2.71e-08 |  8.39e-01 |  3.64e-02
   270 |  4.423e-01 |  4.420e-02 |  7.279e-02 |  2.11e-01 |  2.46e-01 |  3.96e-01 |  4.05e-01 |  1.86e+01 |  3.21e-04 |  5.98e-03 |  1.0e-04 |  3.75e-08 |  8.32e-01 |  3.64e-02
   280 |  4.391e-01 |  4.388e-02 |  7.235e-02 |  2.10e-01 |  2.46e-01 |  3.95e-01 |  4.04e-01 |  1.88e+01 |  3.17e-04 |  5.96e-03 |  1.0e-04 |  3.05e-08 |  8.26e-01 |  3.64e-02
   290 |  4.362e-01 |  4.359e-02 |  7.193e-02 |  2.10e-01 |  2.45e-01 |  3.94e-01 |  4.03e-01 |  1.89e+01 |  3.13e-04 |  5.91e-03 |  1.0e-04 |  3.11e-08 |  8.20e-01 |  3.64e-02
   300 |  4.333e-01 |  4.330e-02 |  7.153e-02 |  2.09e-01 |  2.44e-01 |  3.93e-01 |  4.02e-01 |  1.88e+01 |  3.09e-04 |  5.81e-03 |  1.0e-04 |  2.13e-08 |  8.14e-01 |  3.64e-02
   310 |  4.306e-01 |  4.304e-02 |  7.112e-02 |  2.08e-01 |  2.43e-01 |  3.92e-01 |  4.01e-01 |  1.86e+01 |  3.05e-04 |  5.69e-03 |  1.0e-04 |  2.63e-08 |  8.08e-01 |  3.64e-02
   320 |  4.281e-01 |  4.279e-02 |  7.074e-02 |  2.08e-01 |  2.42e-01 |  3.91e-01 |  4.00e-01 |  1.82e+01 |  3.02e-04 |  5.49e-03 |  1.0e-04 |  2.57e-08 |  8.02e-01 |  3.64e-02
   330 |  4.257e-01 |  4.255e-02 |  7.037e-02 |  2.07e-01 |  2.41e-01 |  3.91e-01 |  3.98e-01 |  1.75e+01 |  3.28e-04 |  5.73e-03 |  1.0e-04 |  3.46e-08 |  7.95e-01 |  3.64e-02
   340 |  4.236e-01 |  4.234e-02 |  7.005e-02 |  2.07e-01 |  2.40e-01 |  3.91e-01 |  3.97e-01 |  1.68e+01 |  3.24e-04 |  5.44e-03 |  1.0e-04 |  2.65e-08 |  7.89e-01 |  3.64e-02
   350 |  4.216e-01 |  4.214e-02 |  6.976e-02 |  2.06e-01 |  2.40e-01 |  3.92e-01 |  3.96e-01 |  1.60e+01 |  3.21e-04 |  5.15e-03 |  1.0e-04 |  5.49e-08 |  7.83e-01 |  3.64e-02
   360 |  4.196e-01 |  4.194e-02 |  6.947e-02 |  2.06e-01 |  2.39e-01 |  3.92e-01 |  3.95e-01 |  1.50e+01 |  3.17e-04 |  4.75e-03 |  1.0e-04 |  3.58e-08 |  7.78e-01 |  3.64e-02
   370 |  4.177e-01 |  4.175e-02 |  6.918e-02 |  2.05e-01 |  2.38e-01 |  3.92e-01 |  3.93e-01 |  1.34e+01 |  3.14e-04 |  4.21e-03 |  1.0e-04 |  3.39e-08 |  7.72e-01 |  3.64e-02
   380 |  4.156e-01 |  4.154e-02 |  6.889e-02 |  2.05e-01 |  2.37e-01 |  3.93e-01 |  3.92e-01 |  1.25e+01 |  3.11e-04 |  3.88e-03 |  1.0e-04 |  2.97e-08 |  7.67e-01 |  3.64e-02
   390 |  4.135e-01 |  4.133e-02 |  6.859e-02 |  2.04e-01 |  2.36e-01 |  3.93e-01 |  3.91e-01 |  1.36e+01 |  3.38e-04 |  4.59e-03 |  1.0e-04 |  3.14e-08 |  7.61e-01 |  3.64e-02
   400 |  4.112e-01 |  4.110e-02 |  6.827e-02 |  2.04e-01 |  2.36e-01 |  3.93e-01 |  3.90e-01 |  1.41e+01 |  3.35e-04 |  4.73e-03 |  1.0e-04 |  3.81e-08 |  7.55e-01 |  3.64e-02
   410 |  4.089e-01 |  4.086e-02 |  6.796e-02 |  2.03e-01 |  2.35e-01 |  3.93e-01 |  3.89e-01 |  1.43e+01 |  3.32e-04 |  4.74e-03 |  1.0e-04 |  3.29e-08 |  7.50e-01 |  3.64e-02
   420 |  4.065e-01 |  4.063e-02 |  6.764e-02 |  2.03e-01 |  2.35e-01 |  3.94e-01 |  3.87e-01 |  1.43e+01 |  3.28e-04 |  4.69e-03 |  1.0e-04 |  3.18e-08 |  7.45e-01 |  3.64e-02
   430 |  4.042e-01 |  4.039e-02 |  6.730e-02 |  2.02e-01 |  2.34e-01 |  3.93e-01 |  3.86e-01 |  1.36e+01 |  3.25e-04 |  4.44e-03 |  1.0e-04 |  2.91e-08 |  7.40e-01 |  3.64e-02
   440 |  4.019e-01 |  4.016e-02 |  6.697e-02 |  2.01e-01 |  2.33e-01 |  3.93e-01 |  3.85e-01 |  1.39e+01 |  3.22e-04 |  4.46e-03 |  1.0e-04 |  3.23e-08 |  7.35e-01 |  3.64e-02
   450 |  3.996e-01 |  3.994e-02 |  6.662e-02 |  2.01e-01 |  2.33e-01 |  3.92e-01 |  3.84e-01 |  1.46e+01 |  3.19e-04 |  4.65e-03 |  1.0e-04 |  3.84e-08 |  7.30e-01 |  3.64e-02
   460 |  3.974e-01 |  3.971e-02 |  6.629e-02 |  2.00e-01 |  2.32e-01 |  3.92e-01 |  3.83e-01 |  1.50e+01 |  3.16e-04 |  4.76e-03 |  1.0e-04 |  3.66e-08 |  7.25e-01 |  3.64e-02
   470 |  3.952e-01 |  3.950e-02 |  6.595e-02 |  2.00e-01 |  2.32e-01 |  3.91e-01 |  3.82e-01 |  1.57e+01 |  3.14e-04 |  4.91e-03 |  1.0e-04 |  3.72e-08 |  7.21e-01 |  3.64e-02
   480 |  3.931e-01 |  3.929e-02 |  6.564e-02 |  1.99e-01 |  2.31e-01 |  3.91e-01 |  3.81e-01 |  1.59e+01 |  3.11e-04 |  4.95e-03 |  1.0e-04 |  3.35e-08 |  7.16e-01 |  3.64e-02
   490 |  3.911e-01 |  3.909e-02 |  6.530e-02 |  1.99e-01 |  2.31e-01 |  3.90e-01 |  3.80e-01 |  1.60e+01 |  3.08e-04 |  4.94e-03 |  1.0e-04 |  3.05e-08 |  7.12e-01 |  3.64e-02
   500 |  3.891e-01 |  3.889e-02 |  6.495e-02 |  1.98e-01 |  2.30e-01 |  3.88e-01 |  3.79e-01 |  1.59e+01 |  3.05e-04 |  4.87e-03 |  1.0e-04 |  2.78e-08 |  7.07e-01 |  3.64e-02
   510 |  3.870e-01 |  3.868e-02 |  6.457e-02 |  1.98e-01 |  2.30e-01 |  3.86e-01 |  3.78e-01 |  1.56e+01 |  3.33e-04 |  5.18e-03 |  1.0e-04 |  2.87e-08 |  7.03e-01 |  3.64e-02
   520 |  3.848e-01 |  3.846e-02 |  6.413e-02 |  1.97e-01 |  2.30e-01 |  3.84e-01 |  3.77e-01 |  1.49e+01 |  3.30e-04 |  4.92e-03 |  1.0e-04 |  2.20e-08 |  6.98e-01 |  3.64e-02
   530 |  3.824e-01 |  3.822e-02 |  6.363e-02 |  1.96e-01 |  2.29e-01 |  3.81e-01 |  3.76e-01 |  1.43e+01 |  3.60e-04 |  5.17e-03 |  1.0e-04 |  1.82e-08 |  6.93e-01 |  3.64e-02
   540 |  3.799e-01 |  3.797e-02 |  6.310e-02 |  1.96e-01 |  2.29e-01 |  3.78e-01 |  3.74e-01 |  1.35e+01 |  3.57e-04 |  4.81e-03 |  1.0e-04 |  1.50e-08 |  6.88e-01 |  3.64e-02
   550 |  3.772e-01 |  3.769e-02 |  6.254e-02 |  1.95e-01 |  2.29e-01 |  3.74e-01 |  3.73e-01 |  1.29e+01 |  3.90e-04 |  5.03e-03 |  1.0e-04 |  2.29e-08 |  6.83e-01 |  3.64e-02
   560 |  3.743e-01 |  3.740e-02 |  6.197e-02 |  1.94e-01 |  2.29e-01 |  3.71e-01 |  3.72e-01 |  1.24e+01 |  3.87e-04 |  4.78e-03 |  1.0e-04 |  1.62e-08 |  6.78e-01 |  3.64e-02
   570 |  3.714e-01 |  3.711e-02 |  6.141e-02 |  1.94e-01 |  2.29e-01 |  3.67e-01 |  3.70e-01 |  1.20e+01 |  4.22e-04 |  5.05e-03 |  1.0e-04 |  1.97e-08 |  6.73e-01 |  3.64e-02
   580 |  3.683e-01 |  3.680e-02 |  6.084e-02 |  1.93e-01 |  2.29e-01 |  3.64e-01 |  3.69e-01 |  1.16e+01 |  4.19e-04 |  4.86e-03 |  1.0e-04 |  1.45e-08 |  6.68e-01 |  3.64e-02
   590 |  3.652e-01 |  3.648e-02 |  6.029e-02 |  1.92e-01 |  2.28e-01 |  3.62e-01 |  3.67e-01 |  1.11e+01 |  4.57e-04 |  5.09e-03 |  1.0e-04 |  1.41e-08 |  6.63e-01 |  3.64e-02
   600 |  3.618e-01 |  3.614e-02 |  5.971e-02 |  1.91e-01 |  2.28e-01 |  3.59e-01 |  3.66e-01 |  1.06e+01 |  4.54e-04 |  4.81e-03 |  1.0e-04 |  1.33e-08 |  6.57e-01 |  3.64e-02
   610 |  3.583e-01 |  3.579e-02 |  5.910e-02 |  1.90e-01 |  2.27e-01 |  3.56e-01 |  3.64e-01 |  9.77e+00 |  4.96e-04 |  4.84e-03 |  1.0e-04 |  1.47e-08 |  6.52e-01 |  3.64e-02
   620 |  3.545e-01 |  3.541e-02 |  5.843e-02 |  1.89e-01 |  2.26e-01 |  3.53e-01 |  3.62e-01 |  8.98e+00 |  5.41e-04 |  4.86e-03 |  1.0e-04 |  1.27e-08 |  6.46e-01 |  3.64e-02
   630 |  3.504e-01 |  3.500e-02 |  5.766e-02 |  1.88e-01 |  2.25e-01 |  3.49e-01 |  3.60e-01 |  7.81e+00 |  5.91e-04 |  4.61e-03 |  1.0e-04 |  1.20e-08 |  6.39e-01 |  3.64e-02
   640 |  3.458e-01 |  3.453e-02 |  5.679e-02 |  1.87e-01 |  2.23e-01 |  3.44e-01 |  3.58e-01 |  7.53e+00 |  6.45e-04 |  4.86e-03 |  1.0e-04 |  1.02e-08 |  6.32e-01 |  3.64e-02
   650 |  3.406e-01 |  3.400e-02 |  5.579e-02 |  1.85e-01 |  2.21e-01 |  3.39e-01 |  3.56e-01 |  7.52e+00 |  7.75e-04 |  5.83e-03 |  1.0e-04 |  1.13e-08 |  6.24e-01 |  3.64e-02
   660 |  3.345e-01 |  3.338e-02 |  5.468e-02 |  1.83e-01 |  2.19e-01 |  3.34e-01 |  3.53e-01 |  6.93e+00 |  9.32e-04 |  6.45e-03 |  1.0e-04 |  9.43e-09 |  6.14e-01 |  3.64e-02
   670 |  3.271e-01 |  3.263e-02 |  5.337e-02 |  1.81e-01 |  2.17e-01 |  3.28e-01 |  3.49e-01 |  5.60e+00 |  1.12e-03 |  6.27e-03 |  1.0e-04 |  7.60e-09 |  6.04e-01 |  3.64e-02
   680 |  3.184e-01 |  3.175e-02 |  5.178e-02 |  1.79e-01 |  2.15e-01 |  3.19e-01 |  3.44e-01 |  4.48e+00 |  1.35e-03 |  6.03e-03 |  1.0e-04 |  7.82e-09 |  5.91e-01 |  3.64e-02
   690 |  3.078e-01 |  3.067e-02 |  4.977e-02 |  1.76e-01 |  2.13e-01 |  3.08e-01 |  3.39e-01 |  3.93e+00 |  1.78e-03 |  7.00e-03 |  1.0e-04 |  6.98e-09 |  5.76e-01 |  3.64e-02
   700 |  2.950e-01 |  2.936e-02 |  4.733e-02 |  1.72e-01 |  2.11e-01 |  2.93e-01 |  3.31e-01 |  3.50e+00 |  2.35e-03 |  8.23e-03 |  1.0e-04 |  5.44e-09 |  5.58e-01 |  3.64e-02
   710 |  2.804e-01 |  2.789e-02 |  4.452e-02 |  1.67e-01 |  2.08e-01 |  2.77e-01 |  3.22e-01 |  3.46e+00 |  2.83e-03 |  9.78e-03 |  1.0e-04 |  6.97e-09 |  5.37e-01 |  3.64e-02
   720 |  2.638e-01 |  2.619e-02 |  4.123e-02 |  1.62e-01 |  2.03e-01 |  2.57e-01 |  3.11e-01 |  3.28e+00 |  3.74e-03 |  1.23e-02 |  1.0e-04 |  5.71e-09 |  5.13e-01 |  3.64e-02
   730 |  2.441e-01 |  2.420e-02 |  3.729e-02 |  1.55e-01 |  1.97e-01 |  2.28e-01 |  2.98e-01 |  3.02e+00 |  4.49e-03 |  1.36e-02 |  1.0e-04 |  6.73e-09 |  4.85e-01 |  3.64e-02
   740 |  2.204e-01 |  2.176e-02 |  3.288e-02 |  1.47e-01 |  1.88e-01 |  1.99e-01 |  2.82e-01 |  2.73e+00 |  6.54e-03 |  1.78e-02 |  1.0e-04 |  4.08e-09 |  4.50e-01 |  3.64e-02
   750 |  1.910e-01 |  1.877e-02 |  2.820e-02 |  1.36e-01 |  1.75e-01 |  1.84e-01 |  2.61e-01 |  2.55e+00 |  8.65e-03 |  2.21e-02 |  1.0e-04 |  3.66e-09 |  4.09e-01 |  3.64e-02
   760 |  1.599e-01 |  1.567e-02 |  2.356e-02 |  1.24e-01 |  1.58e-01 |  1.75e-01 |  2.38e-01 |  1.94e+00 |  1.04e-02 |  2.02e-02 |  1.0e-04 |  2.45e-09 |  3.63e-01 |  3.64e-02
   770 |  1.296e-01 |  1.264e-02 |  1.901e-02 |  1.11e-01 |  1.39e-01 |  1.67e-01 |  2.11e-01 |  1.72e+00 |  1.38e-02 |  2.37e-02 |  1.0e-04 |  2.26e-09 |  3.14e-01 |  3.64e-02
   780 |  9.493e-02 |  9.065e-03 |  1.373e-02 |  9.36e-02 |  1.13e-01 |  1.58e-01 |  1.76e-01 |  9.75e-01 |  2.42e-02 |  2.36e-02 |  1.0e-04 |  1.79e-09 |  2.53e-01 |  3.64e-02
   790 |  5.418e-02 |  5.032e-03 |  7.694e-03 |  6.90e-02 |  8.20e-02 |  1.36e-01 |  1.26e-01 |  7.68e-01 |  3.88e-02 |  2.98e-02 |  1.0e-04 |  1.10e-09 |  1.82e-01 |  3.64e-02
   800 |  2.082e-02 |  1.853e-03 |  3.150e-03 |  4.07e-02 |  5.09e-02 |  1.14e-01 |  7.23e-02 |  3.99e-01 |  6.20e-02 |  2.47e-02 |  1.0e-04 |  1.14e-09 |  1.19e-01 |  3.64e-02
   810 |  6.081e-03 |  5.410e-04 |  9.543e-04 |  2.03e-02 |  2.23e-02 |  7.92e-02 |  3.11e-02 |  1.68e-01 |  8.21e-02 |  1.38e-02 |  1.0e-04 |  8.41e-10 |  8.10e-02 |  3.64e-02
   820 |  2.233e-03 |  2.068e-04 |  3.145e-04 |  1.06e-02 |  7.67e-03 |  5.22e-02 |  1.21e-02 |  1.63e-01 |  7.42e-02 |  1.21e-02 |  1.0e-04 |  6.40e-10 |  6.34e-02 |  3.64e-02
   830 |  1.196e-03 |  1.141e-04 |  1.217e-04 |  6.46e-03 |  4.11e-03 |  3.36e-02 |  5.45e-03 |  1.48e-01 |  6.10e-02 |  9.00e-03 |  1.0e-04 |  6.27e-10 |  5.42e-02 |  3.64e-02
   840 |  8.095e-04 |  7.848e-05 |  5.471e-05 |  4.40e-03 |  2.76e-03 |  2.26e-02 |  3.00e-03 |  1.28e-01 |  5.01e-02 |  6.40e-03 |  1.0e-04 |  5.39e-10 |  4.80e-02 |  3.64e-02
   850 |  6.225e-04 |  6.084e-05 |  2.771e-05 |  3.17e-03 |  1.95e-03 |  1.61e-02 |  1.97e-03 |  1.13e-01 |  4.12e-02 |  4.64e-03 |  1.0e-04 |  4.64e-10 |  4.35e-02 |  3.64e-02
   860 |  5.180e-04 |  5.109e-05 |  1.532e-05 |  2.37e-03 |  1.44e-03 |  1.19e-02 |  1.47e-03 |  1.01e-01 |  3.38e-02 |  3.42e-03 |  1.0e-04 |  3.84e-10 |  3.99e-02 |  3.64e-02
   870 |  4.575e-04 |  4.528e-05 |  9.142e-06 |  1.83e-03 |  1.12e-03 |  9.19e-03 |  1.20e-03 |  9.22e-02 |  3.06e-02 |  2.82e-03 |  1.0e-04 |  5.04e-10 |  3.71e-02 |  3.64e-02
   880 |  4.186e-04 |  4.157e-05 |  5.776e-06 |  1.46e-03 |  9.13e-04 |  7.28e-03 |  1.05e-03 |  8.62e-02 |  2.76e-02 |  2.38e-03 |  1.0e-04 |  4.66e-10 |  3.47e-02 |  3.64e-02
   890 |  3.924e-04 |  3.904e-05 |  3.866e-06 |  1.19e-03 |  7.78e-04 |  5.92e-03 |  9.48e-04 |  8.09e-02 |  2.27e-02 |  1.84e-03 |  1.0e-04 |  4.37e-10 |  3.28e-02 |  3.64e-02
   900 |  3.738e-04 |  3.723e-05 |  2.719e-06 |  1.00e-03 |  6.86e-04 |  4.93e-03 |  8.77e-04 |  7.64e-02 |  2.05e-02 |  1.57e-03 |  1.0e-04 |  3.96e-10 |  3.11e-02 |  3.64e-02
   910 |  3.595e-04 |  3.590e-05 |  1.990e-06 |  8.63e-04 |  6.25e-04 |  4.18e-03 |  8.19e-04 |  7.30e-02 |  1.86e-02 |  1.35e-03 |  1.0e-04 |  2.91e-10 |  2.97e-02 |  3.64e-02
   920 |  3.495e-04 |  3.485e-05 |  1.504e-06 |  7.55e-04 |  5.78e-04 |  3.59e-03 |  7.80e-04 |  7.00e-02 |  1.68e-02 |  1.17e-03 |  1.0e-04 |  3.13e-10 |  2.85e-02 |  3.64e-02
   930 |  3.427e-04 |  3.403e-05 |  1.176e-06 |  6.74e-04 |  5.57e-04 |  3.13e-03 |  7.47e-04 |  6.77e-02 |  1.52e-02 |  1.03e-03 |  1.0e-04 |  3.98e-10 |  2.75e-02 |  3.64e-02
   940 |  3.343e-04 |  3.339e-05 |  9.450e-07 |  6.10e-04 |  5.35e-04 |  2.75e-03 |  7.33e-04 |  6.84e-02 |  1.51e-02 |  1.03e-03 |  1.0e-04 |  2.91e-10 |  2.65e-02 |  3.64e-02
   950 |  3.280e-04 |  3.284e-05 |  7.761e-07 |  5.59e-04 |  5.04e-04 |  2.45e-03 |  7.14e-04 |  6.73e-02 |  1.37e-02 |  9.19e-04 |  1.0e-04 |  3.43e-10 |  2.57e-02 |  3.64e-02
   960 |  3.247e-04 |  3.243e-05 |  6.468e-07 |  5.17e-04 |  4.92e-04 |  2.20e-03 |  6.80e-04 |  6.43e-02 |  1.24e-02 |  7.94e-04 |  1.0e-04 |  3.65e-10 |  2.50e-02 |  3.64e-02
   970 |  3.216e-04 |  3.204e-05 |  5.538e-07 |  4.84e-04 |  4.79e-04 |  1.99e-03 |  6.75e-04 |  6.48e-02 |  1.12e-02 |  7.24e-04 |  1.0e-04 |  3.51e-10 |  2.43e-02 |  3.64e-02
   980 |  3.179e-04 |  3.171e-05 |  4.793e-07 |  4.55e-04 |  4.67e-04 |  1.81e-03 |  6.65e-04 |  6.45e-02 |  1.11e-02 |  7.17e-04 |  1.0e-04 |  3.33e-10 |  2.37e-02 |  3.64e-02
   990 |  3.145e-04 |  3.142e-05 |  4.199e-07 |  4.32e-04 |  4.66e-04 |  1.65e-03 |  6.45e-04 |  6.21e-02 |  1.01e-02 |  6.24e-04 |  1.0e-04 |  3.52e-10 |  2.32e-02 |  3.64e-02
  1000 |  3.122e-04 |  3.120e-05 |  3.722e-07 |  4.12e-04 |  4.54e-04 |  1.52e-03 |  6.33e-04 |  6.11e-02 |  1.00e-02 |  6.11e-04 |  1.0e-04 |  3.09e-10 |  2.27e-02 |  3.64e-02
  1010 |  3.103e-04 |  3.098e-05 |  3.352e-07 |  3.96e-04 |  4.46e-04 |  1.40e-03 |  6.26e-04 |  6.07e-02 |  9.05e-03 |  5.49e-04 |  1.0e-04 |  3.12e-10 |  2.22e-02 |  3.64e-02
  1020 |  3.072e-04 |  3.079e-05 |  3.038e-07 |  3.81e-04 |  4.41e-04 |  1.30e-03 |  6.18e-04 |  6.01e-02 |  8.18e-03 |  4.92e-04 |  1.0e-04 |  3.53e-10 |  2.18e-02 |  3.64e-02
  1030 |  3.058e-04 |  3.062e-05 |  2.794e-07 |  3.70e-04 |  4.29e-04 |  1.21e-03 |  6.14e-04 |  5.99e-02 |  8.14e-03 |  4.88e-04 |  1.0e-04 |  3.74e-10 |  2.14e-02 |  3.64e-02
  1040 |  3.057e-04 |  3.046e-05 |  2.588e-07 |  3.58e-04 |  4.29e-04 |  1.13e-03 |  6.14e-04 |  6.10e-02 |  7.37e-03 |  4.50e-04 |  1.0e-04 |  4.10e-10 |  2.10e-02 |  3.64e-02
  1050 |  3.032e-04 |  3.032e-05 |  2.410e-07 |  3.50e-04 |  4.33e-04 |  1.06e-03 |  6.02e-04 |  5.89e-02 |  7.33e-03 |  4.32e-04 |  1.0e-04 |  2.72e-10 |  2.07e-02 |  3.64e-02
  1060 |  3.013e-04 |  3.020e-05 |  2.259e-07 |  3.41e-04 |  4.36e-04 |  9.92e-04 |  6.00e-04 |  5.89e-02 |  6.63e-03 |  3.91e-04 |  1.0e-04 |  2.84e-10 |  2.03e-02 |  3.64e-02
  1070 |  3.002e-04 |  3.008e-05 |  2.107e-07 |  3.33e-04 |  4.30e-04 |  9.35e-04 |  5.85e-04 |  5.67e-02 |  6.60e-03 |  3.74e-04 |  1.0e-04 |  3.55e-10 |  2.01e-02 |  3.64e-02
  1080 |  3.002e-04 |  2.999e-05 |  2.000e-07 |  3.26e-04 |  4.26e-04 |  8.82e-04 |  5.84e-04 |  5.71e-02 |  6.57e-03 |  3.75e-04 |  1.0e-04 |  3.32e-10 |  1.98e-02 |  3.64e-02
  1090 |  2.984e-04 |  2.988e-05 |  1.891e-07 |  3.21e-04 |  4.13e-04 |  8.33e-04 |  5.76e-04 |  5.62e-02 |  5.95e-03 |  3.34e-04 |  1.0e-04 |  2.95e-10 |  1.95e-02 |  3.64e-02
  1100 |  2.977e-04 |  2.980e-05 |  1.802e-07 |  3.15e-04 |  4.15e-04 |  7.90e-04 |  5.71e-04 |  5.49e-02 |  5.92e-03 |  3.25e-04 |  1.0e-04 |  2.62e-10 |  1.92e-02 |  3.64e-02
  1110 |  2.971e-04 |  2.970e-05 |  1.745e-07 |  3.11e-04 |  4.25e-04 |  7.50e-04 |  5.72e-04 |  5.62e-02 |  5.89e-03 |  3.31e-04 |  1.0e-04 |  3.87e-10 |  1.90e-02 |  3.64e-02
  1120 |  2.965e-04 |  2.961e-05 |  1.668e-07 |  3.06e-04 |  4.21e-04 |  7.12e-04 |  5.66e-04 |  5.51e-02 |  5.33e-03 |  2.94e-04 |  1.0e-04 |  2.80e-10 |  1.88e-02 |  3.64e-02
  1130 |  2.968e-04 |  2.954e-05 |  1.589e-07 |  3.02e-04 |  4.02e-04 |  6.80e-04 |  5.59e-04 |  5.39e-02 |  5.31e-03 |  2.86e-04 |  1.0e-04 |  2.61e-10 |  1.86e-02 |  3.64e-02
  1140 |  2.951e-04 |  2.948e-05 |  1.534e-07 |  2.98e-04 |  4.00e-04 |  6.48e-04 |  5.55e-04 |  5.36e-02 |  5.28e-03 |  2.83e-04 |  1.0e-04 |  2.97e-10 |  1.84e-02 |  3.64e-02
  1150 |  2.943e-04 |  2.942e-05 |  1.496e-07 |  2.95e-04 |  4.12e-04 |  6.19e-04 |  5.52e-04 |  5.33e-02 |  4.78e-03 |  2.55e-04 |  1.0e-04 |  3.67e-10 |  1.82e-02 |  3.64e-02
  1160 |  2.937e-04 |  2.936e-05 |  1.454e-07 |  2.92e-04 |  4.10e-04 |  5.93e-04 |  5.48e-04 |  5.26e-02 |  4.76e-03 |  2.50e-04 |  1.0e-04 |  2.77e-10 |  1.80e-02 |  3.64e-02
  1170 |  2.922e-04 |  2.930e-05 |  1.418e-07 |  2.89e-04 |  4.05e-04 |  5.69e-04 |  5.48e-04 |  5.35e-02 |  4.74e-03 |  2.54e-04 |  1.0e-04 |  3.22e-10 |  1.78e-02 |  3.64e-02
  1180 |  2.922e-04 |  2.926e-05 |  1.379e-07 |  2.86e-04 |  4.05e-04 |  5.45e-04 |  5.46e-04 |  5.22e-02 |  4.72e-03 |  2.46e-04 |  1.0e-04 |  3.22e-10 |  1.76e-02 |  3.64e-02
  1190 |  2.922e-04 |  2.921e-05 |  1.351e-07 |  2.84e-04 |  3.97e-04 |  5.23e-04 |  5.46e-04 |  5.26e-02 |  4.27e-03 |  2.25e-04 |  1.0e-04 |  2.83e-10 |  1.74e-02 |  3.64e-02
  1200 |  2.906e-04 |  2.915e-05 |  1.301e-07 |  2.81e-04 |  3.93e-04 |  5.04e-04 |  5.35e-04 |  5.07e-02 |  4.25e-03 |  2.16e-04 |  1.0e-04 |  3.12e-10 |  1.73e-02 |  3.64e-02
  1210 |  2.908e-04 |  2.911e-05 |  1.282e-07 |  2.79e-04 |  3.96e-04 |  4.85e-04 |  5.36e-04 |  5.07e-02 |  4.24e-03 |  2.15e-04 |  1.0e-04 |  3.86e-10 |  1.71e-02 |  3.64e-02
  1220 |  2.904e-04 |  2.906e-05 |  1.253e-07 |  2.78e-04 |  3.97e-04 |  4.67e-04 |  5.28e-04 |  4.98e-02 |  4.22e-03 |  2.10e-04 |  1.0e-04 |  3.19e-10 |  1.70e-02 |  3.64e-02
  1230 |  2.899e-04 |  2.901e-05 |  1.227e-07 |  2.76e-04 |  4.03e-04 |  4.50e-04 |  5.22e-04 |  4.91e-02 |  4.20e-03 |  2.06e-04 |  1.0e-04 |  3.11e-10 |  1.68e-02 |  3.64e-02
  1240 |  2.896e-04 |  2.896e-05 |  1.214e-07 |  2.74e-04 |  3.90e-04 |  4.35e-04 |  5.30e-04 |  5.04e-02 |  3.80e-03 |  1.92e-04 |  1.0e-04 |  3.58e-10 |  1.67e-02 |  3.64e-02
  1250 |  2.891e-04 |  2.892e-05 |  1.199e-07 |  2.71e-04 |  4.10e-04 |  4.20e-04 |  5.25e-04 |  5.01e-02 |  3.79e-03 |  1.90e-04 |  1.0e-04 |  2.68e-10 |  1.66e-02 |  3.64e-02
  1260 |  2.889e-04 |  2.889e-05 |  1.167e-07 |  2.69e-04 |  3.96e-04 |  4.06e-04 |  5.22e-04 |  4.93e-02 |  3.77e-03 |  1.86e-04 |  1.0e-04 |  3.33e-10 |  1.65e-02 |  3.64e-02
  1270 |  2.886e-04 |  2.886e-05 |  1.148e-07 |  2.69e-04 |  3.87e-04 |  3.93e-04 |  5.17e-04 |  4.85e-02 |  3.76e-03 |  1.82e-04 |  1.0e-04 |  2.80e-10 |  1.63e-02 |  3.64e-02
  1280 |  2.881e-04 |  2.882e-05 |  1.129e-07 |  2.67e-04 |  3.92e-04 |  3.80e-04 |  5.13e-04 |  4.80e-02 |  3.74e-03 |  1.80e-04 |  1.0e-04 |  2.47e-10 |  1.62e-02 |  3.64e-02
  1290 |  2.885e-04 |  2.879e-05 |  1.118e-07 |  2.65e-04 |  3.93e-04 |  3.68e-04 |  5.15e-04 |  4.80e-02 |  3.39e-03 |  1.62e-04 |  1.0e-04 |  2.56e-10 |  1.61e-02 |  3.64e-02
  1300 |  2.871e-04 |  2.876e-05 |  1.107e-07 |  2.65e-04 |  3.96e-04 |  3.57e-04 |  5.12e-04 |  4.70e-02 |  3.37e-03 |  1.59e-04 |  1.0e-04 |  3.44e-10 |  1.60e-02 |  3.64e-02
  1310 |  2.869e-04 |  2.872e-05 |  1.098e-07 |  2.63e-04 |  3.99e-04 |  3.46e-04 |  5.14e-04 |  4.81e-02 |  3.36e-03 |  1.62e-04 |  1.0e-04 |  3.34e-10 |  1.59e-02 |  3.64e-02
  1320 |  2.869e-04 |  2.869e-05 |  1.094e-07 |  2.63e-04 |  3.91e-04 |  3.36e-04 |  5.16e-04 |  4.85e-02 |  3.35e-03 |  1.62e-04 |  1.0e-04 |  2.65e-10 |  1.58e-02 |  3.64e-02
  1330 |  2.870e-04 |  2.866e-05 |  1.066e-07 |  2.60e-04 |  3.90e-04 |  3.26e-04 |  5.08e-04 |  4.71e-02 |  3.33e-03 |  1.57e-04 |  1.0e-04 |  2.53e-10 |  1.57e-02 |  3.64e-02
  1340 |  2.863e-04 |  2.862e-05 |  1.049e-07 |  2.59e-04 |  3.81e-04 |  3.17e-04 |  5.07e-04 |  4.68e-02 |  3.32e-03 |  1.55e-04 |  1.0e-04 |  2.40e-10 |  1.56e-02 |  3.64e-02
  1350 |  2.859e-04 |  2.859e-05 |  1.037e-07 |  2.58e-04 |  3.90e-04 |  3.08e-04 |  5.02e-04 |  4.64e-02 |  3.31e-03 |  1.53e-04 |  1.0e-04 |  2.73e-10 |  1.55e-02 |  3.64e-02
  1360 |  2.856e-04 |  2.856e-05 |  1.042e-07 |  2.58e-04 |  3.82e-04 |  3.00e-04 |  5.10e-04 |  4.72e-02 |  3.00e-03 |  1.41e-04 |  1.0e-04 |  2.87e-10 |  1.54e-02 |  3.64e-02
  1370 |  2.856e-04 |  2.853e-05 |  1.019e-07 |  2.55e-04 |  3.91e-04 |  2.92e-04 |  5.01e-04 |  4.61e-02 |  2.98e-03 |  1.38e-04 |  1.0e-04 |  2.96e-10 |  1.53e-02 |  3.64e-02
  1380 |  2.846e-04 |  2.851e-05 |  1.013e-07 |  2.54e-04 |  3.96e-04 |  2.84e-04 |  4.99e-04 |  4.62e-02 |  2.97e-03 |  1.37e-04 |  1.0e-04 |  2.53e-10 |  1.52e-02 |  3.64e-02
  1390 |  2.848e-04 |  2.848e-05 |  1.007e-07 |  2.53e-04 |  3.96e-04 |  2.77e-04 |  5.00e-04 |  4.55e-02 |  2.96e-03 |  1.35e-04 |  1.0e-04 |  2.75e-10 |  1.51e-02 |  3.64e-02
  1400 |  2.852e-04 |  2.845e-05 |  9.870e-08 |  2.53e-04 |  3.88e-04 |  2.70e-04 |  4.92e-04 |  4.46e-02 |  2.95e-03 |  1.32e-04 |  1.0e-04 |  2.46e-10 |  1.50e-02 |  3.64e-02
  1410 |  2.830e-04 |  2.843e-05 |  9.819e-08 |  2.52e-04 |  3.87e-04 |  2.63e-04 |  4.92e-04 |  4.46e-02 |  2.94e-03 |  1.31e-04 |  1.0e-04 |  3.08e-10 |  1.49e-02 |  3.64e-02
  1420 |  2.841e-04 |  2.840e-05 |  9.652e-08 |  2.52e-04 |  3.76e-04 |  2.56e-04 |  4.89e-04 |  4.37e-02 |  2.93e-03 |  1.28e-04 |  1.0e-04 |  2.76e-10 |  1.48e-02 |  3.64e-02
  1430 |  2.838e-04 |  2.837e-05 |  9.715e-08 |  2.51e-04 |  3.85e-04 |  2.50e-04 |  4.93e-04 |  4.57e-02 |  2.92e-03 |  1.33e-04 |  1.0e-04 |  2.86e-10 |  1.48e-02 |  3.64e-02
  1440 |  2.837e-04 |  2.835e-05 |  9.538e-08 |  2.49e-04 |  3.77e-04 |  2.44e-04 |  4.89e-04 |  4.39e-02 |  2.64e-03 |  1.16e-04 |  1.0e-04 |  2.67e-10 |  1.47e-02 |  3.64e-02
  1450 |  2.837e-04 |  2.833e-05 |  9.533e-08 |  2.50e-04 |  3.86e-04 |  2.38e-04 |  4.85e-04 |  4.38e-02 |  2.90e-03 |  1.27e-04 |  1.0e-04 |  2.80e-10 |  1.46e-02 |  3.64e-02
  1460 |  2.826e-04 |  2.830e-05 |  9.405e-08 |  2.48e-04 |  3.76e-04 |  2.33e-04 |  4.88e-04 |  4.32e-02 |  2.62e-03 |  1.13e-04 |  1.0e-04 |  2.46e-10 |  1.45e-02 |  3.64e-02
  1470 |  2.825e-04 |  2.828e-05 |  9.504e-08 |  2.47e-04 |  3.90e-04 |  2.27e-04 |  4.91e-04 |  4.47e-02 |  2.61e-03 |  1.17e-04 |  1.0e-04 |  2.19e-10 |  1.44e-02 |  3.64e-02
  1480 |  2.822e-04 |  2.825e-05 |  9.438e-08 |  2.47e-04 |  3.87e-04 |  2.22e-04 |  4.89e-04 |  4.38e-02 |  2.60e-03 |  1.14e-04 |  1.0e-04 |  3.49e-10 |  1.44e-02 |  3.64e-02
  1490 |  2.822e-04 |  2.823e-05 |  9.442e-08 |  2.48e-04 |  3.91e-04 |  2.17e-04 |  4.87e-04 |  4.40e-02 |  2.60e-03 |  1.14e-04 |  1.0e-04 |  2.93e-10 |  1.43e-02 |  3.64e-02
  1500 |  2.822e-04 |  2.821e-05 |  9.172e-08 |  2.44e-04 |  3.80e-04 |  2.13e-04 |  4.83e-04 |  4.29e-02 |  2.59e-03 |  1.11e-04 |  1.0e-04 |  2.95e-10 |  1.42e-02 |  3.64e-02
  1510 |  2.821e-04 |  2.819e-05 |  9.159e-08 |  2.43e-04 |  3.77e-04 |  2.08e-04 |  4.86e-04 |  4.36e-02 |  2.58e-03 |  1.12e-04 |  1.0e-04 |  3.16e-10 |  1.42e-02 |  3.64e-02
  1520 |  2.820e-04 |  2.817e-05 |  9.088e-08 |  2.43e-04 |  3.85e-04 |  2.04e-04 |  4.80e-04 |  4.27e-02 |  2.57e-03 |  1.10e-04 |  1.0e-04 |  2.64e-10 |  1.41e-02 |  3.64e-02
  1530 |  2.821e-04 |  2.815e-05 |  9.188e-08 |  2.44e-04 |  3.83e-04 |  1.99e-04 |  4.87e-04 |  4.37e-02 |  2.56e-03 |  1.12e-04 |  1.0e-04 |  2.62e-10 |  1.40e-02 |  3.64e-02
  1540 |  2.811e-04 |  2.814e-05 |  8.970e-08 |  2.42e-04 |  3.72e-04 |  1.95e-04 |  4.80e-04 |  4.23e-02 |  2.32e-03 |  9.81e-05 |  1.0e-04 |  2.54e-10 |  1.40e-02 |  3.64e-02
  1550 |  2.822e-04 |  2.811e-05 |  8.904e-08 |  2.42e-04 |  3.77e-04 |  1.91e-04 |  4.76e-04 |  4.18e-02 |  2.54e-03 |  1.06e-04 |  1.0e-04 |  3.13e-10 |  1.39e-02 |  3.64e-02
  1560 |  2.810e-04 |  2.810e-05 |  8.914e-08 |  2.41e-04 |  3.85e-04 |  1.88e-04 |  4.75e-04 |  4.24e-02 |  2.30e-03 |  9.76e-05 |  1.0e-04 |  2.34e-10 |  1.38e-02 |  3.64e-02
  1570 |  2.809e-04 |  2.808e-05 |  8.803e-08 |  2.40e-04 |  3.82e-04 |  1.84e-04 |  4.72e-04 |  4.17e-02 |  2.29e-03 |  9.57e-05 |  1.0e-04 |  2.48e-10 |  1.38e-02 |  3.64e-02
  1580 |  2.811e-04 |  2.807e-05 |  8.765e-08 |  2.40e-04 |  3.81e-04 |  1.80e-04 |  4.71e-04 |  4.09e-02 |  2.29e-03 |  9.34e-05 |  1.0e-04 |  3.06e-10 |  1.37e-02 |  3.64e-02
  1590 |  2.807e-04 |  2.805e-05 |  8.716e-08 |  2.39e-04 |  3.67e-04 |  1.77e-04 |  4.75e-04 |  4.23e-02 |  2.28e-03 |  9.63e-05 |  1.0e-04 |  2.53e-10 |  1.37e-02 |  3.64e-02
  1600 |  2.801e-04 |  2.804e-05 |  8.724e-08 |  2.38e-04 |  3.84e-04 |  1.74e-04 |  4.72e-04 |  4.18e-02 |  2.27e-03 |  9.50e-05 |  1.0e-04 |  2.23e-10 |  1.36e-02 |  3.64e-02
  1610 |  2.801e-04 |  2.802e-05 |  8.627e-08 |  2.39e-04 |  3.75e-04 |  1.70e-04 |  4.69e-04 |  4.11e-02 |  2.26e-03 |  9.30e-05 |  1.0e-04 |  2.44e-10 |  1.35e-02 |  3.64e-02
  1620 |  2.800e-04 |  2.800e-05 |  8.606e-08 |  2.38e-04 |  3.72e-04 |  1.67e-04 |  4.70e-04 |  4.12e-02 |  2.26e-03 |  9.30e-05 |  1.0e-04 |  2.90e-10 |  1.35e-02 |  3.64e-02
  1630 |  2.801e-04 |  2.798e-05 |  8.703e-08 |  2.38e-04 |  3.84e-04 |  1.64e-04 |  4.73e-04 |  4.20e-02 |  2.25e-03 |  9.45e-05 |  1.0e-04 |  2.54e-10 |  1.34e-02 |  3.64e-02
  1640 |  2.792e-04 |  2.797e-05 |  8.519e-08 |  2.37e-04 |  3.77e-04 |  1.61e-04 |  4.66e-04 |  4.07e-02 |  2.24e-03 |  9.12e-05 |  1.0e-04 |  2.23e-10 |  1.34e-02 |  3.64e-02
  1650 |  2.801e-04 |  2.795e-05 |  8.630e-08 |  2.38e-04 |  3.82e-04 |  1.58e-04 |  4.69e-04 |  4.12e-02 |  2.23e-03 |  9.21e-05 |  1.0e-04 |  2.98e-10 |  1.33e-02 |  3.64e-02
  1660 |  2.791e-04 |  2.793e-05 |  8.496e-08 |  2.37e-04 |  3.70e-04 |  1.55e-04 |  4.68e-04 |  4.05e-02 |  2.23e-03 |  9.02e-05 |  1.0e-04 |  2.72e-10 |  1.33e-02 |  3.64e-02
  1670 |  2.796e-04 |  2.792e-05 |  8.374e-08 |  2.34e-04 |  3.71e-04 |  1.53e-04 |  4.66e-04 |  4.07e-02 |  2.02e-03 |  8.21e-05 |  1.0e-04 |  3.01e-10 |  1.32e-02 |  3.64e-02
  1680 |  2.785e-04 |  2.790e-05 |  8.380e-08 |  2.34e-04 |  3.79e-04 |  1.50e-04 |  4.64e-04 |  4.03e-02 |  2.01e-03 |  8.11e-05 |  1.0e-04 |  2.49e-10 |  1.32e-02 |  3.64e-02
  1690 |  2.785e-04 |  2.789e-05 |  8.358e-08 |  2.34e-04 |  3.77e-04 |  1.48e-04 |  4.63e-04 |  3.99e-02 |  2.21e-03 |  8.80e-05 |  1.0e-04 |  2.50e-10 |  1.31e-02 |  3.64e-02
  1700 |  2.789e-04 |  2.788e-05 |  8.326e-08 |  2.36e-04 |  3.70e-04 |  1.45e-04 |  4.59e-04 |  3.95e-02 |  2.20e-03 |  8.68e-05 |  1.0e-04 |  3.43e-10 |  1.31e-02 |  3.64e-02
  1710 |  2.781e-04 |  2.786e-05 |  8.371e-08 |  2.35e-04 |  3.74e-04 |  1.43e-04 |  4.64e-04 |  4.01e-02 |  1.99e-03 |  7.99e-05 |  1.0e-04 |  3.14e-10 |  1.30e-02 |  3.64e-02
  1720 |  2.788e-04 |  2.785e-05 |  8.286e-08 |  2.34e-04 |  3.73e-04 |  1.40e-04 |  4.62e-04 |  3.98e-02 |  1.99e-03 |  7.91e-05 |  1.0e-04 |  2.40e-10 |  1.30e-02 |  3.64e-02
  1730 |  2.786e-04 |  2.783e-05 |  8.211e-08 |  2.34e-04 |  3.68e-04 |  1.38e-04 |  4.59e-04 |  3.97e-02 |  1.98e-03 |  7.87e-05 |  1.0e-04 |  3.45e-10 |  1.29e-02 |  3.64e-02
  1740 |  2.783e-04 |  2.782e-05 |  8.175e-08 |  2.32e-04 |  3.64e-04 |  1.36e-04 |  4.63e-04 |  3.95e-02 |  1.97e-03 |  7.81e-05 |  1.0e-04 |  2.59e-10 |  1.29e-02 |  3.64e-02
  1750 |  2.781e-04 |  2.781e-05 |  8.131e-08 |  2.31e-04 |  3.71e-04 |  1.34e-04 |  4.59e-04 |  3.93e-02 |  1.97e-03 |  7.74e-05 |  1.0e-04 |  2.89e-10 |  1.28e-02 |  3.64e-02
  1760 |  2.777e-04 |  2.779e-05 |  8.220e-08 |  2.31e-04 |  3.79e-04 |  1.32e-04 |  4.62e-04 |  3.97e-02 |  1.96e-03 |  7.79e-05 |  1.0e-04 |  3.05e-10 |  1.28e-02 |  3.64e-02
  1770 |  2.776e-04 |  2.778e-05 |  8.172e-08 |  2.30e-04 |  3.69e-04 |  1.30e-04 |  4.64e-04 |  3.95e-02 |  1.96e-03 |  7.72e-05 |  1.0e-04 |  2.65e-10 |  1.27e-02 |  3.64e-02
  1780 |  2.780e-04 |  2.777e-05 |  8.032e-08 |  2.29e-04 |  3.82e-04 |  1.29e-04 |  4.52e-04 |  3.84e-02 |  1.95e-03 |  7.49e-05 |  1.0e-04 |  2.54e-10 |  1.27e-02 |  3.64e-02
  1790 |  2.784e-04 |  2.775e-05 |  8.037e-08 |  2.30e-04 |  3.71e-04 |  1.26e-04 |  4.57e-04 |  3.84e-02 |  1.94e-03 |  7.46e-05 |  1.0e-04 |  2.39e-10 |  1.27e-02 |  3.64e-02
  1800 |  2.772e-04 |  2.774e-05 |  8.058e-08 |  2.29e-04 |  3.79e-04 |  1.25e-04 |  4.56e-04 |  3.91e-02 |  1.94e-03 |  7.57e-05 |  1.0e-04 |  3.10e-10 |  1.26e-02 |  3.64e-02
  1810 |  2.769e-04 |  2.773e-05 |  7.988e-08 |  2.29e-04 |  3.79e-04 |  1.23e-04 |  4.52e-04 |  3.79e-02 |  1.93e-03 |  7.32e-05 |  1.0e-04 |  3.18e-10 |  1.26e-02 |  3.64e-02
  1820 |  2.774e-04 |  2.772e-05 |  8.023e-08 |  2.28e-04 |  3.77e-04 |  1.21e-04 |  4.56e-04 |  3.83e-02 |  1.93e-03 |  7.38e-05 |  1.0e-04 |  2.83e-10 |  1.25e-02 |  3.64e-02
  1830 |  2.772e-04 |  2.770e-05 |  7.874e-08 |  2.29e-04 |  3.61e-04 |  1.19e-04 |  4.52e-04 |  3.76e-02 |  1.92e-03 |  7.22e-05 |  1.0e-04 |  3.20e-10 |  1.25e-02 |  3.64e-02
  1840 |  2.774e-04 |  2.769e-05 |  8.076e-08 |  2.30e-04 |  3.76e-04 |  1.18e-04 |  4.57e-04 |  3.98e-02 |  1.92e-03 |  7.62e-05 |  1.0e-04 |  3.37e-10 |  1.24e-02 |  3.64e-02
  1850 |  2.771e-04 |  2.767e-05 |  7.910e-08 |  2.28e-04 |  3.76e-04 |  1.16e-04 |  4.50e-04 |  3.79e-02 |  1.91e-03 |  7.25e-05 |  1.0e-04 |  3.52e-10 |  1.24e-02 |  3.64e-02
  1860 |  2.764e-04 |  2.766e-05 |  7.919e-08 |  2.26e-04 |  3.73e-04 |  1.14e-04 |  4.57e-04 |  3.88e-02 |  1.73e-03 |  6.72e-05 |  1.0e-04 |  2.43e-10 |  1.24e-02 |  3.64e-02
  1870 |  2.769e-04 |  2.765e-05 |  7.908e-08 |  2.27e-04 |  3.66e-04 |  1.13e-04 |  4.57e-04 |  3.88e-02 |  1.73e-03 |  6.69e-05 |  1.0e-04 |  3.53e-10 |  1.23e-02 |  3.64e-02
  1880 |  2.768e-04 |  2.763e-05 |  7.822e-08 |  2.26e-04 |  3.64e-04 |  1.11e-04 |  4.53e-04 |  3.87e-02 |  1.72e-03 |  6.65e-05 |  1.0e-04 |  3.56e-10 |  1.23e-02 |  3.64e-02
  1890 |  2.766e-04 |  2.762e-05 |  7.792e-08 |  2.26e-04 |  3.73e-04 |  1.10e-04 |  4.48e-04 |  3.75e-02 |  1.72e-03 |  6.44e-05 |  1.0e-04 |  3.17e-10 |  1.22e-02 |  3.64e-02
  1900 |  2.762e-04 |  2.761e-05 |  7.831e-08 |  2.26e-04 |  3.78e-04 |  1.09e-04 |  4.49e-04 |  3.77e-02 |  1.88e-03 |  7.10e-05 |  1.0e-04 |  2.76e-10 |  1.22e-02 |  3.64e-02
  1910 |  2.754e-04 |  2.760e-05 |  7.643e-08 |  2.25e-04 |  3.60e-04 |  1.07e-04 |  4.45e-04 |  3.72e-02 |  1.88e-03 |  6.98e-05 |  1.0e-04 |  3.04e-10 |  1.22e-02 |  3.64e-02
  1920 |  2.763e-04 |  2.758e-05 |  7.666e-08 |  2.24e-04 |  3.76e-04 |  1.06e-04 |  4.43e-04 |  3.69e-02 |  1.70e-03 |  6.27e-05 |  1.0e-04 |  2.63e-10 |  1.21e-02 |  3.64e-02
  1930 |  2.764e-04 |  2.757e-05 |  7.703e-08 |  2.25e-04 |  3.62e-04 |  1.04e-04 |  4.50e-04 |  3.78e-02 |  1.70e-03 |  6.41e-05 |  1.0e-04 |  2.68e-10 |  1.21e-02 |  3.64e-02
  1940 |  2.753e-04 |  2.756e-05 |  7.694e-08 |  2.25e-04 |  3.63e-04 |  1.03e-04 |  4.48e-04 |  3.78e-02 |  1.86e-03 |  7.03e-05 |  1.0e-04 |  2.23e-10 |  1.20e-02 |  3.64e-02
  1950 |  2.760e-04 |  2.755e-05 |  7.737e-08 |  2.25e-04 |  3.66e-04 |  1.02e-04 |  4.51e-04 |  3.82e-02 |  1.69e-03 |  6.45e-05 |  1.0e-04 |  2.59e-10 |  1.20e-02 |  3.64e-02
  1960 |  2.752e-04 |  2.754e-05 |  7.658e-08 |  2.24e-04 |  3.73e-04 |  1.01e-04 |  4.45e-04 |  3.72e-02 |  1.68e-03 |  6.27e-05 |  1.0e-04 |  2.33e-10 |  1.20e-02 |  3.64e-02
  1970 |  2.757e-04 |  2.753e-05 |  7.535e-08 |  2.23e-04 |  3.65e-04 |  9.95e-05 |  4.40e-04 |  3.54e-02 |  1.68e-03 |  5.93e-05 |  1.0e-04 |  2.76e-10 |  1.19e-02 |  3.64e-02
  1980 |  2.752e-04 |  2.751e-05 |  7.694e-08 |  2.22e-04 |  3.74e-04 |  9.89e-05 |  4.51e-04 |  3.79e-02 |  1.67e-03 |  6.34e-05 |  1.0e-04 |  3.19e-10 |  1.19e-02 |  3.64e-02
  1990 |  2.754e-04 |  2.750e-05 |  7.634e-08 |  2.23e-04 |  3.71e-04 |  9.76e-05 |  4.46e-04 |  3.72e-02 |  1.67e-03 |  6.21e-05 |  1.0e-04 |  3.42e-10 |  1.19e-02 |  3.64e-02
  2000 |  2.751e-04 |  2.749e-05 |  7.429e-08 |  2.23e-04 |  3.60e-04 |  9.60e-05 |  4.36e-04 |  3.55e-02 |  1.66e-03 |  5.91e-05 |  1.0e-04 |  2.68e-10 |  1.18e-02 |  3.64e-02
  2010 |  2.751e-04 |  2.748e-05 |  7.499e-08 |  2.23e-04 |  3.60e-04 |  9.49e-05 |  4.41e-04 |  3.70e-02 |  1.66e-03 |  6.14e-05 |  1.0e-04 |  2.40e-10 |  1.18e-02 |  3.64e-02
  2020 |  2.742e-04 |  2.747e-05 |  7.480e-08 |  2.21e-04 |  3.64e-04 |  9.42e-05 |  4.43e-04 |  3.66e-02 |  1.66e-03 |  6.06e-05 |  1.0e-04 |  1.93e-10 |  1.18e-02 |  3.64e-02
  2030 |  2.744e-04 |  2.746e-05 |  7.435e-08 |  2.21e-04 |  3.62e-04 |  9.30e-05 |  4.40e-04 |  3.61e-02 |  1.65e-03 |  5.97e-05 |  1.0e-04 |  3.08e-10 |  1.17e-02 |  3.64e-02
  2040 |  2.745e-04 |  2.745e-05 |  7.562e-08 |  2.22e-04 |  3.59e-04 |  9.19e-05 |  4.49e-04 |  3.69e-02 |  1.65e-03 |  6.07e-05 |  1.0e-04 |  2.26e-10 |  1.17e-02 |  3.64e-02
  2050 |  2.743e-04 |  2.744e-05 |  7.543e-08 |  2.22e-04 |  3.67e-04 |  9.15e-05 |  4.43e-04 |  3.64e-02 |  1.64e-03 |  5.98e-05 |  1.0e-04 |  2.52e-10 |  1.17e-02 |  3.64e-02
  2060 |  2.738e-04 |  2.743e-05 |  7.359e-08 |  2.20e-04 |  3.58e-04 |  9.02e-05 |  4.40e-04 |  3.58e-02 |  1.64e-03 |  5.87e-05 |  1.0e-04 |  2.49e-10 |  1.16e-02 |  3.64e-02
  2070 |  2.734e-04 |  2.741e-05 |  7.473e-08 |  2.21e-04 |  3.70e-04 |  9.00e-05 |  4.41e-04 |  3.63e-02 |  1.63e-03 |  5.93e-05 |  1.0e-04 |  2.50e-10 |  1.16e-02 |  3.64e-02
  2080 |  2.742e-04 |  2.740e-05 |  7.389e-08 |  2.19e-04 |  3.73e-04 |  8.92e-05 |  4.37e-04 |  3.54e-02 |  1.63e-03 |  5.78e-05 |  1.0e-04 |  2.68e-10 |  1.16e-02 |  3.64e-02
  2090 |  2.740e-04 |  2.739e-05 |  7.289e-08 |  2.20e-04 |  3.62e-04 |  8.76e-05 |  4.32e-04 |  3.49e-02 |  1.62e-03 |  5.67e-05 |  1.0e-04 |  3.29e-10 |  1.15e-02 |  3.64e-02
  2100 |  2.743e-04 |  2.738e-05 |  7.322e-08 |  2.19e-04 |  3.66e-04 |  8.70e-05 |  4.36e-04 |  3.56e-02 |  1.47e-03 |  5.24e-05 |  1.0e-04 |  2.86e-10 |  1.15e-02 |  3.64e-02
  2110 |  2.737e-04 |  2.737e-05 |  7.416e-08 |  2.20e-04 |  3.63e-04 |  8.61e-05 |  4.41e-04 |  3.67e-02 |  1.62e-03 |  5.93e-05 |  1.0e-04 |  2.16e-10 |  1.15e-02 |  3.64e-02
  2120 |  2.737e-04 |  2.736e-05 |  7.319e-08 |  2.19e-04 |  3.55e-04 |  8.48e-05 |  4.41e-04 |  3.54e-02 |  1.61e-03 |  5.71e-05 |  1.0e-04 |  2.18e-10 |  1.15e-02 |  3.64e-02
  2130 |  2.729e-04 |  2.735e-05 |  7.252e-08 |  2.17e-04 |  3.72e-04 |  8.54e-05 |  4.32e-04 |  3.52e-02 |  1.46e-03 |  5.15e-05 |  1.0e-04 |  2.71e-10 |  1.14e-02 |  3.64e-02
  2140 |  2.730e-04 |  2.733e-05 |  7.233e-08 |  2.18e-04 |  3.69e-04 |  8.43e-05 |  4.31e-04 |  3.48e-02 |  1.60e-03 |  5.58e-05 |  1.0e-04 |  2.37e-10 |  1.14e-02 |  3.64e-02
  2150 |  2.729e-04 |  2.732e-05 |  7.322e-08 |  2.18e-04 |  3.61e-04 |  8.30e-05 |  4.40e-04 |  3.65e-02 |  1.60e-03 |  5.84e-05 |  1.0e-04 |  3.07e-10 |  1.14e-02 |  3.64e-02
  2160 |  2.725e-04 |  2.731e-05 |  7.215e-08 |  2.17e-04 |  3.57e-04 |  8.19e-05 |  4.35e-04 |  3.44e-02 |  1.60e-03 |  5.49e-05 |  1.0e-04 |  3.14e-10 |  1.13e-02 |  3.64e-02
  2170 |  2.730e-04 |  2.730e-05 |  7.111e-08 |  2.16e-04 |  3.50e-04 |  8.09e-05 |  4.32e-04 |  3.47e-02 |  1.59e-03 |  5.52e-05 |  1.0e-04 |  3.05e-10 |  1.13e-02 |  3.64e-02
  2180 |  2.731e-04 |  2.729e-05 |  7.257e-08 |  2.17e-04 |  3.70e-04 |  8.16e-05 |  4.34e-04 |  3.48e-02 |  1.59e-03 |  5.53e-05 |  1.0e-04 |  2.55e-10 |  1.13e-02 |  3.64e-02
  2190 |  2.723e-04 |  2.728e-05 |  7.162e-08 |  2.17e-04 |  3.55e-04 |  7.98e-05 |  4.32e-04 |  3.45e-02 |  1.58e-03 |  5.46e-05 |  1.0e-04 |  2.80e-10 |  1.13e-02 |  3.64e-02
  2200 |  2.723e-04 |  2.727e-05 |  7.209e-08 |  2.18e-04 |  3.65e-04 |  7.97e-05 |  4.30e-04 |  3.46e-02 |  1.58e-03 |  5.46e-05 |  1.0e-04 |  2.04e-10 |  1.12e-02 |  3.64e-02
  2210 |  2.728e-04 |  2.726e-05 |  7.129e-08 |  2.16e-04 |  3.55e-04 |  7.86e-05 |  4.32e-04 |  3.42e-02 |  1.43e-03 |  4.90e-05 |  1.0e-04 |  2.67e-10 |  1.12e-02 |  3.64e-02
  2220 |  2.725e-04 |  2.726e-05 |  7.001e-08 |  2.16e-04 |  3.47e-04 |  7.78e-05 |  4.27e-04 |  3.39e-02 |  1.43e-03 |  4.85e-05 |  1.0e-04 |  3.16e-10 |  1.12e-02 |  3.64e-02
  2230 |  2.728e-04 |  2.725e-05 |  7.022e-08 |  2.15e-04 |  3.54e-04 |  7.72e-05 |  4.28e-04 |  3.38e-02 |  1.43e-03 |  4.81e-05 |  1.0e-04 |  2.57e-10 |  1.11e-02 |  3.64e-02
  2240 |  2.730e-04 |  2.724e-05 |  7.133e-08 |  2.17e-04 |  3.46e-04 |  7.65e-05 |  4.34e-04 |  3.42e-02 |  1.56e-03 |  5.35e-05 |  1.0e-04 |  3.29e-10 |  1.11e-02 |  3.64e-02
  2250 |  2.727e-04 |  2.723e-05 |  7.130e-08 |  2.16e-04 |  3.64e-04 |  7.67e-05 |  4.29e-04 |  3.47e-02 |  1.56e-03 |  5.41e-05 |  1.0e-04 |  2.78e-10 |  1.11e-02 |  3.64e-02
  2260 |  2.726e-04 |  2.722e-05 |  7.131e-08 |  2.15e-04 |  3.60e-04 |  7.60e-05 |  4.32e-04 |  3.44e-02 |  1.56e-03 |  5.36e-05 |  1.0e-04 |  3.31e-10 |  1.11e-02 |  3.64e-02
  2270 |  2.714e-04 |  2.721e-05 |  7.086e-08 |  2.15e-04 |  3.46e-04 |  7.46e-05 |  4.35e-04 |  3.47e-02 |  1.41e-03 |  4.91e-05 |  1.0e-04 |  2.28e-10 |  1.10e-02 |  3.64e-02
  2280 |  2.717e-04 |  2.720e-05 |  7.064e-08 |  2.15e-04 |  3.53e-04 |  7.45e-05 |  4.30e-04 |  3.40e-02 |  1.55e-03 |  5.27e-05 |  1.0e-04 |  2.70e-10 |  1.10e-02 |  3.64e-02
  2290 |  2.726e-04 |  2.719e-05 |  6.947e-08 |  2.14e-04 |  3.49e-04 |  7.37e-05 |  4.27e-04 |  3.38e-02 |  1.40e-03 |  4.75e-05 |  1.0e-04 |  2.77e-10 |  1.10e-02 |  3.64e-02
  2300 |  2.718e-04 |  2.719e-05 |  7.081e-08 |  2.14e-04 |  3.55e-04 |  7.36e-05 |  4.34e-04 |  3.50e-02 |  1.40e-03 |  4.91e-05 |  1.0e-04 |  3.12e-10 |  1.10e-02 |  3.64e-02
  2310 |  2.723e-04 |  2.718e-05 |  7.019e-08 |  2.14e-04 |  3.58e-04 |  7.34e-05 |  4.29e-04 |  3.35e-02 |  1.40e-03 |  4.69e-05 |  1.0e-04 |  2.72e-10 |  1.09e-02 |  3.64e-02
  2320 |  2.713e-04 |  2.717e-05 |  6.974e-08 |  2.13e-04 |  3.51e-04 |  7.23e-05 |  4.29e-04 |  3.42e-02 |  1.39e-03 |  4.76e-05 |  1.0e-04 |  2.62e-10 |  1.09e-02 |  3.64e-02
  2330 |  2.720e-04 |  2.716e-05 |  7.139e-08 |  2.14e-04 |  3.62e-04 |  7.29e-05 |  4.36e-04 |  3.54e-02 |  1.39e-03 |  4.93e-05 |  1.0e-04 |  2.54e-10 |  1.09e-02 |  3.64e-02
  2340 |  2.717e-04 |  2.715e-05 |  6.958e-08 |  2.13e-04 |  3.55e-04 |  7.18e-05 |  4.27e-04 |  3.38e-02 |  1.39e-03 |  4.69e-05 |  1.0e-04 |  2.38e-10 |  1.09e-02 |  3.64e-02
  2350 |  2.724e-04 |  2.714e-05 |  6.881e-08 |  2.13e-04 |  3.57e-04 |  7.14e-05 |  4.22e-04 |  3.27e-02 |  1.38e-03 |  4.53e-05 |  1.0e-04 |  2.78e-10 |  1.08e-02 |  3.64e-02
  2360 |  2.708e-04 |  2.713e-05 |  6.856e-08 |  2.13e-04 |  3.51e-04 |  7.06e-05 |  4.22e-04 |  3.32e-02 |  1.52e-03 |  5.04e-05 |  1.0e-04 |  2.46e-10 |  1.08e-02 |  3.64e-02
  2370 |  2.716e-04 |  2.713e-05 |  6.944e-08 |  2.12e-04 |  3.55e-04 |  7.04e-05 |  4.28e-04 |  3.36e-02 |  1.38e-03 |  4.63e-05 |  1.0e-04 |  2.72e-10 |  1.08e-02 |  3.64e-02
  2380 |  2.710e-04 |  2.712e-05 |  6.749e-08 |  2.12e-04 |  3.43e-04 |  6.94e-05 |  4.19e-04 |  3.27e-02 |  1.38e-03 |  4.50e-05 |  1.0e-04 |  2.68e-10 |  1.08e-02 |  3.64e-02
  2390 |  2.711e-04 |  2.711e-05 |  6.740e-08 |  2.11e-04 |  3.44e-04 |  6.91e-05 |  4.20e-04 |  3.19e-02 |  1.37e-03 |  4.38e-05 |  1.0e-04 |  2.44e-10 |  1.07e-02 |  3.64e-02
  2400 |  2.708e-04 |  2.710e-05 |  6.812e-08 |  2.11e-04 |  3.63e-04 |  6.99e-05 |  4.18e-04 |  3.29e-02 |  1.37e-03 |  4.51e-05 |  1.0e-04 |  2.65e-10 |  1.07e-02 |  3.64e-02
  2410 |  2.706e-04 |  2.709e-05 |  6.773e-08 |  2.12e-04 |  3.51e-04 |  6.87e-05 |  4.17e-04 |  3.22e-02 |  1.50e-03 |  4.84e-05 |  1.0e-04 |  2.32e-10 |  1.07e-02 |  3.64e-02
  2420 |  2.707e-04 |  2.708e-05 |  6.790e-08 |  2.11e-04 |  3.54e-04 |  6.86e-05 |  4.20e-04 |  3.22e-02 |  1.36e-03 |  4.39e-05 |  1.0e-04 |  2.52e-10 |  1.07e-02 |  3.64e-02
  2430 |  2.704e-04 |  2.708e-05 |  6.771e-08 |  2.10e-04 |  3.49e-04 |  6.79e-05 |  4.22e-04 |  3.26e-02 |  1.36e-03 |  4.43e-05 |  1.0e-04 |  2.60e-10 |  1.06e-02 |  3.64e-02
  2440 |  2.710e-04 |  2.707e-05 |  6.916e-08 |  2.12e-04 |  3.52e-04 |  6.75e-05 |  4.28e-04 |  3.40e-02 |  1.36e-03 |  4.62e-05 |  1.0e-04 |  2.65e-10 |  1.06e-02 |  3.64e-02
  2450 |  2.701e-04 |  2.706e-05 |  6.695e-08 |  2.11e-04 |  3.51e-04 |  6.72e-05 |  4.14e-04 |  3.13e-02 |  1.35e-03 |  4.24e-05 |  1.0e-04 |  2.30e-10 |  1.06e-02 |  3.64e-02
  2460 |  2.710e-04 |  2.705e-05 |  6.715e-08 |  2.10e-04 |  3.52e-04 |  6.68e-05 |  4.17e-04 |  3.20e-02 |  1.35e-03 |  4.32e-05 |  1.0e-04 |  2.75e-10 |  1.06e-02 |  3.64e-02
  2470 |  2.703e-04 |  2.704e-05 |  6.699e-08 |  2.11e-04 |  3.48e-04 |  6.63e-05 |  4.16e-04 |  3.17e-02 |  1.48e-03 |  4.70e-05 |  1.0e-04 |  2.09e-10 |  1.05e-02 |  3.64e-02
  2480 |  2.706e-04 |  2.703e-05 |  6.684e-08 |  2.11e-04 |  3.49e-04 |  6.61e-05 |  4.13e-04 |  3.16e-02 |  1.48e-03 |  4.67e-05 |  1.0e-04 |  1.92e-10 |  1.05e-02 |  3.64e-02
  2490 |  2.705e-04 |  2.702e-05 |  6.762e-08 |  2.10e-04 |  3.53e-04 |  6.61e-05 |  4.21e-04 |  3.29e-02 |  1.34e-03 |  4.41e-05 |  1.0e-04 |  2.63e-10 |  1.05e-02 |  3.64e-02
  2500 |  2.696e-04 |  2.701e-05 |  6.871e-08 |  2.12e-04 |  3.55e-04 |  6.58e-05 |  4.24e-04 |  3.33e-02 |  1.34e-03 |  4.45e-05 |  1.0e-04 |  2.94e-10 |  1.05e-02 |  3.64e-02
  2510 |  2.691e-04 |  2.700e-05 |  6.657e-08 |  2.09e-04 |  3.48e-04 |  6.51e-05 |  4.17e-04 |  3.22e-02 |  1.34e-03 |  4.29e-05 |  1.0e-04 |  2.94e-10 |  1.05e-02 |  3.64e-02
  2520 |  2.704e-04 |  2.699e-05 |  6.685e-08 |  2.08e-04 |  3.55e-04 |  6.56e-05 |  4.17e-04 |  3.21e-02 |  1.33e-03 |  4.28e-05 |  1.0e-04 |  2.45e-10 |  1.04e-02 |  3.64e-02
  2530 |  2.691e-04 |  2.698e-05 |  6.572e-08 |  2.08e-04 |  3.42e-04 |  6.41e-05 |  4.14e-04 |  3.17e-02 |  1.33e-03 |  4.22e-05 |  1.0e-04 |  3.54e-10 |  1.04e-02 |  3.64e-02
  2540 |  2.696e-04 |  2.697e-05 |  6.666e-08 |  2.08e-04 |  3.51e-04 |  6.43e-05 |  4.18e-04 |  3.26e-02 |  1.33e-03 |  4.32e-05 |  1.0e-04 |  2.36e-10 |  1.04e-02 |  3.64e-02
  2550 |  2.693e-04 |  2.697e-05 |  6.605e-08 |  2.08e-04 |  3.45e-04 |  6.38e-05 |  4.16e-04 |  3.15e-02 |  1.32e-03 |  4.17e-05 |  1.0e-04 |  3.29e-10 |  1.04e-02 |  3.64e-02
  2560 |  2.690e-04 |  2.695e-05 |  6.697e-08 |  2.09e-04 |  3.55e-04 |  6.42e-05 |  4.17e-04 |  3.24e-02 |  1.32e-03 |  4.28e-05 |  1.0e-04 |  3.04e-10 |  1.03e-02 |  3.64e-02
  2570 |  2.699e-04 |  2.695e-05 |  6.728e-08 |  2.10e-04 |  3.53e-04 |  6.39e-05 |  4.19e-04 |  3.21e-02 |  1.32e-03 |  4.23e-05 |  1.0e-04 |  3.01e-10 |  1.03e-02 |  3.64e-02
  2580 |  2.696e-04 |  2.694e-05 |  6.681e-08 |  2.08e-04 |  3.56e-04 |  6.41e-05 |  4.18e-04 |  3.23e-02 |  1.31e-03 |  4.25e-05 |  1.0e-04 |  3.71e-10 |  1.03e-02 |  3.64e-02
  2590 |  2.699e-04 |  2.693e-05 |  6.632e-08 |  2.09e-04 |  3.53e-04 |  6.32e-05 |  4.13e-04 |  3.16e-02 |  1.31e-03 |  4.15e-05 |  1.0e-04 |  2.20e-10 |  1.03e-02 |  3.64e-02
  2600 |  2.694e-04 |  2.692e-05 |  6.640e-08 |  2.08e-04 |  3.55e-04 |  6.37e-05 |  4.15e-04 |  3.18e-02 |  1.31e-03 |  4.16e-05 |  1.0e-04 |  2.73e-10 |  1.03e-02 |  3.64e-02
  2610 |  2.687e-04 |  2.692e-05 |  6.608e-08 |  2.07e-04 |  3.49e-04 |  6.28e-05 |  4.16e-04 |  3.16e-02 |  1.31e-03 |  4.13e-05 |  1.0e-04 |  2.70e-10 |  1.02e-02 |  3.64e-02
  2620 |  2.682e-04 |  2.691e-05 |  6.437e-08 |  2.07e-04 |  3.42e-04 |  6.19e-05 |  4.06e-04 |  3.04e-02 |  1.30e-03 |  3.96e-05 |  1.0e-04 |  3.00e-10 |  1.02e-02 |  3.64e-02
  2630 |  2.689e-04 |  2.690e-05 |  6.515e-08 |  2.06e-04 |  3.48e-04 |  6.21e-05 |  4.12e-04 |  3.11e-02 |  1.30e-03 |  4.05e-05 |  1.0e-04 |  2.68e-10 |  1.02e-02 |  3.64e-02
  2640 |  2.685e-04 |  2.689e-05 |  6.600e-08 |  2.08e-04 |  3.60e-04 |  6.32e-05 |  4.10e-04 |  3.12e-02 |  1.30e-03 |  4.05e-05 |  1.0e-04 |  2.30e-10 |  1.02e-02 |  3.64e-02
  2650 |  2.692e-04 |  2.689e-05 |  6.546e-08 |  2.07e-04 |  3.46e-04 |  6.16e-05 |  4.14e-04 |  3.17e-02 |  1.30e-03 |  4.10e-05 |  1.0e-04 |  2.82e-10 |  1.02e-02 |  3.64e-02
  2660 |  2.691e-04 |  2.688e-05 |  6.555e-08 |  2.07e-04 |  3.49e-04 |  6.14e-05 |  4.12e-04 |  3.10e-02 |  1.29e-03 |  4.01e-05 |  1.0e-04 |  2.33e-10 |  1.01e-02 |  3.64e-02
  2670 |  2.692e-04 |  2.687e-05 |  6.524e-08 |  2.06e-04 |  3.50e-04 |  6.13e-05 |  4.12e-04 |  3.21e-02 |  1.29e-03 |  4.14e-05 |  1.0e-04 |  2.62e-10 |  1.01e-02 |  3.64e-02
  2680 |  2.685e-04 |  2.686e-05 |  6.552e-08 |  2.06e-04 |  3.54e-04 |  6.20e-05 |  4.12e-04 |  3.17e-02 |  1.29e-03 |  4.08e-05 |  1.0e-04 |  2.55e-10 |  1.01e-02 |  3.64e-02
  2690 |  2.686e-04 |  2.686e-05 |  6.496e-08 |  2.06e-04 |  3.46e-04 |  6.04e-05 |  4.13e-04 |  3.15e-02 |  1.28e-03 |  4.05e-05 |  1.0e-04 |  2.84e-10 |  1.01e-02 |  3.64e-02
  2700 |  2.684e-04 |  2.685e-05 |  6.520e-08 |  2.06e-04 |  3.52e-04 |  6.13e-05 |  4.12e-04 |  3.12e-02 |  1.28e-03 |  4.00e-05 |  1.0e-04 |  2.74e-10 |  1.01e-02 |  3.64e-02
  2710 |  2.678e-04 |  2.684e-05 |  6.418e-08 |  2.04e-04 |  3.49e-04 |  6.09e-05 |  4.08e-04 |  3.12e-02 |  1.28e-03 |  3.99e-05 |  1.0e-04 |  2.67e-10 |  1.00e-02 |  3.64e-02
  2720 |  2.678e-04 |  2.683e-05 |  6.469e-08 |  2.06e-04 |  3.51e-04 |  6.10e-05 |  4.07e-04 |  3.01e-02 |  1.28e-03 |  3.85e-05 |  1.0e-04 |  3.59e-10 |  1.00e-02 |  3.64e-02
  2730 |  2.683e-04 |  2.683e-05 |  6.458e-08 |  2.06e-04 |  3.39e-04 |  5.92e-05 |  4.12e-04 |  3.13e-02 |  1.27e-03 |  3.99e-05 |  1.0e-04 |  2.55e-10 |  1.00e-02 |  3.64e-02
  2740 |  2.678e-04 |  2.682e-05 |  6.533e-08 |  2.06e-04 |  3.42e-04 |  5.97e-05 |  4.16e-04 |  3.20e-02 |  1.27e-03 |  4.06e-05 |  1.0e-04 |  3.28e-10 |  9.99e-03 |  3.64e-02
  2750 |  2.682e-04 |  2.681e-05 |  6.475e-08 |  2.05e-04 |  3.45e-04 |  5.94e-05 |  4.13e-04 |  3.13e-02 |  1.27e-03 |  3.97e-05 |  1.0e-04 |  3.82e-10 |  9.97e-03 |  3.64e-02
  2760 |  2.681e-04 |  2.680e-05 |  6.400e-08 |  2.04e-04 |  3.47e-04 |  5.96e-05 |  4.09e-04 |  3.06e-02 |  1.27e-03 |  3.88e-05 |  1.0e-04 |  2.99e-10 |  9.95e-03 |  3.64e-02
  2770 |  2.682e-04 |  2.680e-05 |  6.394e-08 |  2.04e-04 |  3.42e-04 |  5.94e-05 |  4.11e-04 |  2.99e-02 |  1.26e-03 |  3.78e-05 |  1.0e-04 |  2.74e-10 |  9.93e-03 |  3.64e-02
  2780 |  2.678e-04 |  2.679e-05 |  6.376e-08 |  2.04e-04 |  3.46e-04 |  5.90e-05 |  4.08e-04 |  3.05e-02 |  1.26e-03 |  3.84e-05 |  1.0e-04 |  2.08e-10 |  9.91e-03 |  3.64e-02
  2790 |  2.684e-04 |  2.678e-05 |  6.399e-08 |  2.05e-04 |  3.38e-04 |  5.86e-05 |  4.10e-04 |  3.11e-02 |  1.26e-03 |  3.91e-05 |  1.0e-04 |  2.40e-10 |  9.89e-03 |  3.64e-02
  2800 |  2.683e-04 |  2.678e-05 |  6.270e-08 |  2.03e-04 |  3.43e-04 |  5.88e-05 |  4.02e-04 |  2.93e-02 |  1.26e-03 |  3.68e-05 |  1.0e-04 |  2.34e-10 |  9.88e-03 |  3.64e-02
  2810 |  2.672e-04 |  2.677e-05 |  6.401e-08 |  2.03e-04 |  3.56e-04 |  5.99e-05 |  4.08e-04 |  3.06e-02 |  1.25e-03 |  3.84e-05 |  1.0e-04 |  2.47e-10 |  9.86e-03 |  3.64e-02
  2820 |  2.671e-04 |  2.676e-05 |  6.354e-08 |  2.03e-04 |  3.47e-04 |  5.89e-05 |  4.07e-04 |  3.02e-02 |  1.25e-03 |  3.77e-05 |  1.0e-04 |  2.24e-10 |  9.84e-03 |  3.64e-02
  2830 |  2.673e-04 |  2.676e-05 |  6.347e-08 |  2.03e-04 |  3.50e-04 |  5.86e-05 |  4.05e-04 |  3.02e-02 |  1.25e-03 |  3.77e-05 |  1.0e-04 |  2.15e-10 |  9.82e-03 |  3.64e-02
  2840 |  2.674e-04 |  2.675e-05 |  6.274e-08 |  2.03e-04 |  3.42e-04 |  5.86e-05 |  4.03e-04 |  3.02e-02 |  1.25e-03 |  3.76e-05 |  1.0e-04 |  2.31e-10 |  9.80e-03 |  3.64e-02
  2850 |  2.675e-04 |  2.674e-05 |  6.364e-08 |  2.02e-04 |  3.45e-04 |  5.83e-05 |  4.11e-04 |  3.15e-02 |  1.13e-03 |  3.56e-05 |  1.0e-04 |  2.96e-10 |  9.78e-03 |  3.64e-02
  2860 |  2.679e-04 |  2.674e-05 |  6.371e-08 |  2.05e-04 |  3.45e-04 |  5.88e-05 |  4.06e-04 |  2.96e-02 |  1.24e-03 |  3.68e-05 |  1.0e-04 |  2.02e-10 |  9.77e-03 |  3.64e-02
  2870 |  2.675e-04 |  2.673e-05 |  6.319e-08 |  2.02e-04 |  3.46e-04 |  5.80e-05 |  4.06e-04 |  3.06e-02 |  1.24e-03 |  3.79e-05 |  1.0e-04 |  3.55e-10 |  9.75e-03 |  3.64e-02
  2880 |  2.669e-04 |  2.672e-05 |  6.243e-08 |  2.02e-04 |  3.36e-04 |  5.73e-05 |  4.05e-04 |  2.99e-02 |  1.24e-03 |  3.70e-05 |  1.0e-04 |  2.09e-10 |  9.73e-03 |  3.64e-02
  2890 |  2.671e-04 |  2.671e-05 |  6.278e-08 |  2.02e-04 |  3.43e-04 |  5.80e-05 |  4.04e-04 |  3.02e-02 |  1.23e-03 |  3.73e-05 |  1.0e-04 |  2.58e-10 |  9.71e-03 |  3.64e-02
  2900 |  2.675e-04 |  2.670e-05 |  6.277e-08 |  2.03e-04 |  3.34e-04 |  5.67e-05 |  4.07e-04 |  3.07e-02 |  1.35e-03 |  4.16e-05 |  1.0e-04 |  2.45e-10 |  9.70e-03 |  3.64e-02
  2910 |  2.670e-04 |  2.670e-05 |  6.341e-08 |  2.01e-04 |  3.56e-04 |  5.93e-05 |  4.06e-04 |  3.04e-02 |  1.23e-03 |  3.74e-05 |  1.0e-04 |  2.32e-10 |  9.68e-03 |  3.64e-02
  2920 |  2.659e-04 |  2.669e-05 |  6.235e-08 |  2.01e-04 |  3.40e-04 |  5.71e-05 |  4.04e-04 |  2.97e-02 |  1.23e-03 |  3.64e-05 |  1.0e-04 |  1.93e-10 |  9.66e-03 |  3.64e-02
  2930 |  2.676e-04 |  2.668e-05 |  6.303e-08 |  2.01e-04 |  3.56e-04 |  5.92e-05 |  4.04e-04 |  3.01e-02 |  1.22e-03 |  3.68e-05 |  1.0e-04 |  2.17e-10 |  9.64e-03 |  3.64e-02
  2940 |  2.665e-04 |  2.668e-05 |  6.256e-08 |  2.01e-04 |  3.42e-04 |  5.69e-05 |  4.05e-04 |  3.03e-02 |  1.22e-03 |  3.70e-05 |  1.0e-04 |  2.73e-10 |  9.63e-03 |  3.64e-02
  2950 |  2.670e-04 |  2.667e-05 |  6.141e-08 |  2.00e-04 |  3.38e-04 |  5.68e-05 |  4.00e-04 |  2.92e-02 |  1.22e-03 |  3.56e-05 |  1.0e-04 |  2.86e-10 |  9.61e-03 |  3.64e-02
  2960 |  2.668e-04 |  2.666e-05 |  6.196e-08 |  2.01e-04 |  3.31e-04 |  5.64e-05 |  4.06e-04 |  3.04e-02 |  1.22e-03 |  3.70e-05 |  1.0e-04 |  2.66e-10 |  9.59e-03 |  3.64e-02
  2970 |  2.665e-04 |  2.666e-05 |  6.223e-08 |  2.01e-04 |  3.48e-04 |  5.80e-05 |  4.01e-04 |  2.99e-02 |  1.22e-03 |  3.64e-05 |  1.0e-04 |  1.99e-10 |  9.58e-03 |  3.64e-02
  2980 |  2.664e-04 |  2.665e-05 |  6.132e-08 |  1.99e-04 |  3.45e-04 |  5.74e-05 |  3.98e-04 |  2.85e-02 |  1.21e-03 |  3.46e-05 |  1.0e-04 |  2.80e-10 |  9.56e-03 |  3.64e-02
  2990 |  2.662e-04 |  2.664e-05 |  6.198e-08 |  2.01e-04 |  3.52e-04 |  5.83e-05 |  3.96e-04 |  2.88e-02 |  1.21e-03 |  3.48e-05 |  1.0e-04 |  2.74e-10 |  9.54e-03 |  3.64e-02
  3000 |  2.660e-04 |  2.663e-05 |  6.173e-08 |  2.00e-04 |  3.41e-04 |  5.67e-05 |  4.03e-04 |  2.96e-02 |  1.21e-03 |  3.58e-05 |  1.0e-04 |  2.43e-10 |  9.53e-03 |  3.64e-02
  3010 |  2.664e-04 |  2.663e-05 |  6.250e-08 |  2.00e-04 |  3.48e-04 |  5.79e-05 |  4.04e-04 |  2.94e-02 |  1.21e-03 |  3.55e-05 |  1.0e-04 |  2.05e-10 |  9.51e-03 |  3.64e-02
  3020 |  2.666e-04 |  2.662e-05 |  6.091e-08 |  2.00e-04 |  3.38e-04 |  5.61e-05 |  3.96e-04 |  2.84e-02 |  1.20e-03 |  3.42e-05 |  1.0e-04 |  2.19e-10 |  9.49e-03 |  3.64e-02
  3030 |  2.660e-04 |  2.661e-05 |  6.127e-08 |  1.99e-04 |  3.35e-04 |  5.58e-05 |  4.03e-04 |  3.02e-02 |  1.20e-03 |  3.63e-05 |  1.0e-04 |  2.26e-10 |  9.48e-03 |  3.64e-02
  3040 |  2.663e-04 |  2.660e-05 |  6.067e-08 |  1.99e-04 |  3.43e-04 |  5.64e-05 |  3.95e-04 |  2.83e-02 |  1.20e-03 |  3.39e-05 |  1.0e-04 |  2.62e-10 |  9.46e-03 |  3.64e-02
  3050 |  2.662e-04 |  2.660e-05 |  6.038e-08 |  1.98e-04 |  3.33e-04 |  5.56e-05 |  3.98e-04 |  2.91e-02 |  1.20e-03 |  3.48e-05 |  1.0e-04 |  2.47e-10 |  9.44e-03 |  3.64e-02
  3060 |  2.655e-04 |  2.659e-05 |  6.116e-08 |  1.99e-04 |  3.48e-04 |  5.71e-05 |  3.97e-04 |  2.87e-02 |  1.20e-03 |  3.43e-05 |  1.0e-04 |  2.34e-10 |  9.43e-03 |  3.64e-02
  3070 |  2.653e-04 |  2.658e-05 |  6.094e-08 |  1.98e-04 |  3.44e-04 |  5.66e-05 |  3.98e-04 |  2.92e-02 |  1.08e-03 |  3.17e-05 |  1.0e-04 |  2.91e-10 |  9.41e-03 |  3.64e-02
  3080 |  2.656e-04 |  2.657e-05 |  6.187e-08 |  1.98e-04 |  3.49e-04 |  5.79e-05 |  4.04e-04 |  2.98e-02 |  1.08e-03 |  3.23e-05 |  1.0e-04 |  2.45e-10 |  9.40e-03 |  3.64e-02
  3090 |  2.654e-04 |  2.656e-05 |  6.149e-08 |  2.00e-04 |  3.47e-04 |  5.71e-05 |  3.98e-04 |  2.93e-02 |  1.19e-03 |  3.48e-05 |  1.0e-04 |  2.95e-10 |  9.38e-03 |  3.64e-02
  3100 |  2.660e-04 |  2.655e-05 |  6.006e-08 |  1.99e-04 |  3.38e-04 |  5.54e-05 |  3.92e-04 |  2.77e-02 |  1.31e-03 |  3.62e-05 |  1.0e-04 |  2.44e-10 |  9.36e-03 |  3.64e-02
  3110 |  2.655e-04 |  2.655e-05 |  6.029e-08 |  1.97e-04 |  3.42e-04 |  5.65e-05 |  3.96e-04 |  2.88e-02 |  1.18e-03 |  3.41e-05 |  1.0e-04 |  2.90e-10 |  9.35e-03 |  3.64e-02
  3120 |  2.656e-04 |  2.654e-05 |  6.163e-08 |  2.00e-04 |  3.51e-04 |  5.74e-05 |  3.98e-04 |  2.90e-02 |  1.30e-03 |  3.77e-05 |  1.0e-04 |  2.97e-10 |  9.33e-03 |  3.64e-02
  3130 |  2.658e-04 |  2.653e-05 |  6.050e-08 |  1.97e-04 |  3.30e-04 |  5.51e-05 |  4.04e-04 |  2.98e-02 |  1.07e-03 |  3.19e-05 |  1.0e-04 |  3.08e-10 |  9.32e-03 |  3.64e-02
  3140 |  2.657e-04 |  2.653e-05 |  6.036e-08 |  1.98e-04 |  3.38e-04 |  5.60e-05 |  3.96e-04 |  2.91e-02 |  1.18e-03 |  3.43e-05 |  1.0e-04 |  2.50e-10 |  9.30e-03 |  3.64e-02
  3150 |  2.649e-04 |  2.652e-05 |  6.003e-08 |  1.97e-04 |  3.36e-04 |  5.54e-05 |  3.97e-04 |  2.87e-02 |  1.18e-03 |  3.38e-05 |  1.0e-04 |  2.83e-10 |  9.28e-03 |  3.64e-02
  3160 |  2.647e-04 |  2.651e-05 |  6.091e-08 |  1.97e-04 |  3.36e-04 |  5.52e-05 |  4.03e-04 |  2.95e-02 |  1.17e-03 |  3.47e-05 |  1.0e-04 |  2.27e-10 |  9.27e-03 |  3.64e-02
  3170 |  2.644e-04 |  2.651e-05 |  5.959e-08 |  1.96e-04 |  3.31e-04 |  5.44e-05 |  3.99e-04 |  2.85e-02 |  1.07e-03 |  3.04e-05 |  1.0e-04 |  2.66e-10 |  9.25e-03 |  3.64e-02
  3180 |  2.647e-04 |  2.650e-05 |  6.011e-08 |  1.97e-04 |  3.37e-04 |  5.52e-05 |  3.97e-04 |  2.87e-02 |  1.17e-03 |  3.35e-05 |  1.0e-04 |  2.47e-10 |  9.24e-03 |  3.64e-02
  3190 |  2.654e-04 |  2.650e-05 |  6.080e-08 |  1.98e-04 |  3.44e-04 |  5.68e-05 |  3.98e-04 |  2.92e-02 |  1.17e-03 |  3.40e-05 |  1.0e-04 |  2.85e-10 |  9.22e-03 |  3.64e-02
  3200 |  2.650e-04 |  2.649e-05 |  6.050e-08 |  1.98e-04 |  3.38e-04 |  5.59e-05 |  3.97e-04 |  2.84e-02 |  1.28e-03 |  3.64e-05 |  1.0e-04 |  2.86e-10 |  9.21e-03 |  3.64e-02
  3210 |  2.645e-04 |  2.648e-05 |  5.986e-08 |  1.96e-04 |  3.36e-04 |  5.55e-05 |  3.98e-04 |  2.92e-02 |  1.16e-03 |  3.40e-05 |  1.0e-04 |  2.25e-10 |  9.19e-03 |  3.64e-02
  3220 |  2.650e-04 |  2.648e-05 |  5.970e-08 |  1.96e-04 |  3.37e-04 |  5.51e-05 |  3.97e-04 |  2.84e-02 |  1.16e-03 |  3.30e-05 |  1.0e-04 |  2.09e-10 |  9.18e-03 |  3.64e-02
  3230 |  2.650e-04 |  2.647e-05 |  5.923e-08 |  1.96e-04 |  3.32e-04 |  5.53e-05 |  3.94e-04 |  2.84e-02 |  1.16e-03 |  3.29e-05 |  1.0e-04 |  2.69e-10 |  9.16e-03 |  3.64e-02
  3240 |  2.642e-04 |  2.646e-05 |  5.980e-08 |  1.96e-04 |  3.47e-04 |  5.69e-05 |  3.93e-04 |  2.89e-02 |  1.16e-03 |  3.34e-05 |  1.0e-04 |  2.26e-10 |  9.15e-03 |  3.64e-02
  3250 |  2.637e-04 |  2.645e-05 |  5.974e-08 |  1.96e-04 |  3.45e-04 |  5.73e-05 |  3.92e-04 |  2.82e-02 |  1.16e-03 |  3.25e-05 |  1.0e-04 |  2.53e-10 |  9.13e-03 |  3.64e-02
  3260 |  2.646e-04 |  2.645e-05 |  5.926e-08 |  1.96e-04 |  3.37e-04 |  5.52e-05 |  3.91e-04 |  2.85e-02 |  1.15e-03 |  3.28e-05 |  1.0e-04 |  2.63e-10 |  9.12e-03 |  3.64e-02
  3270 |  2.632e-04 |  2.644e-05 |  5.901e-08 |  1.95e-04 |  3.44e-04 |  5.62e-05 |  3.90e-04 |  2.79e-02 |  1.15e-03 |  3.21e-05 |  1.0e-04 |  2.35e-10 |  9.10e-03 |  3.64e-02
  3280 |  2.653e-04 |  2.643e-05 |  5.856e-08 |  1.94e-04 |  3.31e-04 |  5.53e-05 |  3.93e-04 |  2.82e-02 |  1.15e-03 |  3.25e-05 |  1.0e-04 |  2.44e-10 |  9.09e-03 |  3.64e-02
  3290 |  2.649e-04 |  2.643e-05 |  6.028e-08 |  1.99e-04 |  3.43e-04 |  5.64e-05 |  3.92e-04 |  2.87e-02 |  1.26e-03 |  3.63e-05 |  1.0e-04 |  2.02e-10 |  9.07e-03 |  3.64e-02
  3300 |  2.649e-04 |  2.642e-05 |  5.918e-08 |  1.96e-04 |  3.36e-04 |  5.51e-05 |  3.92e-04 |  2.84e-02 |  1.15e-03 |  3.25e-05 |  1.0e-04 |  2.57e-10 |  9.06e-03 |  3.64e-02
  3310 |  2.641e-04 |  2.641e-05 |  5.891e-08 |  1.94e-04 |  3.35e-04 |  5.55e-05 |  3.94e-04 |  2.82e-02 |  1.14e-03 |  3.23e-05 |  1.0e-04 |  2.73e-10 |  9.04e-03 |  3.64e-02
  3320 |  2.643e-04 |  2.640e-05 |  5.917e-08 |  1.97e-04 |  3.30e-04 |  5.44e-05 |  3.93e-04 |  2.85e-02 |  1.26e-03 |  3.58e-05 |  1.0e-04 |  2.65e-10 |  9.03e-03 |  3.64e-02
  3330 |  2.634e-04 |  2.640e-05 |  5.997e-08 |  1.97e-04 |  3.46e-04 |  5.67e-05 |  3.92e-04 |  2.88e-02 |  1.25e-03 |  3.61e-05 |  1.0e-04 |  2.66e-10 |  9.01e-03 |  3.64e-02
  3340 |  2.640e-04 |  2.639e-05 |  5.839e-08 |  1.95e-04 |  3.25e-04 |  5.43e-05 |  3.93e-04 |  2.77e-02 |  1.25e-03 |  3.47e-05 |  1.0e-04 |  2.84e-10 |  9.00e-03 |  3.64e-02
  3350 |  2.640e-04 |  2.638e-05 |  5.846e-08 |  1.95e-04 |  3.28e-04 |  5.44e-05 |  3.91e-04 |  2.82e-02 |  1.25e-03 |  3.52e-05 |  1.0e-04 |  2.54e-10 |  8.99e-03 |  3.64e-02
  3360 |  2.634e-04 |  2.638e-05 |  5.805e-08 |  1.94e-04 |  3.32e-04 |  5.50e-05 |  3.90e-04 |  2.81e-02 |  1.13e-03 |  3.18e-05 |  1.0e-04 |  2.52e-10 |  8.97e-03 |  3.64e-02
  3370 |  2.631e-04 |  2.637e-05 |  5.770e-08 |  1.93e-04 |  3.33e-04 |  5.52e-05 |  3.87e-04 |  2.68e-02 |  1.13e-03 |  3.04e-05 |  1.0e-04 |  2.29e-10 |  8.96e-03 |  3.64e-02
  3380 |  2.643e-04 |  2.636e-05 |  5.836e-08 |  1.96e-04 |  3.33e-04 |  5.54e-05 |  3.88e-04 |  2.71e-02 |  1.24e-03 |  3.37e-05 |  1.0e-04 |  3.40e-10 |  8.94e-03 |  3.64e-02
  3390 |  2.632e-04 |  2.635e-05 |  5.771e-08 |  1.93e-04 |  3.33e-04 |  5.51e-05 |  3.88e-04 |  2.73e-02 |  1.13e-03 |  3.08e-05 |  1.0e-04 |  2.24e-10 |  8.93e-03 |  3.64e-02
  3400 |  2.635e-04 |  2.635e-05 |  5.704e-08 |  1.93e-04 |  3.27e-04 |  5.44e-05 |  3.84e-04 |  2.60e-02 |  1.13e-03 |  2.93e-05 |  1.0e-04 |  2.92e-10 |  8.92e-03 |  3.64e-02
  3410 |  2.632e-04 |  2.634e-05 |  5.792e-08 |  1.93e-04 |  3.33e-04 |  5.48e-05 |  3.89e-04 |  2.79e-02 |  1.12e-03 |  3.14e-05 |  1.0e-04 |  2.58e-10 |  8.90e-03 |  3.64e-02
  3420 |  2.636e-04 |  2.633e-05 |  5.778e-08 |  1.94e-04 |  3.23e-04 |  5.42e-05 |  3.90e-04 |  2.74e-02 |  1.23e-03 |  3.39e-05 |  1.0e-04 |  2.13e-10 |  8.89e-03 |  3.64e-02
  3430 |  2.631e-04 |  2.633e-05 |  5.824e-08 |  1.94e-04 |  3.31e-04 |  5.44e-05 |  3.91e-04 |  2.77e-02 |  1.12e-03 |  3.10e-05 |  1.0e-04 |  2.55e-10 |  8.87e-03 |  3.64e-02
  3440 |  2.638e-04 |  2.632e-05 |  5.783e-08 |  1.94e-04 |  3.32e-04 |  5.51e-05 |  3.87e-04 |  2.68e-02 |  1.23e-03 |  3.30e-05 |  1.0e-04 |  2.63e-10 |  8.86e-03 |  3.64e-02
  3450 |  2.624e-04 |  2.631e-05 |  5.821e-08 |  1.94e-04 |  3.36e-04 |  5.54e-05 |  3.88e-04 |  2.74e-02 |  1.23e-03 |  3.36e-05 |  1.0e-04 |  2.35e-10 |  8.85e-03 |  3.64e-02
  3460 |  2.633e-04 |  2.631e-05 |  5.767e-08 |  1.93e-04 |  3.32e-04 |  5.50e-05 |  3.87e-04 |  2.69e-02 |  1.23e-03 |  3.30e-05 |  1.0e-04 |  2.41e-10 |  8.83e-03 |  3.64e-02
  3470 |  2.628e-04 |  2.630e-05 |  5.696e-08 |  1.93e-04 |  3.31e-04 |  5.49e-05 |  3.84e-04 |  2.73e-02 |  1.22e-03 |  3.34e-05 |  1.0e-04 |  2.36e-10 |  8.82e-03 |  3.64e-02
  3480 |  2.636e-04 |  2.629e-05 |  5.841e-08 |  1.92e-04 |  3.46e-04 |  5.68e-05 |  3.91e-04 |  2.82e-02 |  1.11e-03 |  3.13e-05 |  1.0e-04 |  2.54e-10 |  8.80e-03 |  3.64e-02
  3490 |  2.624e-04 |  2.628e-05 |  5.749e-08 |  1.92e-04 |  3.35e-04 |  5.52e-05 |  3.87e-04 |  2.71e-02 |  1.11e-03 |  3.00e-05 |  1.0e-04 |  2.68e-10 |  8.79e-03 |  3.64e-02
  3500 |  2.628e-04 |  2.628e-05 |  5.876e-08 |  1.93e-04 |  3.43e-04 |  5.63e-05 |  3.93e-04 |  2.83e-02 |  1.11e-03 |  3.13e-05 |  1.0e-04 |  2.01e-10 |  8.78e-03 |  3.64e-02
  3510 |  2.632e-04 |  2.627e-05 |  5.687e-08 |  1.91e-04 |  3.31e-04 |  5.48e-05 |  3.86e-04 |  2.69e-02 |  1.11e-03 |  2.98e-05 |  1.0e-04 |  2.63e-10 |  8.76e-03 |  3.64e-02
  3520 |  2.630e-04 |  2.626e-05 |  5.695e-08 |  1.93e-04 |  3.34e-04 |  5.50e-05 |  3.82e-04 |  2.64e-02 |  1.10e-03 |  2.91e-05 |  1.0e-04 |  2.70e-10 |  8.75e-03 |  3.64e-02
  3530 |  2.621e-04 |  2.626e-05 |  5.667e-08 |  1.93e-04 |  3.32e-04 |  5.53e-05 |  3.81e-04 |  2.61e-02 |  1.21e-03 |  3.16e-05 |  1.0e-04 |  2.56e-10 |  8.74e-03 |  3.64e-02
  3540 |  2.630e-04 |  2.625e-05 |  5.645e-08 |  1.91e-04 |  3.25e-04 |  5.44e-05 |  3.84e-04 |  2.71e-02 |  1.10e-03 |  2.98e-05 |  1.0e-04 |  2.91e-10 |  8.72e-03 |  3.64e-02
  3550 |  2.633e-04 |  2.624e-05 |  5.684e-08 |  1.91e-04 |  3.28e-04 |  5.46e-05 |  3.87e-04 |  2.71e-02 |  1.10e-03 |  2.98e-05 |  1.0e-04 |  2.72e-10 |  8.71e-03 |  3.64e-02
  3560 |  2.626e-04 |  2.624e-05 |  5.669e-08 |  1.92e-04 |  3.29e-04 |  5.49e-05 |  3.84e-04 |  2.68e-02 |  1.21e-03 |  3.23e-05 |  1.0e-04 |  2.89e-10 |  8.70e-03 |  3.64e-02
  3570 |  2.624e-04 |  2.623e-05 |  5.733e-08 |  1.91e-04 |  3.33e-04 |  5.54e-05 |  3.88e-04 |  2.77e-02 |  1.10e-03 |  3.04e-05 |  1.0e-04 |  2.67e-10 |  8.68e-03 |  3.64e-02
  3580 |  2.621e-04 |  2.622e-05 |  5.610e-08 |  1.90e-04 |  3.34e-04 |  5.60e-05 |  3.81e-04 |  2.56e-02 |  1.09e-03 |  2.79e-05 |  1.0e-04 |  2.49e-10 |  8.67e-03 |  3.64e-02
  3590 |  2.622e-04 |  2.622e-05 |  5.688e-08 |  1.91e-04 |  3.34e-04 |  5.55e-05 |  3.84e-04 |  2.68e-02 |  1.09e-03 |  2.93e-05 |  1.0e-04 |  2.64e-10 |  8.66e-03 |  3.64e-02
  3600 |  2.624e-04 |  2.621e-05 |  5.658e-08 |  1.91e-04 |  3.35e-04 |  5.61e-05 |  3.81e-04 |  2.56e-02 |  1.20e-03 |  3.07e-05 |  1.0e-04 |  2.87e-10 |  8.65e-03 |  3.64e-02
  3610 |  2.627e-04 |  2.620e-05 |  5.633e-08 |  1.91e-04 |  3.28e-04 |  5.50e-05 |  3.83e-04 |  2.67e-02 |  1.20e-03 |  3.20e-05 |  1.0e-04 |  3.07e-10 |  8.63e-03 |  3.64e-02
  3620 |  2.624e-04 |  2.620e-05 |  5.660e-08 |  1.91e-04 |  3.31e-04 |  5.52e-05 |  3.84e-04 |  2.63e-02 |  1.20e-03 |  3.14e-05 |  1.0e-04 |  2.65e-10 |  8.62e-03 |  3.64e-02
  3630 |  2.624e-04 |  2.619e-05 |  5.678e-08 |  1.90e-04 |  3.37e-04 |  5.56e-05 |  3.86e-04 |  2.67e-02 |  1.08e-03 |  2.89e-05 |  1.0e-04 |  2.59e-10 |  8.61e-03 |  3.64e-02
  3640 |  2.620e-04 |  2.618e-05 |  5.652e-08 |  1.91e-04 |  3.24e-04 |  5.44e-05 |  3.86e-04 |  2.72e-02 |  1.19e-03 |  3.24e-05 |  1.0e-04 |  2.23e-10 |  8.59e-03 |  3.64e-02
  3650 |  2.626e-04 |  2.618e-05 |  5.610e-08 |  1.91e-04 |  3.27e-04 |  5.49e-05 |  3.81e-04 |  2.61e-02 |  1.19e-03 |  3.11e-05 |  1.0e-04 |  2.72e-10 |  8.58e-03 |  3.64e-02
  3660 |  2.613e-04 |  2.617e-05 |  5.583e-08 |  1.91e-04 |  3.23e-04 |  5.46e-05 |  3.81e-04 |  2.66e-02 |  1.19e-03 |  3.16e-05 |  1.0e-04 |  2.73e-10 |  8.57e-03 |  3.64e-02
  3670 |  2.617e-04 |  2.616e-05 |  5.593e-08 |  1.90e-04 |  3.29e-04 |  5.52e-05 |  3.82e-04 |  2.69e-02 |  1.08e-03 |  2.90e-05 |  1.0e-04 |  2.95e-10 |  8.55e-03 |  3.64e-02
  3680 |  2.620e-04 |  2.616e-05 |  5.555e-08 |  1.90e-04 |  3.29e-04 |  5.47e-05 |  3.79e-04 |  2.59e-02 |  1.18e-03 |  3.06e-05 |  1.0e-04 |  2.82e-10 |  8.54e-03 |  3.64e-02
  3690 |  2.610e-04 |  2.615e-05 |  5.658e-08 |  1.90e-04 |  3.28e-04 |  5.50e-05 |  3.88e-04 |  2.76e-02 |  1.07e-03 |  2.97e-05 |  1.0e-04 |  2.78e-10 |  8.53e-03 |  3.64e-02
  3700 |  2.614e-04 |  2.614e-05 |  5.538e-08 |  1.89e-04 |  3.25e-04 |  5.49e-05 |  3.82e-04 |  2.67e-02 |  1.07e-03 |  2.86e-05 |  1.0e-04 |  2.24e-10 |  8.51e-03 |  3.64e-02
  3710 |  2.614e-04 |  2.613e-05 |  5.595e-08 |  1.91e-04 |  3.35e-04 |  5.63e-05 |  3.77e-04 |  2.58e-02 |  1.30e-03 |  3.34e-05 |  1.0e-04 |  2.36e-10 |  8.50e-03 |  3.64e-02
  3720 |  2.609e-04 |  2.613e-05 |  5.639e-08 |  1.89e-04 |  3.35e-04 |  5.57e-05 |  3.84e-04 |  2.73e-02 |  1.18e-03 |  3.21e-05 |  1.0e-04 |  3.08e-10 |  8.49e-03 |  3.64e-02
  3730 |  2.615e-04 |  2.612e-05 |  5.481e-08 |  1.88e-04 |  3.30e-04 |  5.59e-05 |  3.75e-04 |  2.56e-02 |  1.07e-03 |  2.74e-05 |  1.0e-04 |  3.20e-10 |  8.48e-03 |  3.64e-02
  3740 |  2.616e-04 |  2.611e-05 |  5.543e-08 |  1.89e-04 |  3.24e-04 |  5.44e-05 |  3.82e-04 |  2.66e-02 |  1.07e-03 |  2.84e-05 |  1.0e-04 |  2.33e-10 |  8.46e-03 |  3.64e-02
  3750 |  2.607e-04 |  2.611e-05 |  5.557e-08 |  1.90e-04 |  3.26e-04 |  5.53e-05 |  3.80e-04 |  2.66e-02 |  1.17e-03 |  3.11e-05 |  1.0e-04 |  2.59e-10 |  8.45e-03 |  3.64e-02
  3760 |  2.614e-04 |  2.610e-05 |  5.550e-08 |  1.89e-04 |  3.31e-04 |  5.56e-05 |  3.79e-04 |  2.57e-02 |  1.17e-03 |  3.01e-05 |  1.0e-04 |  2.94e-10 |  8.44e-03 |  3.64e-02
  3770 |  2.614e-04 |  2.609e-05 |  5.505e-08 |  1.89e-04 |  3.21e-04 |  5.41e-05 |  3.80e-04 |  2.57e-02 |  1.17e-03 |  3.00e-05 |  1.0e-04 |  2.68e-10 |  8.43e-03 |  3.64e-02
  3780 |  2.609e-04 |  2.609e-05 |  5.570e-08 |  1.89e-04 |  3.39e-04 |  5.80e-05 |  3.77e-04 |  2.58e-02 |  1.17e-03 |  3.01e-05 |  1.0e-04 |  3.25e-10 |  8.41e-03 |  3.64e-02
  3790 |  2.609e-04 |  2.608e-05 |  5.498e-08 |  1.88e-04 |  3.30e-04 |  5.54e-05 |  3.76e-04 |  2.56e-02 |  1.16e-03 |  2.98e-05 |  1.0e-04 |  2.98e-10 |  8.40e-03 |  3.64e-02
  3800 |  2.608e-04 |  2.607e-05 |  5.479e-08 |  1.89e-04 |  3.23e-04 |  5.45e-05 |  3.78e-04 |  2.55e-02 |  1.16e-03 |  2.97e-05 |  1.0e-04 |  2.70e-10 |  8.39e-03 |  3.64e-02
  3810 |  2.611e-04 |  2.606e-05 |  5.481e-08 |  1.87e-04 |  3.28e-04 |  5.53e-05 |  3.78e-04 |  2.57e-02 |  1.16e-03 |  2.98e-05 |  1.0e-04 |  2.78e-10 |  8.38e-03 |  3.64e-02
  3820 |  2.605e-04 |  2.606e-05 |  5.622e-08 |  1.88e-04 |  3.38e-04 |  5.75e-05 |  3.85e-04 |  2.73e-02 |  1.05e-03 |  2.87e-05 |  1.0e-04 |  2.80e-10 |  8.37e-03 |  3.64e-02
  3830 |  2.601e-04 |  2.605e-05 |  5.480e-08 |  1.88e-04 |  3.32e-04 |  5.62e-05 |  3.74e-04 |  2.49e-02 |  1.16e-03 |  2.88e-05 |  1.0e-04 |  2.47e-10 |  8.35e-03 |  3.64e-02
  3840 |  2.607e-04 |  2.605e-05 |  5.447e-08 |  1.88e-04 |  3.32e-04 |  5.59e-05 |  3.73e-04 |  2.49e-02 |  1.16e-03 |  2.87e-05 |  1.0e-04 |  2.59e-10 |  8.34e-03 |  3.64e-02
  3850 |  2.600e-04 |  2.604e-05 |  5.427e-08 |  1.88e-04 |  3.31e-04 |  5.62e-05 |  3.72e-04 |  2.47e-02 |  1.15e-03 |  2.86e-05 |  1.0e-04 |  3.42e-10 |  8.33e-03 |  3.64e-02
  3860 |  2.601e-04 |  2.603e-05 |  5.551e-08 |  1.88e-04 |  3.25e-04 |  5.54e-05 |  3.84e-04 |  2.66e-02 |  1.15e-03 |  3.06e-05 |  1.0e-04 |  2.06e-10 |  8.32e-03 |  3.64e-02
  3870 |  2.605e-04 |  2.603e-05 |  5.548e-08 |  1.87e-04 |  3.38e-04 |  5.78e-05 |  3.79e-04 |  2.59e-02 |  1.15e-03 |  2.98e-05 |  1.0e-04 |  2.34e-10 |  8.30e-03 |  3.64e-02
  3880 |  2.602e-04 |  2.602e-05 |  5.433e-08 |  1.87e-04 |  3.30e-04 |  5.56e-05 |  3.75e-04 |  2.56e-02 |  1.04e-03 |  2.67e-05 |  1.0e-04 |  2.47e-10 |  8.29e-03 |  3.64e-02
  3890 |  2.605e-04 |  2.601e-05 |  5.440e-08 |  1.88e-04 |  3.24e-04 |  5.60e-05 |  3.75e-04 |  2.53e-02 |  1.15e-03 |  2.90e-05 |  1.0e-04 |  2.12e-10 |  8.28e-03 |  3.64e-02
  3900 |  2.599e-04 |  2.601e-05 |  5.443e-08 |  1.88e-04 |  3.25e-04 |  5.62e-05 |  3.75e-04 |  2.53e-02 |  1.15e-03 |  2.90e-05 |  1.0e-04 |  2.80e-10 |  8.27e-03 |  3.64e-02
  3910 |  2.603e-04 |  2.600e-05 |  5.491e-08 |  1.86e-04 |  3.30e-04 |  5.62e-05 |  3.81e-04 |  2.61e-02 |  1.04e-03 |  2.71e-05 |  1.0e-04 |  2.07e-10 |  8.26e-03 |  3.64e-02
  3920 |  2.597e-04 |  2.599e-05 |  5.436e-08 |  1.86e-04 |  3.25e-04 |  5.55e-05 |  3.78e-04 |  2.61e-02 |  1.14e-03 |  2.98e-05 |  1.0e-04 |  2.72e-10 |  8.25e-03 |  3.64e-02
  3930 |  2.609e-04 |  2.599e-05 |  5.387e-08 |  1.86e-04 |  3.31e-04 |  5.73e-05 |  3.70e-04 |  2.52e-02 |  1.14e-03 |  2.88e-05 |  1.0e-04 |  2.59e-10 |  8.23e-03 |  3.64e-02
  3940 |  2.603e-04 |  2.598e-05 |  5.425e-08 |  1.86e-04 |  3.27e-04 |  5.60e-05 |  3.76e-04 |  2.56e-02 |  1.14e-03 |  2.91e-05 |  1.0e-04 |  3.04e-10 |  8.22e-03 |  3.64e-02
  3950 |  2.604e-04 |  2.598e-05 |  5.328e-08 |  1.85e-04 |  3.21e-04 |  5.57e-05 |  3.73e-04 |  2.51e-02 |  1.03e-03 |  2.60e-05 |  1.0e-04 |  2.53e-10 |  8.21e-03 |  3.64e-02
  3960 |  2.595e-04 |  2.597e-05 |  5.355e-08 |  1.85e-04 |  3.23e-04 |  5.59e-05 |  3.74e-04 |  2.52e-02 |  1.03e-03 |  2.60e-05 |  1.0e-04 |  2.90e-10 |  8.20e-03 |  3.64e-02
  3970 |  2.593e-04 |  2.596e-05 |  5.462e-08 |  1.86e-04 |  3.36e-04 |  5.81e-05 |  3.76e-04 |  2.57e-02 |  1.13e-03 |  2.91e-05 |  1.0e-04 |  2.67e-10 |  8.19e-03 |  3.64e-02
  3980 |  2.599e-04 |  2.596e-05 |  5.361e-08 |  1.85e-04 |  3.20e-04 |  5.55e-05 |  3.76e-04 |  2.56e-02 |  1.13e-03 |  2.90e-05 |  1.0e-04 |  2.72e-10 |  8.18e-03 |  3.64e-02
  3990 |  2.591e-04 |  2.595e-05 |  5.370e-08 |  1.84e-04 |  3.34e-04 |  5.75e-05 |  3.73e-04 |  2.51e-02 |  1.03e-03 |  2.58e-05 |  1.0e-04 |  2.11e-10 |  8.16e-03 |  3.64e-02
  4000 |  2.596e-04 |  2.594e-05 |  5.360e-08 |  1.87e-04 |  3.15e-04 |  5.47e-05 |  3.74e-04 |  2.52e-02 |  1.24e-03 |  3.13e-05 |  1.0e-04 |  2.57e-10 |  8.15e-03 |  3.64e-02
  4010 |  2.591e-04 |  2.594e-05 |  5.402e-08 |  1.84e-04 |  3.26e-04 |  5.60e-05 |  3.79e-04 |  2.59e-02 |  1.03e-03 |  2.66e-05 |  1.0e-04 |  2.98e-10 |  8.14e-03 |  3.64e-02
  4020 |  2.591e-04 |  2.593e-05 |  5.379e-08 |  1.85e-04 |  3.17e-04 |  5.54e-05 |  3.80e-04 |  2.56e-02 |  1.13e-03 |  2.89e-05 |  1.0e-04 |  3.21e-10 |  8.13e-03 |  3.64e-02
  4030 |  2.592e-04 |  2.593e-05 |  5.384e-08 |  1.86e-04 |  3.21e-04 |  5.56e-05 |  3.76e-04 |  2.60e-02 |  1.12e-03 |  2.92e-05 |  1.0e-04 |  2.54e-10 |  8.12e-03 |  3.64e-02
  4040 |  2.589e-04 |  2.592e-05 |  5.330e-08 |  1.85e-04 |  3.21e-04 |  5.56e-05 |  3.73e-04 |  2.54e-02 |  1.12e-03 |  2.85e-05 |  1.0e-04 |  2.38e-10 |  8.11e-03 |  3.64e-02
  4050 |  2.593e-04 |  2.591e-05 |  5.279e-08 |  1.85e-04 |  3.22e-04 |  5.63e-05 |  3.68e-04 |  2.48e-02 |  1.12e-03 |  2.78e-05 |  1.0e-04 |  2.73e-10 |  8.10e-03 |  3.64e-02
  4060 |  2.594e-04 |  2.591e-05 |  5.253e-08 |  1.85e-04 |  3.16e-04 |  5.52e-05 |  3.69e-04 |  2.41e-02 |  1.23e-03 |  2.96e-05 |  1.0e-04 |  3.05e-10 |  8.08e-03 |  3.64e-02
  4070 |  2.590e-04 |  2.590e-05 |  5.280e-08 |  1.84e-04 |  3.30e-04 |  5.70e-05 |  3.67e-04 |  2.42e-02 |  1.12e-03 |  2.70e-05 |  1.0e-04 |  2.55e-10 |  8.07e-03 |  3.64e-02
  4080 |  2.597e-04 |  2.589e-05 |  5.309e-08 |  1.86e-04 |  3.26e-04 |  5.63e-05 |  3.67e-04 |  2.46e-02 |  1.12e-03 |  2.75e-05 |  1.0e-04 |  2.60e-10 |  8.06e-03 |  3.64e-02
  4090 |  2.584e-04 |  2.589e-05 |  5.318e-08 |  1.85e-04 |  3.27e-04 |  5.64e-05 |  3.70e-04 |  2.37e-02 |  1.11e-03 |  2.64e-05 |  1.0e-04 |  2.53e-10 |  8.05e-03 |  3.64e-02
  4100 |  2.587e-04 |  2.588e-05 |  5.314e-08 |  1.84e-04 |  3.28e-04 |  5.65e-05 |  3.71e-04 |  2.54e-02 |  1.11e-03 |  2.83e-05 |  1.0e-04 |  2.37e-10 |  8.04e-03 |  3.64e-02
  4110 |  2.593e-04 |  2.587e-05 |  5.392e-08 |  1.85e-04 |  3.24e-04 |  5.64e-05 |  3.77e-04 |  2.57e-02 |  1.11e-03 |  2.86e-05 |  1.0e-04 |  1.87e-10 |  8.03e-03 |  3.64e-02
  4120 |  2.586e-04 |  2.586e-05 |  5.462e-08 |  1.87e-04 |  3.33e-04 |  5.78e-05 |  3.74e-04 |  2.56e-02 |  1.22e-03 |  3.13e-05 |  1.0e-04 |  2.80e-10 |  8.02e-03 |  3.64e-02
  4130 |  2.585e-04 |  2.586e-05 |  5.289e-08 |  1.85e-04 |  3.23e-04 |  5.59e-05 |  3.69e-04 |  2.45e-02 |  1.22e-03 |  2.98e-05 |  1.0e-04 |  3.12e-10 |  8.01e-03 |  3.64e-02
  4140 |  2.587e-04 |  2.585e-05 |  5.230e-08 |  1.84e-04 |  3.22e-04 |  5.58e-05 |  3.67e-04 |  2.43e-02 |  1.11e-03 |  2.69e-05 |  1.0e-04 |  2.20e-10 |  8.00e-03 |  3.64e-02
  4150 |  2.588e-04 |  2.585e-05 |  5.426e-08 |  1.85e-04 |  3.26e-04 |  5.66e-05 |  3.78e-04 |  2.58e-02 |  1.11e-03 |  2.86e-05 |  1.0e-04 |  3.06e-10 |  7.99e-03 |  3.64e-02
  4160 |  2.581e-04 |  2.584e-05 |  5.289e-08 |  1.83e-04 |  3.27e-04 |  5.70e-05 |  3.70e-04 |  2.41e-02 |  1.10e-03 |  2.66e-05 |  1.0e-04 |  2.58e-10 |  7.98e-03 |  3.64e-02
  4170 |  2.585e-04 |  2.583e-05 |  5.275e-08 |  1.85e-04 |  3.18e-04 |  5.60e-05 |  3.70e-04 |  2.53e-02 |  1.21e-03 |  3.07e-05 |  1.0e-04 |  2.87e-10 |  7.96e-03 |  3.64e-02
  4180 |  2.581e-04 |  2.583e-05 |  5.164e-08 |  1.83e-04 |  3.10e-04 |  5.53e-05 |  3.68e-04 |  2.40e-02 |  1.10e-03 |  2.64e-05 |  1.0e-04 |  2.60e-10 |  7.95e-03 |  3.64e-02
  4190 |  2.586e-04 |  2.582e-05 |  5.220e-08 |  1.84e-04 |  3.13e-04 |  5.51e-05 |  3.69e-04 |  2.48e-02 |  1.21e-03 |  3.00e-05 |  1.0e-04 |  2.13e-10 |  7.94e-03 |  3.64e-02
  4200 |  2.582e-04 |  2.582e-05 |  5.223e-08 |  1.83e-04 |  3.20e-04 |  5.64e-05 |  3.68e-04 |  2.41e-02 |  1.10e-03 |  2.65e-05 |  1.0e-04 |  2.57e-10 |  7.93e-03 |  3.64e-02
  4210 |  2.574e-04 |  2.581e-05 |  5.256e-08 |  1.84e-04 |  3.15e-04 |  5.58e-05 |  3.72e-04 |  2.48e-02 |  1.10e-03 |  2.72e-05 |  1.0e-04 |  2.53e-10 |  7.92e-03 |  3.64e-02
  4220 |  2.581e-04 |  2.580e-05 |  5.248e-08 |  1.83e-04 |  3.28e-04 |  5.76e-05 |  3.68e-04 |  2.46e-02 |  1.10e-03 |  2.69e-05 |  1.0e-04 |  2.41e-10 |  7.91e-03 |  3.64e-02
  4230 |  2.577e-04 |  2.580e-05 |  5.221e-08 |  1.83e-04 |  3.18e-04 |  5.63e-05 |  3.70e-04 |  2.54e-02 |  1.09e-03 |  2.77e-05 |  1.0e-04 |  2.33e-10 |  7.90e-03 |  3.64e-02
  4240 |  2.582e-04 |  2.579e-05 |  5.208e-08 |  1.83e-04 |  3.29e-04 |  5.86e-05 |  3.64e-04 |  2.37e-02 |  1.09e-03 |  2.59e-05 |  1.0e-04 |  2.23e-10 |  7.89e-03 |  3.64e-02
  4250 |  2.575e-04 |  2.578e-05 |  5.161e-08 |  1.83e-04 |  3.16e-04 |  5.66e-05 |  3.65e-04 |  2.37e-02 |  1.20e-03 |  2.84e-05 |  1.0e-04 |  2.00e-10 |  7.88e-03 |  3.64e-02
  4260 |  2.571e-04 |  2.578e-05 |  5.185e-08 |  1.81e-04 |  3.14e-04 |  5.67e-05 |  3.71e-04 |  2.50e-02 |  9.90e-04 |  2.47e-05 |  1.0e-04 |  2.44e-10 |  7.87e-03 |  3.64e-02
  4270 |  2.579e-04 |  2.577e-05 |  5.129e-08 |  1.81e-04 |  3.17e-04 |  5.62e-05 |  3.66e-04 |  2.42e-02 |  1.09e-03 |  2.63e-05 |  1.0e-04 |  2.51e-10 |  7.86e-03 |  3.64e-02
  4280 |  2.575e-04 |  2.576e-05 |  5.229e-08 |  1.83e-04 |  3.26e-04 |  5.80e-05 |  3.67e-04 |  2.44e-02 |  1.09e-03 |  2.65e-05 |  1.0e-04 |  2.58e-10 |  7.85e-03 |  3.64e-02
  4290 |  2.571e-04 |  2.576e-05 |  5.101e-08 |  1.82e-04 |  3.21e-04 |  5.68e-05 |  3.60e-04 |  2.34e-02 |  1.08e-03 |  2.53e-05 |  1.0e-04 |  2.29e-10 |  7.84e-03 |  3.64e-02
  4300 |  2.569e-04 |  2.575e-05 |  5.110e-08 |  1.82e-04 |  3.15e-04 |  5.59e-05 |  3.63e-04 |  2.38e-02 |  1.08e-03 |  2.58e-05 |  1.0e-04 |  2.25e-10 |  7.83e-03 |  3.64e-02
  4310 |  2.566e-04 |  2.574e-05 |  5.158e-08 |  1.82e-04 |  3.12e-04 |  5.56e-05 |  3.69e-04 |  2.37e-02 |  1.08e-03 |  2.56e-05 |  1.0e-04 |  2.35e-10 |  7.82e-03 |  3.64e-02
  4320 |  2.564e-04 |  2.574e-05 |  5.210e-08 |  1.82e-04 |  3.25e-04 |  5.72e-05 |  3.67e-04 |  2.49e-02 |  1.19e-03 |  2.96e-05 |  1.0e-04 |  2.56e-10 |  7.81e-03 |  3.64e-02
  4330 |  2.575e-04 |  2.573e-05 |  5.194e-08 |  1.81e-04 |  3.29e-04 |  5.84e-05 |  3.66e-04 |  2.42e-02 |  1.08e-03 |  2.61e-05 |  1.0e-04 |  2.58e-10 |  7.80e-03 |  3.64e-02
  4340 |  2.574e-04 |  2.572e-05 |  5.213e-08 |  1.83e-04 |  3.19e-04 |  5.69e-05 |  3.69e-04 |  2.45e-02 |  1.08e-03 |  2.64e-05 |  1.0e-04 |  3.88e-10 |  7.79e-03 |  3.64e-02
  4350 |  2.575e-04 |  2.572e-05 |  5.090e-08 |  1.81e-04 |  3.20e-04 |  5.70e-05 |  3.62e-04 |  2.34e-02 |  1.08e-03 |  2.52e-05 |  1.0e-04 |  2.18e-10 |  7.78e-03 |  3.64e-02
  4360 |  2.574e-04 |  2.571e-05 |  5.068e-08 |  1.81e-04 |  3.23e-04 |  5.75e-05 |  3.59e-04 |  2.26e-02 |  1.18e-03 |  2.67e-05 |  1.0e-04 |  3.14e-10 |  7.77e-03 |  3.64e-02
  4370 |  2.571e-04 |  2.571e-05 |  5.112e-08 |  1.81e-04 |  3.17e-04 |  5.69e-05 |  3.65e-04 |  2.37e-02 |  1.07e-03 |  2.54e-05 |  1.0e-04 |  2.38e-10 |  7.76e-03 |  3.64e-02
  4380 |  2.575e-04 |  2.570e-05 |  5.129e-08 |  1.82e-04 |  3.20e-04 |  5.78e-05 |  3.63e-04 |  2.32e-02 |  1.18e-03 |  2.74e-05 |  1.0e-04 |  2.91e-10 |  7.75e-03 |  3.64e-02
  4390 |  2.573e-04 |  2.569e-05 |  5.124e-08 |  1.81e-04 |  3.17e-04 |  5.70e-05 |  3.67e-04 |  2.40e-02 |  1.07e-03 |  2.57e-05 |  1.0e-04 |  2.83e-10 |  7.74e-03 |  3.64e-02
  4400 |  2.562e-04 |  2.569e-05 |  5.004e-08 |  1.80e-04 |  3.14e-04 |  5.66e-05 |  3.58e-04 |  2.29e-02 |  1.18e-03 |  2.69e-05 |  1.0e-04 |  2.41e-10 |  7.73e-03 |  3.64e-02
  4410 |  2.569e-04 |  2.568e-05 |  5.156e-08 |  1.81e-04 |  3.21e-04 |  5.83e-05 |  3.68e-04 |  2.43e-02 |  1.07e-03 |  2.59e-05 |  1.0e-04 |  2.57e-10 |  7.72e-03 |  3.64e-02
  4420 |  2.563e-04 |  2.567e-05 |  5.057e-08 |  1.81e-04 |  3.12e-04 |  5.64e-05 |  3.62e-04 |  2.35e-02 |  1.17e-03 |  2.76e-05 |  1.0e-04 |  2.70e-10 |  7.71e-03 |  3.64e-02
  4430 |  2.572e-04 |  2.567e-05 |  5.003e-08 |  1.80e-04 |  3.09e-04 |  5.59e-05 |  3.61e-04 |  2.31e-02 |  1.17e-03 |  2.70e-05 |  1.0e-04 |  2.66e-10 |  7.70e-03 |  3.64e-02
  4440 |  2.561e-04 |  2.566e-05 |  5.016e-08 |  1.79e-04 |  3.18e-04 |  5.73e-05 |  3.59e-04 |  2.25e-02 |  1.06e-03 |  2.40e-05 |  1.0e-04 |  2.52e-10 |  7.69e-03 |  3.64e-02
  4450 |  2.563e-04 |  2.566e-05 |  5.087e-08 |  1.80e-04 |  3.16e-04 |  5.66e-05 |  3.65e-04 |  2.35e-02 |  1.06e-03 |  2.50e-05 |  1.0e-04 |  2.37e-10 |  7.68e-03 |  3.64e-02
  4460 |  2.571e-04 |  2.565e-05 |  5.062e-08 |  1.80e-04 |  3.11e-04 |  5.58e-05 |  3.65e-04 |  2.38e-02 |  1.06e-03 |  2.52e-05 |  1.0e-04 |  2.56e-10 |  7.67e-03 |  3.64e-02
  4470 |  2.562e-04 |  2.564e-05 |  5.124e-08 |  1.79e-04 |  3.29e-04 |  5.94e-05 |  3.65e-04 |  2.45e-02 |  1.06e-03 |  2.60e-05 |  1.0e-04 |  2.92e-10 |  7.66e-03 |  3.64e-02
  4480 |  2.565e-04 |  2.564e-05 |  5.041e-08 |  1.79e-04 |  3.09e-04 |  5.64e-05 |  3.67e-04 |  2.42e-02 |  1.06e-03 |  2.56e-05 |  1.0e-04 |  2.29e-10 |  7.65e-03 |  3.64e-02
  4490 |  2.560e-04 |  2.563e-05 |  5.058e-08 |  1.80e-04 |  3.06e-04 |  5.63e-05 |  3.68e-04 |  2.44e-02 |  1.06e-03 |  2.58e-05 |  1.0e-04 |  2.53e-10 |  7.64e-03 |  3.64e-02
  4500 |  2.560e-04 |  2.563e-05 |  5.064e-08 |  1.80e-04 |  3.22e-04 |  5.79e-05 |  3.60e-04 |  2.33e-02 |  1.16e-03 |  2.71e-05 |  1.0e-04 |  1.99e-10 |  7.63e-03 |  3.64e-02
  4510 |  2.566e-04 |  2.562e-05 |  4.952e-08 |  1.79e-04 |  3.14e-04 |  5.71e-05 |  3.56e-04 |  2.24e-02 |  1.16e-03 |  2.60e-05 |  1.0e-04 |  2.76e-10 |  7.62e-03 |  3.64e-02
  4520 |  2.565e-04 |  2.562e-05 |  4.964e-08 |  1.79e-04 |  3.14e-04 |  5.71e-05 |  3.57e-04 |  2.26e-02 |  1.16e-03 |  2.62e-05 |  1.0e-04 |  2.06e-10 |  7.61e-03 |  3.64e-02
  4530 |  2.565e-04 |  2.561e-05 |  5.018e-08 |  1.79e-04 |  3.12e-04 |  5.67e-05 |  3.62e-04 |  2.34e-02 |  1.05e-03 |  2.46e-05 |  1.0e-04 |  2.95e-10 |  7.60e-03 |  3.64e-02
  4540 |  2.560e-04 |  2.560e-05 |  5.036e-08 |  1.80e-04 |  3.24e-04 |  5.84e-05 |  3.58e-04 |  2.32e-02 |  1.05e-03 |  2.44e-05 |  1.0e-04 |  2.40e-10 |  7.59e-03 |  3.64e-02
  4550 |  2.557e-04 |  2.559e-05 |  5.084e-08 |  1.80e-04 |  3.21e-04 |  5.81e-05 |  3.63e-04 |  2.37e-02 |  1.15e-03 |  2.73e-05 |  1.0e-04 |  2.86e-10 |  7.58e-03 |  3.64e-02
  4560 |  2.561e-04 |  2.559e-05 |  4.984e-08 |  1.79e-04 |  3.15e-04 |  5.79e-05 |  3.59e-04 |  2.29e-02 |  1.05e-03 |  2.40e-05 |  1.0e-04 |  2.41e-10 |  7.57e-03 |  3.64e-02
  4570 |  2.561e-04 |  2.558e-05 |  4.988e-08 |  1.77e-04 |  3.10e-04 |  5.71e-05 |  3.64e-04 |  2.36e-02 |  1.05e-03 |  2.47e-05 |  1.0e-04 |  2.39e-10 |  7.56e-03 |  3.64e-02
  4580 |  2.557e-04 |  2.558e-05 |  5.025e-08 |  1.78e-04 |  3.19e-04 |  5.80e-05 |  3.62e-04 |  2.35e-02 |  1.04e-03 |  2.46e-05 |  1.0e-04 |  2.79e-10 |  7.55e-03 |  3.64e-02
  4590 |  2.559e-04 |  2.557e-05 |  4.935e-08 |  1.78e-04 |  3.09e-04 |  5.67e-05 |  3.59e-04 |  2.27e-02 |  1.04e-03 |  2.37e-05 |  1.0e-04 |  2.44e-10 |  7.54e-03 |  3.64e-02
  4600 |  2.556e-04 |  2.557e-05 |  4.935e-08 |  1.78e-04 |  3.04e-04 |  5.62e-05 |  3.60e-04 |  2.33e-02 |  1.04e-03 |  2.43e-05 |  1.0e-04 |  2.50e-10 |  7.53e-03 |  3.64e-02
  4610 |  2.555e-04 |  2.556e-05 |  5.027e-08 |  1.77e-04 |  3.16e-04 |  5.80e-05 |  3.66e-04 |  2.35e-02 |  1.04e-03 |  2.45e-05 |  1.0e-04 |  2.32e-10 |  7.52e-03 |  3.64e-02
  4620 |  2.559e-04 |  2.555e-05 |  4.912e-08 |  1.78e-04 |  3.15e-04 |  5.81e-05 |  3.54e-04 |  2.25e-02 |  1.04e-03 |  2.34e-05 |  1.0e-04 |  2.07e-10 |  7.51e-03 |  3.64e-02
  4630 |  2.548e-04 |  2.555e-05 |  4.952e-08 |  1.78e-04 |  3.11e-04 |  5.75e-05 |  3.59e-04 |  2.35e-02 |  1.14e-03 |  2.68e-05 |  1.0e-04 |  2.01e-10 |  7.50e-03 |  3.64e-02
  4640 |  2.551e-04 |  2.554e-05 |  5.006e-08 |  1.78e-04 |  3.20e-04 |  5.85e-05 |  3.61e-04 |  2.35e-02 |  1.04e-03 |  2.44e-05 |  1.0e-04 |  2.42e-10 |  7.49e-03 |  3.64e-02
  4650 |  2.552e-04 |  2.554e-05 |  4.991e-08 |  1.78e-04 |  3.26e-04 |  5.97e-05 |  3.56e-04 |  2.23e-02 |  1.14e-03 |  2.54e-05 |  1.0e-04 |  2.09e-10 |  7.48e-03 |  3.64e-02
  4660 |  2.555e-04 |  2.553e-05 |  4.979e-08 |  1.79e-04 |  3.10e-04 |  5.77e-05 |  3.61e-04 |  2.31e-02 |  1.14e-03 |  2.62e-05 |  1.0e-04 |  2.31e-10 |  7.48e-03 |  3.64e-02
  4670 |  2.553e-04 |  2.553e-05 |  4.940e-08 |  1.77e-04 |  3.19e-04 |  5.82e-05 |  3.56e-04 |  2.28e-02 |  1.03e-03 |  2.35e-05 |  1.0e-04 |  2.48e-10 |  7.47e-03 |  3.64e-02
  4680 |  2.548e-04 |  2.552e-05 |  4.935e-08 |  1.77e-04 |  3.16e-04 |  5.84e-05 |  3.59e-04 |  2.26e-02 |  1.03e-03 |  2.33e-05 |  1.0e-04 |  2.79e-10 |  7.46e-03 |  3.64e-02
  4690 |  2.559e-04 |  2.551e-05 |  4.936e-08 |  1.77e-04 |  3.11e-04 |  5.78e-05 |  3.60e-04 |  2.34e-02 |  1.03e-03 |  2.41e-05 |  1.0e-04 |  2.96e-10 |  7.45e-03 |  3.64e-02
  4700 |  2.552e-04 |  2.551e-05 |  4.962e-08 |  1.78e-04 |  3.18e-04 |  5.84e-05 |  3.59e-04 |  2.33e-02 |  1.13e-03 |  2.64e-05 |  1.0e-04 |  2.18e-10 |  7.44e-03 |  3.64e-02
  4710 |  2.550e-04 |  2.550e-05 |  4.951e-08 |  1.78e-04 |  3.04e-04 |  5.78e-05 |  3.63e-04 |  2.27e-02 |  1.13e-03 |  2.57e-05 |  1.0e-04 |  2.18e-10 |  7.43e-03 |  3.64e-02
  4720 |  2.551e-04 |  2.550e-05 |  4.884e-08 |  1.76e-04 |  3.20e-04 |  5.92e-05 |  3.53e-04 |  2.26e-02 |  1.03e-03 |  2.32e-05 |  1.0e-04 |  3.11e-10 |  7.42e-03 |  3.64e-02
  4730 |  2.554e-04 |  2.549e-05 |  4.889e-08 |  1.77e-04 |  3.07e-04 |  5.75e-05 |  3.58e-04 |  2.25e-02 |  1.13e-03 |  2.53e-05 |  1.0e-04 |  2.64e-10 |  7.41e-03 |  3.64e-02
  4740 |  2.547e-04 |  2.549e-05 |  4.955e-08 |  1.78e-04 |  3.15e-04 |  5.94e-05 |  3.59e-04 |  2.28e-02 |  1.13e-03 |  2.57e-05 |  1.0e-04 |  3.46e-10 |  7.40e-03 |  3.64e-02
  4750 |  2.550e-04 |  2.548e-05 |  4.893e-08 |  1.76e-04 |  3.09e-04 |  5.78e-05 |  3.58e-04 |  2.29e-02 |  1.02e-03 |  2.34e-05 |  1.0e-04 |  2.11e-10 |  7.39e-03 |  3.64e-02
  4760 |  2.543e-04 |  2.547e-05 |  4.918e-08 |  1.76e-04 |  3.11e-04 |  5.84e-05 |  3.60e-04 |  2.31e-02 |  1.02e-03 |  2.36e-05 |  1.0e-04 |  2.32e-10 |  7.38e-03 |  3.64e-02
  4770 |  2.548e-04 |  2.547e-05 |  4.881e-08 |  1.79e-04 |  3.07e-04 |  5.74e-05 |  3.53e-04 |  2.15e-02 |  1.12e-03 |  2.41e-05 |  1.0e-04 |  2.23e-10 |  7.38e-03 |  3.64e-02
  4780 |  2.547e-04 |  2.546e-05 |  4.904e-08 |  1.77e-04 |  3.14e-04 |  5.86e-05 |  3.56e-04 |  2.24e-02 |  1.12e-03 |  2.51e-05 |  1.0e-04 |  3.06e-10 |  7.37e-03 |  3.64e-02
  4790 |  2.546e-04 |  2.546e-05 |  4.942e-08 |  1.77e-04 |  3.14e-04 |  5.90e-05 |  3.59e-04 |  2.30e-02 |  1.12e-03 |  2.57e-05 |  1.0e-04 |  2.21e-10 |  7.36e-03 |  3.64e-02
  4800 |  2.542e-04 |  2.545e-05 |  4.871e-08 |  1.76e-04 |  3.14e-04 |  5.91e-05 |  3.55e-04 |  2.24e-02 |  1.02e-03 |  2.28e-05 |  1.0e-04 |  1.97e-10 |  7.35e-03 |  3.64e-02
  4810 |  2.552e-04 |  2.544e-05 |  4.854e-08 |  1.76e-04 |  3.10e-04 |  5.81e-05 |  3.56e-04 |  2.24e-02 |  1.12e-03 |  2.51e-05 |  1.0e-04 |  2.35e-10 |  7.34e-03 |  3.64e-02
  4820 |  2.544e-04 |  2.544e-05 |  4.887e-08 |  1.75e-04 |  3.23e-04 |  6.03e-05 |  3.54e-04 |  2.24e-02 |  1.01e-03 |  2.27e-05 |  1.0e-04 |  2.23e-10 |  7.33e-03 |  3.64e-02
  4830 |  2.543e-04 |  2.543e-05 |  4.818e-08 |  1.75e-04 |  3.05e-04 |  5.72e-05 |  3.56e-04 |  2.21e-02 |  1.01e-03 |  2.24e-05 |  1.0e-04 |  2.10e-10 |  7.32e-03 |  3.64e-02
  4840 |  2.543e-04 |  2.543e-05 |  4.793e-08 |  1.75e-04 |  3.06e-04 |  5.81e-05 |  3.55e-04 |  2.25e-02 |  1.01e-03 |  2.28e-05 |  1.0e-04 |  2.65e-10 |  7.31e-03 |  3.64e-02
  4850 |  2.544e-04 |  2.542e-05 |  4.744e-08 |  1.75e-04 |  3.00e-04 |  5.70e-05 |  3.52e-04 |  2.19e-02 |  1.11e-03 |  2.44e-05 |  1.0e-04 |  2.37e-10 |  7.30e-03 |  3.64e-02
  4860 |  2.540e-04 |  2.541e-05 |  4.896e-08 |  1.76e-04 |  3.10e-04 |  5.91e-05 |  3.59e-04 |  2.24e-02 |  1.11e-03 |  2.49e-05 |  1.0e-04 |  2.74e-10 |  7.30e-03 |  3.64e-02
  4870 |  2.542e-04 |  2.541e-05 |  4.967e-08 |  1.77e-04 |  3.21e-04 |  6.07e-05 |  3.58e-04 |  2.33e-02 |  1.11e-03 |  2.58e-05 |  1.0e-04 |  2.60e-10 |  7.29e-03 |  3.64e-02
  4880 |  2.540e-04 |  2.540e-05 |  4.909e-08 |  1.77e-04 |  3.04e-04 |  5.78e-05 |  3.61e-04 |  2.33e-02 |  1.11e-03 |  2.58e-05 |  1.0e-04 |  2.42e-10 |  7.28e-03 |  3.64e-02
  4890 |  2.541e-04 |  2.540e-05 |  4.829e-08 |  1.75e-04 |  3.03e-04 |  5.81e-05 |  3.59e-04 |  2.28e-02 |  1.11e-03 |  2.53e-05 |  1.0e-04 |  2.01e-10 |  7.27e-03 |  3.64e-02
  4900 |  2.531e-04 |  2.539e-05 |  4.814e-08 |  1.75e-04 |  3.05e-04 |  5.78e-05 |  3.56e-04 |  2.20e-02 |  1.11e-03 |  2.43e-05 |  1.0e-04 |  2.42e-10 |  7.26e-03 |  3.64e-02
  4910 |  2.534e-04 |  2.539e-05 |  4.809e-08 |  1.74e-04 |  3.09e-04 |  5.89e-05 |  3.56e-04 |  2.27e-02 |  1.00e-03 |  2.28e-05 |  1.0e-04 |  2.26e-10 |  7.25e-03 |  3.64e-02
  4920 |  2.535e-04 |  2.538e-05 |  4.849e-08 |  1.77e-04 |  3.17e-04 |  5.98e-05 |  3.50e-04 |  2.19e-02 |  1.10e-03 |  2.41e-05 |  1.0e-04 |  2.28e-10 |  7.24e-03 |  3.64e-02
  4930 |  2.539e-04 |  2.538e-05 |  4.859e-08 |  1.75e-04 |  3.10e-04 |  5.92e-05 |  3.58e-04 |  2.31e-02 |  1.00e-03 |  2.31e-05 |  1.0e-04 |  2.05e-10 |  7.24e-03 |  3.64e-02
  4940 |  2.534e-04 |  2.537e-05 |  4.838e-08 |  1.75e-04 |  3.09e-04 |  5.88e-05 |  3.56e-04 |  2.26e-02 |  1.10e-03 |  2.49e-05 |  1.0e-04 |  2.52e-10 |  7.23e-03 |  3.64e-02
  4950 |  2.536e-04 |  2.537e-05 |  4.849e-08 |  1.75e-04 |  3.21e-04 |  6.10e-05 |  3.53e-04 |  2.26e-02 |  1.10e-03 |  2.48e-05 |  1.0e-04 |  2.73e-10 |  7.22e-03 |  3.64e-02
  4960 |  2.544e-04 |  2.536e-05 |  4.738e-08 |  1.73e-04 |  3.12e-04 |  6.00e-05 |  3.49e-04 |  2.14e-02 |  1.10e-03 |  2.35e-05 |  1.0e-04 |  2.45e-10 |  7.21e-03 |  3.64e-02
  4970 |  2.532e-04 |  2.536e-05 |  4.801e-08 |  1.73e-04 |  3.20e-04 |  6.14e-05 |  3.52e-04 |  2.18e-02 |  9.97e-04 |  2.17e-05 |  1.0e-04 |  2.79e-10 |  7.20e-03 |  3.64e-02
  4980 |  2.537e-04 |  2.535e-05 |  4.734e-08 |  1.73e-04 |  3.08e-04 |  5.79e-05 |  3.52e-04 |  2.21e-02 |  9.96e-04 |  2.20e-05 |  1.0e-04 |  2.31e-10 |  7.19e-03 |  3.64e-02
  4990 |  2.539e-04 |  2.535e-05 |  4.676e-08 |  1.74e-04 |  2.98e-04 |  5.82e-05 |  3.49e-04 |  2.15e-02 |  1.09e-03 |  2.35e-05 |  1.0e-04 |  2.50e-10 |  7.18e-03 |  3.64e-02
  5000 |  2.533e-04 |  2.534e-05 |  4.751e-08 |  1.74e-04 |  3.16e-04 |  5.93e-05 |  3.48e-04 |  2.21e-02 |  1.09e-03 |  2.42e-05 |  1.0e-04 |  2.62e-10 |  7.18e-03 |  3.64e-02
  5010 |  2.539e-04 |  2.533e-05 |  4.828e-08 |  1.74e-04 |  3.20e-04 |  6.13e-05 |  3.54e-04 |  2.22e-02 |  1.09e-03 |  2.42e-05 |  1.0e-04 |  2.83e-10 |  7.17e-03 |  3.64e-02
  5020 |  2.540e-04 |  2.533e-05 |  4.749e-08 |  1.76e-04 |  3.13e-04 |  6.01e-05 |  3.45e-04 |  2.11e-02 |  1.09e-03 |  2.30e-05 |  1.0e-04 |  2.36e-10 |  7.16e-03 |  3.64e-02
  5030 |  2.526e-04 |  2.532e-05 |  4.740e-08 |  1.74e-04 |  3.12e-04 |  5.98e-05 |  3.49e-04 |  2.18e-02 |  1.09e-03 |  2.38e-05 |  1.0e-04 |  2.36e-10 |  7.15e-03 |  3.64e-02
  5040 |  2.532e-04 |  2.532e-05 |  4.832e-08 |  1.74e-04 |  3.08e-04 |  5.89e-05 |  3.59e-04 |  2.28e-02 |  1.09e-03 |  2.48e-05 |  1.0e-04 |  2.48e-10 |  7.14e-03 |  3.64e-02
  5050 |  2.531e-04 |  2.531e-05 |  4.708e-08 |  1.73e-04 |  3.04e-04 |  5.92e-05 |  3.51e-04 |  2.18e-02 |  1.09e-03 |  2.37e-05 |  1.0e-04 |  2.23e-10 |  7.13e-03 |  3.64e-02
  5060 |  2.528e-04 |  2.531e-05 |  4.791e-08 |  1.73e-04 |  3.15e-04 |  6.05e-05 |  3.54e-04 |  2.21e-02 |  9.87e-04 |  2.18e-05 |  1.0e-04 |  2.47e-10 |  7.13e-03 |  3.64e-02
  5070 |  2.531e-04 |  2.530e-05 |  4.765e-08 |  1.75e-04 |  2.98e-04 |  5.77e-05 |  3.56e-04 |  2.24e-02 |  1.19e-03 |  2.67e-05 |  1.0e-04 |  1.86e-10 |  7.12e-03 |  3.64e-02
  5080 |  2.525e-04 |  2.530e-05 |  4.743e-08 |  1.74e-04 |  3.09e-04 |  5.92e-05 |  3.49e-04 |  2.14e-02 |  1.08e-03 |  2.32e-05 |  1.0e-04 |  2.07e-10 |  7.11e-03 |  3.64e-02
  5090 |  2.536e-04 |  2.529e-05 |  4.733e-08 |  1.74e-04 |  3.10e-04 |  5.94e-05 |  3.49e-04 |  2.11e-02 |  1.08e-03 |  2.28e-05 |  1.0e-04 |  2.23e-10 |  7.10e-03 |  3.64e-02
  5100 |  2.521e-04 |  2.529e-05 |  4.719e-08 |  1.73e-04 |  3.11e-04 |  5.96e-05 |  3.50e-04 |  2.18e-02 |  9.82e-04 |  2.14e-05 |  1.0e-04 |  3.51e-10 |  7.09e-03 |  3.64e-02
  5110 |  2.527e-04 |  2.528e-05 |  4.744e-08 |  1.73e-04 |  3.09e-04 |  6.06e-05 |  3.53e-04 |  2.23e-02 |  9.81e-04 |  2.18e-05 |  1.0e-04 |  2.95e-10 |  7.08e-03 |  3.64e-02
  5120 |  2.530e-04 |  2.527e-05 |  4.732e-08 |  1.75e-04 |  3.13e-04 |  6.06e-05 |  3.46e-04 |  2.13e-02 |  1.08e-03 |  2.29e-05 |  1.0e-04 |  2.32e-10 |  7.08e-03 |  3.64e-02
  5130 |  2.524e-04 |  2.527e-05 |  4.703e-08 |  1.72e-04 |  3.09e-04 |  5.88e-05 |  3.51e-04 |  2.23e-02 |  9.79e-04 |  2.18e-05 |  1.0e-04 |  2.29e-10 |  7.07e-03 |  3.64e-02
  5140 |  2.518e-04 |  2.526e-05 |  4.740e-08 |  1.72e-04 |  3.08e-04 |  5.98e-05 |  3.54e-04 |  2.25e-02 |  9.78e-04 |  2.20e-05 |  1.0e-04 |  2.29e-10 |  7.06e-03 |  3.64e-02
  5150 |  2.522e-04 |  2.526e-05 |  4.744e-08 |  1.72e-04 |  3.09e-04 |  5.98e-05 |  3.54e-04 |  2.18e-02 |  1.07e-03 |  2.35e-05 |  1.0e-04 |  2.70e-10 |  7.05e-03 |  3.64e-02
  5160 |  2.520e-04 |  2.525e-05 |  4.694e-08 |  1.73e-04 |  3.04e-04 |  5.90e-05 |  3.51e-04 |  2.19e-02 |  1.07e-03 |  2.35e-05 |  1.0e-04 |  2.40e-10 |  7.04e-03 |  3.64e-02
  5170 |  2.527e-04 |  2.525e-05 |  4.779e-08 |  1.72e-04 |  3.11e-04 |  6.10e-05 |  3.56e-04 |  2.26e-02 |  1.07e-03 |  2.42e-05 |  1.0e-04 |  2.96e-10 |  7.04e-03 |  3.64e-02
  5180 |  2.525e-04 |  2.524e-05 |  4.627e-08 |  1.71e-04 |  3.06e-04 |  6.00e-05 |  3.47e-04 |  2.17e-02 |  9.73e-04 |  2.11e-05 |  1.0e-04 |  2.55e-10 |  7.03e-03 |  3.64e-02
  5190 |  2.525e-04 |  2.523e-05 |  4.560e-08 |  1.71e-04 |  2.95e-04 |  5.91e-05 |  3.45e-04 |  2.08e-02 |  1.07e-03 |  2.23e-05 |  1.0e-04 |  2.36e-10 |  7.02e-03 |  3.64e-02
  5200 |  2.523e-04 |  2.523e-05 |  4.585e-08 |  1.73e-04 |  2.97e-04 |  5.84e-05 |  3.44e-04 |  2.09e-02 |  1.18e-03 |  2.45e-05 |  1.0e-04 |  2.35e-10 |  7.01e-03 |  3.64e-02
  5210 |  2.521e-04 |  2.523e-05 |  4.764e-08 |  1.72e-04 |  3.16e-04 |  6.16e-05 |  3.53e-04 |  2.24e-02 |  1.07e-03 |  2.39e-05 |  1.0e-04 |  2.89e-10 |  7.01e-03 |  3.64e-02
  5220 |  2.523e-04 |  2.522e-05 |  4.603e-08 |  1.71e-04 |  3.01e-04 |  5.93e-05 |  3.47e-04 |  2.16e-02 |  1.07e-03 |  2.30e-05 |  1.0e-04 |  2.79e-10 |  7.00e-03 |  3.64e-02
  5230 |  2.524e-04 |  2.521e-05 |  4.633e-08 |  1.72e-04 |  2.99e-04 |  5.89e-05 |  3.49e-04 |  2.15e-02 |  1.06e-03 |  2.28e-05 |  1.0e-04 |  2.82e-10 |  6.99e-03 |  3.64e-02
  5240 |  2.520e-04 |  2.521e-05 |  4.577e-08 |  1.72e-04 |  2.97e-04 |  5.86e-05 |  3.45e-04 |  2.05e-02 |  1.06e-03 |  2.18e-05 |  1.0e-04 |  3.01e-10 |  6.98e-03 |  3.64e-02
  5250 |  2.516e-04 |  2.520e-05 |  4.667e-08 |  1.71e-04 |  3.03e-04 |  5.87e-05 |  3.53e-04 |  2.16e-02 |  1.06e-03 |  2.30e-05 |  1.0e-04 |  2.15e-10 |  6.97e-03 |  3.64e-02
  5260 |  2.516e-04 |  2.520e-05 |  4.666e-08 |  1.71e-04 |  3.06e-04 |  5.99e-05 |  3.50e-04 |  2.16e-02 |  1.06e-03 |  2.30e-05 |  1.0e-04 |  3.13e-10 |  6.97e-03 |  3.64e-02
  5270 |  2.515e-04 |  2.519e-05 |  4.653e-08 |  1.72e-04 |  3.05e-04 |  6.00e-05 |  3.48e-04 |  2.17e-02 |  1.06e-03 |  2.30e-05 |  1.0e-04 |  2.70e-10 |  6.96e-03 |  3.64e-02
  5280 |  2.519e-04 |  2.519e-05 |  4.619e-08 |  1.72e-04 |  3.01e-04 |  5.96e-05 |  3.46e-04 |  2.07e-02 |  1.06e-03 |  2.19e-05 |  1.0e-04 |  2.38e-10 |  6.95e-03 |  3.64e-02
  5290 |  2.517e-04 |  2.518e-05 |  4.612e-08 |  1.71e-04 |  3.00e-04 |  5.98e-05 |  3.47e-04 |  2.13e-02 |  1.06e-03 |  2.25e-05 |  1.0e-04 |  3.64e-10 |  6.94e-03 |  3.64e-02
  5300 |  2.516e-04 |  2.518e-05 |  4.663e-08 |  1.71e-04 |  3.06e-04 |  5.97e-05 |  3.50e-04 |  2.11e-02 |  1.06e-03 |  2.23e-05 |  1.0e-04 |  2.42e-10 |  6.94e-03 |  3.64e-02
  5310 |  2.511e-04 |  2.517e-05 |  4.635e-08 |  1.72e-04 |  2.97e-04 |  6.02e-05 |  3.50e-04 |  2.13e-02 |  1.06e-03 |  2.24e-05 |  1.0e-04 |  3.56e-10 |  6.93e-03 |  3.64e-02
  5320 |  2.516e-04 |  2.517e-05 |  4.672e-08 |  1.73e-04 |  3.14e-04 |  6.14e-05 |  3.44e-04 |  2.07e-02 |  1.05e-03 |  2.18e-05 |  1.0e-04 |  2.42e-10 |  6.92e-03 |  3.64e-02
  5330 |  2.520e-04 |  2.516e-05 |  4.568e-08 |  1.71e-04 |  2.99e-04 |  5.91e-05 |  3.45e-04 |  2.10e-02 |  1.05e-03 |  2.21e-05 |  1.0e-04 |  3.01e-10 |  6.91e-03 |  3.64e-02
  5340 |  2.516e-04 |  2.516e-05 |  4.626e-08 |  1.72e-04 |  3.06e-04 |  6.03e-05 |  3.46e-04 |  2.12e-02 |  1.16e-03 |  2.46e-05 |  1.0e-04 |  2.27e-10 |  6.91e-03 |  3.64e-02
  5350 |  2.522e-04 |  2.515e-05 |  4.586e-08 |  1.71e-04 |  2.99e-04 |  6.00e-05 |  3.47e-04 |  2.10e-02 |  1.05e-03 |  2.21e-05 |  1.0e-04 |  3.77e-10 |  6.90e-03 |  3.64e-02
  5360 |  2.512e-04 |  2.515e-05 |  4.629e-08 |  1.72e-04 |  3.08e-04 |  6.11e-05 |  3.44e-04 |  2.04e-02 |  1.05e-03 |  2.14e-05 |  1.0e-04 |  3.30e-10 |  6.89e-03 |  3.64e-02
  5370 |  2.517e-04 |  2.514e-05 |  4.601e-08 |  1.73e-04 |  3.06e-04 |  6.12e-05 |  3.41e-04 |  2.07e-02 |  1.15e-03 |  2.38e-05 |  1.0e-04 |  2.47e-10 |  6.88e-03 |  3.64e-02
  5380 |  2.513e-04 |  2.514e-05 |  4.549e-08 |  1.70e-04 |  2.99e-04 |  5.96e-05 |  3.45e-04 |  2.09e-02 |  1.05e-03 |  2.18e-05 |  1.0e-04 |  2.71e-10 |  6.88e-03 |  3.64e-02
  5390 |  2.513e-04 |  2.513e-05 |  4.682e-08 |  1.71e-04 |  3.07e-04 |  6.13e-05 |  3.51e-04 |  2.22e-02 |  1.05e-03 |  2.32e-05 |  1.0e-04 |  2.62e-10 |  6.87e-03 |  3.64e-02
  5400 |  2.520e-04 |  2.513e-05 |  4.586e-08 |  1.71e-04 |  3.03e-04 |  5.92e-05 |  3.44e-04 |  2.08e-02 |  1.15e-03 |  2.39e-05 |  1.0e-04 |  2.80e-10 |  6.86e-03 |  3.64e-02
  5410 |  2.515e-04 |  2.512e-05 |  4.605e-08 |  1.70e-04 |  3.07e-04 |  6.14e-05 |  3.47e-04 |  2.13e-02 |  1.04e-03 |  2.22e-05 |  1.0e-04 |  2.83e-10 |  6.85e-03 |  3.64e-02
  5420 |  2.510e-04 |  2.512e-05 |  4.476e-08 |  1.69e-04 |  2.99e-04 |  6.05e-05 |  3.41e-04 |  2.04e-02 |  1.04e-03 |  2.13e-05 |  1.0e-04 |  2.76e-10 |  6.84e-03 |  3.64e-02
  5430 |  2.514e-04 |  2.511e-05 |  4.622e-08 |  1.70e-04 |  3.09e-04 |  6.16e-05 |  3.48e-04 |  2.19e-02 |  1.04e-03 |  2.28e-05 |  1.0e-04 |  2.91e-10 |  6.84e-03 |  3.64e-02
  5440 |  2.511e-04 |  2.511e-05 |  4.607e-08 |  1.72e-04 |  3.04e-04 |  5.97e-05 |  3.45e-04 |  2.08e-02 |  1.14e-03 |  2.39e-05 |  1.0e-04 |  2.78e-10 |  6.83e-03 |  3.64e-02
  5450 |  2.509e-04 |  2.510e-05 |  4.647e-08 |  1.72e-04 |  3.04e-04 |  6.08e-05 |  3.48e-04 |  2.19e-02 |  1.04e-03 |  2.28e-05 |  1.0e-04 |  1.90e-10 |  6.82e-03 |  3.64e-02
  5460 |  2.504e-04 |  2.510e-05 |  4.524e-08 |  1.70e-04 |  2.97e-04 |  6.06e-05 |  3.43e-04 |  2.05e-02 |  1.04e-03 |  2.13e-05 |  1.0e-04 |  2.26e-10 |  6.82e-03 |  3.64e-02
  5470 |  2.508e-04 |  2.509e-05 |  4.463e-08 |  1.70e-04 |  2.96e-04 |  6.03e-05 |  3.39e-04 |  2.04e-02 |  1.04e-03 |  2.12e-05 |  1.0e-04 |  2.59e-10 |  6.81e-03 |  3.64e-02
  5480 |  2.508e-04 |  2.508e-05 |  4.585e-08 |  1.70e-04 |  3.07e-04 |  6.08e-05 |  3.46e-04 |  2.20e-02 |  1.04e-03 |  2.28e-05 |  1.0e-04 |  2.79e-10 |  6.80e-03 |  3.64e-02
  5490 |  2.508e-04 |  2.508e-05 |  4.509e-08 |  1.68e-04 |  3.11e-04 |  6.18e-05 |  3.40e-04 |  2.03e-02 |  1.04e-03 |  2.11e-05 |  1.0e-04 |  2.22e-10 |  6.79e-03 |  3.64e-02
  5500 |  2.507e-04 |  2.508e-05 |  4.519e-08 |  1.69e-04 |  3.01e-04 |  6.07e-05 |  3.44e-04 |  2.09e-02 |  1.03e-03 |  2.16e-05 |  1.0e-04 |  1.98e-10 |  6.79e-03 |  3.64e-02
  5510 |  2.498e-04 |  2.507e-05 |  4.521e-08 |  1.69e-04 |  3.05e-04 |  6.05e-05 |  3.42e-04 |  2.06e-02 |  1.03e-03 |  2.13e-05 |  1.0e-04 |  2.35e-10 |  6.78e-03 |  3.64e-02
  5520 |  2.512e-04 |  2.506e-05 |  4.603e-08 |  1.69e-04 |  3.12e-04 |  6.33e-05 |  3.46e-04 |  2.18e-02 |  1.03e-03 |  2.25e-05 |  1.0e-04 |  2.78e-10 |  6.77e-03 |  3.64e-02
  5530 |  2.511e-04 |  2.506e-05 |  4.487e-08 |  1.69e-04 |  2.98e-04 |  5.95e-05 |  3.42e-04 |  2.07e-02 |  1.03e-03 |  2.13e-05 |  1.0e-04 |  3.66e-10 |  6.76e-03 |  3.64e-02
  5540 |  2.503e-04 |  2.505e-05 |  4.486e-08 |  1.70e-04 |  2.97e-04 |  6.04e-05 |  3.40e-04 |  2.04e-02 |  1.13e-03 |  2.31e-05 |  1.0e-04 |  3.23e-10 |  6.76e-03 |  3.64e-02
  5550 |  2.506e-04 |  2.505e-05 |  4.524e-08 |  1.69e-04 |  3.02e-04 |  6.04e-05 |  3.44e-04 |  2.12e-02 |  1.03e-03 |  2.18e-05 |  1.0e-04 |  2.59e-10 |  6.75e-03 |  3.64e-02
  5560 |  2.504e-04 |  2.504e-05 |  4.617e-08 |  1.70e-04 |  3.08e-04 |  6.27e-05 |  3.48e-04 |  2.19e-02 |  1.03e-03 |  2.25e-05 |  1.0e-04 |  2.74e-10 |  6.74e-03 |  3.64e-02
  5570 |  2.507e-04 |  2.504e-05 |  4.512e-08 |  1.69e-04 |  3.02e-04 |  6.16e-05 |  3.43e-04 |  2.08e-02 |  1.03e-03 |  2.13e-05 |  1.0e-04 |  2.79e-10 |  6.74e-03 |  3.64e-02
  5580 |  2.497e-04 |  2.503e-05 |  4.471e-08 |  1.68e-04 |  3.00e-04 |  6.06e-05 |  3.41e-04 |  2.05e-02 |  1.03e-03 |  2.10e-05 |  1.0e-04 |  2.29e-10 |  6.73e-03 |  3.64e-02
  5590 |  2.504e-04 |  2.503e-05 |  4.526e-08 |  1.70e-04 |  3.00e-04 |  6.19e-05 |  3.43e-04 |  2.06e-02 |  1.13e-03 |  2.32e-05 |  1.0e-04 |  2.54e-10 |  6.72e-03 |  3.64e-02
  5600 |  2.503e-04 |  2.502e-05 |  4.416e-08 |  1.68e-04 |  2.91e-04 |  6.06e-05 |  3.41e-04 |  2.04e-02 |  1.02e-03 |  2.09e-05 |  1.0e-04 |  2.78e-10 |  6.71e-03 |  3.64e-02
  5610 |  2.505e-04 |  2.502e-05 |  4.570e-08 |  1.70e-04 |  2.98e-04 |  6.07e-05 |  3.47e-04 |  2.16e-02 |  1.12e-03 |  2.42e-05 |  1.0e-04 |  2.66e-10 |  6.71e-03 |  3.64e-02
  5620 |  2.506e-04 |  2.501e-05 |  4.581e-08 |  1.70e-04 |  3.01e-04 |  6.09e-05 |  3.47e-04 |  2.10e-02 |  1.12e-03 |  2.36e-05 |  1.0e-04 |  2.13e-10 |  6.70e-03 |  3.64e-02
  5630 |  2.500e-04 |  2.501e-05 |  4.399e-08 |  1.68e-04 |  2.91e-04 |  6.07e-05 |  3.40e-04 |  1.99e-02 |  1.02e-03 |  2.03e-05 |  1.0e-04 |  2.46e-10 |  6.69e-03 |  3.64e-02
  5640 |  2.503e-04 |  2.500e-05 |  4.475e-08 |  1.68e-04 |  3.02e-04 |  6.20e-05 |  3.42e-04 |  2.09e-02 |  9.27e-04 |  1.94e-05 |  1.0e-04 |  2.69e-10 |  6.69e-03 |  3.64e-02
  5650 |  2.497e-04 |  2.500e-05 |  4.405e-08 |  1.68e-04 |  3.01e-04 |  6.12e-05 |  3.36e-04 |  2.02e-02 |  1.02e-03 |  2.06e-05 |  1.0e-04 |  1.88e-10 |  6.68e-03 |  3.64e-02
  5660 |  2.500e-04 |  2.499e-05 |  4.335e-08 |  1.67e-04 |  2.90e-04 |  5.99e-05 |  3.36e-04 |  2.01e-02 |  1.02e-03 |  2.04e-05 |  1.0e-04 |  2.54e-10 |  6.67e-03 |  3.64e-02
  5670 |  2.503e-04 |  2.499e-05 |  4.498e-08 |  1.67e-04 |  3.13e-04 |  6.26e-05 |  3.40e-04 |  2.05e-02 |  1.02e-03 |  2.09e-05 |  1.0e-04 |  3.01e-10 |  6.67e-03 |  3.64e-02
  5680 |  2.498e-04 |  2.498e-05 |  4.426e-08 |  1.69e-04 |  2.98e-04 |  6.03e-05 |  3.37e-04 |  2.01e-02 |  1.12e-03 |  2.25e-05 |  1.0e-04 |  1.93e-10 |  6.66e-03 |  3.64e-02
  5690 |  2.500e-04 |  2.498e-05 |  4.420e-08 |  1.67e-04 |  2.99e-04 |  6.17e-05 |  3.39e-04 |  2.02e-02 |  1.01e-03 |  2.05e-05 |  1.0e-04 |  2.37e-10 |  6.65e-03 |  3.64e-02
  5700 |  2.498e-04 |  2.498e-05 |  4.387e-08 |  1.67e-04 |  2.93e-04 |  6.09e-05 |  3.38e-04 |  2.01e-02 |  1.01e-03 |  2.04e-05 |  1.0e-04 |  2.51e-10 |  6.64e-03 |  3.64e-02
  5710 |  2.497e-04 |  2.497e-05 |  4.445e-08 |  1.68e-04 |  2.99e-04 |  6.09e-05 |  3.40e-04 |  2.02e-02 |  1.01e-03 |  2.05e-05 |  1.0e-04 |  1.92e-10 |  6.64e-03 |  3.64e-02
  5720 |  2.494e-04 |  2.497e-05 |  4.406e-08 |  1.67e-04 |  3.05e-04 |  6.24e-05 |  3.35e-04 |  2.04e-02 |  1.01e-03 |  2.06e-05 |  1.0e-04 |  2.34e-10 |  6.63e-03 |  3.64e-02
  5730 |  2.499e-04 |  2.496e-05 |  4.383e-08 |  1.66e-04 |  2.99e-04 |  6.14e-05 |  3.38e-04 |  2.01e-02 |  1.01e-03 |  2.03e-05 |  1.0e-04 |  2.41e-10 |  6.62e-03 |  3.64e-02
  5740 |  2.503e-04 |  2.496e-05 |  4.442e-08 |  1.67e-04 |  3.05e-04 |  6.17e-05 |  3.39e-04 |  2.03e-02 |  1.01e-03 |  2.05e-05 |  1.0e-04 |  2.47e-10 |  6.62e-03 |  3.64e-02
  5750 |  2.498e-04 |  2.495e-05 |  4.385e-08 |  1.66e-04 |  3.01e-04 |  6.15e-05 |  3.38e-04 |  2.03e-02 |  1.01e-03 |  2.04e-05 |  1.0e-04 |  3.76e-10 |  6.61e-03 |  3.64e-02
  5760 |  2.490e-04 |  2.495e-05 |  4.403e-08 |  1.67e-04 |  2.95e-04 |  6.13e-05 |  3.40e-04 |  1.98e-02 |  1.01e-03 |  2.00e-05 |  1.0e-04 |  2.85e-10 |  6.60e-03 |  3.64e-02
  5770 |  2.497e-04 |  2.495e-05 |  4.467e-08 |  1.67e-04 |  3.00e-04 |  6.18e-05 |  3.44e-04 |  2.10e-02 |  1.01e-03 |  2.11e-05 |  1.0e-04 |  2.62e-10 |  6.60e-03 |  3.64e-02
  5780 |  2.495e-04 |  2.494e-05 |  4.449e-08 |  1.67e-04 |  3.01e-04 |  6.14e-05 |  3.42e-04 |  2.07e-02 |  1.00e-03 |  2.08e-05 |  1.0e-04 |  3.30e-10 |  6.59e-03 |  3.64e-02
  5790 |  2.497e-04 |  2.494e-05 |  4.334e-08 |  1.68e-04 |  2.90e-04 |  6.07e-05 |  3.33e-04 |  1.97e-02 |  1.10e-03 |  2.17e-05 |  1.0e-04 |  2.55e-10 |  6.58e-03 |  3.64e-02
  5800 |  2.493e-04 |  2.493e-05 |  4.350e-08 |  1.68e-04 |  2.91e-04 |  6.07e-05 |  3.35e-04 |  2.04e-02 |  1.00e-03 |  2.04e-05 |  1.0e-04 |  2.20e-10 |  6.58e-03 |  3.64e-02
  5810 |  2.495e-04 |  2.493e-05 |  4.364e-08 |  1.67e-04 |  2.92e-04 |  6.07e-05 |  3.38e-04 |  1.99e-02 |  1.00e-03 |  2.00e-05 |  1.0e-04 |  1.70e-10 |  6.57e-03 |  3.64e-02
  5820 |  2.496e-04 |  2.492e-05 |  4.466e-08 |  1.68e-04 |  3.05e-04 |  6.28e-05 |  3.39e-04 |  2.06e-02 |  1.10e-03 |  2.26e-05 |  1.0e-04 |  2.61e-10 |  6.56e-03 |  3.64e-02
  5830 |  2.495e-04 |  2.492e-05 |  4.361e-08 |  1.68e-04 |  2.95e-04 |  6.11e-05 |  3.34e-04 |  2.00e-02 |  1.10e-03 |  2.20e-05 |  1.0e-04 |  2.18e-10 |  6.56e-03 |  3.64e-02
  5840 |  2.493e-04 |  2.491e-05 |  4.310e-08 |  1.67e-04 |  2.89e-04 |  6.04e-05 |  3.33e-04 |  1.96e-02 |  1.10e-03 |  2.15e-05 |  1.0e-04 |  2.56e-10 |  6.55e-03 |  3.64e-02
  5850 |  2.491e-04 |  2.491e-05 |  4.393e-08 |  1.66e-04 |  2.99e-04 |  6.17e-05 |  3.39e-04 |  2.06e-02 |  9.98e-04 |  2.06e-05 |  1.0e-04 |  3.30e-10 |  6.54e-03 |  3.64e-02
  5860 |  2.490e-04 |  2.490e-05 |  4.336e-08 |  1.66e-04 |  3.03e-04 |  6.24e-05 |  3.33e-04 |  2.00e-02 |  9.97e-04 |  2.00e-05 |  1.0e-04 |  2.26e-10 |  6.54e-03 |  3.64e-02
  5870 |  2.494e-04 |  2.490e-05 |  4.411e-08 |  1.66e-04 |  3.00e-04 |  6.22e-05 |  3.40e-04 |  2.02e-02 |  9.96e-04 |  2.01e-05 |  1.0e-04 |  3.19e-10 |  6.53e-03 |  3.64e-02
  5880 |  2.491e-04 |  2.490e-05 |  4.377e-08 |  1.66e-04 |  2.99e-04 |  6.22e-05 |  3.38e-04 |  2.03e-02 |  1.09e-03 |  2.22e-05 |  1.0e-04 |  2.24e-10 |  6.52e-03 |  3.64e-02
  5890 |  2.490e-04 |  2.489e-05 |  4.356e-08 |  1.67e-04 |  2.92e-04 |  6.14e-05 |  3.37e-04 |  1.99e-02 |  1.09e-03 |  2.18e-05 |  1.0e-04 |  2.44e-10 |  6.52e-03 |  3.64e-02
  5900 |  2.495e-04 |  2.489e-05 |  4.401e-08 |  1.67e-04 |  3.07e-04 |  6.37e-05 |  3.34e-04 |  2.00e-02 |  9.93e-04 |  1.98e-05 |  1.0e-04 |  2.55e-10 |  6.51e-03 |  3.64e-02
  5910 |  2.486e-04 |  2.488e-05 |  4.351e-08 |  1.66e-04 |  3.02e-04 |  6.27e-05 |  3.34e-04 |  2.01e-02 |  9.92e-04 |  2.00e-05 |  1.0e-04 |  2.82e-10 |  6.51e-03 |  3.64e-02
  5920 |  2.482e-04 |  2.488e-05 |  4.370e-08 |  1.66e-04 |  3.00e-04 |  6.21e-05 |  3.35e-04 |  2.02e-02 |  9.91e-04 |  2.00e-05 |  1.0e-04 |  2.73e-10 |  6.50e-03 |  3.64e-02
  5930 |  2.486e-04 |  2.487e-05 |  4.328e-08 |  1.66e-04 |  2.93e-04 |  6.19e-05 |  3.34e-04 |  1.96e-02 |  9.90e-04 |  1.94e-05 |  1.0e-04 |  2.27e-10 |  6.49e-03 |  3.64e-02
  5940 |  2.491e-04 |  2.487e-05 |  4.313e-08 |  1.65e-04 |  2.95e-04 |  6.21e-05 |  3.34e-04 |  2.01e-02 |  1.09e-03 |  2.18e-05 |  1.0e-04 |  2.16e-10 |  6.49e-03 |  3.64e-02
  5950 |  2.489e-04 |  2.486e-05 |  4.420e-08 |  1.66e-04 |  3.03e-04 |  6.31e-05 |  3.39e-04 |  2.06e-02 |  1.09e-03 |  2.24e-05 |  1.0e-04 |  2.67e-10 |  6.48e-03 |  3.64e-02
  5960 |  2.487e-04 |  2.486e-05 |  4.295e-08 |  1.65e-04 |  2.94e-04 |  6.18e-05 |  3.34e-04 |  2.01e-02 |  9.87e-04 |  1.99e-05 |  1.0e-04 |  2.12e-10 |  6.47e-03 |  3.64e-02
  5970 |  2.487e-04 |  2.485e-05 |  4.267e-08 |  1.65e-04 |  3.02e-04 |  6.27e-05 |  3.28e-04 |  1.98e-02 |  1.08e-03 |  2.15e-05 |  1.0e-04 |  2.25e-10 |  6.47e-03 |  3.64e-02
  5980 |  2.483e-04 |  2.485e-05 |  4.290e-08 |  1.64e-04 |  2.90e-04 |  6.11e-05 |  3.37e-04 |  1.96e-02 |  9.85e-04 |  1.93e-05 |  1.0e-04 |  3.28e-10 |  6.46e-03 |  3.64e-02
  5990 |  2.482e-04 |  2.484e-05 |  4.322e-08 |  1.65e-04 |  3.00e-04 |  6.35e-05 |  3.34e-04 |  2.02e-02 |  9.84e-04 |  1.99e-05 |  1.0e-04 |  2.68e-10 |  6.45e-03 |  3.64e-02
  6000 |  2.478e-04 |  2.484e-05 |  4.298e-08 |  1.64e-04 |  3.08e-04 |  6.39e-05 |  3.30e-04 |  2.01e-02 |  9.83e-04 |  1.97e-05 |  1.0e-04 |  2.40e-10 |  6.45e-03 |  3.64e-02
  6010 |  2.476e-04 |  2.483e-05 |  4.286e-08 |  1.64e-04 |  2.96e-04 |  6.23e-05 |  3.34e-04 |  1.99e-02 |  9.82e-04 |  1.95e-05 |  1.0e-04 |  3.63e-10 |  6.44e-03 |  3.64e-02
  6020 |  2.476e-04 |  2.483e-05 |  4.313e-08 |  1.64e-04 |  2.96e-04 |  6.21e-05 |  3.36e-04 |  1.99e-02 |  9.81e-04 |  1.95e-05 |  1.0e-04 |  2.53e-10 |  6.43e-03 |  3.64e-02
  6030 |  2.483e-04 |  2.483e-05 |  4.263e-08 |  1.65e-04 |  2.97e-04 |  6.15e-05 |  3.30e-04 |  1.99e-02 |  9.80e-04 |  1.95e-05 |  1.0e-04 |  2.22e-10 |  6.43e-03 |  3.64e-02
  6040 |  2.479e-04 |  2.482e-05 |  4.336e-08 |  1.64e-04 |  3.01e-04 |  6.36e-05 |  3.38e-04 |  2.06e-02 |  9.80e-04 |  2.02e-05 |  1.0e-04 |  2.93e-10 |  6.42e-03 |  3.64e-02
  6050 |  2.482e-04 |  2.482e-05 |  4.287e-08 |  1.64e-04 |  2.86e-04 |  6.03e-05 |  3.39e-04 |  1.99e-02 |  9.79e-04 |  1.94e-05 |  1.0e-04 |  2.51e-10 |  6.42e-03 |  3.64e-02
  6060 |  2.484e-04 |  2.481e-05 |  4.270e-08 |  1.65e-04 |  2.90e-04 |  6.15e-05 |  3.34e-04 |  1.95e-02 |  9.78e-04 |  1.91e-05 |  1.0e-04 |  3.15e-10 |  6.41e-03 |  3.64e-02
  6070 |  2.481e-04 |  2.481e-05 |  4.369e-08 |  1.65e-04 |  3.07e-04 |  6.43e-05 |  3.35e-04 |  1.98e-02 |  9.77e-04 |  1.94e-05 |  1.0e-04 |  2.84e-10 |  6.40e-03 |  3.64e-02
  6080 |  2.485e-04 |  2.480e-05 |  4.344e-08 |  1.65e-04 |  2.98e-04 |  6.28e-05 |  3.37e-04 |  2.00e-02 |  1.07e-03 |  2.14e-05 |  1.0e-04 |  2.44e-10 |  6.40e-03 |  3.64e-02
  6090 |  2.478e-04 |  2.480e-05 |  4.203e-08 |  1.64e-04 |  2.90e-04 |  6.18e-05 |  3.29e-04 |  1.96e-02 |  1.07e-03 |  2.10e-05 |  1.0e-04 |  2.61e-10 |  6.39e-03 |  3.64e-02
  6100 |  2.479e-04 |  2.479e-05 |  4.261e-08 |  1.65e-04 |  2.99e-04 |  6.25e-05 |  3.28e-04 |  1.97e-02 |  1.07e-03 |  2.11e-05 |  1.0e-04 |  1.97e-10 |  6.39e-03 |  3.64e-02
  6110 |  2.479e-04 |  2.479e-05 |  4.284e-08 |  1.64e-04 |  2.98e-04 |  6.32e-05 |  3.34e-04 |  1.96e-02 |  9.73e-04 |  1.91e-05 |  1.0e-04 |  2.13e-10 |  6.38e-03 |  3.64e-02
  6120 |  2.468e-04 |  2.478e-05 |  4.237e-08 |  1.64e-04 |  2.85e-04 |  6.04e-05 |  3.35e-04 |  2.00e-02 |  1.07e-03 |  2.14e-05 |  1.0e-04 |  2.46e-10 |  6.37e-03 |  3.64e-02
  6130 |  2.478e-04 |  2.478e-05 |  4.288e-08 |  1.64e-04 |  2.99e-04 |  6.29e-05 |  3.34e-04 |  2.02e-02 |  9.71e-04 |  1.97e-05 |  1.0e-04 |  2.37e-10 |  6.37e-03 |  3.64e-02
  6140 |  2.485e-04 |  2.478e-05 |  4.305e-08 |  1.64e-04 |  2.99e-04 |  6.30e-05 |  3.34e-04 |  2.03e-02 |  1.07e-03 |  2.17e-05 |  1.0e-04 |  2.32e-10 |  6.36e-03 |  3.64e-02
  6150 |  2.477e-04 |  2.477e-05 |  4.279e-08 |  1.64e-04 |  2.99e-04 |  6.37e-05 |  3.33e-04 |  1.97e-02 |  9.69e-04 |  1.91e-05 |  1.0e-04 |  3.21e-10 |  6.36e-03 |  3.64e-02
  6160 |  2.472e-04 |  2.477e-05 |  4.253e-08 |  1.63e-04 |  2.95e-04 |  6.20e-05 |  3.35e-04 |  1.99e-02 |  8.80e-04 |  1.75e-05 |  1.0e-04 |  2.16e-10 |  6.35e-03 |  3.64e-02
  6170 |  2.475e-04 |  2.476e-05 |  4.225e-08 |  1.62e-04 |  2.94e-04 |  6.28e-05 |  3.33e-04 |  1.96e-02 |  9.67e-04 |  1.90e-05 |  1.0e-04 |  2.09e-10 |  6.34e-03 |  3.64e-02
  6180 |  2.472e-04 |  2.476e-05 |  4.272e-08 |  1.62e-04 |  2.91e-04 |  6.19e-05 |  3.39e-04 |  2.03e-02 |  9.67e-04 |  1.97e-05 |  1.0e-04 |  2.99e-10 |  6.34e-03 |  3.64e-02
  6190 |  2.482e-04 |  2.475e-05 |  4.212e-08 |  1.63e-04 |  2.97e-04 |  6.25e-05 |  3.28e-04 |  1.96e-02 |  9.66e-04 |  1.89e-05 |  1.0e-04 |  2.99e-10 |  6.33e-03 |  3.64e-02
  6200 |  2.474e-04 |  2.475e-05 |  4.260e-08 |  1.63e-04 |  2.99e-04 |  6.27e-05 |  3.33e-04 |  2.01e-02 |  9.65e-04 |  1.94e-05 |  1.0e-04 |  3.00e-10 |  6.33e-03 |  3.64e-02
  6210 |  2.478e-04 |  2.475e-05 |  4.185e-08 |  1.62e-04 |  2.90e-04 |  6.18e-05 |  3.31e-04 |  1.93e-02 |  9.64e-04 |  1.86e-05 |  1.0e-04 |  2.79e-10 |  6.32e-03 |  3.64e-02
  6220 |  2.475e-04 |  2.474e-05 |  4.223e-08 |  1.62e-04 |  2.90e-04 |  6.26e-05 |  3.34e-04 |  1.97e-02 |  9.63e-04 |  1.90e-05 |  1.0e-04 |  2.46e-10 |  6.31e-03 |  3.64e-02
  6230 |  2.479e-04 |  2.474e-05 |  4.274e-08 |  1.64e-04 |  2.96e-04 |  6.34e-05 |  3.33e-04 |  2.00e-02 |  1.06e-03 |  2.11e-05 |  1.0e-04 |  2.39e-10 |  6.31e-03 |  3.64e-02
  6240 |  2.469e-04 |  2.473e-05 |  4.181e-08 |  1.62e-04 |  2.90e-04 |  6.17e-05 |  3.30e-04 |  1.97e-02 |  1.06e-03 |  2.08e-05 |  1.0e-04 |  2.37e-10 |  6.30e-03 |  3.64e-02
  6250 |  2.477e-04 |  2.473e-05 |  4.161e-08 |  1.63e-04 |  2.88e-04 |  6.15e-05 |  3.28e-04 |  1.94e-02 |  9.60e-04 |  1.86e-05 |  1.0e-04 |  2.82e-10 |  6.30e-03 |  3.64e-02
  6260 |  2.470e-04 |  2.472e-05 |  4.190e-08 |  1.63e-04 |  2.88e-04 |  6.21e-05 |  3.32e-04 |  1.96e-02 |  9.59e-04 |  1.88e-05 |  1.0e-04 |  2.39e-10 |  6.29e-03 |  3.64e-02
  6270 |  2.472e-04 |  2.472e-05 |  4.155e-08 |  1.63e-04 |  2.87e-04 |  6.20e-05 |  3.29e-04 |  1.96e-02 |  1.05e-03 |  2.07e-05 |  1.0e-04 |  2.40e-10 |  6.28e-03 |  3.64e-02
  6280 |  2.470e-04 |  2.472e-05 |  4.238e-08 |  1.62e-04 |  2.88e-04 |  6.18e-05 |  3.37e-04 |  2.01e-02 |  9.58e-04 |  1.92e-05 |  1.0e-04 |  2.80e-10 |  6.28e-03 |  3.64e-02
  6290 |  2.473e-04 |  2.471e-05 |  4.168e-08 |  1.61e-04 |  2.94e-04 |  6.22e-05 |  3.30e-04 |  1.95e-02 |  9.57e-04 |  1.87e-05 |  1.0e-04 |  2.99e-10 |  6.27e-03 |  3.64e-02
  6300 |  2.468e-04 |  2.471e-05 |  4.115e-08 |  1.62e-04 |  2.96e-04 |  6.37e-05 |  3.22e-04 |  1.96e-02 |  1.05e-03 |  2.06e-05 |  1.0e-04 |  2.78e-10 |  6.27e-03 |  3.64e-02
  6310 |  2.472e-04 |  2.470e-05 |  4.250e-08 |  1.65e-04 |  2.93e-04 |  6.30e-05 |  3.31e-04 |  1.96e-02 |  1.05e-03 |  2.06e-05 |  1.0e-04 |  2.62e-10 |  6.26e-03 |  3.64e-02
  6320 |  2.466e-04 |  2.470e-05 |  4.210e-08 |  1.62e-04 |  3.01e-04 |  6.44e-05 |  3.29e-04 |  1.96e-02 |  9.54e-04 |  1.87e-05 |  1.0e-04 |  2.74e-10 |  6.26e-03 |  3.64e-02
  6330 |  2.463e-04 |  2.470e-05 |  4.200e-08 |  1.62e-04 |  3.03e-04 |  6.54e-05 |  3.27e-04 |  1.96e-02 |  9.53e-04 |  1.87e-05 |  1.0e-04 |  1.96e-10 |  6.25e-03 |  3.64e-02
  6340 |  2.467e-04 |  2.469e-05 |  4.149e-08 |  1.62e-04 |  2.91e-04 |  6.30e-05 |  3.27e-04 |  1.95e-02 |  1.05e-03 |  2.04e-05 |  1.0e-04 |  2.88e-10 |  6.24e-03 |  3.64e-02
  6350 |  2.472e-04 |  2.469e-05 |  4.076e-08 |  1.62e-04 |  2.87e-04 |  6.23e-05 |  3.23e-04 |  1.94e-02 |  1.05e-03 |  2.03e-05 |  1.0e-04 |  3.18e-10 |  6.24e-03 |  3.64e-02
  6360 |  2.467e-04 |  2.468e-05 |  4.239e-08 |  1.64e-04 |  2.89e-04 |  6.31e-05 |  3.33e-04 |  1.96e-02 |  1.05e-03 |  2.05e-05 |  1.0e-04 |  3.15e-10 |  6.23e-03 |  3.64e-02
  6370 |  2.470e-04 |  2.468e-05 |  4.209e-08 |  1.63e-04 |  2.98e-04 |  6.41e-05 |  3.29e-04 |  1.97e-02 |  1.04e-03 |  2.06e-05 |  1.0e-04 |  2.37e-10 |  6.23e-03 |  3.64e-02
  6380 |  2.467e-04 |  2.467e-05 |  4.216e-08 |  1.63e-04 |  2.92e-04 |  6.27e-05 |  3.31e-04 |  1.96e-02 |  1.04e-03 |  2.04e-05 |  1.0e-04 |  2.04e-10 |  6.22e-03 |  3.64e-02
  6390 |  2.469e-04 |  2.467e-05 |  4.187e-08 |  1.63e-04 |  3.00e-04 |  6.49e-05 |  3.26e-04 |  1.95e-02 |  1.04e-03 |  2.03e-05 |  1.0e-04 |  2.44e-10 |  6.22e-03 |  3.64e-02
  6400 |  2.462e-04 |  2.466e-05 |  4.113e-08 |  1.62e-04 |  2.85e-04 |  6.23e-05 |  3.26e-04 |  1.91e-02 |  1.04e-03 |  1.99e-05 |  1.0e-04 |  2.33e-10 |  6.21e-03 |  3.64e-02
  6410 |  2.467e-04 |  2.466e-05 |  4.119e-08 |  1.62e-04 |  2.80e-04 |  6.19e-05 |  3.30e-04 |  1.91e-02 |  1.04e-03 |  1.99e-05 |  1.0e-04 |  2.47e-10 |  6.20e-03 |  3.64e-02
  6420 |  2.468e-04 |  2.466e-05 |  4.154e-08 |  1.62e-04 |  2.98e-04 |  6.30e-05 |  3.26e-04 |  1.94e-02 |  1.04e-03 |  2.02e-05 |  1.0e-04 |  2.31e-10 |  6.20e-03 |  3.64e-02
  6430 |  2.467e-04 |  2.465e-05 |  4.177e-08 |  1.61e-04 |  2.92e-04 |  6.29e-05 |  3.33e-04 |  1.95e-02 |  9.45e-04 |  1.84e-05 |  1.0e-04 |  2.65e-10 |  6.19e-03 |  3.64e-02
  6440 |  2.461e-04 |  2.465e-05 |  4.145e-08 |  1.61e-04 |  2.96e-04 |  6.43e-05 |  3.27e-04 |  1.95e-02 |  1.04e-03 |  2.02e-05 |  1.0e-04 |  2.44e-10 |  6.19e-03 |  3.64e-02
  6450 |  2.461e-04 |  2.464e-05 |  4.076e-08 |  1.60e-04 |  2.86e-04 |  6.23e-05 |  3.26e-04 |  1.92e-02 |  9.43e-04 |  1.81e-05 |  1.0e-04 |  2.80e-10 |  6.18e-03 |  3.64e-02
  6460 |  2.465e-04 |  2.464e-05 |  4.153e-08 |  1.61e-04 |  2.96e-04 |  6.41e-05 |  3.28e-04 |  1.95e-02 |  1.04e-03 |  2.02e-05 |  1.0e-04 |  2.75e-10 |  6.18e-03 |  3.64e-02
  6470 |  2.459e-04 |  2.464e-05 |  4.190e-08 |  1.62e-04 |  2.99e-04 |  6.46e-05 |  3.27e-04 |  1.95e-02 |  1.04e-03 |  2.01e-05 |  1.0e-04 |  2.80e-10 |  6.17e-03 |  3.64e-02
  6480 |  2.465e-04 |  2.463e-05 |  4.074e-08 |  1.61e-04 |  2.83e-04 |  6.15e-05 |  3.26e-04 |  1.89e-02 |  1.03e-03 |  1.96e-05 |  1.0e-04 |  2.34e-10 |  6.16e-03 |  3.64e-02
  6490 |  2.464e-04 |  2.463e-05 |  4.082e-08 |  1.60e-04 |  2.81e-04 |  6.17e-05 |  3.29e-04 |  1.91e-02 |  9.39e-04 |  1.79e-05 |  1.0e-04 |  2.69e-10 |  6.16e-03 |  3.64e-02
  6500 |  2.466e-04 |  2.462e-05 |  4.215e-08 |  1.61e-04 |  2.98e-04 |  6.55e-05 |  3.34e-04 |  2.01e-02 |  9.39e-04 |  1.88e-05 |  1.0e-04 |  2.29e-10 |  6.15e-03 |  3.64e-02
  6510 |  2.456e-04 |  2.462e-05 |  4.121e-08 |  1.62e-04 |  2.93e-04 |  6.47e-05 |  3.25e-04 |  1.91e-02 |  1.03e-03 |  1.97e-05 |  1.0e-04 |  2.05e-10 |  6.15e-03 |  3.64e-02
  6520 |  2.469e-04 |  2.462e-05 |  4.129e-08 |  1.61e-04 |  2.87e-04 |  6.26e-05 |  3.29e-04 |  1.93e-02 |  1.03e-03 |  1.99e-05 |  1.0e-04 |  2.36e-10 |  6.14e-03 |  3.64e-02
  6530 |  2.469e-04 |  2.461e-05 |  4.092e-08 |  1.62e-04 |  2.92e-04 |  6.30e-05 |  3.22e-04 |  1.92e-02 |  1.03e-03 |  1.98e-05 |  1.0e-04 |  2.24e-10 |  6.14e-03 |  3.64e-02
  6540 |  2.466e-04 |  2.461e-05 |  4.119e-08 |  1.61e-04 |  2.80e-04 |  6.17e-05 |  3.32e-04 |  1.91e-02 |  9.35e-04 |  1.79e-05 |  1.0e-04 |  2.32e-10 |  6.13e-03 |  3.64e-02
  6550 |  2.459e-04 |  2.460e-05 |  4.162e-08 |  1.60e-04 |  2.99e-04 |  6.44e-05 |  3.29e-04 |  1.92e-02 |  9.34e-04 |  1.80e-05 |  1.0e-04 |  2.67e-10 |  6.13e-03 |  3.64e-02
  6560 |  2.464e-04 |  2.460e-05 |  4.109e-08 |  1.61e-04 |  2.91e-04 |  6.37e-05 |  3.25e-04 |  1.93e-02 |  1.03e-03 |  1.98e-05 |  1.0e-04 |  2.72e-10 |  6.12e-03 |  3.64e-02
  6570 |  2.459e-04 |  2.460e-05 |  4.084e-08 |  1.60e-04 |  2.89e-04 |  6.39e-05 |  3.26e-04 |  1.92e-02 |  9.33e-04 |  1.79e-05 |  1.0e-04 |  2.56e-10 |  6.11e-03 |  3.64e-02
  6580 |  2.459e-04 |  2.459e-05 |  4.053e-08 |  1.60e-04 |  2.90e-04 |  6.32e-05 |  3.24e-04 |  1.94e-02 |  9.32e-04 |  1.80e-05 |  1.0e-04 |  2.52e-10 |  6.11e-03 |  3.64e-02
  6590 |  2.454e-04 |  2.459e-05 |  4.135e-08 |  1.61e-04 |  2.92e-04 |  6.33e-05 |  3.28e-04 |  1.93e-02 |  1.02e-03 |  1.98e-05 |  1.0e-04 |  2.37e-10 |  6.10e-03 |  3.64e-02
  6600 |  2.453e-04 |  2.458e-05 |  4.071e-08 |  1.60e-04 |  2.88e-04 |  6.30e-05 |  3.25e-04 |  1.91e-02 |  9.30e-04 |  1.77e-05 |  1.0e-04 |  2.47e-10 |  6.10e-03 |  3.64e-02
  6610 |  2.455e-04 |  2.458e-05 |  4.144e-08 |  1.59e-04 |  2.94e-04 |  6.41e-05 |  3.31e-04 |  1.97e-02 |  8.45e-04 |  1.66e-05 |  1.0e-04 |  2.33e-10 |  6.09e-03 |  3.64e-02
  6620 |  2.455e-04 |  2.458e-05 |  4.008e-08 |  1.61e-04 |  2.77e-04 |  6.19e-05 |  3.22e-04 |  1.89e-02 |  1.02e-03 |  1.93e-05 |  1.0e-04 |  2.42e-10 |  6.09e-03 |  3.64e-02
  6630 |  2.457e-04 |  2.457e-05 |  3.955e-08 |  1.59e-04 |  2.76e-04 |  6.27e-05 |  3.21e-04 |  1.90e-02 |  1.02e-03 |  1.94e-05 |  1.0e-04 |  2.13e-10 |  6.08e-03 |  3.64e-02
  6640 |  2.455e-04 |  2.457e-05 |  4.083e-08 |  1.59e-04 |  2.86e-04 |  6.29e-05 |  3.29e-04 |  1.92e-02 |  9.27e-04 |  1.78e-05 |  1.0e-04 |  2.74e-10 |  6.08e-03 |  3.64e-02
  6650 |  2.457e-04 |  2.456e-05 |  4.080e-08 |  1.60e-04 |  2.91e-04 |  6.35e-05 |  3.24e-04 |  1.91e-02 |  1.02e-03 |  1.94e-05 |  1.0e-04 |  2.11e-10 |  6.07e-03 |  3.64e-02
  6660 |  2.457e-04 |  2.456e-05 |  4.020e-08 |  1.60e-04 |  2.85e-04 |  6.37e-05 |  3.21e-04 |  1.91e-02 |  1.02e-03 |  1.94e-05 |  1.0e-04 |  2.92e-10 |  6.07e-03 |  3.64e-02
  6670 |  2.463e-04 |  2.456e-05 |  4.086e-08 |  1.59e-04 |  2.99e-04 |  6.62e-05 |  3.24e-04 |  1.91e-02 |  9.25e-04 |  1.77e-05 |  1.0e-04 |  2.07e-10 |  6.06e-03 |  3.64e-02
  6680 |  2.447e-04 |  2.455e-05 |  4.067e-08 |  1.58e-04 |  2.92e-04 |  6.45e-05 |  3.26e-04 |  1.92e-02 |  9.24e-04 |  1.78e-05 |  1.0e-04 |  2.04e-10 |  6.06e-03 |  3.64e-02
  6690 |  2.457e-04 |  2.455e-05 |  4.061e-08 |  1.62e-04 |  2.75e-04 |  6.23e-05 |  3.26e-04 |  1.88e-02 |  1.12e-03 |  2.10e-05 |  1.0e-04 |  2.62e-10 |  6.05e-03 |  3.64e-02
  6700 |  2.449e-04 |  2.455e-05 |  4.044e-08 |  1.61e-04 |  2.83e-04 |  6.30e-05 |  3.22e-04 |  1.89e-02 |  1.01e-03 |  1.92e-05 |  1.0e-04 |  2.21e-10 |  6.04e-03 |  3.64e-02
  6710 |  2.449e-04 |  2.454e-05 |  3.964e-08 |  1.58e-04 |  2.86e-04 |  6.41e-05 |  3.19e-04 |  1.88e-02 |  1.01e-03 |  1.91e-05 |  1.0e-04 |  2.29e-10 |  6.04e-03 |  3.64e-02
  6720 |  2.448e-04 |  2.454e-05 |  4.033e-08 |  1.59e-04 |  2.84e-04 |  6.22e-05 |  3.26e-04 |  1.89e-02 |  1.01e-03 |  1.92e-05 |  1.0e-04 |  2.71e-10 |  6.03e-03 |  3.64e-02
  6730 |  2.455e-04 |  2.453e-05 |  3.984e-08 |  1.59e-04 |  2.86e-04 |  6.34e-05 |  3.20e-04 |  1.90e-02 |  1.01e-03 |  1.92e-05 |  1.0e-04 |  2.31e-10 |  6.03e-03 |  3.64e-02
  6740 |  2.451e-04 |  2.453e-05 |  4.001e-08 |  1.58e-04 |  2.85e-04 |  6.36e-05 |  3.23e-04 |  1.89e-02 |  9.19e-04 |  1.74e-05 |  1.0e-04 |  2.60e-10 |  6.02e-03 |  3.64e-02
  6750 |  2.455e-04 |  2.453e-05 |  4.030e-08 |  1.59e-04 |  2.88e-04 |  6.28e-05 |  3.23e-04 |  1.93e-02 |  1.01e-03 |  1.94e-05 |  1.0e-04 |  2.45e-10 |  6.02e-03 |  3.64e-02
  6760 |  2.450e-04 |  2.452e-05 |  4.049e-08 |  1.60e-04 |  2.89e-04 |  6.33e-05 |  3.24e-04 |  1.92e-02 |  1.01e-03 |  1.94e-05 |  1.0e-04 |  1.90e-10 |  6.01e-03 |  3.64e-02
  6770 |  2.443e-04 |  2.452e-05 |  4.000e-08 |  1.58e-04 |  2.92e-04 |  6.45e-05 |  3.20e-04 |  1.91e-02 |  1.01e-03 |  1.92e-05 |  1.0e-04 |  3.38e-10 |  6.01e-03 |  3.64e-02
  6780 |  2.453e-04 |  2.451e-05 |  4.025e-08 |  1.59e-04 |  2.85e-04 |  6.39e-05 |  3.24e-04 |  1.90e-02 |  9.16e-04 |  1.74e-05 |  1.0e-04 |  2.01e-10 |  6.00e-03 |  3.64e-02
  6790 |  2.447e-04 |  2.451e-05 |  4.013e-08 |  1.58e-04 |  2.87e-04 |  6.32e-05 |  3.24e-04 |  1.89e-02 |  9.15e-04 |  1.73e-05 |  1.0e-04 |  2.86e-10 |  6.00e-03 |  3.64e-02
  6800 |  2.445e-04 |  2.451e-05 |  4.047e-08 |  1.59e-04 |  2.92e-04 |  6.42e-05 |  3.24e-04 |  1.92e-02 |  1.01e-03 |  1.93e-05 |  1.0e-04 |  2.74e-10 |  5.99e-03 |  3.64e-02
  6810 |  2.447e-04 |  2.450e-05 |  4.047e-08 |  1.58e-04 |  2.96e-04 |  6.48e-05 |  3.24e-04 |  1.89e-02 |  9.13e-04 |  1.73e-05 |  1.0e-04 |  2.18e-10 |  5.99e-03 |  3.64e-02
  6820 |  2.445e-04 |  2.450e-05 |  3.980e-08 |  1.59e-04 |  2.84e-04 |  6.42e-05 |  3.21e-04 |  1.90e-02 |  1.00e-03 |  1.90e-05 |  1.0e-04 |  2.53e-10 |  5.98e-03 |  3.64e-02
  6830 |  2.448e-04 |  2.450e-05 |  4.072e-08 |  1.60e-04 |  2.90e-04 |  6.40e-05 |  3.25e-04 |  1.90e-02 |  1.10e-03 |  2.09e-05 |  1.0e-04 |  2.22e-10 |  5.98e-03 |  3.64e-02
  6840 |  2.449e-04 |  2.449e-05 |  4.003e-08 |  1.59e-04 |  2.88e-04 |  6.46e-05 |  3.21e-04 |  1.89e-02 |  1.00e-03 |  1.89e-05 |  1.0e-04 |  2.99e-10 |  5.97e-03 |  3.64e-02
  6850 |  2.455e-04 |  2.449e-05 |  4.030e-08 |  1.59e-04 |  2.95e-04 |  6.58e-05 |  3.20e-04 |  1.92e-02 |  1.00e-03 |  1.92e-05 |  1.0e-04 |  2.56e-10 |  5.97e-03 |  3.64e-02
  6860 |  2.448e-04 |  2.448e-05 |  3.935e-08 |  1.59e-04 |  2.80e-04 |  6.28e-05 |  3.17e-04 |  1.85e-02 |  1.00e-03 |  1.85e-05 |  1.0e-04 |  2.54e-10 |  5.96e-03 |  3.64e-02
  6870 |  2.440e-04 |  2.448e-05 |  3.985e-08 |  1.58e-04 |  2.87e-04 |  6.35e-05 |  3.22e-04 |  1.89e-02 |  1.00e-03 |  1.89e-05 |  1.0e-04 |  2.10e-10 |  5.96e-03 |  3.64e-02
  6880 |  2.444e-04 |  2.448e-05 |  4.014e-08 |  1.58e-04 |  2.84e-04 |  6.35e-05 |  3.26e-04 |  1.89e-02 |  9.08e-04 |  1.71e-05 |  1.0e-04 |  2.65e-10 |  5.95e-03 |  3.64e-02
  6890 |  2.449e-04 |  2.447e-05 |  3.939e-08 |  1.58e-04 |  2.75e-04 |  6.32e-05 |  3.21e-04 |  1.85e-02 |  9.98e-04 |  1.85e-05 |  1.0e-04 |  2.69e-10 |  5.95e-03 |  3.64e-02
  6900 |  2.440e-04 |  2.447e-05 |  4.035e-08 |  1.58e-04 |  2.86e-04 |  6.41e-05 |  3.28e-04 |  1.92e-02 |  9.97e-04 |  1.91e-05 |  1.0e-04 |  2.65e-10 |  5.94e-03 |  3.64e-02
  6910 |  2.443e-04 |  2.446e-05 |  3.997e-08 |  1.57e-04 |  2.87e-04 |  6.42e-05 |  3.24e-04 |  1.88e-02 |  9.06e-04 |  1.71e-05 |  1.0e-04 |  2.08e-10 |  5.94e-03 |  3.64e-02
  6920 |  2.445e-04 |  2.446e-05 |  3.948e-08 |  1.57e-04 |  2.88e-04 |  6.51e-05 |  3.19e-04 |  1.87e-02 |  9.05e-04 |  1.70e-05 |  1.0e-04 |  2.62e-10 |  5.93e-03 |  3.64e-02
  6930 |  2.449e-04 |  2.446e-05 |  3.977e-08 |  1.58e-04 |  2.87e-04 |  6.40e-05 |  3.22e-04 |  1.89e-02 |  9.04e-04 |  1.71e-05 |  1.0e-04 |  2.70e-10 |  5.93e-03 |  3.64e-02
  6940 |  2.451e-04 |  2.445e-05 |  3.921e-08 |  1.57e-04 |  2.83e-04 |  6.49e-05 |  3.19e-04 |  1.87e-02 |  9.03e-04 |  1.69e-05 |  1.0e-04 |  2.61e-10 |  5.92e-03 |  3.64e-02
  6950 |  2.443e-04 |  2.445e-05 |  3.961e-08 |  1.58e-04 |  2.86e-04 |  6.33e-05 |  3.21e-04 |  1.90e-02 |  9.93e-04 |  1.89e-05 |  1.0e-04 |  2.90e-10 |  5.92e-03 |  3.64e-02
  6960 |  2.445e-04 |  2.445e-05 |  4.050e-08 |  1.59e-04 |  2.88e-04 |  6.40e-05 |  3.25e-04 |  1.86e-02 |  9.92e-04 |  1.85e-05 |  1.0e-04 |  2.34e-10 |  5.91e-03 |  3.64e-02
  6970 |  2.442e-04 |  2.444e-05 |  3.979e-08 |  1.58e-04 |  2.85e-04 |  6.40e-05 |  3.22e-04 |  1.87e-02 |  9.91e-04 |  1.85e-05 |  1.0e-04 |  2.16e-10 |  5.91e-03 |  3.64e-02
  6980 |  2.443e-04 |  2.444e-05 |  3.925e-08 |  1.57e-04 |  2.81e-04 |  6.38e-05 |  3.21e-04 |  1.85e-02 |  9.00e-04 |  1.67e-05 |  1.0e-04 |  2.55e-10 |  5.90e-03 |  3.64e-02
  6990 |  2.442e-04 |  2.444e-05 |  4.012e-08 |  1.58e-04 |  2.92e-04 |  6.40e-05 |  3.22e-04 |  1.92e-02 |  9.90e-04 |  1.90e-05 |  1.0e-04 |  2.54e-10 |  5.90e-03 |  3.64e-02
  7000 |  2.450e-04 |  2.443e-05 |  3.969e-08 |  1.57e-04 |  2.81e-04 |  6.42e-05 |  3.25e-04 |  1.89e-02 |  8.99e-04 |  1.70e-05 |  1.0e-04 |  3.50e-10 |  5.89e-03 |  3.64e-02
  7010 |  2.438e-04 |  2.443e-05 |  3.989e-08 |  1.58e-04 |  2.81e-04 |  6.41e-05 |  3.25e-04 |  1.86e-02 |  9.88e-04 |  1.84e-05 |  1.0e-04 |  2.50e-10 |  5.89e-03 |  3.64e-02
  7020 |  2.439e-04 |  2.443e-05 |  4.004e-08 |  1.60e-04 |  2.81e-04 |  6.31e-05 |  3.22e-04 |  1.86e-02 |  1.09e-03 |  2.02e-05 |  1.0e-04 |  2.70e-10 |  5.88e-03 |  3.64e-02
  7030 |  2.442e-04 |  2.442e-05 |  4.008e-08 |  1.57e-04 |  2.89e-04 |  6.57e-05 |  3.26e-04 |  1.86e-02 |  8.97e-04 |  1.67e-05 |  1.0e-04 |  2.57e-10 |  5.88e-03 |  3.64e-02
  7040 |  2.437e-04 |  2.442e-05 |  3.980e-08 |  1.57e-04 |  2.85e-04 |  6.51e-05 |  3.24e-04 |  1.86e-02 |  9.86e-04 |  1.83e-05 |  1.0e-04 |  2.36e-10 |  5.87e-03 |  3.64e-02
  7050 |  2.449e-04 |  2.442e-05 |  3.948e-08 |  1.56e-04 |  2.85e-04 |  6.47e-05 |  3.22e-04 |  1.87e-02 |  9.85e-04 |  1.84e-05 |  1.0e-04 |  2.62e-10 |  5.87e-03 |  3.64e-02
  7060 |  2.437e-04 |  2.441e-05 |  3.911e-08 |  1.56e-04 |  2.86e-04 |  6.40e-05 |  3.19e-04 |  1.85e-02 |  9.84e-04 |  1.82e-05 |  1.0e-04 |  2.93e-10 |  5.86e-03 |  3.64e-02
  7070 |  2.439e-04 |  2.441e-05 |  3.838e-08 |  1.56e-04 |  2.76e-04 |  6.40e-05 |  3.15e-04 |  1.83e-02 |  9.83e-04 |  1.80e-05 |  1.0e-04 |  2.19e-10 |  5.86e-03 |  3.64e-02
  7080 |  2.443e-04 |  2.441e-05 |  3.891e-08 |  1.56e-04 |  2.85e-04 |  6.38e-05 |  3.17e-04 |  1.86e-02 |  9.82e-04 |  1.83e-05 |  1.0e-04 |  2.38e-10 |  5.85e-03 |  3.64e-02
  7090 |  2.431e-04 |  2.440e-05 |  3.980e-08 |  1.56e-04 |  2.95e-04 |  6.62e-05 |  3.21e-04 |  1.87e-02 |  8.92e-04 |  1.67e-05 |  1.0e-04 |  2.15e-10 |  5.85e-03 |  3.64e-02
  7100 |  2.440e-04 |  2.440e-05 |  4.000e-08 |  1.58e-04 |  2.94e-04 |  6.72e-05 |  3.20e-04 |  1.88e-02 |  9.81e-04 |  1.85e-05 |  1.0e-04 |  2.48e-10 |  5.84e-03 |  3.64e-02
  7110 |  2.431e-04 |  2.439e-05 |  3.894e-08 |  1.57e-04 |  2.80e-04 |  6.33e-05 |  3.18e-04 |  1.87e-02 |  9.80e-04 |  1.83e-05 |  1.0e-04 |  2.10e-10 |  5.84e-03 |  3.64e-02
  7120 |  2.446e-04 |  2.439e-05 |  3.878e-08 |  1.56e-04 |  2.84e-04 |  6.36e-05 |  3.17e-04 |  1.84e-02 |  9.79e-04 |  1.80e-05 |  1.0e-04 |  3.10e-10 |  5.83e-03 |  3.64e-02
  7130 |  2.444e-04 |  2.439e-05 |  3.973e-08 |  1.56e-04 |  2.94e-04 |  6.66e-05 |  3.22e-04 |  1.88e-02 |  8.89e-04 |  1.67e-05 |  1.0e-04 |  2.06e-10 |  5.83e-03 |  3.64e-02
  7140 |  2.443e-04 |  2.439e-05 |  3.879e-08 |  1.56e-04 |  2.83e-04 |  6.49e-05 |  3.18e-04 |  1.85e-02 |  9.77e-04 |  1.81e-05 |  1.0e-04 |  2.77e-10 |  5.82e-03 |  3.64e-02
  7150 |  2.443e-04 |  2.438e-05 |  3.919e-08 |  1.56e-04 |  2.88e-04 |  6.53e-05 |  3.19e-04 |  1.84e-02 |  8.88e-04 |  1.63e-05 |  1.0e-04 |  2.05e-10 |  5.82e-03 |  3.64e-02
  7160 |  2.443e-04 |  2.438e-05 |  3.885e-08 |  1.56e-04 |  2.83e-04 |  6.48e-05 |  3.18e-04 |  1.86e-02 |  9.76e-04 |  1.81e-05 |  1.0e-04 |  2.59e-10 |  5.81e-03 |  3.64e-02
  7170 |  2.430e-04 |  2.438e-05 |  3.872e-08 |  1.55e-04 |  2.76e-04 |  6.35e-05 |  3.22e-04 |  1.84e-02 |  8.86e-04 |  1.63e-05 |  1.0e-04 |  2.85e-10 |  5.81e-03 |  3.64e-02
  7180 |  2.438e-04 |  2.437e-05 |  3.903e-08 |  1.57e-04 |  2.84e-04 |  6.41e-05 |  3.18e-04 |  1.83e-02 |  9.74e-04 |  1.78e-05 |  1.0e-04 |  2.21e-10 |  5.81e-03 |  3.64e-02
  7190 |  2.444e-04 |  2.437e-05 |  3.866e-08 |  1.55e-04 |  2.86e-04 |  6.49e-05 |  3.16e-04 |  1.86e-02 |  9.73e-04 |  1.81e-05 |  1.0e-04 |  2.91e-10 |  5.80e-03 |  3.64e-02
  7200 |  2.435e-04 |  2.437e-05 |  3.830e-08 |  1.56e-04 |  2.71e-04 |  6.29e-05 |  3.18e-04 |  1.82e-02 |  9.73e-04 |  1.77e-05 |  1.0e-04 |  2.57e-10 |  5.80e-03 |  3.64e-02
  7210 |  2.427e-04 |  2.436e-05 |  3.833e-08 |  1.55e-04 |  2.81e-04 |  6.42e-05 |  3.15e-04 |  1.85e-02 |  8.84e-04 |  1.64e-05 |  1.0e-04 |  2.54e-10 |  5.79e-03 |  3.64e-02
  7220 |  2.438e-04 |  2.436e-05 |  3.918e-08 |  1.57e-04 |  2.89e-04 |  6.60e-05 |  3.15e-04 |  1.87e-02 |  1.07e-03 |  1.99e-05 |  1.0e-04 |  2.36e-10 |  5.79e-03 |  3.64e-02
  7230 |  2.444e-04 |  2.436e-05 |  3.843e-08 |  1.56e-04 |  2.71e-04 |  6.29e-05 |  3.18e-04 |  1.84e-02 |  1.07e-03 |  1.96e-05 |  1.0e-04 |  2.86e-10 |  5.78e-03 |  3.64e-02
  7240 |  2.429e-04 |  2.435e-05 |  3.880e-08 |  1.58e-04 |  2.76e-04 |  6.31e-05 |  3.16e-04 |  1.82e-02 |  1.07e-03 |  1.94e-05 |  1.0e-04 |  2.90e-10 |  5.78e-03 |  3.64e-02
  7250 |  2.435e-04 |  2.435e-05 |  3.854e-08 |  1.58e-04 |  2.80e-04 |  6.44e-05 |  3.12e-04 |  1.82e-02 |  1.07e-03 |  1.94e-05 |  1.0e-04 |  2.87e-10 |  5.77e-03 |  3.64e-02
  7260 |  2.442e-04 |  2.435e-05 |  3.868e-08 |  1.55e-04 |  2.85e-04 |  6.47e-05 |  3.16e-04 |  1.85e-02 |  9.68e-04 |  1.79e-05 |  1.0e-04 |  2.27e-10 |  5.77e-03 |  3.64e-02
  7270 |  2.436e-04 |  2.434e-05 |  3.906e-08 |  1.55e-04 |  2.92e-04 |  6.72e-05 |  3.17e-04 |  1.83e-02 |  9.67e-04 |  1.77e-05 |  1.0e-04 |  2.14e-10 |  5.76e-03 |  3.64e-02
  7280 |  2.428e-04 |  2.434e-05 |  3.844e-08 |  1.55e-04 |  2.91e-04 |  6.50e-05 |  3.11e-04 |  1.87e-02 |  9.66e-04 |  1.81e-05 |  1.0e-04 |  1.86e-10 |  5.76e-03 |  3.64e-02
  7290 |  2.441e-04 |  2.434e-05 |  3.892e-08 |  1.56e-04 |  2.74e-04 |  6.43e-05 |  3.22e-04 |  1.81e-02 |  9.66e-04 |  1.75e-05 |  1.0e-04 |  2.44e-10 |  5.75e-03 |  3.64e-02
  7300 |  2.433e-04 |  2.433e-05 |  3.939e-08 |  1.57e-04 |  2.84e-04 |  6.55e-05 |  3.20e-04 |  1.83e-02 |  1.06e-03 |  1.94e-05 |  1.0e-04 |  2.04e-10 |  5.75e-03 |  3.64e-02
  7310 |  2.435e-04 |  2.433e-05 |  3.896e-08 |  1.57e-04 |  2.82e-04 |  6.57e-05 |  3.16e-04 |  1.84e-02 |  1.06e-03 |  1.95e-05 |  1.0e-04 |  2.42e-10 |  5.74e-03 |  3.64e-02
  7320 |  2.437e-04 |  2.433e-05 |  3.830e-08 |  1.54e-04 |  2.87e-04 |  6.56e-05 |  3.14e-04 |  1.83e-02 |  9.63e-04 |  1.76e-05 |  1.0e-04 |  2.18e-10 |  5.74e-03 |  3.64e-02
  7330 |  2.435e-04 |  2.432e-05 |  3.834e-08 |  1.54e-04 |  2.78e-04 |  6.42e-05 |  3.19e-04 |  1.81e-02 |  8.75e-04 |  1.58e-05 |  1.0e-04 |  2.21e-10 |  5.74e-03 |  3.64e-02
  7340 |  2.428e-04 |  2.432e-05 |  3.823e-08 |  1.55e-04 |  2.80e-04 |  6.48e-05 |  3.14e-04 |  1.84e-02 |  9.62e-04 |  1.77e-05 |  1.0e-04 |  2.79e-10 |  5.73e-03 |  3.64e-02
  7350 |  2.428e-04 |  2.432e-05 |  3.772e-08 |  1.55e-04 |  2.80e-04 |  6.44e-05 |  3.10e-04 |  1.80e-02 |  9.61e-04 |  1.73e-05 |  1.0e-04 |  2.82e-10 |  5.73e-03 |  3.64e-02
  7360 |  2.433e-04 |  2.432e-05 |  3.858e-08 |  1.55e-04 |  2.79e-04 |  6.53e-05 |  3.19e-04 |  1.83e-02 |  9.60e-04 |  1.75e-05 |  1.0e-04 |  2.47e-10 |  5.72e-03 |  3.64e-02
  7370 |  2.424e-04 |  2.431e-05 |  3.778e-08 |  1.55e-04 |  2.72e-04 |  6.50e-05 |  3.14e-04 |  1.83e-02 |  9.60e-04 |  1.75e-05 |  1.0e-04 |  2.36e-10 |  5.72e-03 |  3.64e-02
  7380 |  2.431e-04 |  2.431e-05 |  3.904e-08 |  1.55e-04 |  2.89e-04 |  6.52e-05 |  3.19e-04 |  1.86e-02 |  9.59e-04 |  1.78e-05 |  1.0e-04 |  2.07e-10 |  5.71e-03 |  3.64e-02
  7390 |  2.430e-04 |  2.431e-05 |  3.765e-08 |  1.54e-04 |  2.71e-04 |  6.44e-05 |  3.14e-04 |  1.78e-02 |  9.58e-04 |  1.71e-05 |  1.0e-04 |  1.88e-10 |  5.71e-03 |  3.64e-02
  7400 |  2.435e-04 |  2.430e-05 |  3.822e-08 |  1.56e-04 |  2.73e-04 |  6.41e-05 |  3.16e-04 |  1.78e-02 |  9.57e-04 |  1.71e-05 |  1.0e-04 |  2.16e-10 |  5.70e-03 |  3.64e-02
  7410 |  2.427e-04 |  2.430e-05 |  3.860e-08 |  1.55e-04 |  2.76e-04 |  6.47e-05 |  3.21e-04 |  1.81e-02 |  9.56e-04 |  1.73e-05 |  1.0e-04 |  2.36e-10 |  5.70e-03 |  3.64e-02
  7420 |  2.421e-04 |  2.430e-05 |  3.826e-08 |  1.54e-04 |  2.87e-04 |  6.60e-05 |  3.14e-04 |  1.85e-02 |  8.69e-04 |  1.61e-05 |  1.0e-04 |  2.07e-10 |  5.70e-03 |  3.64e-02
  7430 |  2.434e-04 |  2.429e-05 |  3.840e-08 |  1.55e-04 |  2.81e-04 |  6.46e-05 |  3.16e-04 |  1.80e-02 |  9.55e-04 |  1.72e-05 |  1.0e-04 |  2.13e-10 |  5.69e-03 |  3.64e-02
  7440 |  2.433e-04 |  2.429e-05 |  3.788e-08 |  1.55e-04 |  2.83e-04 |  6.52e-05 |  3.11e-04 |  1.82e-02 |  9.54e-04 |  1.74e-05 |  1.0e-04 |  2.07e-10 |  5.69e-03 |  3.64e-02
  7450 |  2.429e-04 |  2.429e-05 |  3.780e-08 |  1.54e-04 |  2.68e-04 |  6.31e-05 |  3.17e-04 |  1.82e-02 |  9.53e-04 |  1.74e-05 |  1.0e-04 |  2.35e-10 |  5.68e-03 |  3.64e-02
  7460 |  2.426e-04 |  2.428e-05 |  3.802e-08 |  1.54e-04 |  2.80e-04 |  6.53e-05 |  3.15e-04 |  1.86e-02 |  9.53e-04 |  1.77e-05 |  1.0e-04 |  2.89e-10 |  5.68e-03 |  3.64e-02
  7470 |  2.434e-04 |  2.428e-05 |  3.876e-08 |  1.55e-04 |  2.89e-04 |  6.63e-05 |  3.15e-04 |  1.81e-02 |  1.05e-03 |  1.89e-05 |  1.0e-04 |  2.35e-10 |  5.67e-03 |  3.64e-02
  7480 |  2.434e-04 |  2.428e-05 |  3.722e-08 |  1.54e-04 |  2.68e-04 |  6.36e-05 |  3.12e-04 |  1.77e-02 |  1.05e-03 |  1.86e-05 |  1.0e-04 |  2.14e-10 |  5.67e-03 |  3.64e-02
  7490 |  2.435e-04 |  2.427e-05 |  3.828e-08 |  1.56e-04 |  2.80e-04 |  6.58e-05 |  3.13e-04 |  1.83e-02 |  1.05e-03 |  1.91e-05 |  1.0e-04 |  2.13e-10 |  5.66e-03 |  3.64e-02
  7500 |  2.427e-04 |  2.427e-05 |  3.776e-08 |  1.54e-04 |  2.80e-04 |  6.46e-05 |  3.12e-04 |  1.81e-02 |  9.50e-04 |  1.71e-05 |  1.0e-04 |  2.60e-10 |  5.66e-03 |  3.64e-02
  7510 |  2.427e-04 |  2.427e-05 |  3.792e-08 |  1.54e-04 |  2.71e-04 |  6.51e-05 |  3.18e-04 |  1.79e-02 |  8.63e-04 |  1.55e-05 |  1.0e-04 |  2.11e-10 |  5.66e-03 |  3.64e-02
  7520 |  2.428e-04 |  2.427e-05 |  3.767e-08 |  1.54e-04 |  2.74e-04 |  6.46e-05 |  3.14e-04 |  1.80e-02 |  9.48e-04 |  1.71e-05 |  1.0e-04 |  2.47e-10 |  5.65e-03 |  3.64e-02
  7530 |  2.433e-04 |  2.426e-05 |  3.815e-08 |  1.55e-04 |  2.84e-04 |  6.61e-05 |  3.13e-04 |  1.79e-02 |  1.04e-03 |  1.87e-05 |  1.0e-04 |  2.72e-10 |  5.65e-03 |  3.64e-02
  7540 |  2.429e-04 |  2.426e-05 |  3.835e-08 |  1.54e-04 |  2.86e-04 |  6.59e-05 |  3.15e-04 |  1.81e-02 |  9.47e-04 |  1.71e-05 |  1.0e-04 |  2.69e-10 |  5.64e-03 |  3.64e-02
  7550 |  2.418e-04 |  2.426e-05 |  3.797e-08 |  1.54e-04 |  2.82e-04 |  6.52e-05 |  3.13e-04 |  1.82e-02 |  9.46e-04 |  1.73e-05 |  1.0e-04 |  3.73e-10 |  5.64e-03 |  3.64e-02
  7560 |  2.423e-04 |  2.425e-05 |  3.745e-08 |  1.54e-04 |  2.82e-04 |  6.60e-05 |  3.08e-04 |  1.82e-02 |  1.04e-03 |  1.89e-05 |  1.0e-04 |  2.19e-10 |  5.63e-03 |  3.64e-02
  7570 |  2.431e-04 |  2.425e-05 |  3.773e-08 |  1.53e-04 |  2.82e-04 |  6.52e-05 |  3.14e-04 |  1.82e-02 |  9.45e-04 |  1.72e-05 |  1.0e-04 |  2.54e-10 |  5.63e-03 |  3.64e-02
  7580 |  2.421e-04 |  2.425e-05 |  3.788e-08 |  1.54e-04 |  2.81e-04 |  6.45e-05 |  3.12e-04 |  1.82e-02 |  1.04e-03 |  1.89e-05 |  1.0e-04 |  2.36e-10 |  5.62e-03 |  3.64e-02
  7590 |  2.430e-04 |  2.424e-05 |  3.811e-08 |  1.55e-04 |  2.88e-04 |  6.63e-05 |  3.10e-04 |  1.82e-02 |  1.04e-03 |  1.89e-05 |  1.0e-04 |  2.03e-10 |  5.62e-03 |  3.64e-02
  7600 |  2.425e-04 |  2.424e-05 |  3.839e-08 |  1.53e-04 |  2.90e-04 |  6.71e-05 |  3.16e-04 |  1.81e-02 |  9.42e-04 |  1.71e-05 |  1.0e-04 |  2.47e-10 |  5.62e-03 |  3.64e-02
  7610 |  2.425e-04 |  2.424e-05 |  3.748e-08 |  1.52e-04 |  2.77e-04 |  6.40e-05 |  3.14e-04 |  1.81e-02 |  9.42e-04 |  1.70e-05 |  1.0e-04 |  2.41e-10 |  5.61e-03 |  3.64e-02
  7620 |  2.420e-04 |  2.423e-05 |  3.780e-08 |  1.55e-04 |  2.77e-04 |  6.46e-05 |  3.11e-04 |  1.82e-02 |  1.04e-03 |  1.89e-05 |  1.0e-04 |  2.40e-10 |  5.61e-03 |  3.64e-02
  7630 |  2.423e-04 |  2.423e-05 |  3.816e-08 |  1.55e-04 |  2.81e-04 |  6.58e-05 |  3.14e-04 |  1.77e-02 |  1.03e-03 |  1.83e-05 |  1.0e-04 |  2.52e-10 |  5.60e-03 |  3.64e-02
  7640 |  2.425e-04 |  2.423e-05 |  3.789e-08 |  1.53e-04 |  2.83e-04 |  6.66e-05 |  3.14e-04 |  1.83e-02 |  9.40e-04 |  1.72e-05 |  1.0e-04 |  3.90e-10 |  5.60e-03 |  3.64e-02
  7650 |  2.423e-04 |  2.422e-05 |  3.759e-08 |  1.53e-04 |  2.81e-04 |  6.56e-05 |  3.12e-04 |  1.78e-02 |  9.39e-04 |  1.67e-05 |  1.0e-04 |  2.72e-10 |  5.59e-03 |  3.64e-02
  7660 |  2.427e-04 |  2.422e-05 |  3.773e-08 |  1.54e-04 |  2.80e-04 |  6.64e-05 |  3.11e-04 |  1.79e-02 |  1.03e-03 |  1.84e-05 |  1.0e-04 |  2.78e-10 |  5.59e-03 |  3.64e-02
  7670 |  2.427e-04 |  2.422e-05 |  3.790e-08 |  1.53e-04 |  2.81e-04 |  6.58e-05 |  3.15e-04 |  1.80e-02 |  9.37e-04 |  1.69e-05 |  1.0e-04 |  2.31e-10 |  5.59e-03 |  3.64e-02
  7680 |  2.425e-04 |  2.421e-05 |  3.715e-08 |  1.52e-04 |  2.72e-04 |  6.43e-05 |  3.14e-04 |  1.79e-02 |  8.52e-04 |  1.52e-05 |  1.0e-04 |  2.32e-10 |  5.58e-03 |  3.64e-02
  7690 |  2.416e-04 |  2.421e-05 |  3.659e-08 |  1.52e-04 |  2.66e-04 |  6.32e-05 |  3.10e-04 |  1.78e-02 |  9.36e-04 |  1.67e-05 |  1.0e-04 |  2.63e-10 |  5.58e-03 |  3.64e-02
  7700 |  2.422e-04 |  2.421e-05 |  3.741e-08 |  1.52e-04 |  2.76e-04 |  6.50e-05 |  3.14e-04 |  1.77e-02 |  9.35e-04 |  1.65e-05 |  1.0e-04 |  2.85e-10 |  5.57e-03 |  3.64e-02
  7710 |  2.419e-04 |  2.420e-05 |  3.782e-08 |  1.53e-04 |  2.78e-04 |  6.58e-05 |  3.16e-04 |  1.78e-02 |  9.35e-04 |  1.67e-05 |  1.0e-04 |  3.52e-10 |  5.57e-03 |  3.64e-02
  7720 |  2.422e-04 |  2.420e-05 |  3.731e-08 |  1.55e-04 |  2.70e-04 |  6.46e-05 |  3.09e-04 |  1.82e-02 |  1.13e-03 |  2.05e-05 |  1.0e-04 |  2.75e-10 |  5.57e-03 |  3.64e-02
  7730 |  2.420e-04 |  2.420e-05 |  3.779e-08 |  1.55e-04 |  2.80e-04 |  6.43e-05 |  3.11e-04 |  1.76e-02 |  1.13e-03 |  1.98e-05 |  1.0e-04 |  3.15e-10 |  5.56e-03 |  3.64e-02
  7740 |  2.423e-04 |  2.419e-05 |  3.713e-08 |  1.53e-04 |  2.81e-04 |  6.59e-05 |  3.08e-04 |  1.81e-02 |  1.03e-03 |  1.85e-05 |  1.0e-04 |  2.55e-10 |  5.56e-03 |  3.64e-02
  7750 |  2.417e-04 |  2.419e-05 |  3.748e-08 |  1.52e-04 |  2.78e-04 |  6.50e-05 |  3.15e-04 |  1.76e-02 |  9.32e-04 |  1.64e-05 |  1.0e-04 |  1.95e-10 |  5.55e-03 |  3.64e-02
  7760 |  2.419e-04 |  2.419e-05 |  3.626e-08 |  1.52e-04 |  2.65e-04 |  6.36e-05 |  3.08e-04 |  1.73e-02 |  9.31e-04 |  1.61e-05 |  1.0e-04 |  2.44e-10 |  5.55e-03 |  3.64e-02
  7770 |  2.418e-04 |  2.419e-05 |  3.768e-08 |  1.54e-04 |  2.73e-04 |  6.45e-05 |  3.15e-04 |  1.81e-02 |  9.30e-04 |  1.68e-05 |  1.0e-04 |  2.51e-10 |  5.54e-03 |  3.64e-02
  7780 |  2.415e-04 |  2.418e-05 |  3.680e-08 |  1.51e-04 |  2.75e-04 |  6.60e-05 |  3.10e-04 |  1.76e-02 |  8.45e-04 |  1.49e-05 |  1.0e-04 |  2.04e-10 |  5.54e-03 |  3.64e-02
  7790 |  2.419e-04 |  2.418e-05 |  3.656e-08 |  1.53e-04 |  2.66e-04 |  6.41e-05 |  3.08e-04 |  1.76e-02 |  1.02e-03 |  1.80e-05 |  1.0e-04 |  2.22e-10 |  5.54e-03 |  3.64e-02
  7800 |  2.421e-04 |  2.418e-05 |  3.714e-08 |  1.53e-04 |  2.73e-04 |  6.40e-05 |  3.12e-04 |  1.77e-02 |  9.28e-04 |  1.65e-05 |  1.0e-04 |  2.71e-10 |  5.53e-03 |  3.64e-02
  7810 |  2.419e-04 |  2.417e-05 |  3.659e-08 |  1.53e-04 |  2.77e-04 |  6.52e-05 |  3.04e-04 |  1.77e-02 |  1.02e-03 |  1.80e-05 |  1.0e-04 |  2.25e-10 |  5.53e-03 |  3.64e-02
  7820 |  2.417e-04 |  2.417e-05 |  3.731e-08 |  1.52e-04 |  2.71e-04 |  6.42e-05 |  3.15e-04 |  1.77e-02 |  9.27e-04 |  1.64e-05 |  1.0e-04 |  2.43e-10 |  5.52e-03 |  3.64e-02
  7830 |  2.412e-04 |  2.417e-05 |  3.697e-08 |  1.52e-04 |  2.79e-04 |  6.52e-05 |  3.09e-04 |  1.79e-02 |  9.26e-04 |  1.66e-05 |  1.0e-04 |  2.49e-10 |  5.52e-03 |  3.64e-02
  7840 |  2.421e-04 |  2.417e-05 |  3.749e-08 |  1.53e-04 |  2.74e-04 |  6.53e-05 |  3.13e-04 |  1.77e-02 |  1.02e-03 |  1.80e-05 |  1.0e-04 |  2.32e-10 |  5.52e-03 |  3.64e-02
  7850 |  2.418e-04 |  2.416e-05 |  3.666e-08 |  1.52e-04 |  2.67e-04 |  6.38e-05 |  3.10e-04 |  1.77e-02 |  9.25e-04 |  1.64e-05 |  1.0e-04 |  2.52e-10 |  5.51e-03 |  3.64e-02
  7860 |  2.416e-04 |  2.416e-05 |  3.721e-08 |  1.52e-04 |  2.78e-04 |  6.43e-05 |  3.12e-04 |  1.79e-02 |  9.24e-04 |  1.65e-05 |  1.0e-04 |  2.38e-10 |  5.51e-03 |  3.64e-02
  7870 |  2.418e-04 |  2.416e-05 |  3.736e-08 |  1.51e-04 |  2.82e-04 |  6.62e-05 |  3.13e-04 |  1.79e-02 |  8.39e-04 |  1.50e-05 |  1.0e-04 |  2.33e-10 |  5.50e-03 |  3.64e-02
  7880 |  2.420e-04 |  2.416e-05 |  3.693e-08 |  1.51e-04 |  2.75e-04 |  6.62e-05 |  3.12e-04 |  1.75e-02 |  9.23e-04 |  1.62e-05 |  1.0e-04 |  2.43e-10 |  5.50e-03 |  3.64e-02
  7890 |  2.413e-04 |  2.415e-05 |  3.753e-08 |  1.53e-04 |  2.81e-04 |  6.66e-05 |  3.11e-04 |  1.79e-02 |  9.22e-04 |  1.65e-05 |  1.0e-04 |  2.49e-10 |  5.49e-03 |  3.64e-02
  7900 |  2.414e-04 |  2.415e-05 |  3.693e-08 |  1.51e-04 |  2.83e-04 |  6.70e-05 |  3.08e-04 |  1.79e-02 |  9.21e-04 |  1.65e-05 |  1.0e-04 |  2.32e-10 |  5.49e-03 |  3.64e-02
  7910 |  2.418e-04 |  2.415e-05 |  3.649e-08 |  1.52e-04 |  2.79e-04 |  6.54e-05 |  3.05e-04 |  1.78e-02 |  9.21e-04 |  1.64e-05 |  1.0e-04 |  2.35e-10 |  5.49e-03 |  3.64e-02
  7920 |  2.408e-04 |  2.414e-05 |  3.625e-08 |  1.51e-04 |  2.73e-04 |  6.56e-05 |  3.06e-04 |  1.75e-02 |  9.20e-04 |  1.61e-05 |  1.0e-04 |  2.10e-10 |  5.48e-03 |  3.64e-02
  7930 |  2.409e-04 |  2.414e-05 |  3.602e-08 |  1.51e-04 |  2.69e-04 |  6.48e-05 |  3.05e-04 |  1.75e-02 |  1.01e-03 |  1.77e-05 |  1.0e-04 |  2.16e-10 |  5.48e-03 |  3.64e-02
  7940 |  2.414e-04 |  2.414e-05 |  3.653e-08 |  1.51e-04 |  2.80e-04 |  6.57e-05 |  3.07e-04 |  1.74e-02 |  9.19e-04 |  1.60e-05 |  1.0e-04 |  2.74e-10 |  5.47e-03 |  3.64e-02
  7950 |  2.412e-04 |  2.414e-05 |  3.677e-08 |  1.52e-04 |  2.72e-04 |  6.57e-05 |  3.11e-04 |  1.76e-02 |  1.01e-03 |  1.78e-05 |  1.0e-04 |  2.39e-10 |  5.47e-03 |  3.64e-02
  7960 |  2.413e-04 |  2.413e-05 |  3.688e-08 |  1.51e-04 |  2.81e-04 |  6.64e-05 |  3.09e-04 |  1.78e-02 |  9.17e-04 |  1.63e-05 |  1.0e-04 |  2.46e-10 |  5.47e-03 |  3.64e-02
  7970 |  2.415e-04 |  2.413e-05 |  3.680e-08 |  1.55e-04 |  2.72e-04 |  6.52e-05 |  3.03e-04 |  1.79e-02 |  1.11e-03 |  1.98e-05 |  1.0e-04 |  1.85e-10 |  5.46e-03 |  3.64e-02
  7980 |  2.417e-04 |  2.413e-05 |  3.609e-08 |  1.51e-04 |  2.69e-04 |  6.49e-05 |  3.07e-04 |  1.72e-02 |  9.16e-04 |  1.58e-05 |  1.0e-04 |  1.78e-10 |  5.46e-03 |  3.64e-02
  7990 |  2.415e-04 |  2.412e-05 |  3.645e-08 |  1.52e-04 |  2.74e-04 |  6.56e-05 |  3.05e-04 |  1.78e-02 |  1.01e-03 |  1.79e-05 |  1.0e-04 |  2.27e-10 |  5.45e-03 |  3.64e-02
  8000 |  2.408e-04 |  2.412e-05 |  3.654e-08 |  1.52e-04 |  2.80e-04 |  6.68e-05 |  3.04e-04 |  1.78e-02 |  1.01e-03 |  1.79e-05 |  1.0e-04 |  2.35e-10 |  5.45e-03 |  3.64e-02
  8010 |  2.412e-04 |  2.412e-05 |  3.638e-08 |  1.51e-04 |  2.73e-04 |  6.57e-05 |  3.06e-04 |  1.75e-02 |  1.01e-03 |  1.76e-05 |  1.0e-04 |  3.51e-10 |  5.45e-03 |  3.64e-02
  8020 |  2.416e-04 |  2.412e-05 |  3.700e-08 |  1.51e-04 |  2.82e-04 |  6.65e-05 |  3.11e-04 |  1.77e-02 |  9.13e-04 |  1.62e-05 |  1.0e-04 |  3.02e-10 |  5.44e-03 |  3.64e-02
  8030 |  2.409e-04 |  2.411e-05 |  3.658e-08 |  1.50e-04 |  2.81e-04 |  6.74e-05 |  3.07e-04 |  1.77e-02 |  9.13e-04 |  1.61e-05 |  1.0e-04 |  2.41e-10 |  5.44e-03 |  3.64e-02
  8040 |  2.409e-04 |  2.411e-05 |  3.680e-08 |  1.52e-04 |  2.81e-04 |  6.62e-05 |  3.06e-04 |  1.80e-02 |  1.00e-03 |  1.81e-05 |  1.0e-04 |  2.61e-10 |  5.43e-03 |  3.64e-02
  8050 |  2.417e-04 |  2.411e-05 |  3.610e-08 |  1.50e-04 |  2.70e-04 |  6.49e-05 |  3.07e-04 |  1.73e-02 |  9.11e-04 |  1.58e-05 |  1.0e-04 |  2.25e-10 |  5.43e-03 |  3.64e-02
  8060 |  2.410e-04 |  2.411e-05 |  3.613e-08 |  1.50e-04 |  2.83e-04 |  6.64e-05 |  3.03e-04 |  1.77e-02 |  9.11e-04 |  1.61e-05 |  1.0e-04 |  2.17e-10 |  5.43e-03 |  3.64e-02
  8070 |  2.405e-04 |  2.410e-05 |  3.565e-08 |  1.51e-04 |  2.65e-04 |  6.47e-05 |  3.03e-04 |  1.74e-02 |  1.00e-03 |  1.74e-05 |  1.0e-04 |  2.61e-10 |  5.42e-03 |  3.64e-02
  8080 |  2.408e-04 |  2.410e-05 |  3.598e-08 |  1.51e-04 |  2.68e-04 |  6.63e-05 |  3.06e-04 |  1.73e-02 |  1.00e-03 |  1.73e-05 |  1.0e-04 |  3.10e-10 |  5.42e-03 |  3.64e-02
  8090 |  2.409e-04 |  2.410e-05 |  3.625e-08 |  1.51e-04 |  2.81e-04 |  6.74e-05 |  3.01e-04 |  1.75e-02 |  9.09e-04 |  1.59e-05 |  1.0e-04 |  2.70e-10 |  5.42e-03 |  3.64e-02
  8100 |  2.406e-04 |  2.409e-05 |  3.588e-08 |  1.51e-04 |  2.76e-04 |  6.58e-05 |  3.01e-04 |  1.72e-02 |  9.08e-04 |  1.56e-05 |  1.0e-04 |  2.27e-10 |  5.41e-03 |  3.64e-02
  8110 |  2.404e-04 |  2.409e-05 |  3.604e-08 |  1.50e-04 |  2.78e-04 |  6.62e-05 |  3.05e-04 |  1.76e-02 |  9.07e-04 |  1.60e-05 |  1.0e-04 |  2.79e-10 |  5.41e-03 |  3.64e-02
  8120 |  2.401e-04 |  2.409e-05 |  3.598e-08 |  1.50e-04 |  2.76e-04 |  6.63e-05 |  3.04e-04 |  1.75e-02 |  9.07e-04 |  1.58e-05 |  1.0e-04 |  2.15e-10 |  5.40e-03 |  3.64e-02
  8130 |  2.413e-04 |  2.409e-05 |  3.612e-08 |  1.50e-04 |  2.77e-04 |  6.64e-05 |  3.04e-04 |  1.77e-02 |  9.06e-04 |  1.60e-05 |  1.0e-04 |  2.53e-10 |  5.40e-03 |  3.64e-02
  8140 |  2.407e-04 |  2.409e-05 |  3.608e-08 |  1.50e-04 |  2.66e-04 |  6.60e-05 |  3.09e-04 |  1.76e-02 |  9.05e-04 |  1.60e-05 |  1.0e-04 |  2.48e-10 |  5.40e-03 |  3.64e-02
  8150 |  2.406e-04 |  2.408e-05 |  3.648e-08 |  1.49e-04 |  2.81e-04 |  6.59e-05 |  3.09e-04 |  1.76e-02 |  9.05e-04 |  1.60e-05 |  1.0e-04 |  2.29e-10 |  5.39e-03 |  3.64e-02
  8160 |  2.408e-04 |  2.408e-05 |  3.629e-08 |  1.51e-04 |  2.70e-04 |  6.57e-05 |  3.08e-04 |  1.75e-02 |  9.94e-04 |  1.74e-05 |  1.0e-04 |  2.40e-10 |  5.39e-03 |  3.64e-02
  8170 |  2.402e-04 |  2.408e-05 |  3.583e-08 |  1.50e-04 |  2.72e-04 |  6.49e-05 |  3.04e-04 |  1.73e-02 |  9.94e-04 |  1.72e-05 |  1.0e-04 |  1.88e-10 |  5.38e-03 |  3.64e-02
  8180 |  2.406e-04 |  2.407e-05 |  3.683e-08 |  1.51e-04 |  2.84e-04 |  6.68e-05 |  3.06e-04 |  1.78e-02 |  9.93e-04 |  1.76e-05 |  1.0e-04 |  1.95e-10 |  5.38e-03 |  3.64e-02
  8190 |  2.417e-04 |  2.407e-05 |  3.661e-08 |  1.50e-04 |  2.85e-04 |  6.75e-05 |  3.05e-04 |  1.78e-02 |  9.92e-04 |  1.77e-05 |  1.0e-04 |  2.17e-10 |  5.38e-03 |  3.64e-02
  8200 |  2.403e-04 |  2.407e-05 |  3.582e-08 |  1.50e-04 |  2.67e-04 |  6.47e-05 |  3.06e-04 |  1.75e-02 |  9.92e-04 |  1.74e-05 |  1.0e-04 |  2.00e-10 |  5.37e-03 |  3.64e-02
  8210 |  2.401e-04 |  2.407e-05 |  3.592e-08 |  1.49e-04 |  2.71e-04 |  6.53e-05 |  3.07e-04 |  1.71e-02 |  9.01e-04 |  1.54e-05 |  1.0e-04 |  2.24e-10 |  5.37e-03 |  3.64e-02
  8220 |  2.411e-04 |  2.406e-05 |  3.591e-08 |  1.49e-04 |  2.79e-04 |  6.57e-05 |  3.03e-04 |  1.73e-02 |  9.90e-04 |  1.72e-05 |  1.0e-04 |  2.31e-10 |  5.37e-03 |  3.64e-02
  8230 |  2.403e-04 |  2.406e-05 |  3.584e-08 |  1.50e-04 |  2.64e-04 |  6.41e-05 |  3.07e-04 |  1.70e-02 |  9.89e-04 |  1.68e-05 |  1.0e-04 |  2.29e-10 |  5.36e-03 |  3.64e-02
  8240 |  2.409e-04 |  2.406e-05 |  3.548e-08 |  1.50e-04 |  2.68e-04 |  6.55e-05 |  3.03e-04 |  1.71e-02 |  8.99e-04 |  1.54e-05 |  1.0e-04 |  1.78e-10 |  5.36e-03 |  3.64e-02
  8250 |  2.405e-04 |  2.406e-05 |  3.639e-08 |  1.51e-04 |  2.82e-04 |  6.81e-05 |  3.04e-04 |  1.71e-02 |  9.88e-04 |  1.69e-05 |  1.0e-04 |  2.39e-10 |  5.35e-03 |  3.64e-02
  8260 |  2.406e-04 |  2.405e-05 |  3.622e-08 |  1.49e-04 |  2.79e-04 |  6.82e-05 |  3.07e-04 |  1.73e-02 |  8.16e-04 |  1.41e-05 |  1.0e-04 |  2.61e-10 |  5.35e-03 |  3.64e-02
  8270 |  2.406e-04 |  2.405e-05 |  3.611e-08 |  1.50e-04 |  2.72e-04 |  6.63e-05 |  3.08e-04 |  1.74e-02 |  8.97e-04 |  1.56e-05 |  1.0e-04 |  2.55e-10 |  5.35e-03 |  3.64e-02
  8280 |  2.410e-04 |  2.405e-05 |  3.545e-08 |  1.49e-04 |  2.83e-04 |  6.70e-05 |  2.98e-04 |  1.71e-02 |  8.96e-04 |  1.54e-05 |  1.0e-04 |  3.04e-10 |  5.34e-03 |  3.64e-02
  8290 |  2.400e-04 |  2.404e-05 |  3.564e-08 |  1.50e-04 |  2.69e-04 |  6.57e-05 |  3.03e-04 |  1.73e-02 |  9.85e-04 |  1.71e-05 |  1.0e-04 |  2.71e-10 |  5.34e-03 |  3.64e-02
  8300 |  2.402e-04 |  2.404e-05 |  3.530e-08 |  1.49e-04 |  2.69e-04 |  6.64e-05 |  3.01e-04 |  1.69e-02 |  8.95e-04 |  1.51e-05 |  1.0e-04 |  2.01e-10 |  5.34e-03 |  3.64e-02
  8310 |  2.401e-04 |  2.404e-05 |  3.662e-08 |  1.54e-04 |  2.70e-04 |  6.54e-05 |  3.06e-04 |  1.74e-02 |  1.08e-03 |  1.89e-05 |  1.0e-04 |  2.70e-10 |  5.33e-03 |  3.64e-02
  8320 |  2.407e-04 |  2.404e-05 |  3.595e-08 |  1.49e-04 |  2.83e-04 |  6.73e-05 |  3.02e-04 |  1.72e-02 |  9.83e-04 |  1.69e-05 |  1.0e-04 |  3.00e-10 |  5.33e-03 |  3.64e-02
  8330 |  2.404e-04 |  2.404e-05 |  3.606e-08 |  1.50e-04 |  2.76e-04 |  6.68e-05 |  3.04e-04 |  1.73e-02 |  8.93e-04 |  1.55e-05 |  1.0e-04 |  1.95e-10 |  5.32e-03 |  3.64e-02
  8340 |  2.404e-04 |  2.403e-05 |  3.596e-08 |  1.50e-04 |  2.83e-04 |  6.78e-05 |  3.00e-04 |  1.74e-02 |  9.82e-04 |  1.71e-05 |  1.0e-04 |  2.26e-10 |  5.32e-03 |  3.64e-02
  8350 |  2.404e-04 |  2.403e-05 |  3.537e-08 |  1.48e-04 |  2.79e-04 |  6.68e-05 |  3.01e-04 |  1.75e-02 |  8.92e-04 |  1.56e-05 |  1.0e-04 |  2.25e-10 |  5.32e-03 |  3.64e-02
  8360 |  2.407e-04 |  2.403e-05 |  3.527e-08 |  1.48e-04 |  2.68e-04 |  6.60e-05 |  3.04e-04 |  1.73e-02 |  8.10e-04 |  1.40e-05 |  1.0e-04 |  3.06e-10 |  5.31e-03 |  3.64e-02
  8370 |  2.407e-04 |  2.403e-05 |  3.483e-08 |  1.48e-04 |  2.67e-04 |  6.63e-05 |  3.00e-04 |  1.70e-02 |  8.91e-04 |  1.51e-05 |  1.0e-04 |  2.97e-10 |  5.31e-03 |  3.64e-02
  8380 |  2.404e-04 |  2.402e-05 |  3.608e-08 |  1.51e-04 |  2.75e-04 |  6.59e-05 |  3.03e-04 |  1.75e-02 |  9.79e-04 |  1.72e-05 |  1.0e-04 |  3.07e-10 |  5.31e-03 |  3.64e-02
  8390 |  2.399e-04 |  2.402e-05 |  3.476e-08 |  1.47e-04 |  2.62e-04 |  6.61e-05 |  3.03e-04 |  1.68e-02 |  8.09e-04 |  1.36e-05 |  1.0e-04 |  3.08e-10 |  5.30e-03 |  3.64e-02
  8400 |  2.398e-04 |  2.402e-05 |  3.556e-08 |  1.49e-04 |  2.74e-04 |  6.58e-05 |  3.02e-04 |  1.68e-02 |  9.78e-04 |  1.64e-05 |  1.0e-04 |  2.43e-10 |  5.30e-03 |  3.64e-02
  8410 |  2.411e-04 |  2.402e-05 |  3.474e-08 |  1.48e-04 |  2.65e-04 |  6.53e-05 |  3.00e-04 |  1.68e-02 |  8.88e-04 |  1.49e-05 |  1.0e-04 |  2.44e-10 |  5.29e-03 |  3.64e-02
  8420 |  2.397e-04 |  2.401e-05 |  3.461e-08 |  1.47e-04 |  2.59e-04 |  6.51e-05 |  3.03e-04 |  1.68e-02 |  8.88e-04 |  1.50e-05 |  1.0e-04 |  2.93e-10 |  5.29e-03 |  3.64e-02
  8430 |  2.401e-04 |  2.401e-05 |  3.531e-08 |  1.48e-04 |  2.76e-04 |  6.59e-05 |  3.01e-04 |  1.72e-02 |  8.87e-04 |  1.53e-05 |  1.0e-04 |  2.70e-10 |  5.29e-03 |  3.64e-02
  8440 |  2.401e-04 |  2.401e-05 |  3.536e-08 |  1.48e-04 |  2.72e-04 |  6.74e-05 |  3.03e-04 |  1.69e-02 |  8.86e-04 |  1.50e-05 |  1.0e-04 |  2.99e-10 |  5.28e-03 |  3.64e-02
  8450 |  2.398e-04 |  2.401e-05 |  3.500e-08 |  1.49e-04 |  2.67e-04 |  6.48e-05 |  2.99e-04 |  1.68e-02 |  1.07e-03 |  1.80e-05 |  1.0e-04 |  2.48e-10 |  5.28e-03 |  3.64e-02
  8460 |  2.401e-04 |  2.400e-05 |  3.498e-08 |  1.48e-04 |  2.75e-04 |  6.66e-05 |  2.97e-04 |  1.69e-02 |  9.74e-04 |  1.64e-05 |  1.0e-04 |  2.83e-10 |  5.28e-03 |  3.64e-02
  8470 |  2.405e-04 |  2.400e-05 |  3.492e-08 |  1.49e-04 |  2.65e-04 |  6.46e-05 |  2.99e-04 |  1.69e-02 |  1.07e-03 |  1.81e-05 |  1.0e-04 |  3.14e-10 |  5.27e-03 |  3.64e-02
  8480 |  2.410e-04 |  2.400e-05 |  3.510e-08 |  1.49e-04 |  2.69e-04 |  6.59e-05 |  3.00e-04 |  1.73e-02 |  9.72e-04 |  1.68e-05 |  1.0e-04 |  2.99e-10 |  5.27e-03 |  3.64e-02
  8490 |  2.402e-04 |  2.400e-05 |  3.587e-08 |  1.47e-04 |  2.78e-04 |  6.73e-05 |  3.08e-04 |  1.71e-02 |  8.83e-04 |  1.51e-05 |  1.0e-04 |  2.65e-10 |  5.26e-03 |  3.64e-02
  8500 |  2.398e-04 |  2.399e-05 |  3.530e-08 |  1.49e-04 |  2.69e-04 |  6.67e-05 |  3.02e-04 |  1.71e-02 |  9.71e-04 |  1.66e-05 |  1.0e-04 |  2.56e-10 |  5.26e-03 |  3.64e-02
  8510 |  2.400e-04 |  2.399e-05 |  3.571e-08 |  1.49e-04 |  2.74e-04 |  6.67e-05 |  3.03e-04 |  1.68e-02 |  9.70e-04 |  1.63e-05 |  1.0e-04 |  3.34e-10 |  5.26e-03 |  3.64e-02
  8520 |  2.399e-04 |  2.399e-05 |  3.581e-08 |  1.48e-04 |  2.79e-04 |  6.67e-05 |  3.06e-04 |  1.73e-02 |  9.70e-04 |  1.68e-05 |  1.0e-04 |  2.98e-10 |  5.25e-03 |  3.64e-02
  8530 |  2.406e-04 |  2.399e-05 |  3.471e-08 |  1.48e-04 |  2.65e-04 |  6.53e-05 |  2.99e-04 |  1.71e-02 |  9.69e-04 |  1.65e-05 |  1.0e-04 |  2.76e-10 |  5.25e-03 |  3.64e-02
  8540 |  2.403e-04 |  2.398e-05 |  3.491e-08 |  1.47e-04 |  2.67e-04 |  6.67e-05 |  3.03e-04 |  1.70e-02 |  9.68e-04 |  1.64e-05 |  1.0e-04 |  2.73e-10 |  5.25e-03 |  3.64e-02
  8550 |  2.399e-04 |  2.398e-05 |  3.568e-08 |  1.50e-04 |  2.70e-04 |  6.62e-05 |  3.02e-04 |  1.67e-02 |  9.68e-04 |  1.61e-05 |  1.0e-04 |  2.43e-10 |  5.24e-03 |  3.64e-02
  8560 |  2.403e-04 |  2.398e-05 |  3.569e-08 |  1.49e-04 |  2.71e-04 |  6.65e-05 |  3.05e-04 |  1.69e-02 |  9.67e-04 |  1.64e-05 |  1.0e-04 |  3.12e-10 |  5.24e-03 |  3.64e-02
  8570 |  2.402e-04 |  2.398e-05 |  3.463e-08 |  1.48e-04 |  2.65e-04 |  6.54e-05 |  2.99e-04 |  1.71e-02 |  9.66e-04 |  1.65e-05 |  1.0e-04 |  3.11e-10 |  5.24e-03 |  3.64e-02
  8580 |  2.401e-04 |  2.397e-05 |  3.536e-08 |  1.49e-04 |  2.72e-04 |  6.68e-05 |  3.00e-04 |  1.67e-02 |  9.66e-04 |  1.62e-05 |  1.0e-04 |  2.26e-10 |  5.23e-03 |  3.64e-02
  8590 |  2.400e-04 |  2.397e-05 |  3.537e-08 |  1.47e-04 |  2.81e-04 |  6.75e-05 |  3.01e-04 |  1.71e-02 |  8.77e-04 |  1.50e-05 |  1.0e-04 |  3.63e-10 |  5.23e-03 |  3.64e-02
  8600 |  2.401e-04 |  2.397e-05 |  3.496e-08 |  1.48e-04 |  2.63e-04 |  6.66e-05 |  3.03e-04 |  1.70e-02 |  8.77e-04 |  1.49e-05 |  1.0e-04 |  2.79e-10 |  5.23e-03 |  3.64e-02
  8610 |  2.395e-04 |  2.397e-05 |  3.502e-08 |  1.48e-04 |  2.64e-04 |  6.52e-05 |  3.03e-04 |  1.68e-02 |  9.64e-04 |  1.62e-05 |  1.0e-04 |  2.88e-10 |  5.22e-03 |  3.64e-02
  8620 |  2.396e-04 |  2.397e-05 |  3.468e-08 |  1.47e-04 |  2.59e-04 |  6.61e-05 |  3.05e-04 |  1.66e-02 |  8.75e-04 |  1.45e-05 |  1.0e-04 |  2.66e-10 |  5.22e-03 |  3.64e-02
  8630 |  2.400e-04 |  2.396e-05 |  3.575e-08 |  1.49e-04 |  2.81e-04 |  6.85e-05 |  3.00e-04 |  1.73e-02 |  9.62e-04 |  1.67e-05 |  1.0e-04 |  2.91e-10 |  5.22e-03 |  3.64e-02
  8640 |  2.398e-04 |  2.396e-05 |  3.482e-08 |  1.48e-04 |  2.69e-04 |  6.59e-05 |  3.00e-04 |  1.69e-02 |  9.62e-04 |  1.62e-05 |  1.0e-04 |  2.61e-10 |  5.21e-03 |  3.64e-02
  8650 |  2.393e-04 |  2.396e-05 |  3.448e-08 |  1.46e-04 |  2.67e-04 |  6.57e-05 |  2.99e-04 |  1.70e-02 |  8.74e-04 |  1.49e-05 |  1.0e-04 |  2.63e-10 |  5.21e-03 |  3.64e-02
  8660 |  2.396e-04 |  2.396e-05 |  3.446e-08 |  1.47e-04 |  2.68e-04 |  6.69e-05 |  2.98e-04 |  1.69e-02 |  8.73e-04 |  1.48e-05 |  1.0e-04 |  2.19e-10 |  5.20e-03 |  3.64e-02
  8670 |  2.400e-04 |  2.395e-05 |  3.400e-08 |  1.47e-04 |  2.62e-04 |  6.65e-05 |  2.96e-04 |  1.64e-02 |  9.60e-04 |  1.58e-05 |  1.0e-04 |  2.60e-10 |  5.20e-03 |  3.64e-02
  8680 |  2.399e-04 |  2.395e-05 |  3.540e-08 |  1.48e-04 |  2.77e-04 |  6.82e-05 |  3.01e-04 |  1.69e-02 |  9.59e-04 |  1.62e-05 |  1.0e-04 |  2.66e-10 |  5.20e-03 |  3.64e-02
  8690 |  2.397e-04 |  2.395e-05 |  3.484e-08 |  1.48e-04 |  2.65e-04 |  6.56e-05 |  3.00e-04 |  1.70e-02 |  9.58e-04 |  1.63e-05 |  1.0e-04 |  1.93e-10 |  5.19e-03 |  3.64e-02
  8700 |  2.393e-04 |  2.395e-05 |  3.533e-08 |  1.48e-04 |  2.72e-04 |  6.73e-05 |  3.04e-04 |  1.67e-02 |  9.58e-04 |  1.60e-05 |  1.0e-04 |  2.49e-10 |  5.19e-03 |  3.64e-02
  8710 |  2.398e-04 |  2.395e-05 |  3.447e-08 |  1.47e-04 |  2.69e-04 |  6.57e-05 |  2.97e-04 |  1.69e-02 |  9.57e-04 |  1.61e-05 |  1.0e-04 |  2.80e-10 |  5.19e-03 |  3.64e-02
  8720 |  2.395e-04 |  2.394e-05 |  3.527e-08 |  1.47e-04 |  2.73e-04 |  6.75e-05 |  3.04e-04 |  1.70e-02 |  9.57e-04 |  1.63e-05 |  1.0e-04 |  2.12e-10 |  5.18e-03 |  3.64e-02
  8730 |  2.399e-04 |  2.394e-05 |  3.471e-08 |  1.47e-04 |  2.66e-04 |  6.73e-05 |  3.02e-04 |  1.69e-02 |  8.69e-04 |  1.47e-05 |  1.0e-04 |  2.59e-10 |  5.18e-03 |  3.64e-02
  8740 |  2.395e-04 |  2.394e-05 |  3.517e-08 |  1.47e-04 |  2.80e-04 |  6.84e-05 |  3.00e-04 |  1.70e-02 |  9.55e-04 |  1.62e-05 |  1.0e-04 |  1.92e-10 |  5.18e-03 |  3.64e-02
  8750 |  2.386e-04 |  2.394e-05 |  3.427e-08 |  1.46e-04 |  2.65e-04 |  6.65e-05 |  2.98e-04 |  1.67e-02 |  9.55e-04 |  1.59e-05 |  1.0e-04 |  1.89e-10 |  5.17e-03 |  3.64e-02
  8760 |  2.395e-04 |  2.394e-05 |  3.470e-08 |  1.48e-04 |  2.74e-04 |  6.82e-05 |  2.96e-04 |  1.65e-02 |  9.54e-04 |  1.57e-05 |  1.0e-04 |  2.21e-10 |  5.17e-03 |  3.64e-02
  8770 |  2.393e-04 |  2.393e-05 |  3.551e-08 |  1.47e-04 |  2.79e-04 |  6.80e-05 |  3.03e-04 |  1.73e-02 |  9.53e-04 |  1.64e-05 |  1.0e-04 |  2.07e-10 |  5.17e-03 |  3.64e-02
  8780 |  2.397e-04 |  2.393e-05 |  3.456e-08 |  1.48e-04 |  2.70e-04 |  6.56e-05 |  2.96e-04 |  1.65e-02 |  9.53e-04 |  1.57e-05 |  1.0e-04 |  2.21e-10 |  5.16e-03 |  3.64e-02
  8790 |  2.390e-04 |  2.393e-05 |  3.393e-08 |  1.46e-04 |  2.57e-04 |  6.57e-05 |  2.98e-04 |  1.64e-02 |  8.65e-04 |  1.42e-05 |  1.0e-04 |  1.98e-10 |  5.16e-03 |  3.64e-02
  8800 |  2.393e-04 |  2.393e-05 |  3.456e-08 |  1.47e-04 |  2.62e-04 |  6.67e-05 |  3.02e-04 |  1.66e-02 |  9.51e-04 |  1.58e-05 |  1.0e-04 |  2.09e-10 |  5.15e-03 |  3.64e-02
  8810 |  2.391e-04 |  2.393e-05 |  3.467e-08 |  1.47e-04 |  2.71e-04 |  6.71e-05 |  2.99e-04 |  1.68e-02 |  9.51e-04 |  1.59e-05 |  1.0e-04 |  2.96e-10 |  5.15e-03 |  3.64e-02
  8820 |  2.390e-04 |  2.393e-05 |  3.505e-08 |  1.49e-04 |  2.64e-04 |  6.64e-05 |  3.02e-04 |  1.67e-02 |  1.05e-03 |  1.74e-05 |  1.0e-04 |  2.31e-10 |  5.15e-03 |  3.64e-02
  8830 |  2.393e-04 |  2.392e-05 |  3.484e-08 |  1.46e-04 |  2.77e-04 |  6.76e-05 |  3.00e-04 |  1.67e-02 |  8.63e-04 |  1.44e-05 |  1.0e-04 |  2.41e-10 |  5.14e-03 |  3.64e-02
  8840 |  2.391e-04 |  2.392e-05 |  3.442e-08 |  1.46e-04 |  2.65e-04 |  6.59e-05 |  3.01e-04 |  1.66e-02 |  9.49e-04 |  1.58e-05 |  1.0e-04 |  3.19e-10 |  5.14e-03 |  3.64e-02
  8850 |  2.395e-04 |  2.392e-05 |  3.426e-08 |  1.47e-04 |  2.64e-04 |  6.70e-05 |  2.98e-04 |  1.66e-02 |  9.48e-04 |  1.58e-05 |  1.0e-04 |  2.22e-10 |  5.14e-03 |  3.64e-02
  8860 |  2.394e-04 |  2.392e-05 |  3.374e-08 |  1.46e-04 |  2.64e-04 |  6.60e-05 |  2.93e-04 |  1.66e-02 |  9.48e-04 |  1.57e-05 |  1.0e-04 |  2.18e-10 |  5.13e-03 |  3.64e-02
  8870 |  2.398e-04 |  2.392e-05 |  3.442e-08 |  1.46e-04 |  2.80e-04 |  6.76e-05 |  2.93e-04 |  1.70e-02 |  9.47e-04 |  1.61e-05 |  1.0e-04 |  2.56e-10 |  5.13e-03 |  3.64e-02
  8880 |  2.393e-04 |  2.391e-05 |  3.389e-08 |  1.45e-04 |  2.66e-04 |  6.72e-05 |  2.96e-04 |  1.65e-02 |  9.46e-04 |  1.56e-05 |  1.0e-04 |  2.08e-10 |  5.13e-03 |  3.64e-02
  8890 |  2.389e-04 |  2.391e-05 |  3.442e-08 |  1.45e-04 |  2.70e-04 |  6.67e-05 |  3.01e-04 |  1.66e-02 |  7.82e-04 |  1.30e-05 |  1.0e-04 |  2.03e-10 |  5.12e-03 |  3.64e-02
  8900 |  2.391e-04 |  2.391e-05 |  3.428e-08 |  1.46e-04 |  2.74e-04 |  6.72e-05 |  2.95e-04 |  1.70e-02 |  9.45e-04 |  1.61e-05 |  1.0e-04 |  2.27e-10 |  5.12e-03 |  3.64e-02
  8910 |  2.395e-04 |  2.391e-05 |  3.451e-08 |  1.46e-04 |  2.72e-04 |  6.63e-05 |  2.99e-04 |  1.67e-02 |  8.59e-04 |  1.43e-05 |  1.0e-04 |  2.53e-10 |  5.12e-03 |  3.64e-02
  8920 |  2.394e-04 |  2.391e-05 |  3.480e-08 |  1.47e-04 |  2.68e-04 |  6.65e-05 |  3.02e-04 |  1.68e-02 |  9.44e-04 |  1.59e-05 |  1.0e-04 |  2.34e-10 |  5.11e-03 |  3.64e-02
  8930 |  2.392e-04 |  2.390e-05 |  3.467e-08 |  1.47e-04 |  2.72e-04 |  6.78e-05 |  2.99e-04 |  1.70e-02 |  9.43e-04 |  1.60e-05 |  1.0e-04 |  2.55e-10 |  5.11e-03 |  3.64e-02
  8940 |  2.390e-04 |  2.390e-05 |  3.371e-08 |  1.45e-04 |  2.68e-04 |  6.67e-05 |  2.95e-04 |  1.67e-02 |  8.57e-04 |  1.43e-05 |  1.0e-04 |  2.55e-10 |  5.11e-03 |  3.64e-02
  8950 |  2.394e-04 |  2.390e-05 |  3.453e-08 |  1.47e-04 |  2.66e-04 |  6.69e-05 |  3.00e-04 |  1.63e-02 |  9.42e-04 |  1.53e-05 |  1.0e-04 |  2.81e-10 |  5.10e-03 |  3.64e-02
  8960 |  2.397e-04 |  2.390e-05 |  3.364e-08 |  1.45e-04 |  2.57e-04 |  6.50e-05 |  2.97e-04 |  1.67e-02 |  8.56e-04 |  1.43e-05 |  1.0e-04 |  2.35e-10 |  5.10e-03 |  3.64e-02
  8970 |  2.388e-04 |  2.390e-05 |  3.431e-08 |  1.45e-04 |  2.73e-04 |  6.63e-05 |  2.98e-04 |  1.65e-02 |  9.41e-04 |  1.55e-05 |  1.0e-04 |  2.33e-10 |  5.10e-03 |  3.64e-02
  8980 |  2.391e-04 |  2.390e-05 |  3.413e-08 |  1.46e-04 |  2.70e-04 |  6.78e-05 |  2.96e-04 |  1.64e-02 |  9.40e-04 |  1.55e-05 |  1.0e-04 |  2.21e-10 |  5.09e-03 |  3.64e-02
  8990 |  2.390e-04 |  2.389e-05 |  3.439e-08 |  1.45e-04 |  2.73e-04 |  6.80e-05 |  2.99e-04 |  1.66e-02 |  9.40e-04 |  1.56e-05 |  1.0e-04 |  1.85e-10 |  5.09e-03 |  3.64e-02
  9000 |  2.389e-04 |  2.389e-05 |  3.389e-08 |  1.45e-04 |  2.64e-04 |  6.58e-05 |  2.97e-04 |  1.65e-02 |  8.54e-04 |  1.41e-05 |  1.0e-04 |  1.99e-10 |  5.09e-03 |  3.64e-02
  9010 |  2.388e-04 |  2.389e-05 |  3.400e-08 |  1.46e-04 |  2.65e-04 |  6.52e-05 |  2.96e-04 |  1.64e-02 |  9.38e-04 |  1.54e-05 |  1.0e-04 |  2.49e-10 |  5.08e-03 |  3.64e-02
  9020 |  2.391e-04 |  2.389e-05 |  3.368e-08 |  1.45e-04 |  2.70e-04 |  6.71e-05 |  2.92e-04 |  1.64e-02 |  9.38e-04 |  1.54e-05 |  1.0e-04 |  2.35e-10 |  5.08e-03 |  3.64e-02
  9030 |  2.384e-04 |  2.388e-05 |  3.416e-08 |  1.45e-04 |  2.75e-04 |  6.78e-05 |  2.96e-04 |  1.68e-02 |  8.52e-04 |  1.43e-05 |  1.0e-04 |  2.20e-10 |  5.08e-03 |  3.64e-02
  9040 |  2.392e-04 |  2.388e-05 |  3.308e-08 |  1.44e-04 |  2.54e-04 |  6.62e-05 |  2.95e-04 |  1.61e-02 |  8.51e-04 |  1.37e-05 |  1.0e-04 |  2.42e-10 |  5.07e-03 |  3.64e-02
  9050 |  2.386e-04 |  2.388e-05 |  3.379e-08 |  1.45e-04 |  2.68e-04 |  6.72e-05 |  2.95e-04 |  1.66e-02 |  8.51e-04 |  1.41e-05 |  1.0e-04 |  2.57e-10 |  5.07e-03 |  3.64e-02
  9060 |  2.390e-04 |  2.388e-05 |  3.451e-08 |  1.47e-04 |  2.72e-04 |  6.69e-05 |  2.96e-04 |  1.63e-02 |  1.03e-03 |  1.67e-05 |  1.0e-04 |  2.20e-10 |  5.07e-03 |  3.64e-02
  9070 |  2.388e-04 |  2.388e-05 |  3.369e-08 |  1.44e-04 |  2.72e-04 |  6.65e-05 |  2.93e-04 |  1.66e-02 |  9.35e-04 |  1.55e-05 |  1.0e-04 |  2.10e-10 |  5.06e-03 |  3.64e-02
  9080 |  2.391e-04 |  2.387e-05 |  3.369e-08 |  1.46e-04 |  2.61e-04 |  6.57e-05 |  2.96e-04 |  1.62e-02 |  1.03e-03 |  1.66e-05 |  1.0e-04 |  2.78e-10 |  5.06e-03 |  3.64e-02
  9090 |  2.387e-04 |  2.387e-05 |  3.368e-08 |  1.46e-04 |  2.62e-04 |  6.59e-05 |  2.93e-04 |  1.65e-02 |  1.03e-03 |  1.69e-05 |  1.0e-04 |  2.10e-10 |  5.06e-03 |  3.64e-02
  9100 |  2.387e-04 |  2.387e-05 |  3.354e-08 |  1.45e-04 |  2.63e-04 |  6.64e-05 |  2.94e-04 |  1.62e-02 |  9.33e-04 |  1.51e-05 |  1.0e-04 |  2.15e-10 |  5.05e-03 |  3.64e-02
  9110 |  2.388e-04 |  2.387e-05 |  3.377e-08 |  1.45e-04 |  2.65e-04 |  6.66e-05 |  2.97e-04 |  1.65e-02 |  9.32e-04 |  1.54e-05 |  1.0e-04 |  2.95e-10 |  5.05e-03 |  3.64e-02
  9120 |  2.391e-04 |  2.387e-05 |  3.368e-08 |  1.46e-04 |  2.61e-04 |  6.58e-05 |  2.95e-04 |  1.61e-02 |  9.32e-04 |  1.50e-05 |  1.0e-04 |  2.09e-10 |  5.05e-03 |  3.64e-02
  9130 |  2.382e-04 |  2.387e-05 |  3.352e-08 |  1.44e-04 |  2.62e-04 |  6.62e-05 |  2.97e-04 |  1.62e-02 |  8.46e-04 |  1.37e-05 |  1.0e-04 |  2.43e-10 |  5.05e-03 |  3.64e-02
  9140 |  2.380e-04 |  2.386e-05 |  3.326e-08 |  1.46e-04 |  2.56e-04 |  6.59e-05 |  2.93e-04 |  1.65e-02 |  1.02e-03 |  1.69e-05 |  1.0e-04 |  2.40e-10 |  5.04e-03 |  3.64e-02
  9150 |  2.391e-04 |  2.386e-05 |  3.335e-08 |  1.44e-04 |  2.68e-04 |  6.63e-05 |  2.93e-04 |  1.63e-02 |  8.45e-04 |  1.38e-05 |  1.0e-04 |  2.64e-10 |  5.04e-03 |  3.64e-02
  9160 |  2.381e-04 |  2.386e-05 |  3.367e-08 |  1.45e-04 |  2.57e-04 |  6.60e-05 |  2.98e-04 |  1.63e-02 |  9.29e-04 |  1.51e-05 |  1.0e-04 |  2.57e-10 |  5.04e-03 |  3.64e-02
  9170 |  2.385e-04 |  2.386e-05 |  3.329e-08 |  1.44e-04 |  2.66e-04 |  6.69e-05 |  2.92e-04 |  1.64e-02 |  9.29e-04 |  1.52e-05 |  1.0e-04 |  2.51e-10 |  5.03e-03 |  3.64e-02
  9180 |  2.385e-04 |  2.386e-05 |  3.455e-08 |  1.45e-04 |  2.77e-04 |  6.92e-05 |  2.99e-04 |  1.64e-02 |  9.28e-04 |  1.52e-05 |  1.0e-04 |  2.07e-10 |  5.03e-03 |  3.64e-02
  9190 |  2.385e-04 |  2.385e-05 |  3.355e-08 |  1.44e-04 |  2.64e-04 |  6.66e-05 |  2.96e-04 |  1.62e-02 |  9.27e-04 |  1.50e-05 |  1.0e-04 |  3.14e-10 |  5.03e-03 |  3.64e-02
  9200 |  2.382e-04 |  2.385e-05 |  3.323e-08 |  1.45e-04 |  2.59e-04 |  6.64e-05 |  2.93e-04 |  1.60e-02 |  9.27e-04 |  1.48e-05 |  1.0e-04 |  2.12e-10 |  5.02e-03 |  3.64e-02
  9210 |  2.387e-04 |  2.385e-05 |  3.355e-08 |  1.44e-04 |  2.64e-04 |  6.59e-05 |  2.96e-04 |  1.65e-02 |  9.26e-04 |  1.53e-05 |  1.0e-04 |  2.24e-10 |  5.02e-03 |  3.64e-02
  9220 |  2.386e-04 |  2.385e-05 |  3.300e-08 |  1.44e-04 |  2.56e-04 |  6.58e-05 |  2.94e-04 |  1.60e-02 |  9.26e-04 |  1.49e-05 |  1.0e-04 |  2.77e-10 |  5.02e-03 |  3.64e-02
  9230 |  2.385e-04 |  2.385e-05 |  3.360e-08 |  1.45e-04 |  2.67e-04 |  6.69e-05 |  2.93e-04 |  1.63e-02 |  9.25e-04 |  1.50e-05 |  1.0e-04 |  2.63e-10 |  5.01e-03 |  3.64e-02
  9240 |  2.383e-04 |  2.384e-05 |  3.382e-08 |  1.43e-04 |  2.72e-04 |  6.82e-05 |  2.97e-04 |  1.61e-02 |  8.40e-04 |  1.36e-05 |  1.0e-04 |  2.42e-10 |  5.01e-03 |  3.64e-02
  9250 |  2.384e-04 |  2.384e-05 |  3.341e-08 |  1.44e-04 |  2.58e-04 |  6.57e-05 |  2.97e-04 |  1.62e-02 |  8.40e-04 |  1.36e-05 |  1.0e-04 |  2.66e-10 |  5.01e-03 |  3.64e-02
  9260 |  2.388e-04 |  2.384e-05 |  3.369e-08 |  1.46e-04 |  2.61e-04 |  6.63e-05 |  2.94e-04 |  1.61e-02 |  1.02e-03 |  1.63e-05 |  1.0e-04 |  2.48e-10 |  5.00e-03 |  3.64e-02
  9270 |  2.384e-04 |  2.384e-05 |  3.385e-08 |  1.45e-04 |  2.68e-04 |  6.78e-05 |  2.95e-04 |  1.64e-02 |  1.02e-03 |  1.67e-05 |  1.0e-04 |  2.58e-10 |  5.00e-03 |  3.64e-02
  9280 |  2.381e-04 |  2.384e-05 |  3.387e-08 |  1.46e-04 |  2.60e-04 |  6.70e-05 |  2.97e-04 |  1.61e-02 |  9.22e-04 |  1.48e-05 |  1.0e-04 |  2.28e-10 |  5.00e-03 |  3.64e-02
  9290 |  2.388e-04 |  2.384e-05 |  3.322e-08 |  1.46e-04 |  2.61e-04 |  6.72e-05 |  2.89e-04 |  1.59e-02 |  1.01e-03 |  1.61e-05 |  1.0e-04 |  2.23e-10 |  4.99e-03 |  3.64e-02
  9300 |  2.385e-04 |  2.383e-05 |  3.306e-08 |  1.44e-04 |  2.56e-04 |  6.59e-05 |  2.95e-04 |  1.62e-02 |  9.21e-04 |  1.49e-05 |  1.0e-04 |  1.93e-10 |  4.99e-03 |  3.64e-02
  9310 |  2.382e-04 |  2.383e-05 |  3.357e-08 |  1.44e-04 |  2.63e-04 |  6.63e-05 |  2.96e-04 |  1.62e-02 |  9.20e-04 |  1.49e-05 |  1.0e-04 |  2.62e-10 |  4.99e-03 |  3.64e-02
  9320 |  2.381e-04 |  2.383e-05 |  3.328e-08 |  1.44e-04 |  2.69e-04 |  6.86e-05 |  2.91e-04 |  1.63e-02 |  1.01e-03 |  1.65e-05 |  1.0e-04 |  2.35e-10 |  4.98e-03 |  3.64e-02
  9330 |  2.391e-04 |  2.383e-05 |  3.333e-08 |  1.43e-04 |  2.63e-04 |  6.79e-05 |  2.96e-04 |  1.62e-02 |  8.36e-04 |  1.35e-05 |  1.0e-04 |  2.38e-10 |  4.98e-03 |  3.64e-02
  9340 |  2.387e-04 |  2.383e-05 |  3.376e-08 |  1.46e-04 |  2.72e-04 |  6.84e-05 |  2.90e-04 |  1.62e-02 |  1.01e-03 |  1.64e-05 |  1.0e-04 |  1.89e-10 |  4.98e-03 |  3.64e-02
  9350 |  2.386e-04 |  2.382e-05 |  3.323e-08 |  1.44e-04 |  2.63e-04 |  6.60e-05 |  2.94e-04 |  1.64e-02 |  9.18e-04 |  1.51e-05 |  1.0e-04 |  2.44e-10 |  4.97e-03 |  3.64e-02
  9360 |  2.381e-04 |  2.382e-05 |  3.341e-08 |  1.43e-04 |  2.68e-04 |  6.79e-05 |  2.94e-04 |  1.61e-02 |  9.18e-04 |  1.48e-05 |  1.0e-04 |  1.88e-10 |  4.97e-03 |  3.64e-02
  9370 |  2.388e-04 |  2.382e-05 |  3.313e-08 |  1.43e-04 |  2.63e-04 |  6.77e-05 |  2.94e-04 |  1.59e-02 |  9.17e-04 |  1.46e-05 |  1.0e-04 |  2.28e-10 |  4.97e-03 |  3.64e-02
  9380 |  2.385e-04 |  2.382e-05 |  3.385e-08 |  1.46e-04 |  2.62e-04 |  6.61e-05 |  2.95e-04 |  1.61e-02 |  1.01e-03 |  1.63e-05 |  1.0e-04 |  3.09e-10 |  4.97e-03 |  3.64e-02
  9390 |  2.379e-04 |  2.382e-05 |  3.262e-08 |  1.43e-04 |  2.65e-04 |  6.65e-05 |  2.87e-04 |  1.62e-02 |  9.16e-04 |  1.48e-05 |  1.0e-04 |  2.00e-10 |  4.96e-03 |  3.64e-02
  9400 |  2.379e-04 |  2.381e-05 |  3.333e-08 |  1.43e-04 |  2.74e-04 |  6.89e-05 |  2.92e-04 |  1.61e-02 |  8.32e-04 |  1.34e-05 |  1.0e-04 |  2.04e-10 |  4.96e-03 |  3.64e-02
  9410 |  2.379e-04 |  2.381e-05 |  3.294e-08 |  1.43e-04 |  2.59e-04 |  6.65e-05 |  2.93e-04 |  1.57e-02 |  9.15e-04 |  1.44e-05 |  1.0e-04 |  3.00e-10 |  4.96e-03 |  3.64e-02
  9420 |  2.387e-04 |  2.381e-05 |  3.317e-08 |  1.43e-04 |  2.72e-04 |  6.84e-05 |  2.91e-04 |  1.63e-02 |  1.01e-03 |  1.64e-05 |  1.0e-04 |  2.06e-10 |  4.95e-03 |  3.64e-02
  9430 |  2.376e-04 |  2.381e-05 |  3.289e-08 |  1.43e-04 |  2.68e-04 |  6.71e-05 |  2.89e-04 |  1.60e-02 |  9.14e-04 |  1.46e-05 |  1.0e-04 |  2.32e-10 |  4.95e-03 |  3.64e-02
  9440 |  2.375e-04 |  2.381e-05 |  3.321e-08 |  1.43e-04 |  2.64e-04 |  6.67e-05 |  2.94e-04 |  1.60e-02 |  1.00e-03 |  1.60e-05 |  1.0e-04 |  2.52e-10 |  4.95e-03 |  3.64e-02
  9450 |  2.381e-04 |  2.381e-05 |  3.279e-08 |  1.43e-04 |  2.65e-04 |  6.81e-05 |  2.90e-04 |  1.60e-02 |  9.12e-04 |  1.46e-05 |  1.0e-04 |  2.37e-10 |  4.94e-03 |  3.64e-02
  9460 |  2.385e-04 |  2.381e-05 |  3.293e-08 |  1.43e-04 |  2.58e-04 |  6.67e-05 |  2.94e-04 |  1.58e-02 |  9.12e-04 |  1.44e-05 |  1.0e-04 |  1.99e-10 |  4.94e-03 |  3.64e-02
  9470 |  2.377e-04 |  2.380e-05 |  3.233e-08 |  1.43e-04 |  2.60e-04 |  6.67e-05 |  2.87e-04 |  1.63e-02 |  1.00e-03 |  1.63e-05 |  1.0e-04 |  3.72e-10 |  4.94e-03 |  3.64e-02
  9480 |  2.387e-04 |  2.380e-05 |  3.269e-08 |  1.43e-04 |  2.58e-04 |  6.61e-05 |  2.93e-04 |  1.60e-02 |  9.11e-04 |  1.46e-05 |  1.0e-04 |  2.37e-10 |  4.93e-03 |  3.64e-02
  9490 |  2.385e-04 |  2.380e-05 |  3.347e-08 |  1.44e-04 |  2.66e-04 |  6.78e-05 |  2.94e-04 |  1.60e-02 |  1.00e-03 |  1.60e-05 |  1.0e-04 |  1.99e-10 |  4.93e-03 |  3.64e-02
  9500 |  2.379e-04 |  2.380e-05 |  3.327e-08 |  1.44e-04 |  2.66e-04 |  6.77e-05 |  2.92e-04 |  1.60e-02 |  1.00e-03 |  1.60e-05 |  1.0e-04 |  1.79e-10 |  4.93e-03 |  3.64e-02
  9510 |  2.382e-04 |  2.380e-05 |  3.246e-08 |  1.43e-04 |  2.61e-04 |  6.66e-05 |  2.88e-04 |  1.59e-02 |  9.09e-04 |  1.44e-05 |  1.0e-04 |  3.55e-10 |  4.92e-03 |  3.64e-02
  9520 |  2.387e-04 |  2.380e-05 |  3.229e-08 |  1.43e-04 |  2.50e-04 |  6.50e-05 |  2.91e-04 |  1.57e-02 |  9.08e-04 |  1.42e-05 |  1.0e-04 |  2.11e-10 |  4.92e-03 |  3.64e-02
  9530 |  2.383e-04 |  2.379e-05 |  3.285e-08 |  1.45e-04 |  2.60e-04 |  6.59e-05 |  2.87e-04 |  1.57e-02 |  9.08e-04 |  1.42e-05 |  1.0e-04 |  2.18e-10 |  4.92e-03 |  3.64e-02
  9540 |  2.374e-04 |  2.379e-05 |  3.323e-08 |  1.45e-04 |  2.71e-04 |  6.81e-05 |  2.88e-04 |  1.62e-02 |  9.98e-04 |  1.62e-05 |  1.0e-04 |  2.65e-10 |  4.92e-03 |  3.64e-02
  9550 |  2.378e-04 |  2.379e-05 |  3.293e-08 |  1.42e-04 |  2.67e-04 |  6.78e-05 |  2.91e-04 |  1.61e-02 |  9.07e-04 |  1.46e-05 |  1.0e-04 |  2.22e-10 |  4.91e-03 |  3.64e-02
  9560 |  2.378e-04 |  2.379e-05 |  3.268e-08 |  1.43e-04 |  2.56e-04 |  6.67e-05 |  2.93e-04 |  1.58e-02 |  9.06e-04 |  1.43e-05 |  1.0e-04 |  2.35e-10 |  4.91e-03 |  3.64e-02
  9570 |  2.378e-04 |  2.379e-05 |  3.295e-08 |  1.42e-04 |  2.66e-04 |  6.77e-05 |  2.92e-04 |  1.59e-02 |  9.96e-04 |  1.59e-05 |  1.0e-04 |  2.11e-10 |  4.91e-03 |  3.64e-02
  9580 |  2.378e-04 |  2.379e-05 |  3.253e-08 |  1.43e-04 |  2.56e-04 |  6.59e-05 |  2.90e-04 |  1.58e-02 |  9.96e-04 |  1.57e-05 |  1.0e-04 |  2.04e-10 |  4.90e-03 |  3.64e-02
  9590 |  2.371e-04 |  2.379e-05 |  3.338e-08 |  1.43e-04 |  2.73e-04 |  6.96e-05 |  2.92e-04 |  1.60e-02 |  9.05e-04 |  1.45e-05 |  1.0e-04 |  2.15e-10 |  4.90e-03 |  3.64e-02
  9600 |  2.371e-04 |  2.378e-05 |  3.267e-08 |  1.43e-04 |  2.63e-04 |  6.66e-05 |  2.89e-04 |  1.59e-02 |  9.04e-04 |  1.43e-05 |  1.0e-04 |  2.43e-10 |  4.90e-03 |  3.64e-02
  9610 |  2.380e-04 |  2.378e-05 |  3.233e-08 |  1.44e-04 |  2.61e-04 |  6.81e-05 |  2.84e-04 |  1.58e-02 |  9.94e-04 |  1.57e-05 |  1.0e-04 |  2.35e-10 |  4.89e-03 |  3.64e-02
  9620 |  2.380e-04 |  2.378e-05 |  3.232e-08 |  1.42e-04 |  2.56e-04 |  6.67e-05 |  2.91e-04 |  1.60e-02 |  9.03e-04 |  1.44e-05 |  1.0e-04 |  2.25e-10 |  4.89e-03 |  3.64e-02
  9630 |  2.385e-04 |  2.378e-05 |  3.216e-08 |  1.42e-04 |  2.55e-04 |  6.55e-05 |  2.90e-04 |  1.55e-02 |  9.02e-04 |  1.40e-05 |  1.0e-04 |  2.59e-10 |  4.89e-03 |  3.64e-02
  9640 |  2.375e-04 |  2.378e-05 |  3.242e-08 |  1.42e-04 |  2.61e-04 |  6.65e-05 |  2.90e-04 |  1.60e-02 |  9.02e-04 |  1.44e-05 |  1.0e-04 |  2.67e-10 |  4.88e-03 |  3.64e-02
  9650 |  2.380e-04 |  2.378e-05 |  3.316e-08 |  1.42e-04 |  2.67e-04 |  6.81e-05 |  2.94e-04 |  1.59e-02 |  9.01e-04 |  1.44e-05 |  1.0e-04 |  3.37e-10 |  4.88e-03 |  3.64e-02
  9660 |  2.374e-04 |  2.377e-05 |  3.263e-08 |  1.42e-04 |  2.71e-04 |  6.82e-05 |  2.88e-04 |  1.62e-02 |  9.01e-04 |  1.46e-05 |  1.0e-04 |  2.11e-10 |  4.88e-03 |  3.64e-02
  9670 |  2.368e-04 |  2.377e-05 |  3.307e-08 |  1.44e-04 |  2.64e-04 |  6.67e-05 |  2.92e-04 |  1.62e-02 |  9.90e-04 |  1.60e-05 |  1.0e-04 |  1.82e-10 |  4.88e-03 |  3.64e-02
  9680 |  2.374e-04 |  2.377e-05 |  3.252e-08 |  1.43e-04 |  2.62e-04 |  6.64e-05 |  2.88e-04 |  1.58e-02 |  1.09e-03 |  1.72e-05 |  1.0e-04 |  4.22e-10 |  4.87e-03 |  3.64e-02
  9690 |  2.379e-04 |  2.377e-05 |  3.254e-08 |  1.42e-04 |  2.65e-04 |  6.75e-05 |  2.89e-04 |  1.59e-02 |  8.99e-04 |  1.43e-05 |  1.0e-04 |  2.48e-10 |  4.87e-03 |  3.64e-02
  9700 |  2.380e-04 |  2.377e-05 |  3.281e-08 |  1.42e-04 |  2.67e-04 |  6.75e-05 |  2.91e-04 |  1.59e-02 |  8.99e-04 |  1.42e-05 |  1.0e-04 |  2.35e-10 |  4.87e-03 |  3.64e-02
  9710 |  2.377e-04 |  2.377e-05 |  3.198e-08 |  1.42e-04 |  2.53e-04 |  6.70e-05 |  2.88e-04 |  1.57e-02 |  9.88e-04 |  1.55e-05 |  1.0e-04 |  2.65e-10 |  4.86e-03 |  3.64e-02
  9720 |  2.378e-04 |  2.377e-05 |  3.201e-08 |  1.42e-04 |  2.54e-04 |  6.63e-05 |  2.87e-04 |  1.59e-02 |  9.87e-04 |  1.57e-05 |  1.0e-04 |  2.63e-10 |  4.86e-03 |  3.64e-02
  9730 |  2.370e-04 |  2.376e-05 |  3.126e-08 |  1.42e-04 |  2.48e-04 |  6.71e-05 |  2.82e-04 |  1.56e-02 |  9.87e-04 |  1.54e-05 |  1.0e-04 |  2.34e-10 |  4.86e-03 |  3.64e-02
  9740 |  2.386e-04 |  2.376e-05 |  3.235e-08 |  1.42e-04 |  2.53e-04 |  6.50e-05 |  2.92e-04 |  1.58e-02 |  8.96e-04 |  1.42e-05 |  1.0e-04 |  2.58e-10 |  4.86e-03 |  3.64e-02
  9750 |  2.371e-04 |  2.376e-05 |  3.309e-08 |  1.43e-04 |  2.70e-04 |  6.79e-05 |  2.91e-04 |  1.59e-02 |  9.85e-04 |  1.57e-05 |  1.0e-04 |  2.31e-10 |  4.85e-03 |  3.64e-02
  9760 |  2.378e-04 |  2.376e-05 |  3.233e-08 |  1.43e-04 |  2.61e-04 |  6.72e-05 |  2.87e-04 |  1.55e-02 |  9.85e-04 |  1.53e-05 |  1.0e-04 |  2.13e-10 |  4.85e-03 |  3.64e-02
  9770 |  2.373e-04 |  2.376e-05 |  3.168e-08 |  1.40e-04 |  2.59e-04 |  6.64e-05 |  2.85e-04 |  1.59e-02 |  8.95e-04 |  1.42e-05 |  1.0e-04 |  2.82e-10 |  4.85e-03 |  3.64e-02
  9780 |  2.380e-04 |  2.376e-05 |  3.251e-08 |  1.42e-04 |  2.62e-04 |  6.67e-05 |  2.89e-04 |  1.57e-02 |  9.84e-04 |  1.54e-05 |  1.0e-04 |  2.28e-10 |  4.84e-03 |  3.64e-02
  9790 |  2.375e-04 |  2.376e-05 |  3.248e-08 |  1.42e-04 |  2.57e-04 |  6.65e-05 |  2.92e-04 |  1.54e-02 |  8.94e-04 |  1.38e-05 |  1.0e-04 |  1.74e-10 |  4.84e-03 |  3.64e-02
  9800 |  2.378e-04 |  2.375e-05 |  3.175e-08 |  1.41e-04 |  2.58e-04 |  6.66e-05 |  2.86e-04 |  1.58e-02 |  8.93e-04 |  1.41e-05 |  1.0e-04 |  2.22e-10 |  4.84e-03 |  3.64e-02
  9810 |  2.374e-04 |  2.375e-05 |  3.241e-08 |  1.44e-04 |  2.60e-04 |  6.74e-05 |  2.85e-04 |  1.61e-02 |  9.82e-04 |  1.58e-05 |  1.0e-04 |  2.26e-10 |  4.83e-03 |  3.64e-02
  9820 |  2.375e-04 |  2.375e-05 |  3.282e-08 |  1.43e-04 |  2.72e-04 |  6.86e-05 |  2.87e-04 |  1.59e-02 |  9.81e-04 |  1.56e-05 |  1.0e-04 |  2.18e-10 |  4.83e-03 |  3.64e-02
  9830 |  2.373e-04 |  2.375e-05 |  3.230e-08 |  1.42e-04 |  2.56e-04 |  6.65e-05 |  2.91e-04 |  1.57e-02 |  8.92e-04 |  1.40e-05 |  1.0e-04 |  1.81e-10 |  4.83e-03 |  3.64e-02
  9840 |  2.376e-04 |  2.375e-05 |  3.183e-08 |  1.40e-04 |  2.55e-04 |  6.72e-05 |  2.89e-04 |  1.55e-02 |  8.91e-04 |  1.38e-05 |  1.0e-04 |  1.93e-10 |  4.83e-03 |  3.64e-02
  9850 |  2.374e-04 |  2.375e-05 |  3.236e-08 |  1.41e-04 |  2.58e-04 |  6.76e-05 |  2.91e-04 |  1.56e-02 |  8.90e-04 |  1.39e-05 |  1.0e-04 |  2.05e-10 |  4.82e-03 |  3.64e-02
  9860 |  2.374e-04 |  2.375e-05 |  3.166e-08 |  1.42e-04 |  2.57e-04 |  6.70e-05 |  2.83e-04 |  1.52e-02 |  9.79e-04 |  1.49e-05 |  1.0e-04 |  2.38e-10 |  4.82e-03 |  3.64e-02
  9870 |  2.371e-04 |  2.374e-05 |  3.227e-08 |  1.42e-04 |  2.55e-04 |  6.70e-05 |  2.90e-04 |  1.58e-02 |  9.78e-04 |  1.55e-05 |  1.0e-04 |  2.55e-10 |  4.82e-03 |  3.64e-02
  9880 |  2.371e-04 |  2.374e-05 |  3.169e-08 |  1.42e-04 |  2.55e-04 |  6.65e-05 |  2.84e-04 |  1.56e-02 |  9.78e-04 |  1.52e-05 |  1.0e-04 |  2.09e-10 |  4.81e-03 |  3.64e-02
  9890 |  2.370e-04 |  2.374e-05 |  3.285e-08 |  1.42e-04 |  2.64e-04 |  6.72e-05 |  2.92e-04 |  1.58e-02 |  8.88e-04 |  1.40e-05 |  1.0e-04 |  2.41e-10 |  4.81e-03 |  3.64e-02
  9900 |  2.375e-04 |  2.374e-05 |  3.272e-08 |  1.43e-04 |  2.64e-04 |  6.83e-05 |  2.89e-04 |  1.57e-02 |  9.77e-04 |  1.54e-05 |  1.0e-04 |  3.70e-10 |  4.81e-03 |  3.64e-02
  9910 |  2.371e-04 |  2.374e-05 |  3.158e-08 |  1.42e-04 |  2.54e-04 |  6.56e-05 |  2.82e-04 |  1.54e-02 |  9.76e-04 |  1.50e-05 |  1.0e-04 |  1.96e-10 |  4.81e-03 |  3.64e-02
  9920 |  2.374e-04 |  2.374e-05 |  3.224e-08 |  1.41e-04 |  2.65e-04 |  6.90e-05 |  2.87e-04 |  1.58e-02 |  9.75e-04 |  1.54e-05 |  1.0e-04 |  2.17e-10 |  4.80e-03 |  3.64e-02
  9930 |  2.373e-04 |  2.374e-05 |  3.217e-08 |  1.41e-04 |  2.62e-04 |  6.77e-05 |  2.88e-04 |  1.55e-02 |  8.86e-04 |  1.38e-05 |  1.0e-04 |  2.22e-10 |  4.80e-03 |  3.64e-02
  9940 |  2.374e-04 |  2.374e-05 |  3.165e-08 |  1.40e-04 |  2.59e-04 |  6.67e-05 |  2.86e-04 |  1.55e-02 |  8.86e-04 |  1.38e-05 |  1.0e-04 |  2.09e-10 |  4.80e-03 |  3.64e-02
  9950 |  2.380e-04 |  2.373e-05 |  3.232e-08 |  1.42e-04 |  2.64e-04 |  6.82e-05 |  2.86e-04 |  1.54e-02 |  9.74e-04 |  1.50e-05 |  1.0e-04 |  1.93e-10 |  4.79e-03 |  3.64e-02
  9960 |  2.371e-04 |  2.373e-05 |  3.161e-08 |  1.40e-04 |  2.50e-04 |  6.61e-05 |  2.89e-04 |  1.54e-02 |  9.73e-04 |  1.50e-05 |  1.0e-04 |  2.83e-10 |  4.79e-03 |  3.64e-02
  9970 |  2.373e-04 |  2.373e-05 |  3.209e-08 |  1.41e-04 |  2.64e-04 |  6.80e-05 |  2.87e-04 |  1.53e-02 |  9.73e-04 |  1.48e-05 |  1.0e-04 |  2.97e-10 |  4.79e-03 |  3.64e-02
  9980 |  2.376e-04 |  2.373e-05 |  3.231e-08 |  1.43e-04 |  2.62e-04 |  6.83e-05 |  2.85e-04 |  1.56e-02 |  1.07e-03 |  1.67e-05 |  1.0e-04 |  2.93e-10 |  4.79e-03 |  3.64e-02
  9990 |  2.372e-04 |  2.373e-05 |  3.182e-08 |  1.40e-04 |  2.58e-04 |  6.65e-05 |  2.88e-04 |  1.55e-02 |  8.83e-04 |  1.37e-05 |  1.0e-04 |  2.51e-10 |  4.78e-03 |  3.64e-02
 10000 |  2.371e-04 |  2.373e-05 |  3.236e-08 |  1.41e-04 |  2.67e-04 |  6.78e-05 |  2.87e-04 |  1.55e-02 |  8.83e-04 |  1.37e-05 |  1.0e-04 |  2.22e-10 |  4.78e-03 |  3.64e-02
[done] elapsed=4923.26s
[best] relL2=4.780e-03
Saved final theta -> allen_cahn_stosqp_final_deter.npy
[EVAL] full-grid MSE=1.139e-05, relL2=4.780e-03
Saved heatmaps -> allen_cahn_stosqp_heatmaps.png
