iter,obj_printed,obj_mse,feas_mse,pde_con_mse,bcv_mse,bcd_mse,ic_mse,pde_rms,bcv_rms,bcd_rms,ic_rms,station,alpha,step_inf,lambda,kkt,relL2,tau
10,0.6213,0.06208,0.09668,0.0625,0.08526399999999999,0.22657599999999997,0.190969,0.25,0.292,0.476,0.437,21.9,0.000421,0.00922,0.0001,1.43e-08,1.03,0.0434
20,0.6169,0.06165,0.09604,0.062001,0.08468099999999999,0.22372899999999998,0.190096,0.249,0.291,0.473,0.436,22.9,0.000345,0.00791,0.0001,2.16e-08,1.02,0.0364
30,0.6128,0.06123,0.09544,0.061503999999999996,0.08352099999999998,0.22184099999999998,0.190096,0.248,0.289,0.471,0.436,20.5,0.000407,0.00834,0.0001,1.91e-08,1.02,0.0364
40,0.6075,0.06068,0.09474,0.061009,0.08294399999999999,0.21996099999999996,0.189225,0.247,0.288,0.469,0.435,13.4,0.00058,0.00775,0.0001,2.31e-08,1.01,0.0364
50,0.5979,0.05966,0.09358,0.060024999999999995,0.08179599999999998,0.21715600000000002,0.188356,0.245,0.286,0.466,0.434,10.6,0.000912,0.00971,0.0001,3.36e-08,1.0,0.0364
60,0.5839,0.05826,0.09186,0.058564,0.08122499999999999,0.2116,0.18662399999999998,0.242,0.285,0.46,0.432,8.93,0.00108,0.00963,0.0001,3.01e-08,0.99,0.0364
70,0.5707,0.05692,0.0901,0.057121,0.08122499999999999,0.20611600000000002,0.18404099999999998,0.239,0.285,0.454,0.429,7.26,0.00128,0.00926,0.0001,2.56e-08,0.978,0.0364
80,0.5542,0.05525,0.08795,0.055695999999999996,0.07896100000000002,0.20070400000000002,0.181476,0.236,0.281,0.448,0.426,6.77,0.00125,0.00844,0.0001,1.04e-07,0.965,0.0364
90,0.5392,0.05381,0.08608,0.054289000000000004,0.07617600000000001,0.195364,0.179776,0.233,0.276,0.442,0.424,6.82,0.00101,0.00689,0.0001,5.8e-08,0.954,0.0364
100,0.5292,0.05284,0.08475,0.053361000000000006,0.07507600000000002,0.190969,0.178084,0.231,0.274,0.437,0.422,7.63,0.000743,0.00567,0.0001,2.71e-08,0.945,0.0364
110,0.5207,0.05199,0.08351,0.052441,0.07398400000000001,0.18576099999999998,0.17724099999999998,0.229,0.272,0.431,0.421,9.54,0.000663,0.00632,0.0001,5.14e-08,0.937,0.0364
120,0.5119,0.05111,0.08223,0.051529000000000005,0.07236100000000001,0.181476,0.175561,0.227,0.269,0.426,0.419,12.4,0.000591,0.0073,0.0001,2.03e-08,0.929,0.0364
130,0.5039,0.05031,0.08113,0.050625,0.07075600000000001,0.178084,0.174724,0.225,0.266,0.422,0.418,15.8,0.000527,0.00831,0.0001,2.2e-08,0.921,0.0364
140,0.4974,0.04968,0.08026,0.050176000000000005,0.06969600000000001,0.175561,0.173889,0.224,0.264,0.419,0.417,18.6,0.000428,0.00796,0.0001,4.66e-08,0.914,0.0364
150,0.4919,0.04914,0.0795,0.049729,0.06864400000000001,0.173889,0.172225,0.223,0.262,0.417,0.415,20.7,0.000421,0.00872,0.0001,2.74e-08,0.908,0.0364
160,0.4873,0.04868,0.07886,0.048841,0.06760000000000001,0.172225,0.171396,0.221,0.26,0.415,0.414,22.3,0.000376,0.0084,0.0001,3.25e-08,0.902,0.0364
170,0.4827,0.04823,0.07824,0.0484,0.067081,0.17056899999999997,0.17056899999999997,0.22,0.259,0.413,0.413,22.8,0.00037,0.00842,0.0001,4.49e-08,0.896,0.0364
180,0.4784,0.04779,0.07765,0.047961,0.066049,0.16974399999999998,0.17056899999999997,0.219,0.257,0.412,0.413,21.6,0.000364,0.00788,0.0001,2.97e-08,0.89,0.0364
190,0.4739,0.04735,0.07707,0.047524,0.065025,0.16809999999999997,0.16974399999999998,0.218,0.255,0.41,0.412,19.5,0.000358,0.00699,0.0001,2.5e-08,0.884,0.0364
200,0.4698,0.04694,0.07652,0.047524,0.064516,0.16646399999999997,0.168921,0.218,0.254,0.408,0.411,19.9,0.000353,0.00703,0.0001,3.29e-08,0.878,0.0364
210,0.4657,0.04653,0.07597,0.047089,0.064009,0.165649,0.16809999999999997,0.217,0.253,0.407,0.41,19.6,0.000348,0.0068,0.0001,3.63e-08,0.872,0.0364
220,0.4615,0.04611,0.07541,0.046655999999999996,0.063001,0.16402500000000003,0.16728099999999999,0.216,0.251,0.405,0.409,18.6,0.000343,0.00638,0.0001,2.86e-08,0.865,0.0364
230,0.4574,0.0457,0.07485,0.046224999999999995,0.0625,0.16240900000000003,0.16646399999999997,0.215,0.25,0.403,0.408,17.1,0.000338,0.00579,0.0001,2.62e-08,0.859,0.0364
240,0.4533,0.04529,0.0743,0.045795999999999996,0.062001,0.16080100000000003,0.16646399999999997,0.214,0.249,0.401,0.408,17.4,0.000333,0.00582,0.0001,2.59e-08,0.852,0.0364
250,0.4494,0.0449,0.07377,0.045369,0.061503999999999996,0.159201,0.165649,0.213,0.248,0.399,0.407,17.9,0.000329,0.00588,0.0001,4.22e-08,0.845,0.0364
260,0.4457,0.04454,0.07326,0.044944,0.061009,0.15760900000000003,0.164836,0.212,0.247,0.397,0.406,18.3,0.000325,0.00595,0.0001,2.71e-08,0.839,0.0364
270,0.4423,0.0442,0.07279,0.044521,0.060516,0.156816,0.16402500000000003,0.211,0.246,0.396,0.405,18.6,0.000321,0.00598,0.0001,3.75e-08,0.832,0.0364
280,0.4391,0.04388,0.07235,0.04409999999999999,0.060516,0.15602500000000002,0.16321600000000003,0.21,0.246,0.395,0.404,18.8,0.000317,0.00596,0.0001,3.05e-08,0.826,0.0364
290,0.4362,0.04359,0.07193,0.04409999999999999,0.060024999999999995,0.155236,0.16240900000000003,0.21,0.245,0.394,0.403,18.9,0.000313,0.00591,0.0001,3.11e-08,0.82,0.0364
300,0.4333,0.0433,0.07153,0.043681,0.059536,0.154449,0.16160400000000003,0.209,0.244,0.393,0.402,18.8,0.000309,0.00581,0.0001,2.13e-08,0.814,0.0364
310,0.4306,0.04304,0.07112,0.043264,0.059049,0.15366400000000002,0.16080100000000003,0.208,0.243,0.392,0.401,18.6,0.000305,0.00569,0.0001,2.63e-08,0.808,0.0364
320,0.4281,0.04279,0.07074,0.043264,0.058564,0.15288100000000002,0.16000000000000003,0.208,0.242,0.391,0.4,18.2,0.000302,0.00549,0.0001,2.57e-08,0.802,0.0364
330,0.4257,0.04255,0.07037,0.042849,0.058080999999999994,0.15288100000000002,0.15840400000000002,0.207,0.241,0.391,0.398,17.5,0.000328,0.00573,0.0001,3.46e-08,0.795,0.0364
340,0.4236,0.04234,0.07005,0.042849,0.0576,0.15288100000000002,0.15760900000000003,0.207,0.24,0.391,0.397,16.8,0.000324,0.00544,0.0001,2.65e-08,0.789,0.0364
350,0.4216,0.04214,0.06976,0.042435999999999995,0.0576,0.15366400000000002,0.156816,0.206,0.24,0.392,0.396,16.0,0.000321,0.00515,0.0001,5.49e-08,0.783,0.0364
360,0.4196,0.04194,0.06947,0.042435999999999995,0.057121,0.15366400000000002,0.15602500000000002,0.206,0.239,0.392,0.395,15.0,0.000317,0.00475,0.0001,3.58e-08,0.778,0.0364
370,0.4177,0.04175,0.06918,0.04202499999999999,0.05664399999999999,0.15366400000000002,0.154449,0.205,0.238,0.392,0.393,13.4,0.000314,0.00421,0.0001,3.39e-08,0.772,0.0364
380,0.4156,0.04154,0.06889,0.04202499999999999,0.056169,0.154449,0.15366400000000002,0.205,0.237,0.393,0.392,12.5,0.000311,0.00388,0.0001,2.97e-08,0.767,0.0364
390,0.4135,0.04133,0.06859,0.04161599999999999,0.055695999999999996,0.154449,0.15288100000000002,0.204,0.236,0.393,0.391,13.6,0.000338,0.00459,0.0001,3.14e-08,0.761,0.0364
400,0.4112,0.0411,0.06827,0.04161599999999999,0.055695999999999996,0.154449,0.1521,0.204,0.236,0.393,0.39,14.1,0.000335,0.00473,0.0001,3.81e-08,0.755,0.0364
410,0.4089,0.04086,0.06796,0.041209,0.055224999999999996,0.154449,0.151321,0.203,0.235,0.393,0.389,14.3,0.000332,0.00474,0.0001,3.29e-08,0.75,0.0364
420,0.4065,0.04063,0.06764,0.041209,0.055224999999999996,0.155236,0.149769,0.203,0.235,0.394,0.387,14.3,0.000328,0.00469,0.0001,3.18e-08,0.745,0.0364
430,0.4042,0.04039,0.0673,0.04080400000000001,0.054756000000000006,0.154449,0.14899600000000002,0.202,0.234,0.393,0.386,13.6,0.000325,0.00444,0.0001,2.91e-08,0.74,0.0364
440,0.4019,0.04016,0.06697,0.040401000000000006,0.054289000000000004,0.154449,0.148225,0.201,0.233,0.393,0.385,13.9,0.000322,0.00446,0.0001,3.23e-08,0.735,0.0364
450,0.3996,0.03994,0.06662,0.040401000000000006,0.054289000000000004,0.15366400000000002,0.147456,0.201,0.233,0.392,0.384,14.6,0.000319,0.00465,0.0001,3.84e-08,0.73,0.0364
460,0.3974,0.03971,0.06629,0.04000000000000001,0.053824000000000004,0.15366400000000002,0.146689,0.2,0.232,0.392,0.383,15.0,0.000316,0.00476,0.0001,3.66e-08,0.725,0.0364
470,0.3952,0.0395,0.06595,0.04000000000000001,0.053824000000000004,0.15288100000000002,0.145924,0.2,0.232,0.391,0.382,15.7,0.000314,0.00491,0.0001,3.72e-08,0.721,0.0364
480,0.3931,0.03929,0.06564,0.039601000000000004,0.053361000000000006,0.15288100000000002,0.145161,0.199,0.231,0.391,0.381,15.9,0.000311,0.00495,0.0001,3.35e-08,0.716,0.0364
490,0.3911,0.03909,0.0653,0.039601000000000004,0.053361000000000006,0.1521,0.1444,0.199,0.231,0.39,0.38,16.0,0.000308,0.00494,0.0001,3.05e-08,0.712,0.0364
500,0.3891,0.03889,0.06495,0.039204,0.0529,0.150544,0.143641,0.198,0.23,0.388,0.379,15.9,0.000305,0.00487,0.0001,2.78e-08,0.707,0.0364
510,0.387,0.03868,0.06457,0.039204,0.0529,0.14899600000000002,0.142884,0.198,0.23,0.386,0.378,15.6,0.000333,0.00518,0.0001,2.87e-08,0.703,0.0364
520,0.3848,0.03846,0.06413,0.038809,0.0529,0.147456,0.142129,0.197,0.23,0.384,0.377,14.9,0.00033,0.00492,0.0001,2.2e-08,0.698,0.0364
530,0.3824,0.03822,0.06363,0.038416000000000006,0.052441,0.145161,0.141376,0.196,0.229,0.381,0.376,14.3,0.00036,0.00517,0.0001,1.82e-08,0.693,0.0364
540,0.3799,0.03797,0.0631,0.038416000000000006,0.052441,0.142884,0.139876,0.196,0.229,0.378,0.374,13.5,0.000357,0.00481,0.0001,1.5e-08,0.688,0.0364
550,0.3772,0.03769,0.06254,0.038025,0.052441,0.139876,0.139129,0.195,0.229,0.374,0.373,12.9,0.00039,0.00503,0.0001,2.29e-08,0.683,0.0364
560,0.3743,0.0374,0.06197,0.037636,0.052441,0.13764099999999999,0.138384,0.194,0.229,0.371,0.372,12.4,0.000387,0.00478,0.0001,1.62e-08,0.678,0.0364
570,0.3714,0.03711,0.06141,0.037636,0.052441,0.134689,0.1369,0.194,0.229,0.367,0.37,12.0,0.000422,0.00505,0.0001,1.97e-08,0.673,0.0364
580,0.3683,0.0368,0.06084,0.037249000000000004,0.052441,0.132496,0.136161,0.193,0.229,0.364,0.369,11.6,0.000419,0.00486,0.0001,1.45e-08,0.668,0.0364
590,0.3652,0.03648,0.06029,0.036864,0.051984,0.131044,0.134689,0.192,0.228,0.362,0.367,11.1,0.000457,0.00509,0.0001,1.41e-08,0.663,0.0364
600,0.3618,0.03614,0.05971,0.036481,0.051984,0.128881,0.133956,0.191,0.228,0.359,0.366,10.6,0.000454,0.00481,0.0001,1.33e-08,0.657,0.0364
610,0.3583,0.03579,0.0591,0.0361,0.051529000000000005,0.126736,0.132496,0.19,0.227,0.356,0.364,9.77,0.000496,0.00484,0.0001,1.47e-08,0.652,0.0364
620,0.3545,0.03541,0.05843,0.035721,0.051076,0.12460899999999998,0.131044,0.189,0.226,0.353,0.362,8.98,0.000541,0.00486,0.0001,1.27e-08,0.646,0.0364
630,0.3504,0.035,0.05766,0.035344,0.050625,0.12180099999999998,0.1296,0.188,0.225,0.349,0.36,7.81,0.000591,0.00461,0.0001,1.2e-08,0.639,0.0364
640,0.3458,0.03453,0.05679,0.034969,0.049729,0.11833599999999998,0.128164,0.187,0.223,0.344,0.358,7.53,0.000645,0.00486,0.0001,1.02e-08,0.632,0.0364
650,0.3406,0.034,0.05579,0.034225,0.048841,0.11492100000000001,0.126736,0.185,0.221,0.339,0.356,7.52,0.000775,0.00583,0.0001,1.13e-08,0.624,0.0364
660,0.3345,0.03338,0.05468,0.033489,0.047961,0.11155600000000002,0.12460899999999998,0.183,0.219,0.334,0.353,6.93,0.000932,0.00645,0.0001,9.43e-09,0.614,0.0364
670,0.3271,0.03263,0.05337,0.032761,0.047089,0.10758400000000001,0.12180099999999998,0.181,0.217,0.328,0.349,5.6,0.00112,0.00627,0.0001,7.6e-09,0.604,0.0364
680,0.3184,0.03175,0.05178,0.032041,0.046224999999999995,0.101761,0.11833599999999998,0.179,0.215,0.319,0.344,4.48,0.00135,0.00603,0.0001,7.82e-09,0.591,0.0364
690,0.3078,0.03067,0.04977,0.030975999999999997,0.045369,0.094864,0.11492100000000001,0.176,0.213,0.308,0.339,3.93,0.00178,0.007,0.0001,6.98e-09,0.576,0.0364
700,0.295,0.02936,0.04733,0.029583999999999996,0.044521,0.085849,0.109561,0.172,0.211,0.293,0.331,3.5,0.00235,0.00823,0.0001,5.44e-09,0.558,0.0364
710,0.2804,0.02789,0.04452,0.027889000000000004,0.043264,0.07672900000000002,0.10368400000000001,0.167,0.208,0.277,0.322,3.46,0.00283,0.00978,0.0001,6.97e-09,0.537,0.0364
720,0.2638,0.02619,0.04123,0.026244,0.041209,0.066049,0.096721,0.162,0.203,0.257,0.311,3.28,0.00374,0.0123,0.0001,5.71e-09,0.513,0.0364
730,0.2441,0.0242,0.03729,0.024025,0.038809,0.051984,0.088804,0.155,0.197,0.228,0.298,3.02,0.00449,0.0136,0.0001,6.73e-09,0.485,0.0364
740,0.2204,0.02176,0.03288,0.021608999999999996,0.035344,0.039601000000000004,0.07952399999999998,0.147,0.188,0.199,0.282,2.73,0.00654,0.0178,0.0001,4.08e-09,0.45,0.0364
750,0.191,0.01877,0.0282,0.018496000000000002,0.030624999999999996,0.033856,0.068121,0.136,0.175,0.184,0.261,2.55,0.00865,0.0221,0.0001,3.66e-09,0.409,0.0364
760,0.1599,0.01567,0.02356,0.015375999999999999,0.024964,0.030624999999999996,0.05664399999999999,0.124,0.158,0.175,0.238,1.94,0.0104,0.0202,0.0001,2.45e-09,0.363,0.0364
770,0.1296,0.01264,0.01901,0.012321,0.019321000000000005,0.027889000000000004,0.044521,0.111,0.139,0.167,0.211,1.72,0.0138,0.0237,0.0001,2.26e-09,0.314,0.0364
780,0.09493,0.009065,0.01373,0.00876096,0.012769,0.024964,0.030975999999999997,0.0936,0.113,0.158,0.176,0.975,0.0242,0.0236,0.0001,1.79e-09,0.253,0.0364
790,0.05418,0.005032,0.007694,0.0047610000000000005,0.006724000000000001,0.018496000000000002,0.015876,0.069,0.082,0.136,0.126,0.768,0.0388,0.0298,0.0001,1.1e-09,0.182,0.0364
800,0.02082,0.001853,0.00315,0.00165649,0.0025908100000000002,0.012996,0.005227290000000001,0.0407,0.0509,0.114,0.0723,0.399,0.062,0.0247,0.0001,1.14e-09,0.119,0.0364
810,0.006081,0.000541,0.0009543,0.00041208999999999994,0.0004972900000000001,0.006272640000000001,0.0009672099999999999,0.0203,0.0223,0.0792,0.0311,0.168,0.0821,0.0138,0.0001,8.41e-10,0.081,0.0364
820,0.002233,0.0002068,0.0003145,0.00011236,5.8828899999999995e-05,0.0027248400000000005,0.00014641,0.0106,0.00767,0.0522,0.0121,0.163,0.0742,0.0121,0.0001,6.4e-10,0.0634,0.0364
830,0.001196,0.0001141,0.0001217,4.173159999999999e-05,1.68921e-05,0.0011289599999999998,2.97025e-05,0.00646,0.00411,0.0336,0.00545,0.148,0.061,0.009,0.0001,6.27e-10,0.0542,0.0364
840,0.0008095,7.848e-05,5.471e-05,1.936e-05,7.617599999999999e-06,0.00051076,9e-06,0.0044,0.00276,0.0226,0.003,0.128,0.0501,0.0064,0.0001,5.39e-10,0.048,0.0364
850,0.0006225,6.084e-05,2.771e-05,1.0048900000000001e-05,3.8024999999999996e-06,0.00025921,3.8808999999999996e-06,0.00317,0.00195,0.0161,0.00197,0.113,0.0412,0.00464,0.0001,4.64e-10,0.0435,0.0364
860,0.000518,5.109e-05,1.532e-05,5.6169e-06,2.0736000000000004e-06,0.00014161000000000002,2.1609e-06,0.00237,0.00144,0.0119,0.00147,0.101,0.0338,0.00342,0.0001,3.84e-10,0.0399,0.0364
870,0.0004575,4.528e-05,9.142e-06,3.3489000000000002e-06,1.2543999999999998e-06,8.44561e-05,1.4399999999999998e-06,0.00183,0.00112,0.00919,0.0012,0.0922,0.0306,0.00282,0.0001,5.04e-10,0.0371,0.0364
880,0.0004186,4.157e-05,5.776e-06,2.1315999999999996e-06,8.335689999999999e-07,5.29984e-05,1.1024999999999998e-06,0.00146,0.000913,0.00728,0.00105,0.0862,0.0276,0.00238,0.0001,4.66e-10,0.0347,0.0364
890,0.0003924,3.904e-05,3.866e-06,1.4161000000000003e-06,6.05284e-07,3.50464e-05,8.987039999999999e-07,0.00119,0.000778,0.00592,0.000948,0.0809,0.0227,0.00184,0.0001,4.37e-10,0.0328,0.0364
900,0.0003738,3.723e-05,2.719e-06,1e-06,4.70596e-07,2.4304900000000005e-05,7.691289999999999e-07,0.001,0.000686,0.00493,0.000877,0.0764,0.0205,0.00157,0.0001,3.96e-10,0.0311,0.0364
910,0.0003595,3.59e-05,1.99e-06,7.44769e-07,3.90625e-07,1.74724e-05,6.70761e-07,0.000863,0.000625,0.00418,0.000819,0.073,0.0186,0.00135,0.0001,2.91e-10,0.0297,0.0364
920,0.0003495,3.485e-05,1.504e-06,5.70025e-07,3.3408399999999994e-07,1.28881e-05,6.084e-07,0.000755,0.000578,0.00359,0.00078,0.07,0.0168,0.00117,0.0001,3.13e-10,0.0285,0.0364
930,0.0003427,3.403e-05,1.176e-06,4.54276e-07,3.10249e-07,9.7969e-06,5.58009e-07,0.000674,0.000557,0.00313,0.000747,0.0677,0.0152,0.00103,0.0001,3.98e-10,0.0275,0.0364
940,0.0003343,3.339e-05,9.45e-07,3.7209999999999995e-07,2.86225e-07,7.562499999999999e-06,5.37289e-07,0.00061,0.000535,0.00275,0.000733,0.0684,0.0151,0.00103,0.0001,2.91e-10,0.0265,0.0364
950,0.000328,3.284e-05,7.761e-07,3.1248100000000003e-07,2.54016e-07,6.0025e-06,5.09796e-07,0.000559,0.000504,0.00245,0.000714,0.0673,0.0137,0.000919,0.0001,3.43e-10,0.0257,0.0364
960,0.0003247,3.243e-05,6.468e-07,2.67289e-07,2.4206400000000004e-07,4.84e-06,4.6240000000000006e-07,0.000517,0.000492,0.0022,0.00068,0.0643,0.0124,0.000794,0.0001,3.65e-10,0.025,0.0364
970,0.0003216,3.204e-05,5.538e-07,2.34256e-07,2.29441e-07,3.9601e-06,4.5562500000000003e-07,0.000484,0.000479,0.00199,0.000675,0.0648,0.0112,0.000724,0.0001,3.51e-10,0.0243,0.0364
980,0.0003179,3.171e-05,4.793e-07,2.07025e-07,2.1808900000000001e-07,3.2761e-06,4.4222500000000003e-07,0.000455,0.000467,0.00181,0.000665,0.0645,0.0111,0.000717,0.0001,3.33e-10,0.0237,0.0364
990,0.0003145,3.142e-05,4.199e-07,1.86624e-07,2.17156e-07,2.7224999999999998e-06,4.1602499999999997e-07,0.000432,0.000466,0.00165,0.000645,0.0621,0.0101,0.000624,0.0001,3.52e-10,0.0232,0.0364
1000,0.0003122,3.12e-05,3.722e-07,1.69744e-07,2.06116e-07,2.3104000000000004e-06,4.00689e-07,0.000412,0.000454,0.00152,0.000633,0.0611,0.01,0.000611,0.0001,3.09e-10,0.0227,0.0364
1010,0.0003103,3.098e-05,3.352e-07,1.56816e-07,1.98916e-07,1.96e-06,3.9187600000000003e-07,0.000396,0.000446,0.0014,0.000626,0.0607,0.00905,0.000549,0.0001,3.12e-10,0.0222,0.0364
1020,0.0003072,3.079e-05,3.038e-07,1.4516099999999999e-07,1.9448099999999998e-07,1.69e-06,3.819239999999999e-07,0.000381,0.000441,0.0013,0.000618,0.0601,0.00818,0.000492,0.0001,3.53e-10,0.0218,0.0364
1030,0.0003058,3.062e-05,2.794e-07,1.369e-07,1.8404100000000003e-07,1.4640999999999999e-06,3.7699599999999994e-07,0.00037,0.000429,0.00121,0.000614,0.0599,0.00814,0.000488,0.0001,3.74e-10,0.0214,0.0364
1040,0.0003057,3.046e-05,2.588e-07,1.2816399999999998e-07,1.8404100000000003e-07,1.2768999999999998e-06,3.7699599999999994e-07,0.000358,0.000429,0.00113,0.000614,0.061,0.00737,0.00045,0.0001,4.1e-10,0.021,0.0364
1050,0.0003032,3.032e-05,2.41e-07,1.225e-07,1.8748900000000002e-07,1.1236e-06,3.62404e-07,0.00035,0.000433,0.00106,0.000602,0.0589,0.00733,0.000432,0.0001,2.72e-10,0.0207,0.0364
1060,0.0003013,3.02e-05,2.259e-07,1.16281e-07,1.90096e-07,9.84064e-07,3.5999999999999994e-07,0.000341,0.000436,0.000992,0.0006,0.0589,0.00663,0.000391,0.0001,2.84e-10,0.0203,0.0364
1070,0.0003002,3.008e-05,2.107e-07,1.1088900000000001e-07,1.849e-07,8.742249999999999e-07,3.4222500000000004e-07,0.000333,0.00043,0.000935,0.000585,0.0567,0.0066,0.000374,0.0001,3.55e-10,0.0201,0.0364
1080,0.0003002,2.999e-05,2e-07,1.06276e-07,1.81476e-07,7.779239999999999e-07,3.41056e-07,0.000326,0.000426,0.000882,0.000584,0.0571,0.00657,0.000375,0.0001,3.32e-10,0.0198,0.0364
1090,0.0002984,2.988e-05,1.891e-07,1.03041e-07,1.70569e-07,6.93889e-07,3.31776e-07,0.000321,0.000413,0.000833,0.000576,0.0562,0.00595,0.000334,0.0001,2.95e-10,0.0195,0.0364
1100,0.0002977,2.98e-05,1.802e-07,9.9225e-08,1.72225e-07,6.241e-07,3.26041e-07,0.000315,0.000415,0.00079,0.000571,0.0549,0.00592,0.000325,0.0001,2.62e-10,0.0192,0.0364
1110,0.0002971,2.97e-05,1.745e-07,9.672100000000001e-08,1.80625e-07,5.625e-07,3.2718400000000005e-07,0.000311,0.000425,0.00075,0.000572,0.0562,0.00589,0.000331,0.0001,3.87e-10,0.019,0.0364
1120,0.0002965,2.961e-05,1.668e-07,9.3636e-08,1.77241e-07,5.069439999999999e-07,3.20356e-07,0.000306,0.000421,0.000712,0.000566,0.0551,0.00533,0.000294,0.0001,2.8e-10,0.0188,0.0364
1130,0.0002968,2.954e-05,1.589e-07,9.120400000000001e-08,1.6160400000000002e-07,4.6240000000000006e-07,3.1248100000000003e-07,0.000302,0.000402,0.00068,0.000559,0.0539,0.00531,0.000286,0.0001,2.61e-10,0.0186,0.0364
1140,0.0002951,2.948e-05,1.534e-07,8.880399999999999e-08,1.6e-07,4.1990400000000005e-07,3.0802500000000006e-07,0.000298,0.0004,0.000648,0.000555,0.0536,0.00528,0.000283,0.0001,2.97e-10,0.0184,0.0364
1150,0.0002943,2.942e-05,1.496e-07,8.702500000000001e-08,1.69744e-07,3.8316099999999997e-07,3.0470399999999997e-07,0.000295,0.000412,0.000619,0.000552,0.0533,0.00478,0.000255,0.0001,3.67e-10,0.0182,0.0364
1160,0.0002937,2.936e-05,1.454e-07,8.5264e-08,1.681e-07,3.51649e-07,3.0030399999999996e-07,0.000292,0.00041,0.000593,0.000548,0.0526,0.00476,0.00025,0.0001,2.77e-10,0.018,0.0364
1170,0.0002922,2.93e-05,1.418e-07,8.352099999999998e-08,1.64025e-07,3.2376099999999996e-07,3.0030399999999996e-07,0.000289,0.000405,0.000569,0.000548,0.0535,0.00474,0.000254,0.0001,3.22e-10,0.0178,0.0364
1180,0.0002922,2.926e-05,1.379e-07,8.179600000000001e-08,1.64025e-07,2.9702500000000003e-07,2.981160000000001e-07,0.000286,0.000405,0.000545,0.000546,0.0522,0.00472,0.000246,0.0001,3.22e-10,0.0176,0.0364
1190,0.0002922,2.921e-05,1.351e-07,8.0656e-08,1.57609e-07,2.73529e-07,2.981160000000001e-07,0.000284,0.000397,0.000523,0.000546,0.0526,0.00427,0.000225,0.0001,2.83e-10,0.0174,0.0364
1200,0.0002906,2.915e-05,1.301e-07,7.8961e-08,1.54449e-07,2.54016e-07,2.86225e-07,0.000281,0.000393,0.000504,0.000535,0.0507,0.00425,0.000216,0.0001,3.12e-10,0.0173,0.0364
1210,0.0002908,2.911e-05,1.282e-07,7.7841e-08,1.56816e-07,2.3522500000000002e-07,2.8729600000000003e-07,0.000279,0.000396,0.000485,0.000536,0.0507,0.00424,0.000215,0.0001,3.86e-10,0.0171,0.0364
1220,0.0002904,2.906e-05,1.253e-07,7.728399999999999e-08,1.57609e-07,2.1808900000000001e-07,2.78784e-07,0.000278,0.000397,0.000467,0.000528,0.0498,0.00422,0.00021,0.0001,3.19e-10,0.017,0.0364
1230,0.0002899,2.901e-05,1.227e-07,7.617599999999999e-08,1.6240899999999998e-07,2.025e-07,2.72484e-07,0.000276,0.000403,0.00045,0.000522,0.0491,0.0042,0.000206,0.0001,3.11e-10,0.0168,0.0364
1240,0.0002896,2.896e-05,1.214e-07,7.507599999999999e-08,1.521e-07,1.89225e-07,2.809e-07,0.000274,0.00039,0.000435,0.00053,0.0504,0.0038,0.000192,0.0001,3.58e-10,0.0167,0.0364
1250,0.0002891,2.892e-05,1.199e-07,7.344099999999999e-08,1.681e-07,1.7640000000000002e-07,2.7562499999999996e-07,0.000271,0.00041,0.00042,0.000525,0.0501,0.00379,0.00019,0.0001,2.68e-10,0.0166,0.0364
1260,0.0002889,2.889e-05,1.167e-07,7.2361e-08,1.56816e-07,1.64836e-07,2.72484e-07,0.000269,0.000396,0.000406,0.000522,0.0493,0.00377,0.000186,0.0001,3.33e-10,0.0165,0.0364
1270,0.0002886,2.886e-05,1.148e-07,7.2361e-08,1.4976899999999997e-07,1.54449e-07,2.67289e-07,0.000269,0.000387,0.000393,0.000517,0.0485,0.00376,0.000182,0.0001,2.8e-10,0.0163,0.0364
1280,0.0002881,2.882e-05,1.129e-07,7.1289e-08,1.53664e-07,1.4440000000000002e-07,2.63169e-07,0.000267,0.000392,0.00038,0.000513,0.048,0.00374,0.00018,0.0001,2.47e-10,0.0162,0.0364
1290,0.0002885,2.879e-05,1.118e-07,7.0225e-08,1.54449e-07,1.35424e-07,2.652250000000001e-07,0.000265,0.000393,0.000368,0.000515,0.048,0.00339,0.000162,0.0001,2.56e-10,0.0161,0.0364
1300,0.0002871,2.876e-05,1.107e-07,7.0225e-08,1.56816e-07,1.27449e-07,2.62144e-07,0.000265,0.000396,0.000357,0.000512,0.047,0.00337,0.000159,0.0001,3.44e-10,0.016,0.0364
1310,0.0002869,2.872e-05,1.098e-07,6.9169e-08,1.59201e-07,1.19716e-07,2.6419600000000005e-07,0.000263,0.000399,0.000346,0.000514,0.0481,0.00336,0.000162,0.0001,3.34e-10,0.0159,0.0364
1320,0.0002869,2.869e-05,1.094e-07,6.9169e-08,1.52881e-07,1.12896e-07,2.6625599999999995e-07,0.000263,0.000391,0.000336,0.000516,0.0485,0.00335,0.000162,0.0001,2.65e-10,0.0158,0.0364
1330,0.000287,2.866e-05,1.066e-07,6.759999999999998e-08,1.521e-07,1.06276e-07,2.58064e-07,0.00026,0.00039,0.000326,0.000508,0.0471,0.00333,0.000157,0.0001,2.53e-10,0.0157,0.0364
1340,0.0002863,2.862e-05,1.049e-07,6.7081e-08,1.4516099999999999e-07,1.0048900000000001e-07,2.5704899999999996e-07,0.000259,0.000381,0.000317,0.000507,0.0468,0.00332,0.000155,0.0001,2.4e-10,0.0156,0.0364
1350,0.0002859,2.859e-05,1.037e-07,6.656399999999999e-08,1.521e-07,9.486400000000001e-08,2.5200399999999993e-07,0.000258,0.00039,0.000308,0.000502,0.0464,0.00331,0.000153,0.0001,2.73e-10,0.0155,0.0364
1360,0.0002856,2.856e-05,1.042e-07,6.656399999999999e-08,1.45924e-07,8.999999999999999e-08,2.6010000000000006e-07,0.000258,0.000382,0.0003,0.00051,0.0472,0.003,0.000141,0.0001,2.87e-10,0.0154,0.0364
1370,0.0002856,2.853e-05,1.019e-07,6.502500000000001e-08,1.52881e-07,8.5264e-08,2.5100100000000004e-07,0.000255,0.000391,0.000292,0.000501,0.0461,0.00298,0.000138,0.0001,2.96e-10,0.0153,0.0364
1380,0.0002846,2.851e-05,1.013e-07,6.4516e-08,1.56816e-07,8.0656e-08,2.49001e-07,0.000254,0.000396,0.000284,0.000499,0.0462,0.00297,0.000137,0.0001,2.53e-10,0.0152,0.0364
1390,0.0002848,2.848e-05,1.007e-07,6.400900000000001e-08,1.56816e-07,7.672900000000001e-08,2.5e-07,0.000253,0.000396,0.000277,0.0005,0.0455,0.00296,0.000135,0.0001,2.75e-10,0.0151,0.0364
1400,0.0002852,2.845e-05,9.87e-08,6.400900000000001e-08,1.50544e-07,7.29e-08,2.4206400000000004e-07,0.000253,0.000388,0.00027,0.000492,0.0446,0.00295,0.000132,0.0001,2.46e-10,0.015,0.0364
1410,0.000283,2.843e-05,9.819e-08,6.3504e-08,1.4976899999999997e-07,6.9169e-08,2.4206400000000004e-07,0.000252,0.000387,0.000263,0.000492,0.0446,0.00294,0.000131,0.0001,3.08e-10,0.0149,0.0364
1420,0.0002841,2.84e-05,9.652e-08,6.3504e-08,1.4137599999999998e-07,6.5536e-08,2.3912099999999996e-07,0.000252,0.000376,0.000256,0.000489,0.0437,0.00293,0.000128,0.0001,2.76e-10,0.0148,0.0364
1430,0.0002838,2.837e-05,9.715e-08,6.300099999999998e-08,1.48225e-07,6.25e-08,2.4304899999999997e-07,0.000251,0.000385,0.00025,0.000493,0.0457,0.00292,0.000133,0.0001,2.86e-10,0.0148,0.0364
1440,0.0002837,2.835e-05,9.538e-08,6.200099999999999e-08,1.42129e-07,5.9536e-08,2.3912099999999996e-07,0.000249,0.000377,0.000244,0.000489,0.0439,0.00264,0.000116,0.0001,2.67e-10,0.0147,0.0364
1450,0.0002837,2.833e-05,9.533e-08,6.25e-08,1.48996e-07,5.664400000000001e-08,2.3522500000000002e-07,0.00025,0.000386,0.000238,0.000485,0.0438,0.0029,0.000127,0.0001,2.8e-10,0.0146,0.0364
1460,0.0002826,2.83e-05,9.405e-08,6.1504e-08,1.4137599999999998e-07,5.4289e-08,2.38144e-07,0.000248,0.000376,0.000233,0.000488,0.0432,0.00262,0.000113,0.0001,2.46e-10,0.0145,0.0364
1470,0.0002825,2.828e-05,9.504e-08,6.100899999999999e-08,1.521e-07,5.1529e-08,2.41081e-07,0.000247,0.00039,0.000227,0.000491,0.0447,0.00261,0.000117,0.0001,2.19e-10,0.0144,0.0364
1480,0.0002822,2.825e-05,9.438e-08,6.100899999999999e-08,1.4976899999999997e-07,4.9284e-08,2.3912099999999996e-07,0.000247,0.000387,0.000222,0.000489,0.0438,0.0026,0.000114,0.0001,3.49e-10,0.0144,0.0364
1490,0.0002822,2.823e-05,9.442e-08,6.1504e-08,1.52881e-07,4.708899999999999e-08,2.3716900000000002e-07,0.000248,0.000391,0.000217,0.000487,0.044,0.0026,0.000114,0.0001,2.93e-10,0.0143,0.0364
1500,0.0002822,2.821e-05,9.172e-08,5.9536e-08,1.4440000000000002e-07,4.5369e-08,2.3328899999999997e-07,0.000244,0.00038,0.000213,0.000483,0.0429,0.00259,0.000111,0.0001,2.95e-10,0.0142,0.0364
1510,0.0002821,2.819e-05,9.159e-08,5.9049e-08,1.42129e-07,4.3263999999999996e-08,2.36196e-07,0.000243,0.000377,0.000208,0.000486,0.0436,0.00258,0.000112,0.0001,3.16e-10,0.0142,0.0364
1520,0.000282,2.817e-05,9.088e-08,5.9049e-08,1.48225e-07,4.1616e-08,2.304e-07,0.000243,0.000385,0.000204,0.00048,0.0427,0.00257,0.00011,0.0001,2.64e-10,0.0141,0.0364
1530,0.0002821,2.815e-05,9.188e-08,5.9536e-08,1.46689e-07,3.9601000000000005e-08,2.3716900000000002e-07,0.000244,0.000383,0.000199,0.000487,0.0437,0.00256,0.000112,0.0001,2.62e-10,0.014,0.0364
1540,0.0002811,2.814e-05,8.97e-08,5.8564e-08,1.38384e-07,3.8025e-08,2.304e-07,0.000242,0.000372,0.000195,0.00048,0.0423,0.00232,9.81e-05,0.0001,2.54e-10,0.014,0.0364
1550,0.0002822,2.811e-05,8.904e-08,5.8564e-08,1.42129e-07,3.6481e-08,2.2657600000000003e-07,0.000242,0.000377,0.000191,0.000476,0.0418,0.00254,0.000106,0.0001,3.13e-10,0.0139,0.0364
1560,0.000281,2.81e-05,8.914e-08,5.8081e-08,1.48225e-07,3.5343999999999995e-08,2.25625e-07,0.000241,0.000385,0.000188,0.000475,0.0424,0.0023,9.76e-05,0.0001,2.34e-10,0.0138,0.0364
1570,0.0002809,2.808e-05,8.803e-08,5.7600000000000006e-08,1.45924e-07,3.3856e-08,2.22784e-07,0.00024,0.000382,0.000184,0.000472,0.0417,0.00229,9.57e-05,0.0001,2.48e-10,0.0138,0.0364
1580,0.0002811,2.807e-05,8.765e-08,5.7600000000000006e-08,1.4516099999999999e-07,3.2400000000000006e-08,2.21841e-07,0.00024,0.000381,0.00018,0.000471,0.0409,0.00229,9.34e-05,0.0001,3.06e-10,0.0137,0.0364
1590,0.0002807,2.805e-05,8.716e-08,5.7121000000000006e-08,1.3468899999999997e-07,3.1328999999999996e-08,2.25625e-07,0.000239,0.000367,0.000177,0.000475,0.0423,0.00228,9.63e-05,0.0001,2.53e-10,0.0137,0.0364
1600,0.0002801,2.804e-05,8.724e-08,5.664400000000001e-08,1.4745600000000002e-07,3.0276e-08,2.22784e-07,0.000238,0.000384,0.000174,0.000472,0.0418,0.00227,9.5e-05,0.0001,2.23e-10,0.0136,0.0364
1610,0.0002801,2.802e-05,8.627e-08,5.7121000000000006e-08,1.40625e-07,2.8900000000000004e-08,2.1996100000000002e-07,0.000239,0.000375,0.00017,0.000469,0.0411,0.00226,9.3e-05,0.0001,2.44e-10,0.0135,0.0364
1620,0.00028,2.8e-05,8.606e-08,5.664400000000001e-08,1.38384e-07,2.7889e-08,2.209e-07,0.000238,0.000372,0.000167,0.00047,0.0412,0.00226,9.3e-05,0.0001,2.9e-10,0.0135,0.0364
1630,0.0002801,2.798e-05,8.703e-08,5.664400000000001e-08,1.4745600000000002e-07,2.6896e-08,2.23729e-07,0.000238,0.000384,0.000164,0.000473,0.042,0.00225,9.45e-05,0.0001,2.54e-10,0.0134,0.0364
1640,0.0002792,2.797e-05,8.519e-08,5.616899999999999e-08,1.42129e-07,2.5921000000000004e-08,2.17156e-07,0.000237,0.000377,0.000161,0.000466,0.0407,0.00224,9.12e-05,0.0001,2.23e-10,0.0134,0.0364
1650,0.0002801,2.795e-05,8.63e-08,5.664400000000001e-08,1.45924e-07,2.4963999999999998e-08,2.1996100000000002e-07,0.000238,0.000382,0.000158,0.000469,0.0412,0.00223,9.21e-05,0.0001,2.98e-10,0.0133,0.0364
1660,0.0002791,2.793e-05,8.496e-08,5.616899999999999e-08,1.369e-07,2.4025e-08,2.19024e-07,0.000237,0.00037,0.000155,0.000468,0.0405,0.00223,9.02e-05,0.0001,2.72e-10,0.0133,0.0364
1670,0.0002796,2.792e-05,8.374e-08,5.4756e-08,1.37641e-07,2.3409e-08,2.17156e-07,0.000234,0.000371,0.000153,0.000466,0.0407,0.00202,8.21e-05,0.0001,3.01e-10,0.0132,0.0364
1680,0.0002785,2.79e-05,8.38e-08,5.4756e-08,1.43641e-07,2.2499999999999996e-08,2.15296e-07,0.000234,0.000379,0.00015,0.000464,0.0403,0.00201,8.11e-05,0.0001,2.49e-10,0.0132,0.0364
1690,0.0002785,2.789e-05,8.358e-08,5.4756e-08,1.42129e-07,2.1904e-08,2.1436899999999998e-07,0.000234,0.000377,0.000148,0.000463,0.0399,0.00221,8.8e-05,0.0001,2.5e-10,0.0131,0.0364
1700,0.0002789,2.788e-05,8.326e-08,5.5696e-08,1.369e-07,2.1025e-08,2.1068099999999998e-07,0.000236,0.00037,0.000145,0.000459,0.0395,0.0022,8.68e-05,0.0001,3.43e-10,0.0131,0.0364
1710,0.0002781,2.786e-05,8.371e-08,5.5225e-08,1.3987599999999997e-07,2.0449000000000003e-08,2.15296e-07,0.000235,0.000374,0.000143,0.000464,0.0401,0.00199,7.99e-05,0.0001,3.14e-10,0.013,0.0364
1720,0.0002788,2.785e-05,8.286e-08,5.4756e-08,1.39129e-07,1.9599999999999997e-08,2.1344400000000002e-07,0.000234,0.000373,0.00014,0.000462,0.0398,0.00199,7.91e-05,0.0001,2.4e-10,0.013,0.0364
1730,0.0002786,2.783e-05,8.211e-08,5.4756e-08,1.35424e-07,1.9043999999999998e-08,2.1068099999999998e-07,0.000234,0.000368,0.000138,0.000459,0.0397,0.00198,7.87e-05,0.0001,3.45e-10,0.0129,0.0364
1740,0.0002783,2.782e-05,8.175e-08,5.3824e-08,1.32496e-07,1.8496e-08,2.1436899999999998e-07,0.000232,0.000364,0.000136,0.000463,0.0395,0.00197,7.81e-05,0.0001,2.59e-10,0.0129,0.0364
1750,0.0002781,2.781e-05,8.131e-08,5.3361000000000004e-08,1.37641e-07,1.7956000000000002e-08,2.1068099999999998e-07,0.000231,0.000371,0.000134,0.000459,0.0393,0.00197,7.74e-05,0.0001,2.89e-10,0.0128,0.0364
1760,0.0002777,2.779e-05,8.22e-08,5.3361000000000004e-08,1.43641e-07,1.7424e-08,2.1344400000000002e-07,0.000231,0.000379,0.000132,0.000462,0.0397,0.00196,7.79e-05,0.0001,3.05e-10,0.0128,0.0364
1770,0.0002776,2.778e-05,8.172e-08,5.2900000000000004e-08,1.3616100000000002e-07,1.6899999999999996e-08,2.15296e-07,0.00023,0.000369,0.00013,0.000464,0.0395,0.00196,7.72e-05,0.0001,2.65e-10,0.0127,0.0364
1780,0.000278,2.777e-05,8.032e-08,5.2441000000000006e-08,1.45924e-07,1.6640999999999997e-08,2.0430399999999997e-07,0.000229,0.000382,0.000129,0.000452,0.0384,0.00195,7.49e-05,0.0001,2.54e-10,0.0127,0.0364
1790,0.0002784,2.775e-05,8.037e-08,5.2900000000000004e-08,1.37641e-07,1.5876e-08,2.08849e-07,0.00023,0.000371,0.000126,0.000457,0.0384,0.00194,7.46e-05,0.0001,2.39e-10,0.0127,0.0364
1800,0.0002772,2.774e-05,8.058e-08,5.2441000000000006e-08,1.43641e-07,1.5625e-08,2.0793600000000002e-07,0.000229,0.000379,0.000125,0.000456,0.0391,0.00194,7.57e-05,0.0001,3.1e-10,0.0126,0.0364
1810,0.0002769,2.773e-05,7.988e-08,5.2441000000000006e-08,1.43641e-07,1.5129000000000003e-08,2.0430399999999997e-07,0.000229,0.000379,0.000123,0.000452,0.0379,0.00193,7.32e-05,0.0001,3.18e-10,0.0126,0.0364
1820,0.0002774,2.772e-05,8.023e-08,5.1984000000000004e-08,1.42129e-07,1.4641e-08,2.0793600000000002e-07,0.000228,0.000377,0.000121,0.000456,0.0383,0.00193,7.38e-05,0.0001,2.83e-10,0.0125,0.0364
1830,0.0002772,2.77e-05,7.874e-08,5.2441000000000006e-08,1.30321e-07,1.4161000000000002e-08,2.0430399999999997e-07,0.000229,0.000361,0.000119,0.000452,0.0376,0.00192,7.22e-05,0.0001,3.2e-10,0.0125,0.0364
1840,0.0002774,2.769e-05,8.076e-08,5.2900000000000004e-08,1.4137599999999998e-07,1.3924e-08,2.08849e-07,0.00023,0.000376,0.000118,0.000457,0.0398,0.00192,7.62e-05,0.0001,3.37e-10,0.0124,0.0364
1850,0.0002771,2.767e-05,7.91e-08,5.1984000000000004e-08,1.4137599999999998e-07,1.3456e-08,2.025e-07,0.000228,0.000376,0.000116,0.00045,0.0379,0.00191,7.25e-05,0.0001,3.52e-10,0.0124,0.0364
1860,0.0002764,2.766e-05,7.919e-08,5.1075999999999994e-08,1.39129e-07,1.2996000000000001e-08,2.08849e-07,0.000226,0.000373,0.000114,0.000457,0.0388,0.00173,6.72e-05,0.0001,2.43e-10,0.0124,0.0364
1870,0.0002769,2.765e-05,7.908e-08,5.1529e-08,1.33956e-07,1.2768999999999998e-08,2.08849e-07,0.000227,0.000366,0.000113,0.000457,0.0388,0.00173,6.69e-05,0.0001,3.53e-10,0.0123,0.0364
1880,0.0002768,2.763e-05,7.822e-08,5.1075999999999994e-08,1.32496e-07,1.2321e-08,2.05209e-07,0.000226,0.000364,0.000111,0.000453,0.0387,0.00172,6.65e-05,0.0001,3.56e-10,0.0123,0.0364
1890,0.0002766,2.762e-05,7.792e-08,5.1075999999999994e-08,1.39129e-07,1.21e-08,2.00704e-07,0.000226,0.000373,0.00011,0.000448,0.0375,0.00172,6.44e-05,0.0001,3.17e-10,0.0122,0.0364
1900,0.0002762,2.761e-05,7.831e-08,5.1075999999999994e-08,1.4288400000000002e-07,1.1881e-08,2.01601e-07,0.000226,0.000378,0.000109,0.000449,0.0377,0.00188,7.1e-05,0.0001,2.76e-10,0.0122,0.0364
1910,0.0002754,2.76e-05,7.643e-08,5.0625e-08,1.2960000000000002e-07,1.1449e-08,1.9802499999999997e-07,0.000225,0.00036,0.000107,0.000445,0.0372,0.00188,6.98e-05,0.0001,3.04e-10,0.0122,0.0364
1920,0.0002763,2.758e-05,7.666e-08,5.0176e-08,1.4137599999999998e-07,1.1236e-08,1.9624899999999997e-07,0.000224,0.000376,0.000106,0.000443,0.0369,0.0017,6.27e-05,0.0001,2.63e-10,0.0121,0.0364
1930,0.0002764,2.757e-05,7.703e-08,5.0625e-08,1.3104400000000002e-07,1.0815999999999999e-08,2.025e-07,0.000225,0.000362,0.000104,0.00045,0.0378,0.0017,6.41e-05,0.0001,2.68e-10,0.0121,0.0364
1940,0.0002753,2.756e-05,7.694e-08,5.0625e-08,1.31769e-07,1.0609e-08,2.00704e-07,0.000225,0.000363,0.000103,0.000448,0.0378,0.00186,7.03e-05,0.0001,2.23e-10,0.012,0.0364
1950,0.000276,2.755e-05,7.737e-08,5.0625e-08,1.33956e-07,1.0404e-08,2.03401e-07,0.000225,0.000366,0.000102,0.000451,0.0382,0.00169,6.45e-05,0.0001,2.59e-10,0.012,0.0364
1960,0.0002752,2.754e-05,7.658e-08,5.0176e-08,1.39129e-07,1.0201e-08,1.9802499999999997e-07,0.000224,0.000373,0.000101,0.000445,0.0372,0.00168,6.27e-05,0.0001,2.33e-10,0.012,0.0364
1970,0.0002757,2.753e-05,7.535e-08,4.9729e-08,1.3322499999999998e-07,9.900250000000001e-09,1.936e-07,0.000223,0.000365,9.95e-05,0.00044,0.0354,0.00168,5.93e-05,0.0001,2.76e-10,0.0119,0.0364
1980,0.0002752,2.751e-05,7.694e-08,4.9284e-08,1.3987599999999997e-07,9.78121e-09,2.03401e-07,0.000222,0.000374,9.89e-05,0.000451,0.0379,0.00167,6.34e-05,0.0001,3.19e-10,0.0119,0.0364
1990,0.0002754,2.75e-05,7.634e-08,4.9729e-08,1.37641e-07,9.52576e-09,1.98916e-07,0.000223,0.000371,9.76e-05,0.000446,0.0372,0.00167,6.21e-05,0.0001,3.42e-10,0.0119,0.0364
2000,0.0002751,2.749e-05,7.429e-08,4.9729e-08,1.2960000000000002e-07,9.216000000000001e-09,1.90096e-07,0.000223,0.00036,9.6e-05,0.000436,0.0355,0.00166,5.91e-05,0.0001,2.68e-10,0.0118,0.0364
2010,0.0002751,2.748e-05,7.499e-08,4.9729e-08,1.2960000000000002e-07,9.006010000000001e-09,1.9448099999999998e-07,0.000223,0.00036,9.49e-05,0.000441,0.037,0.00166,6.14e-05,0.0001,2.4e-10,0.0118,0.0364
2020,0.0002742,2.747e-05,7.48e-08,4.8841e-08,1.32496e-07,8.87364e-09,1.9624899999999997e-07,0.000221,0.000364,9.42e-05,0.000443,0.0366,0.00166,6.06e-05,0.0001,1.93e-10,0.0118,0.0364
2030,0.0002744,2.746e-05,7.435e-08,4.8841e-08,1.3104400000000002e-07,8.649e-09,1.936e-07,0.000221,0.000362,9.3e-05,0.00044,0.0361,0.00165,5.97e-05,0.0001,3.08e-10,0.0117,0.0364
2040,0.0002745,2.745e-05,7.562e-08,4.9284e-08,1.28881e-07,8.44561e-09,2.01601e-07,0.000222,0.000359,9.19e-05,0.000449,0.0369,0.00165,6.07e-05,0.0001,2.26e-10,0.0117,0.0364
2050,0.0002743,2.744e-05,7.543e-08,4.9284e-08,1.3468899999999997e-07,8.37225e-09,1.9624899999999997e-07,0.000222,0.000367,9.15e-05,0.000443,0.0364,0.00164,5.98e-05,0.0001,2.52e-10,0.0117,0.0364
2060,0.0002738,2.743e-05,7.359e-08,4.84e-08,1.2816399999999998e-07,8.136039999999999e-09,1.936e-07,0.00022,0.000358,9.02e-05,0.00044,0.0358,0.00164,5.87e-05,0.0001,2.49e-10,0.0116,0.0364
2070,0.0002734,2.741e-05,7.473e-08,4.8841e-08,1.369e-07,8.100000000000001e-09,1.9448099999999998e-07,0.000221,0.00037,9e-05,0.000441,0.0363,0.00163,5.93e-05,0.0001,2.5e-10,0.0116,0.0364
2080,0.0002742,2.74e-05,7.389e-08,4.7961e-08,1.39129e-07,7.95664e-09,1.90969e-07,0.000219,0.000373,8.92e-05,0.000437,0.0354,0.00163,5.78e-05,0.0001,2.68e-10,0.0116,0.0364
2090,0.000274,2.739e-05,7.289e-08,4.84e-08,1.3104400000000002e-07,7.673760000000001e-09,1.86624e-07,0.00022,0.000362,8.76e-05,0.000432,0.0349,0.00162,5.67e-05,0.0001,3.29e-10,0.0115,0.0364
2100,0.0002743,2.738e-05,7.322e-08,4.7961e-08,1.33956e-07,7.569e-09,1.90096e-07,0.000219,0.000366,8.7e-05,0.000436,0.0356,0.00147,5.24e-05,0.0001,2.86e-10,0.0115,0.0364
2110,0.0002737,2.737e-05,7.416e-08,4.84e-08,1.31769e-07,7.413210000000001e-09,1.9448099999999998e-07,0.00022,0.000363,8.61e-05,0.000441,0.0367,0.00162,5.93e-05,0.0001,2.16e-10,0.0115,0.0364
2120,0.0002737,2.736e-05,7.319e-08,4.7961e-08,1.2602500000000002e-07,7.19104e-09,1.9448099999999998e-07,0.000219,0.000355,8.48e-05,0.000441,0.0354,0.00161,5.71e-05,0.0001,2.18e-10,0.0115,0.0364
2130,0.0002729,2.735e-05,7.252e-08,4.708899999999999e-08,1.38384e-07,7.29316e-09,1.86624e-07,0.000217,0.000372,8.54e-05,0.000432,0.0352,0.00146,5.15e-05,0.0001,2.71e-10,0.0114,0.0364
2140,0.000273,2.733e-05,7.233e-08,4.7524e-08,1.3616100000000002e-07,7.106490000000001e-09,1.8576100000000002e-07,0.000218,0.000369,8.43e-05,0.000431,0.0348,0.0016,5.58e-05,0.0001,2.37e-10,0.0114,0.0364
2150,0.0002729,2.732e-05,7.322e-08,4.7524e-08,1.30321e-07,6.889e-09,1.936e-07,0.000218,0.000361,8.3e-05,0.00044,0.0365,0.0016,5.84e-05,0.0001,3.07e-10,0.0114,0.0364
2160,0.0002725,2.731e-05,7.215e-08,4.708899999999999e-08,1.27449e-07,6.70761e-09,1.89225e-07,0.000217,0.000357,8.19e-05,0.000435,0.0344,0.0016,5.49e-05,0.0001,3.14e-10,0.0113,0.0364
2170,0.000273,2.73e-05,7.111e-08,4.6656e-08,1.225e-07,6.54481e-09,1.86624e-07,0.000216,0.00035,8.09e-05,0.000432,0.0347,0.00159,5.52e-05,0.0001,3.05e-10,0.0113,0.0364
2180,0.0002731,2.729e-05,7.257e-08,4.708899999999999e-08,1.369e-07,6.658560000000001e-09,1.8835599999999997e-07,0.000217,0.00037,8.16e-05,0.000434,0.0348,0.00159,5.53e-05,0.0001,2.55e-10,0.0113,0.0364
2190,0.0002723,2.728e-05,7.162e-08,4.708899999999999e-08,1.2602500000000002e-07,6.36804e-09,1.86624e-07,0.000217,0.000355,7.98e-05,0.000432,0.0345,0.00158,5.46e-05,0.0001,2.8e-10,0.0113,0.0364
2200,0.0002723,2.727e-05,7.209e-08,4.7524e-08,1.3322499999999998e-07,6.35209e-09,1.849e-07,0.000218,0.000365,7.97e-05,0.00043,0.0346,0.00158,5.46e-05,0.0001,2.04e-10,0.0112,0.0364
2210,0.0002728,2.726e-05,7.129e-08,4.6656e-08,1.2602500000000002e-07,6.17796e-09,1.86624e-07,0.000216,0.000355,7.86e-05,0.000432,0.0342,0.00143,4.9e-05,0.0001,2.67e-10,0.0112,0.0364
2220,0.0002725,2.726e-05,7.001e-08,4.6656e-08,1.2040899999999998e-07,6.052839999999999e-09,1.8232900000000002e-07,0.000216,0.000347,7.78e-05,0.000427,0.0339,0.00143,4.85e-05,0.0001,3.16e-10,0.0112,0.0364
2230,0.0002728,2.725e-05,7.022e-08,4.6225e-08,1.2531599999999998e-07,5.959840000000001e-09,1.83184e-07,0.000215,0.000354,7.72e-05,0.000428,0.0338,0.00143,4.81e-05,0.0001,2.57e-10,0.0111,0.0364
2240,0.000273,2.724e-05,7.133e-08,4.708899999999999e-08,1.19716e-07,5.85225e-09,1.8835599999999997e-07,0.000217,0.000346,7.65e-05,0.000434,0.0342,0.00156,5.35e-05,0.0001,3.29e-10,0.0111,0.0364
2250,0.0002727,2.723e-05,7.13e-08,4.6656e-08,1.32496e-07,5.882889999999999e-09,1.8404100000000003e-07,0.000216,0.000364,7.67e-05,0.000429,0.0347,0.00156,5.41e-05,0.0001,2.78e-10,0.0111,0.0364
2260,0.0002726,2.722e-05,7.131e-08,4.6225e-08,1.2960000000000002e-07,5.776000000000001e-09,1.86624e-07,0.000215,0.00036,7.6e-05,0.000432,0.0344,0.00156,5.36e-05,0.0001,3.31e-10,0.0111,0.0364
2270,0.0002714,2.721e-05,7.086e-08,4.6225e-08,1.19716e-07,5.5651599999999994e-09,1.89225e-07,0.000215,0.000346,7.46e-05,0.000435,0.0347,0.00141,4.91e-05,0.0001,2.28e-10,0.011,0.0364
2280,0.0002717,2.72e-05,7.064e-08,4.6225e-08,1.24609e-07,5.5502499999999995e-09,1.849e-07,0.000215,0.000353,7.45e-05,0.00043,0.034,0.00155,5.27e-05,0.0001,2.7e-10,0.011,0.0364
2290,0.0002726,2.719e-05,6.947e-08,4.5796e-08,1.2180100000000002e-07,5.431690000000001e-09,1.8232900000000002e-07,0.000214,0.000349,7.37e-05,0.000427,0.0338,0.0014,4.75e-05,0.0001,2.77e-10,0.011,0.0364
2300,0.0002718,2.719e-05,7.081e-08,4.5796e-08,1.2602500000000002e-07,5.41696e-09,1.8835599999999997e-07,0.000214,0.000355,7.36e-05,0.000434,0.035,0.0014,4.91e-05,0.0001,3.12e-10,0.011,0.0364
2310,0.0002723,2.718e-05,7.019e-08,4.5796e-08,1.2816399999999998e-07,5.3875599999999995e-09,1.8404100000000003e-07,0.000214,0.000358,7.34e-05,0.000429,0.0335,0.0014,4.69e-05,0.0001,2.72e-10,0.0109,0.0364
2320,0.0002713,2.717e-05,6.974e-08,4.5369e-08,1.2320100000000002e-07,5.227289999999999e-09,1.8404100000000003e-07,0.000213,0.000351,7.23e-05,0.000429,0.0342,0.00139,4.76e-05,0.0001,2.62e-10,0.0109,0.0364
2330,0.000272,2.716e-05,7.139e-08,4.5796e-08,1.3104400000000002e-07,5.31441e-09,1.90096e-07,0.000214,0.000362,7.29e-05,0.000436,0.0354,0.00139,4.93e-05,0.0001,2.54e-10,0.0109,0.0364
2340,0.0002717,2.715e-05,6.958e-08,4.5369e-08,1.2602500000000002e-07,5.155239999999999e-09,1.8232900000000002e-07,0.000213,0.000355,7.18e-05,0.000427,0.0338,0.00139,4.69e-05,0.0001,2.38e-10,0.0109,0.0364
2350,0.0002724,2.714e-05,6.881e-08,4.5369e-08,1.27449e-07,5.09796e-09,1.7808400000000002e-07,0.000213,0.000357,7.14e-05,0.000422,0.0327,0.00138,4.53e-05,0.0001,2.78e-10,0.0108,0.0364
2360,0.0002708,2.713e-05,6.856e-08,4.5369e-08,1.2320100000000002e-07,4.984359999999999e-09,1.7808400000000002e-07,0.000213,0.000351,7.06e-05,0.000422,0.0332,0.00152,5.04e-05,0.0001,2.46e-10,0.0108,0.0364
2370,0.0002716,2.713e-05,6.944e-08,4.4944e-08,1.2602500000000002e-07,4.95616e-09,1.83184e-07,0.000212,0.000355,7.04e-05,0.000428,0.0336,0.00138,4.63e-05,0.0001,2.72e-10,0.0108,0.0364
2380,0.000271,2.712e-05,6.749e-08,4.4944e-08,1.17649e-07,4.8163600000000005e-09,1.75561e-07,0.000212,0.000343,6.94e-05,0.000419,0.0327,0.00138,4.5e-05,0.0001,2.68e-10,0.0108,0.0364
2390,0.0002711,2.711e-05,6.74e-08,4.4521000000000005e-08,1.1833600000000001e-07,4.7748099999999996e-09,1.7640000000000002e-07,0.000211,0.000344,6.91e-05,0.00042,0.0319,0.00137,4.38e-05,0.0001,2.44e-10,0.0107,0.0364
2400,0.0002708,2.71e-05,6.812e-08,4.4521000000000005e-08,1.31769e-07,4.8860100000000006e-09,1.7472400000000002e-07,0.000211,0.000363,6.99e-05,0.000418,0.0329,0.00137,4.51e-05,0.0001,2.65e-10,0.0107,0.0364
2410,0.0002706,2.709e-05,6.773e-08,4.4944e-08,1.2320100000000002e-07,4.719690000000001e-09,1.73889e-07,0.000212,0.000351,6.87e-05,0.000417,0.0322,0.0015,4.84e-05,0.0001,2.32e-10,0.0107,0.0364
2420,0.0002707,2.708e-05,6.79e-08,4.4521000000000005e-08,1.2531599999999998e-07,4.70596e-09,1.7640000000000002e-07,0.000211,0.000354,6.86e-05,0.00042,0.0322,0.00136,4.39e-05,0.0001,2.52e-10,0.0107,0.0364
2430,0.0002704,2.708e-05,6.771e-08,4.4100000000000004e-08,1.2180100000000002e-07,4.61041e-09,1.7808400000000002e-07,0.00021,0.000349,6.79e-05,0.000422,0.0326,0.00136,4.43e-05,0.0001,2.6e-10,0.0106,0.0364
2440,0.000271,2.707e-05,6.916e-08,4.4944e-08,1.23904e-07,4.55625e-09,1.83184e-07,0.000212,0.000352,6.75e-05,0.000428,0.034,0.00136,4.62e-05,0.0001,2.65e-10,0.0106,0.0364
2450,0.0002701,2.706e-05,6.695e-08,4.4521000000000005e-08,1.2320100000000002e-07,4.515839999999999e-09,1.7139599999999998e-07,0.000211,0.000351,6.72e-05,0.000414,0.0313,0.00135,4.24e-05,0.0001,2.3e-10,0.0106,0.0364
2460,0.000271,2.705e-05,6.715e-08,4.4100000000000004e-08,1.23904e-07,4.462239999999999e-09,1.73889e-07,0.00021,0.000352,6.68e-05,0.000417,0.032,0.00135,4.32e-05,0.0001,2.75e-10,0.0106,0.0364
2470,0.0002703,2.704e-05,6.699e-08,4.4521000000000005e-08,1.21104e-07,4.39569e-09,1.7305599999999998e-07,0.000211,0.000348,6.63e-05,0.000416,0.0317,0.00148,4.7e-05,0.0001,2.09e-10,0.0105,0.0364
2480,0.0002706,2.703e-05,6.684e-08,4.4521000000000005e-08,1.2180100000000002e-07,4.369209999999999e-09,1.70569e-07,0.000211,0.000349,6.61e-05,0.000413,0.0316,0.00148,4.67e-05,0.0001,1.92e-10,0.0105,0.0364
2490,0.0002705,2.702e-05,6.762e-08,4.4100000000000004e-08,1.24609e-07,4.369209999999999e-09,1.77241e-07,0.00021,0.000353,6.61e-05,0.000421,0.0329,0.00134,4.41e-05,0.0001,2.63e-10,0.0105,0.0364
2500,0.0002696,2.701e-05,6.871e-08,4.4944e-08,1.2602500000000002e-07,4.32964e-09,1.79776e-07,0.000212,0.000355,6.58e-05,0.000424,0.0333,0.00134,4.45e-05,0.0001,2.94e-10,0.0105,0.0364
2510,0.0002691,2.7e-05,6.657e-08,4.3681000000000006e-08,1.21104e-07,4.2380099999999995e-09,1.73889e-07,0.000209,0.000348,6.51e-05,0.000417,0.0322,0.00134,4.29e-05,0.0001,2.94e-10,0.0105,0.0364
2520,0.0002704,2.699e-05,6.685e-08,4.3263999999999996e-08,1.2602500000000002e-07,4.3033599999999995e-09,1.73889e-07,0.000208,0.000355,6.56e-05,0.000417,0.0321,0.00133,4.28e-05,0.0001,2.45e-10,0.0104,0.0364
2530,0.0002691,2.698e-05,6.572e-08,4.3263999999999996e-08,1.1696400000000001e-07,4.10881e-09,1.7139599999999998e-07,0.000208,0.000342,6.41e-05,0.000414,0.0317,0.00133,4.22e-05,0.0001,3.54e-10,0.0104,0.0364
2540,0.0002696,2.697e-05,6.666e-08,4.3263999999999996e-08,1.2320100000000002e-07,4.134490000000001e-09,1.7472400000000002e-07,0.000208,0.000351,6.43e-05,0.000418,0.0326,0.00133,4.32e-05,0.0001,2.36e-10,0.0104,0.0364
2550,0.0002693,2.697e-05,6.605e-08,4.3263999999999996e-08,1.1902499999999998e-07,4.070440000000001e-09,1.7305599999999998e-07,0.000208,0.000345,6.38e-05,0.000416,0.0315,0.00132,4.17e-05,0.0001,3.29e-10,0.0104,0.0364
2560,0.000269,2.695e-05,6.697e-08,4.3681000000000006e-08,1.2602500000000002e-07,4.12164e-09,1.73889e-07,0.000209,0.000355,6.42e-05,0.000417,0.0324,0.00132,4.28e-05,0.0001,3.04e-10,0.0103,0.0364
2570,0.0002699,2.695e-05,6.728e-08,4.4100000000000004e-08,1.24609e-07,4.083209999999999e-09,1.75561e-07,0.00021,0.000353,6.39e-05,0.000419,0.0321,0.00132,4.23e-05,0.0001,3.01e-10,0.0103,0.0364
2580,0.0002696,2.694e-05,6.681e-08,4.3263999999999996e-08,1.2673599999999998e-07,4.10881e-09,1.7472400000000002e-07,0.000208,0.000356,6.41e-05,0.000418,0.0323,0.00131,4.25e-05,0.0001,3.71e-10,0.0103,0.0364
2590,0.0002699,2.693e-05,6.632e-08,4.3681000000000006e-08,1.24609e-07,3.9942400000000005e-09,1.70569e-07,0.000209,0.000353,6.32e-05,0.000413,0.0316,0.00131,4.15e-05,0.0001,2.2e-10,0.0103,0.0364
2600,0.0002694,2.692e-05,6.64e-08,4.3263999999999996e-08,1.2602500000000002e-07,4.05769e-09,1.72225e-07,0.000208,0.000355,6.37e-05,0.000415,0.0318,0.00131,4.16e-05,0.0001,2.73e-10,0.0103,0.0364
2610,0.0002687,2.692e-05,6.608e-08,4.2848999999999995e-08,1.2180100000000002e-07,3.943839999999999e-09,1.7305599999999998e-07,0.000207,0.000349,6.28e-05,0.000416,0.0316,0.00131,4.13e-05,0.0001,2.7e-10,0.0102,0.0364
2620,0.0002682,2.691e-05,6.437e-08,4.2848999999999995e-08,1.1696400000000001e-07,3.83161e-09,1.64836e-07,0.000207,0.000342,6.19e-05,0.000406,0.0304,0.0013,3.96e-05,0.0001,3e-10,0.0102,0.0364
2630,0.0002689,2.69e-05,6.515e-08,4.2436e-08,1.21104e-07,3.856410000000001e-09,1.69744e-07,0.000206,0.000348,6.21e-05,0.000412,0.0311,0.0013,4.05e-05,0.0001,2.68e-10,0.0102,0.0364
2640,0.0002685,2.689e-05,6.6e-08,4.3263999999999996e-08,1.2960000000000002e-07,3.9942400000000005e-09,1.681e-07,0.000208,0.00036,6.32e-05,0.00041,0.0312,0.0013,4.05e-05,0.0001,2.3e-10,0.0102,0.0364
2650,0.0002692,2.689e-05,6.546e-08,4.2848999999999995e-08,1.19716e-07,3.794560000000001e-09,1.7139599999999998e-07,0.000207,0.000346,6.16e-05,0.000414,0.0317,0.0013,4.1e-05,0.0001,2.82e-10,0.0102,0.0364
2660,0.0002691,2.688e-05,6.555e-08,4.2848999999999995e-08,1.2180100000000002e-07,3.7699600000000005e-09,1.69744e-07,0.000207,0.000349,6.14e-05,0.000412,0.031,0.00129,4.01e-05,0.0001,2.33e-10,0.0101,0.0364
2670,0.0002692,2.687e-05,6.524e-08,4.2436e-08,1.225e-07,3.75769e-09,1.69744e-07,0.000206,0.00035,6.13e-05,0.000412,0.0321,0.00129,4.14e-05,0.0001,2.62e-10,0.0101,0.0364
2680,0.0002685,2.686e-05,6.552e-08,4.2436e-08,1.2531599999999998e-07,3.844e-09,1.69744e-07,0.000206,0.000354,6.2e-05,0.000412,0.0317,0.00129,4.08e-05,0.0001,2.55e-10,0.0101,0.0364
2690,0.0002686,2.686e-05,6.496e-08,4.2436e-08,1.19716e-07,3.6481599999999995e-09,1.70569e-07,0.000206,0.000346,6.04e-05,0.000413,0.0315,0.00128,4.05e-05,0.0001,2.84e-10,0.0101,0.0364
2700,0.0002684,2.685e-05,6.52e-08,4.2436e-08,1.23904e-07,3.75769e-09,1.69744e-07,0.000206,0.000352,6.13e-05,0.000412,0.0312,0.00128,4e-05,0.0001,2.74e-10,0.0101,0.0364
2710,0.0002678,2.684e-05,6.418e-08,4.1616e-08,1.2180100000000002e-07,3.7088100000000006e-09,1.66464e-07,0.000204,0.000349,6.09e-05,0.000408,0.0312,0.00128,3.99e-05,0.0001,2.67e-10,0.01,0.0364
2720,0.0002678,2.683e-05,6.469e-08,4.2436e-08,1.2320100000000002e-07,3.721e-09,1.6564900000000003e-07,0.000206,0.000351,6.1e-05,0.000407,0.0301,0.00128,3.85e-05,0.0001,3.59e-10,0.01,0.0364
2730,0.0002683,2.683e-05,6.458e-08,4.2436e-08,1.14921e-07,3.5046400000000004e-09,1.69744e-07,0.000206,0.000339,5.92e-05,0.000412,0.0313,0.00127,3.99e-05,0.0001,2.55e-10,0.01,0.0364
2740,0.0002678,2.682e-05,6.533e-08,4.2436e-08,1.1696400000000001e-07,3.5640900000000003e-09,1.7305599999999998e-07,0.000206,0.000342,5.97e-05,0.000416,0.032,0.00127,4.06e-05,0.0001,3.28e-10,0.00999,0.0364
2750,0.0002682,2.681e-05,6.475e-08,4.2025e-08,1.1902499999999998e-07,3.52836e-09,1.70569e-07,0.000205,0.000345,5.94e-05,0.000413,0.0313,0.00127,3.97e-05,0.0001,3.82e-10,0.00997,0.0364
2760,0.0002681,2.68e-05,6.4e-08,4.1616e-08,1.2040899999999998e-07,3.55216e-09,1.6728100000000003e-07,0.000204,0.000347,5.96e-05,0.000409,0.0306,0.00127,3.88e-05,0.0001,2.99e-10,0.00995,0.0364
2770,0.0002682,2.68e-05,6.394e-08,4.1616e-08,1.1696400000000001e-07,3.52836e-09,1.68921e-07,0.000204,0.000342,5.94e-05,0.000411,0.0299,0.00126,3.78e-05,0.0001,2.74e-10,0.00993,0.0364
2780,0.0002678,2.679e-05,6.376e-08,4.1616e-08,1.19716e-07,3.481e-09,1.66464e-07,0.000204,0.000346,5.9e-05,0.000408,0.0305,0.00126,3.84e-05,0.0001,2.08e-10,0.00991,0.0364
2790,0.0002684,2.678e-05,6.399e-08,4.2025e-08,1.1424399999999999e-07,3.43396e-09,1.681e-07,0.000205,0.000338,5.86e-05,0.00041,0.0311,0.00126,3.91e-05,0.0001,2.4e-10,0.00989,0.0364
2800,0.0002683,2.678e-05,6.27e-08,4.1209e-08,1.17649e-07,3.45744e-09,1.6160400000000002e-07,0.000203,0.000343,5.88e-05,0.000402,0.0293,0.00126,3.68e-05,0.0001,2.34e-10,0.00988,0.0364
2810,0.0002672,2.677e-05,6.401e-08,4.1209e-08,1.2673599999999998e-07,3.58801e-09,1.66464e-07,0.000203,0.000356,5.99e-05,0.000408,0.0306,0.00125,3.84e-05,0.0001,2.47e-10,0.00986,0.0364
2820,0.0002671,2.676e-05,6.354e-08,4.1209e-08,1.2040899999999998e-07,3.4692100000000003e-09,1.6564900000000003e-07,0.000203,0.000347,5.89e-05,0.000407,0.0302,0.00125,3.77e-05,0.0001,2.24e-10,0.00984,0.0364
2830,0.0002673,2.676e-05,6.347e-08,4.1209e-08,1.225e-07,3.43396e-09,1.64025e-07,0.000203,0.00035,5.86e-05,0.000405,0.0302,0.00125,3.77e-05,0.0001,2.15e-10,0.00982,0.0364
2840,0.0002674,2.675e-05,6.274e-08,4.1209e-08,1.1696400000000001e-07,3.43396e-09,1.6240899999999998e-07,0.000203,0.000342,5.86e-05,0.000403,0.0302,0.00125,3.76e-05,0.0001,2.31e-10,0.0098,0.0364
2850,0.0002675,2.674e-05,6.364e-08,4.0804e-08,1.1902499999999998e-07,3.39889e-09,1.68921e-07,0.000202,0.000345,5.83e-05,0.000411,0.0315,0.00113,3.56e-05,0.0001,2.96e-10,0.00978,0.0364
2860,0.0002679,2.674e-05,6.371e-08,4.2025e-08,1.1902499999999998e-07,3.45744e-09,1.64836e-07,0.000205,0.000345,5.88e-05,0.000406,0.0296,0.00124,3.68e-05,0.0001,2.02e-10,0.00977,0.0364
2870,0.0002675,2.673e-05,6.319e-08,4.0804e-08,1.19716e-07,3.364e-09,1.64836e-07,0.000202,0.000346,5.8e-05,0.000406,0.0306,0.00124,3.79e-05,0.0001,3.55e-10,0.00975,0.0364
2880,0.0002669,2.672e-05,6.243e-08,4.0804e-08,1.12896e-07,3.2832899999999997e-09,1.64025e-07,0.000202,0.000336,5.73e-05,0.000405,0.0299,0.00124,3.7e-05,0.0001,2.09e-10,0.00973,0.0364
2890,0.0002671,2.671e-05,6.278e-08,4.0804e-08,1.17649e-07,3.364e-09,1.63216e-07,0.000202,0.000343,5.8e-05,0.000404,0.0302,0.00123,3.73e-05,0.0001,2.58e-10,0.00971,0.0364
2900,0.0002675,2.67e-05,6.277e-08,4.1209e-08,1.11556e-07,3.2148900000000003e-09,1.6564900000000003e-07,0.000203,0.000334,5.67e-05,0.000407,0.0307,0.00135,4.16e-05,0.0001,2.45e-10,0.0097,0.0364
2910,0.000267,2.67e-05,6.341e-08,4.0401000000000006e-08,1.2673599999999998e-07,3.5164899999999997e-09,1.64836e-07,0.000201,0.000356,5.93e-05,0.000406,0.0304,0.00123,3.74e-05,0.0001,2.32e-10,0.00968,0.0364
2920,0.0002659,2.669e-05,6.235e-08,4.0401000000000006e-08,1.1560000000000002e-07,3.26041e-09,1.63216e-07,0.000201,0.00034,5.71e-05,0.000404,0.0297,0.00123,3.64e-05,0.0001,1.93e-10,0.00966,0.0364
2930,0.0002676,2.668e-05,6.303e-08,4.0401000000000006e-08,1.2673599999999998e-07,3.5046400000000004e-09,1.63216e-07,0.000201,0.000356,5.92e-05,0.000404,0.0301,0.00122,3.68e-05,0.0001,2.17e-10,0.00964,0.0364
2940,0.0002665,2.668e-05,6.256e-08,4.0401000000000006e-08,1.1696400000000001e-07,3.23761e-09,1.64025e-07,0.000201,0.000342,5.69e-05,0.000405,0.0303,0.00122,3.7e-05,0.0001,2.73e-10,0.00963,0.0364
2950,0.000267,2.667e-05,6.141e-08,4e-08,1.1424399999999999e-07,3.22624e-09,1.6e-07,0.0002,0.000338,5.68e-05,0.0004,0.0292,0.00122,3.56e-05,0.0001,2.86e-10,0.00961,0.0364
2960,0.0002668,2.666e-05,6.196e-08,4.0401000000000006e-08,1.0956100000000001e-07,3.18096e-09,1.64836e-07,0.000201,0.000331,5.64e-05,0.000406,0.0304,0.00122,3.7e-05,0.0001,2.66e-10,0.00959,0.0364
2970,0.0002665,2.666e-05,6.223e-08,4.0401000000000006e-08,1.21104e-07,3.364e-09,1.6080099999999999e-07,0.000201,0.000348,5.8e-05,0.000401,0.0299,0.00122,3.64e-05,0.0001,1.99e-10,0.00958,0.0364
2980,0.0002664,2.665e-05,6.132e-08,3.9601000000000005e-08,1.1902499999999998e-07,3.29476e-09,1.5840400000000002e-07,0.000199,0.000345,5.74e-05,0.000398,0.0285,0.00121,3.46e-05,0.0001,2.8e-10,0.00956,0.0364
2990,0.0002662,2.664e-05,6.198e-08,4.0401000000000006e-08,1.23904e-07,3.39889e-09,1.56816e-07,0.000201,0.000352,5.83e-05,0.000396,0.0288,0.00121,3.48e-05,0.0001,2.74e-10,0.00954,0.0364
3000,0.000266,2.663e-05,6.173e-08,4e-08,1.16281e-07,3.2148900000000003e-09,1.6240899999999998e-07,0.0002,0.000341,5.67e-05,0.000403,0.0296,0.00121,3.58e-05,0.0001,2.43e-10,0.00953,0.0364
3010,0.0002664,2.663e-05,6.25e-08,4e-08,1.21104e-07,3.3524099999999996e-09,1.63216e-07,0.0002,0.000348,5.79e-05,0.000404,0.0294,0.00121,3.55e-05,0.0001,2.05e-10,0.00951,0.0364
3020,0.0002666,2.662e-05,6.091e-08,4e-08,1.1424399999999999e-07,3.1472100000000003e-09,1.56816e-07,0.0002,0.000338,5.61e-05,0.000396,0.0284,0.0012,3.42e-05,0.0001,2.19e-10,0.00949,0.0364
3030,0.000266,2.661e-05,6.127e-08,3.9601000000000005e-08,1.1222500000000001e-07,3.11364e-09,1.6240899999999998e-07,0.000199,0.000335,5.58e-05,0.000403,0.0302,0.0012,3.63e-05,0.0001,2.26e-10,0.00948,0.0364
3040,0.0002663,2.66e-05,6.067e-08,3.9601000000000005e-08,1.17649e-07,3.18096e-09,1.56025e-07,0.000199,0.000343,5.64e-05,0.000395,0.0283,0.0012,3.39e-05,0.0001,2.62e-10,0.00946,0.0364
3050,0.0002662,2.66e-05,6.038e-08,3.9204e-08,1.1088900000000001e-07,3.0913600000000004e-09,1.5840400000000002e-07,0.000198,0.000333,5.56e-05,0.000398,0.0291,0.0012,3.48e-05,0.0001,2.47e-10,0.00944,0.0364
3060,0.0002655,2.659e-05,6.116e-08,3.9601000000000005e-08,1.21104e-07,3.26041e-09,1.57609e-07,0.000199,0.000348,5.71e-05,0.000397,0.0287,0.0012,3.43e-05,0.0001,2.34e-10,0.00943,0.0364
3070,0.0002653,2.658e-05,6.094e-08,3.9204e-08,1.1833600000000001e-07,3.20356e-09,1.5840400000000002e-07,0.000198,0.000344,5.66e-05,0.000398,0.0292,0.00108,3.17e-05,0.0001,2.91e-10,0.00941,0.0364
3080,0.0002656,2.657e-05,6.187e-08,3.9204e-08,1.2180100000000002e-07,3.3524099999999996e-09,1.63216e-07,0.000198,0.000349,5.79e-05,0.000404,0.0298,0.00108,3.23e-05,0.0001,2.45e-10,0.0094,0.0364
3090,0.0002654,2.656e-05,6.149e-08,4e-08,1.2040899999999998e-07,3.26041e-09,1.5840400000000002e-07,0.0002,0.000347,5.71e-05,0.000398,0.0293,0.00119,3.48e-05,0.0001,2.95e-10,0.00938,0.0364
3100,0.000266,2.655e-05,6.006e-08,3.9601000000000005e-08,1.1424399999999999e-07,3.0691599999999998e-09,1.53664e-07,0.000199,0.000338,5.54e-05,0.000392,0.0277,0.00131,3.62e-05,0.0001,2.44e-10,0.00936,0.0364
3110,0.0002655,2.655e-05,6.029e-08,3.8808999999999994e-08,1.1696400000000001e-07,3.1922499999999996e-09,1.56816e-07,0.000197,0.000342,5.65e-05,0.000396,0.0288,0.00118,3.41e-05,0.0001,2.9e-10,0.00935,0.0364
3120,0.0002656,2.654e-05,6.163e-08,4e-08,1.2320100000000002e-07,3.29476e-09,1.5840400000000002e-07,0.0002,0.000351,5.74e-05,0.000398,0.029,0.0013,3.77e-05,0.0001,2.97e-10,0.00933,0.0364
3130,0.0002658,2.653e-05,6.05e-08,3.8808999999999994e-08,1.089e-07,3.0360099999999997e-09,1.63216e-07,0.000197,0.00033,5.51e-05,0.000404,0.0298,0.00107,3.19e-05,0.0001,3.08e-10,0.00932,0.0364
3140,0.0002657,2.653e-05,6.036e-08,3.9204e-08,1.1424399999999999e-07,3.136e-09,1.56816e-07,0.000198,0.000338,5.6e-05,0.000396,0.0291,0.00118,3.43e-05,0.0001,2.5e-10,0.0093,0.0364
3150,0.0002649,2.652e-05,6.003e-08,3.8808999999999994e-08,1.12896e-07,3.0691599999999998e-09,1.57609e-07,0.000197,0.000336,5.54e-05,0.000397,0.0287,0.00118,3.38e-05,0.0001,2.83e-10,0.00928,0.0364
3160,0.0002647,2.651e-05,6.091e-08,3.8808999999999994e-08,1.12896e-07,3.04704e-09,1.6240899999999998e-07,0.000197,0.000336,5.52e-05,0.000403,0.0295,0.00117,3.47e-05,0.0001,2.27e-10,0.00927,0.0364
3170,0.0002644,2.651e-05,5.959e-08,3.8416e-08,1.0956100000000001e-07,2.95936e-09,1.59201e-07,0.000196,0.000331,5.44e-05,0.000399,0.0285,0.00107,3.04e-05,0.0001,2.66e-10,0.00925,0.0364
3180,0.0002647,2.65e-05,6.011e-08,3.8808999999999994e-08,1.13569e-07,3.04704e-09,1.57609e-07,0.000197,0.000337,5.52e-05,0.000397,0.0287,0.00117,3.35e-05,0.0001,2.47e-10,0.00924,0.0364
3190,0.0002654,2.65e-05,6.08e-08,3.9204e-08,1.1833600000000001e-07,3.22624e-09,1.5840400000000002e-07,0.000198,0.000344,5.68e-05,0.000398,0.0292,0.00117,3.4e-05,0.0001,2.85e-10,0.00922,0.0364
3200,0.000265,2.649e-05,6.05e-08,3.9204e-08,1.1424399999999999e-07,3.1248099999999997e-09,1.57609e-07,0.000198,0.000338,5.59e-05,0.000397,0.0284,0.00128,3.64e-05,0.0001,2.86e-10,0.00921,0.0364
3210,0.0002645,2.648e-05,5.986e-08,3.8416e-08,1.12896e-07,3.08025e-09,1.5840400000000002e-07,0.000196,0.000336,5.55e-05,0.000398,0.0292,0.00116,3.4e-05,0.0001,2.25e-10,0.00919,0.0364
3220,0.000265,2.648e-05,5.97e-08,3.8416e-08,1.13569e-07,3.0360099999999997e-09,1.57609e-07,0.000196,0.000337,5.51e-05,0.000397,0.0284,0.00116,3.3e-05,0.0001,2.09e-10,0.00918,0.0364
3230,0.000265,2.647e-05,5.923e-08,3.8416e-08,1.10224e-07,3.05809e-09,1.5523599999999997e-07,0.000196,0.000332,5.53e-05,0.000394,0.0284,0.00116,3.29e-05,0.0001,2.69e-10,0.00916,0.0364
3240,0.0002642,2.646e-05,5.98e-08,3.8416e-08,1.2040899999999998e-07,3.23761e-09,1.54449e-07,0.000196,0.000347,5.69e-05,0.000393,0.0289,0.00116,3.34e-05,0.0001,2.26e-10,0.00915,0.0364
3250,0.0002637,2.645e-05,5.974e-08,3.8416e-08,1.1902499999999998e-07,3.2832899999999997e-09,1.53664e-07,0.000196,0.000345,5.73e-05,0.000392,0.0282,0.00116,3.25e-05,0.0001,2.53e-10,0.00913,0.0364
3260,0.0002646,2.645e-05,5.926e-08,3.8416e-08,1.13569e-07,3.04704e-09,1.52881e-07,0.000196,0.000337,5.52e-05,0.000391,0.0285,0.00115,3.28e-05,0.0001,2.63e-10,0.00912,0.0364
3270,0.0002632,2.644e-05,5.901e-08,3.8025e-08,1.1833600000000001e-07,3.1584399999999997e-09,1.521e-07,0.000195,0.000344,5.62e-05,0.00039,0.0279,0.00115,3.21e-05,0.0001,2.35e-10,0.0091,0.0364
3280,0.0002653,2.643e-05,5.856e-08,3.7636e-08,1.0956100000000001e-07,3.05809e-09,1.54449e-07,0.000194,0.000331,5.53e-05,0.000393,0.0282,0.00115,3.25e-05,0.0001,2.44e-10,0.00909,0.0364
3290,0.0002649,2.643e-05,6.028e-08,3.9601000000000005e-08,1.17649e-07,3.18096e-09,1.53664e-07,0.000199,0.000343,5.64e-05,0.000392,0.0287,0.00126,3.63e-05,0.0001,2.02e-10,0.00907,0.0364
3300,0.0002649,2.642e-05,5.918e-08,3.8416e-08,1.12896e-07,3.0360099999999997e-09,1.53664e-07,0.000196,0.000336,5.51e-05,0.000392,0.0284,0.00115,3.25e-05,0.0001,2.57e-10,0.00906,0.0364
3310,0.0002641,2.641e-05,5.891e-08,3.7636e-08,1.1222500000000001e-07,3.08025e-09,1.5523599999999997e-07,0.000194,0.000335,5.55e-05,0.000394,0.0282,0.00114,3.23e-05,0.0001,2.73e-10,0.00904,0.0364
3320,0.0002643,2.64e-05,5.917e-08,3.8808999999999994e-08,1.089e-07,2.95936e-09,1.54449e-07,0.000197,0.00033,5.44e-05,0.000393,0.0285,0.00126,3.58e-05,0.0001,2.65e-10,0.00903,0.0364
3330,0.0002634,2.64e-05,5.997e-08,3.8808999999999994e-08,1.19716e-07,3.2148900000000003e-09,1.53664e-07,0.000197,0.000346,5.67e-05,0.000392,0.0288,0.00125,3.61e-05,0.0001,2.66e-10,0.00901,0.0364
3340,0.000264,2.639e-05,5.839e-08,3.8025e-08,1.05625e-07,2.94849e-09,1.54449e-07,0.000195,0.000325,5.43e-05,0.000393,0.0277,0.00125,3.47e-05,0.0001,2.84e-10,0.009,0.0364
3350,0.000264,2.638e-05,5.846e-08,3.8025e-08,1.07584e-07,2.95936e-09,1.52881e-07,0.000195,0.000328,5.44e-05,0.000391,0.0282,0.00125,3.52e-05,0.0001,2.54e-10,0.00899,0.0364
3360,0.0002634,2.638e-05,5.805e-08,3.7636e-08,1.10224e-07,3.025e-09,1.521e-07,0.000194,0.000332,5.5e-05,0.00039,0.0281,0.00113,3.18e-05,0.0001,2.52e-10,0.00897,0.0364
3370,0.0002631,2.637e-05,5.77e-08,3.7249e-08,1.1088900000000001e-07,3.04704e-09,1.4976899999999997e-07,0.000193,0.000333,5.52e-05,0.000387,0.0268,0.00113,3.04e-05,0.0001,2.29e-10,0.00896,0.0364
3380,0.0002643,2.636e-05,5.836e-08,3.8416e-08,1.1088900000000001e-07,3.0691599999999998e-09,1.50544e-07,0.000196,0.000333,5.54e-05,0.000388,0.0271,0.00124,3.37e-05,0.0001,3.4e-10,0.00894,0.0364
3390,0.0002632,2.635e-05,5.771e-08,3.7249e-08,1.1088900000000001e-07,3.0360099999999997e-09,1.50544e-07,0.000193,0.000333,5.51e-05,0.000388,0.0273,0.00113,3.08e-05,0.0001,2.24e-10,0.00893,0.0364
3400,0.0002635,2.635e-05,5.704e-08,3.7249e-08,1.0692899999999999e-07,2.95936e-09,1.4745600000000002e-07,0.000193,0.000327,5.44e-05,0.000384,0.026,0.00113,2.93e-05,0.0001,2.92e-10,0.00892,0.0364
3410,0.0002632,2.634e-05,5.792e-08,3.7249e-08,1.1088900000000001e-07,3.0030399999999996e-09,1.51321e-07,0.000193,0.000333,5.48e-05,0.000389,0.0279,0.00112,3.14e-05,0.0001,2.58e-10,0.0089,0.0364
3420,0.0002636,2.633e-05,5.778e-08,3.7636e-08,1.04329e-07,2.9376400000000002e-09,1.521e-07,0.000194,0.000323,5.42e-05,0.00039,0.0274,0.00123,3.39e-05,0.0001,2.13e-10,0.00889,0.0364
3430,0.0002631,2.633e-05,5.824e-08,3.7636e-08,1.0956100000000001e-07,2.95936e-09,1.52881e-07,0.000194,0.000331,5.44e-05,0.000391,0.0277,0.00112,3.1e-05,0.0001,2.55e-10,0.00887,0.0364
3440,0.0002638,2.632e-05,5.783e-08,3.7636e-08,1.10224e-07,3.0360099999999997e-09,1.4976899999999997e-07,0.000194,0.000332,5.51e-05,0.000387,0.0268,0.00123,3.3e-05,0.0001,2.63e-10,0.00886,0.0364
3450,0.0002624,2.631e-05,5.821e-08,3.7636e-08,1.12896e-07,3.0691599999999998e-09,1.50544e-07,0.000194,0.000336,5.54e-05,0.000388,0.0274,0.00123,3.36e-05,0.0001,2.35e-10,0.00885,0.0364
3460,0.0002633,2.631e-05,5.767e-08,3.7249e-08,1.10224e-07,3.025e-09,1.4976899999999997e-07,0.000193,0.000332,5.5e-05,0.000387,0.0269,0.00123,3.3e-05,0.0001,2.41e-10,0.00883,0.0364
3470,0.0002628,2.63e-05,5.696e-08,3.7249e-08,1.0956100000000001e-07,3.01401e-09,1.4745600000000002e-07,0.000193,0.000331,5.49e-05,0.000384,0.0273,0.00122,3.34e-05,0.0001,2.36e-10,0.00882,0.0364
3480,0.0002636,2.629e-05,5.841e-08,3.6864000000000005e-08,1.19716e-07,3.22624e-09,1.52881e-07,0.000192,0.000346,5.68e-05,0.000391,0.0282,0.00111,3.13e-05,0.0001,2.54e-10,0.0088,0.0364
3490,0.0002624,2.628e-05,5.749e-08,3.6864000000000005e-08,1.1222500000000001e-07,3.04704e-09,1.4976899999999997e-07,0.000192,0.000335,5.52e-05,0.000387,0.0271,0.00111,3e-05,0.0001,2.68e-10,0.00879,0.0364
3500,0.0002628,2.628e-05,5.876e-08,3.7249e-08,1.17649e-07,3.16969e-09,1.54449e-07,0.000193,0.000343,5.63e-05,0.000393,0.0283,0.00111,3.13e-05,0.0001,2.01e-10,0.00878,0.0364
3510,0.0002632,2.627e-05,5.687e-08,3.6481e-08,1.0956100000000001e-07,3.0030399999999996e-09,1.48996e-07,0.000191,0.000331,5.48e-05,0.000386,0.0269,0.00111,2.98e-05,0.0001,2.63e-10,0.00876,0.0364
3520,0.000263,2.626e-05,5.695e-08,3.7249e-08,1.11556e-07,3.025e-09,1.45924e-07,0.000193,0.000334,5.5e-05,0.000382,0.0264,0.0011,2.91e-05,0.0001,2.7e-10,0.00875,0.0364
3530,0.0002621,2.626e-05,5.667e-08,3.7249e-08,1.10224e-07,3.05809e-09,1.4516099999999999e-07,0.000193,0.000332,5.53e-05,0.000381,0.0261,0.00121,3.16e-05,0.0001,2.56e-10,0.00874,0.0364
3540,0.000263,2.625e-05,5.645e-08,3.6481e-08,1.05625e-07,2.95936e-09,1.4745600000000002e-07,0.000191,0.000325,5.44e-05,0.000384,0.0271,0.0011,2.98e-05,0.0001,2.91e-10,0.00872,0.0364
3550,0.0002633,2.624e-05,5.684e-08,3.6481e-08,1.07584e-07,2.98116e-09,1.4976899999999997e-07,0.000191,0.000328,5.46e-05,0.000387,0.0271,0.0011,2.98e-05,0.0001,2.72e-10,0.00871,0.0364
3560,0.0002626,2.624e-05,5.669e-08,3.6864000000000005e-08,1.0824099999999998e-07,3.01401e-09,1.4745600000000002e-07,0.000192,0.000329,5.49e-05,0.000384,0.0268,0.00121,3.23e-05,0.0001,2.89e-10,0.0087,0.0364
3570,0.0002624,2.623e-05,5.733e-08,3.6481e-08,1.1088900000000001e-07,3.0691599999999998e-09,1.50544e-07,0.000191,0.000333,5.54e-05,0.000388,0.0277,0.0011,3.04e-05,0.0001,2.67e-10,0.00868,0.0364
3580,0.0002621,2.622e-05,5.61e-08,3.6100000000000006e-08,1.11556e-07,3.136e-09,1.4516099999999999e-07,0.00019,0.000334,5.6e-05,0.000381,0.0256,0.00109,2.79e-05,0.0001,2.49e-10,0.00867,0.0364
3590,0.0002622,2.622e-05,5.688e-08,3.6481e-08,1.11556e-07,3.08025e-09,1.4745600000000002e-07,0.000191,0.000334,5.55e-05,0.000384,0.0268,0.00109,2.93e-05,0.0001,2.64e-10,0.00866,0.0364
3600,0.0002624,2.621e-05,5.658e-08,3.6481e-08,1.1222500000000001e-07,3.1472100000000003e-09,1.4516099999999999e-07,0.000191,0.000335,5.61e-05,0.000381,0.0256,0.0012,3.07e-05,0.0001,2.87e-10,0.00865,0.0364
3610,0.0002627,2.62e-05,5.633e-08,3.6481e-08,1.07584e-07,3.025e-09,1.46689e-07,0.000191,0.000328,5.5e-05,0.000383,0.0267,0.0012,3.2e-05,0.0001,3.07e-10,0.00863,0.0364
3620,0.0002624,2.62e-05,5.66e-08,3.6481e-08,1.0956100000000001e-07,3.04704e-09,1.4745600000000002e-07,0.000191,0.000331,5.52e-05,0.000384,0.0263,0.0012,3.14e-05,0.0001,2.65e-10,0.00862,0.0364
3630,0.0002624,2.619e-05,5.678e-08,3.6100000000000006e-08,1.13569e-07,3.0913600000000004e-09,1.48996e-07,0.00019,0.000337,5.56e-05,0.000386,0.0267,0.00108,2.89e-05,0.0001,2.59e-10,0.00861,0.0364
3640,0.000262,2.618e-05,5.652e-08,3.6481e-08,1.0497600000000001e-07,2.95936e-09,1.48996e-07,0.000191,0.000324,5.44e-05,0.000386,0.0272,0.00119,3.24e-05,0.0001,2.23e-10,0.00859,0.0364
3650,0.0002626,2.618e-05,5.61e-08,3.6481e-08,1.0692899999999999e-07,3.01401e-09,1.4516099999999999e-07,0.000191,0.000327,5.49e-05,0.000381,0.0261,0.00119,3.11e-05,0.0001,2.72e-10,0.00858,0.0364
3660,0.0002613,2.617e-05,5.583e-08,3.6481e-08,1.04329e-07,2.98116e-09,1.4516099999999999e-07,0.000191,0.000323,5.46e-05,0.000381,0.0266,0.00119,3.16e-05,0.0001,2.73e-10,0.00857,0.0364
3670,0.0002617,2.616e-05,5.593e-08,3.6100000000000006e-08,1.0824099999999998e-07,3.04704e-09,1.45924e-07,0.00019,0.000329,5.52e-05,0.000382,0.0269,0.00108,2.9e-05,0.0001,2.95e-10,0.00855,0.0364
3680,0.000262,2.616e-05,5.555e-08,3.6100000000000006e-08,1.0824099999999998e-07,2.99209e-09,1.43641e-07,0.00019,0.000329,5.47e-05,0.000379,0.0259,0.00118,3.06e-05,0.0001,2.82e-10,0.00854,0.0364
3690,0.000261,2.615e-05,5.658e-08,3.6100000000000006e-08,1.07584e-07,3.025e-09,1.50544e-07,0.00019,0.000328,5.5e-05,0.000388,0.0276,0.00107,2.97e-05,0.0001,2.78e-10,0.00853,0.0364
3700,0.0002614,2.614e-05,5.538e-08,3.5721000000000006e-08,1.05625e-07,3.01401e-09,1.45924e-07,0.000189,0.000325,5.49e-05,0.000382,0.0267,0.00107,2.86e-05,0.0001,2.24e-10,0.00851,0.0364
3710,0.0002614,2.613e-05,5.595e-08,3.6481e-08,1.1222500000000001e-07,3.16969e-09,1.42129e-07,0.000191,0.000335,5.63e-05,0.000377,0.0258,0.0013,3.34e-05,0.0001,2.36e-10,0.0085,0.0364
3720,0.0002609,2.613e-05,5.639e-08,3.5721000000000006e-08,1.1222500000000001e-07,3.1024899999999997e-09,1.4745600000000002e-07,0.000189,0.000335,5.57e-05,0.000384,0.0273,0.00118,3.21e-05,0.0001,3.08e-10,0.00849,0.0364
3730,0.0002615,2.612e-05,5.481e-08,3.5343999999999995e-08,1.089e-07,3.1248099999999997e-09,1.40625e-07,0.000188,0.00033,5.59e-05,0.000375,0.0256,0.00107,2.74e-05,0.0001,3.2e-10,0.00848,0.0364
3740,0.0002616,2.611e-05,5.543e-08,3.5721000000000006e-08,1.0497600000000001e-07,2.95936e-09,1.45924e-07,0.000189,0.000324,5.44e-05,0.000382,0.0266,0.00107,2.84e-05,0.0001,2.33e-10,0.00846,0.0364
3750,0.0002607,2.611e-05,5.557e-08,3.6100000000000006e-08,1.06276e-07,3.05809e-09,1.4440000000000002e-07,0.00019,0.000326,5.53e-05,0.00038,0.0266,0.00117,3.11e-05,0.0001,2.59e-10,0.00845,0.0364
3760,0.0002614,2.61e-05,5.55e-08,3.5721000000000006e-08,1.0956100000000001e-07,3.0913600000000004e-09,1.43641e-07,0.000189,0.000331,5.56e-05,0.000379,0.0257,0.00117,3.01e-05,0.0001,2.94e-10,0.00844,0.0364
3770,0.0002614,2.609e-05,5.505e-08,3.5721000000000006e-08,1.03041e-07,2.92681e-09,1.4440000000000002e-07,0.000189,0.000321,5.41e-05,0.00038,0.0257,0.00117,3e-05,0.0001,2.68e-10,0.00843,0.0364
3780,0.0002609,2.609e-05,5.57e-08,3.5721000000000006e-08,1.14921e-07,3.364e-09,1.42129e-07,0.000189,0.000339,5.8e-05,0.000377,0.0258,0.00117,3.01e-05,0.0001,3.25e-10,0.00841,0.0364
3790,0.0002609,2.608e-05,5.498e-08,3.5343999999999995e-08,1.089e-07,3.0691599999999998e-09,1.4137599999999998e-07,0.000188,0.00033,5.54e-05,0.000376,0.0256,0.00116,2.98e-05,0.0001,2.98e-10,0.0084,0.0364
3800,0.0002608,2.607e-05,5.479e-08,3.5721000000000006e-08,1.04329e-07,2.97025e-09,1.4288400000000002e-07,0.000189,0.000323,5.45e-05,0.000378,0.0255,0.00116,2.97e-05,0.0001,2.7e-10,0.00839,0.0364
3810,0.0002611,2.606e-05,5.481e-08,3.4968999999999994e-08,1.07584e-07,3.05809e-09,1.4288400000000002e-07,0.000187,0.000328,5.53e-05,0.000378,0.0257,0.00116,2.98e-05,0.0001,2.78e-10,0.00838,0.0364
3820,0.0002605,2.606e-05,5.622e-08,3.5343999999999995e-08,1.1424399999999999e-07,3.3062500000000002e-09,1.48225e-07,0.000188,0.000338,5.75e-05,0.000385,0.0273,0.00105,2.87e-05,0.0001,2.8e-10,0.00837,0.0364
3830,0.0002601,2.605e-05,5.48e-08,3.5343999999999995e-08,1.10224e-07,3.1584399999999997e-09,1.3987599999999997e-07,0.000188,0.000332,5.62e-05,0.000374,0.0249,0.00116,2.88e-05,0.0001,2.47e-10,0.00835,0.0364
3840,0.0002607,2.605e-05,5.447e-08,3.5343999999999995e-08,1.10224e-07,3.1248099999999997e-09,1.39129e-07,0.000188,0.000332,5.59e-05,0.000373,0.0249,0.00116,2.87e-05,0.0001,2.59e-10,0.00834,0.0364
3850,0.00026,2.604e-05,5.427e-08,3.5343999999999995e-08,1.0956100000000001e-07,3.1584399999999997e-09,1.38384e-07,0.000188,0.000331,5.62e-05,0.000372,0.0247,0.00115,2.86e-05,0.0001,3.42e-10,0.00833,0.0364
3860,0.0002601,2.603e-05,5.551e-08,3.5343999999999995e-08,1.05625e-07,3.0691599999999998e-09,1.4745600000000002e-07,0.000188,0.000325,5.54e-05,0.000384,0.0266,0.00115,3.06e-05,0.0001,2.06e-10,0.00832,0.0364
3870,0.0002605,2.603e-05,5.548e-08,3.4968999999999994e-08,1.1424399999999999e-07,3.3408400000000002e-09,1.43641e-07,0.000187,0.000338,5.78e-05,0.000379,0.0259,0.00115,2.98e-05,0.0001,2.34e-10,0.0083,0.0364
3880,0.0002602,2.602e-05,5.433e-08,3.4968999999999994e-08,1.089e-07,3.0913600000000004e-09,1.40625e-07,0.000187,0.00033,5.56e-05,0.000375,0.0256,0.00104,2.67e-05,0.0001,2.47e-10,0.00829,0.0364
3890,0.0002605,2.601e-05,5.44e-08,3.5343999999999995e-08,1.0497600000000001e-07,3.136e-09,1.40625e-07,0.000188,0.000324,5.6e-05,0.000375,0.0253,0.00115,2.9e-05,0.0001,2.12e-10,0.00828,0.0364
3900,0.0002599,2.601e-05,5.443e-08,3.5343999999999995e-08,1.05625e-07,3.1584399999999997e-09,1.40625e-07,0.000188,0.000325,5.62e-05,0.000375,0.0253,0.00115,2.9e-05,0.0001,2.8e-10,0.00827,0.0364
3910,0.0002603,2.6e-05,5.491e-08,3.4596e-08,1.089e-07,3.1584399999999997e-09,1.4516099999999999e-07,0.000186,0.00033,5.62e-05,0.000381,0.0261,0.00104,2.71e-05,0.0001,2.07e-10,0.00826,0.0364
3920,0.0002597,2.599e-05,5.436e-08,3.4596e-08,1.05625e-07,3.08025e-09,1.4288400000000002e-07,0.000186,0.000325,5.55e-05,0.000378,0.0261,0.00114,2.98e-05,0.0001,2.72e-10,0.00825,0.0364
3930,0.0002609,2.599e-05,5.387e-08,3.4596e-08,1.0956100000000001e-07,3.2832899999999997e-09,1.369e-07,0.000186,0.000331,5.73e-05,0.00037,0.0252,0.00114,2.88e-05,0.0001,2.59e-10,0.00823,0.0364
3940,0.0002603,2.598e-05,5.425e-08,3.4596e-08,1.0692899999999999e-07,3.136e-09,1.4137599999999998e-07,0.000186,0.000327,5.6e-05,0.000376,0.0256,0.00114,2.91e-05,0.0001,3.04e-10,0.00822,0.0364
3950,0.0002604,2.598e-05,5.328e-08,3.4225e-08,1.03041e-07,3.1024899999999997e-09,1.39129e-07,0.000185,0.000321,5.57e-05,0.000373,0.0251,0.00103,2.6e-05,0.0001,2.53e-10,0.00821,0.0364
3960,0.0002595,2.597e-05,5.355e-08,3.4225e-08,1.04329e-07,3.1248099999999997e-09,1.3987599999999997e-07,0.000185,0.000323,5.59e-05,0.000374,0.0252,0.00103,2.6e-05,0.0001,2.9e-10,0.0082,0.0364
3970,0.0002593,2.596e-05,5.462e-08,3.4596e-08,1.12896e-07,3.3756100000000005e-09,1.4137599999999998e-07,0.000186,0.000336,5.81e-05,0.000376,0.0257,0.00113,2.91e-05,0.0001,2.67e-10,0.00819,0.0364
3980,0.0002599,2.596e-05,5.361e-08,3.4225e-08,1.0240000000000002e-07,3.08025e-09,1.4137599999999998e-07,0.000185,0.00032,5.55e-05,0.000376,0.0256,0.00113,2.9e-05,0.0001,2.72e-10,0.00818,0.0364
3990,0.0002591,2.595e-05,5.37e-08,3.3856e-08,1.11556e-07,3.3062500000000002e-09,1.39129e-07,0.000184,0.000334,5.75e-05,0.000373,0.0251,0.00103,2.58e-05,0.0001,2.11e-10,0.00816,0.0364
4000,0.0002596,2.594e-05,5.36e-08,3.4968999999999994e-08,9.9225e-08,2.99209e-09,1.3987599999999997e-07,0.000187,0.000315,5.47e-05,0.000374,0.0252,0.00124,3.13e-05,0.0001,2.57e-10,0.00815,0.0364
4010,0.0002591,2.594e-05,5.402e-08,3.3856e-08,1.06276e-07,3.136e-09,1.43641e-07,0.000184,0.000326,5.6e-05,0.000379,0.0259,0.00103,2.66e-05,0.0001,2.98e-10,0.00814,0.0364
4020,0.0002591,2.593e-05,5.379e-08,3.4225e-08,1.0048900000000001e-07,3.0691599999999998e-09,1.4440000000000002e-07,0.000185,0.000317,5.54e-05,0.00038,0.0256,0.00113,2.89e-05,0.0001,3.21e-10,0.00813,0.0364
4030,0.0002592,2.593e-05,5.384e-08,3.4596e-08,1.03041e-07,3.0913600000000004e-09,1.4137599999999998e-07,0.000186,0.000321,5.56e-05,0.000376,0.026,0.00112,2.92e-05,0.0001,2.54e-10,0.00812,0.0364
4040,0.0002589,2.592e-05,5.33e-08,3.4225e-08,1.03041e-07,3.0913600000000004e-09,1.39129e-07,0.000185,0.000321,5.56e-05,0.000373,0.0254,0.00112,2.85e-05,0.0001,2.38e-10,0.00811,0.0364
4050,0.0002593,2.591e-05,5.279e-08,3.4225e-08,1.0368400000000002e-07,3.16969e-09,1.35424e-07,0.000185,0.000322,5.63e-05,0.000368,0.0248,0.00112,2.78e-05,0.0001,2.73e-10,0.0081,0.0364
4060,0.0002594,2.591e-05,5.253e-08,3.4225e-08,9.985599999999999e-08,3.04704e-09,1.3616100000000002e-07,0.000185,0.000316,5.52e-05,0.000369,0.0241,0.00123,2.96e-05,0.0001,3.05e-10,0.00808,0.0364
4070,0.000259,2.59e-05,5.28e-08,3.3856e-08,1.089e-07,3.2490000000000003e-09,1.3468899999999997e-07,0.000184,0.00033,5.7e-05,0.000367,0.0242,0.00112,2.7e-05,0.0001,2.55e-10,0.00807,0.0364
4080,0.0002597,2.589e-05,5.309e-08,3.4596e-08,1.06276e-07,3.16969e-09,1.3468899999999997e-07,0.000186,0.000326,5.63e-05,0.000367,0.0246,0.00112,2.75e-05,0.0001,2.6e-10,0.00806,0.0364
4090,0.0002584,2.589e-05,5.318e-08,3.4225e-08,1.0692899999999999e-07,3.18096e-09,1.369e-07,0.000185,0.000327,5.64e-05,0.00037,0.0237,0.00111,2.64e-05,0.0001,2.53e-10,0.00805,0.0364
4100,0.0002587,2.588e-05,5.314e-08,3.3856e-08,1.07584e-07,3.1922499999999996e-09,1.37641e-07,0.000184,0.000328,5.65e-05,0.000371,0.0254,0.00111,2.83e-05,0.0001,2.37e-10,0.00804,0.0364
4110,0.0002593,2.587e-05,5.392e-08,3.4225e-08,1.0497600000000001e-07,3.18096e-09,1.42129e-07,0.000185,0.000324,5.64e-05,0.000377,0.0257,0.00111,2.86e-05,0.0001,1.87e-10,0.00803,0.0364
4120,0.0002586,2.586e-05,5.462e-08,3.4968999999999994e-08,1.1088900000000001e-07,3.3408400000000002e-09,1.3987599999999997e-07,0.000187,0.000333,5.78e-05,0.000374,0.0256,0.00122,3.13e-05,0.0001,2.8e-10,0.00802,0.0364
4130,0.0002585,2.586e-05,5.289e-08,3.4225e-08,1.04329e-07,3.1248099999999997e-09,1.3616100000000002e-07,0.000185,0.000323,5.59e-05,0.000369,0.0245,0.00122,2.98e-05,0.0001,3.12e-10,0.00801,0.0364
4140,0.0002587,2.585e-05,5.23e-08,3.3856e-08,1.0368400000000002e-07,3.11364e-09,1.3468899999999997e-07,0.000184,0.000322,5.58e-05,0.000367,0.0243,0.00111,2.69e-05,0.0001,2.2e-10,0.008,0.0364
4150,0.0002588,2.585e-05,5.426e-08,3.4225e-08,1.06276e-07,3.20356e-09,1.4288400000000002e-07,0.000185,0.000326,5.66e-05,0.000378,0.0258,0.00111,2.86e-05,0.0001,3.06e-10,0.00799,0.0364
4160,0.0002581,2.584e-05,5.289e-08,3.3489e-08,1.0692899999999999e-07,3.2490000000000003e-09,1.369e-07,0.000183,0.000327,5.7e-05,0.00037,0.0241,0.0011,2.66e-05,0.0001,2.58e-10,0.00798,0.0364
4170,0.0002585,2.583e-05,5.275e-08,3.4225e-08,1.0112399999999999e-07,3.136e-09,1.369e-07,0.000185,0.000318,5.6e-05,0.00037,0.0253,0.00121,3.07e-05,0.0001,2.87e-10,0.00796,0.0364
4180,0.0002581,2.583e-05,5.164e-08,3.3489e-08,9.61e-08,3.05809e-09,1.35424e-07,0.000183,0.00031,5.53e-05,0.000368,0.024,0.0011,2.64e-05,0.0001,2.6e-10,0.00795,0.0364
4190,0.0002586,2.582e-05,5.22e-08,3.3856e-08,9.796900000000001e-08,3.0360099999999997e-09,1.3616100000000002e-07,0.000184,0.000313,5.51e-05,0.000369,0.0248,0.00121,3e-05,0.0001,2.13e-10,0.00794,0.0364
4200,0.0002582,2.582e-05,5.223e-08,3.3489e-08,1.0240000000000002e-07,3.18096e-09,1.35424e-07,0.000183,0.00032,5.64e-05,0.000368,0.0241,0.0011,2.65e-05,0.0001,2.57e-10,0.00793,0.0364
4210,0.0002574,2.581e-05,5.256e-08,3.3856e-08,9.9225e-08,3.11364e-09,1.38384e-07,0.000184,0.000315,5.58e-05,0.000372,0.0248,0.0011,2.72e-05,0.0001,2.53e-10,0.00792,0.0364
4220,0.0002581,2.58e-05,5.248e-08,3.3489e-08,1.07584e-07,3.3177599999999995e-09,1.35424e-07,0.000183,0.000328,5.76e-05,0.000368,0.0246,0.0011,2.69e-05,0.0001,2.41e-10,0.00791,0.0364
4230,0.0002577,2.58e-05,5.221e-08,3.3489e-08,1.0112399999999999e-07,3.16969e-09,1.369e-07,0.000183,0.000318,5.63e-05,0.00037,0.0254,0.00109,2.77e-05,0.0001,2.33e-10,0.0079,0.0364
4240,0.0002582,2.579e-05,5.208e-08,3.3489e-08,1.0824099999999998e-07,3.43396e-09,1.32496e-07,0.000183,0.000329,5.86e-05,0.000364,0.0237,0.00109,2.59e-05,0.0001,2.23e-10,0.00789,0.0364
4250,0.0002575,2.578e-05,5.161e-08,3.3489e-08,9.985599999999999e-08,3.20356e-09,1.3322499999999998e-07,0.000183,0.000316,5.66e-05,0.000365,0.0237,0.0012,2.84e-05,0.0001,2e-10,0.00788,0.0364
4260,0.0002571,2.578e-05,5.185e-08,3.2761000000000005e-08,9.859599999999999e-08,3.2148900000000003e-09,1.37641e-07,0.000181,0.000314,5.67e-05,0.000371,0.025,0.00099,2.47e-05,0.0001,2.44e-10,0.00787,0.0364
4270,0.0002579,2.577e-05,5.129e-08,3.2761000000000005e-08,1.0048900000000001e-07,3.1584399999999997e-09,1.33956e-07,0.000181,0.000317,5.62e-05,0.000366,0.0242,0.00109,2.63e-05,0.0001,2.51e-10,0.00786,0.0364
4280,0.0002575,2.576e-05,5.229e-08,3.3489e-08,1.06276e-07,3.364e-09,1.3468899999999997e-07,0.000183,0.000326,5.8e-05,0.000367,0.0244,0.00109,2.65e-05,0.0001,2.58e-10,0.00785,0.0364
4290,0.0002571,2.576e-05,5.101e-08,3.3124e-08,1.03041e-07,3.22624e-09,1.2960000000000002e-07,0.000182,0.000321,5.68e-05,0.00036,0.0234,0.00108,2.53e-05,0.0001,2.29e-10,0.00784,0.0364
4300,0.0002569,2.575e-05,5.11e-08,3.3124e-08,9.9225e-08,3.1248099999999997e-09,1.31769e-07,0.000182,0.000315,5.59e-05,0.000363,0.0238,0.00108,2.58e-05,0.0001,2.25e-10,0.00783,0.0364
4310,0.0002566,2.574e-05,5.158e-08,3.3124e-08,9.7344e-08,3.0913600000000004e-09,1.3616100000000002e-07,0.000182,0.000312,5.56e-05,0.000369,0.0237,0.00108,2.56e-05,0.0001,2.35e-10,0.00782,0.0364
4320,0.0002564,2.574e-05,5.21e-08,3.3124e-08,1.05625e-07,3.27184e-09,1.3468899999999997e-07,0.000182,0.000325,5.72e-05,0.000367,0.0249,0.00119,2.96e-05,0.0001,2.56e-10,0.00781,0.0364
4330,0.0002575,2.573e-05,5.194e-08,3.2761000000000005e-08,1.0824099999999998e-07,3.4105600000000003e-09,1.33956e-07,0.000181,0.000329,5.84e-05,0.000366,0.0242,0.00108,2.61e-05,0.0001,2.58e-10,0.0078,0.0364
4340,0.0002574,2.572e-05,5.213e-08,3.3489e-08,1.0176100000000001e-07,3.23761e-09,1.3616100000000002e-07,0.000183,0.000319,5.69e-05,0.000369,0.0245,0.00108,2.64e-05,0.0001,3.88e-10,0.00779,0.0364
4350,0.0002575,2.572e-05,5.09e-08,3.2761000000000005e-08,1.0240000000000002e-07,3.2490000000000003e-09,1.3104400000000002e-07,0.000181,0.00032,5.7e-05,0.000362,0.0234,0.00108,2.52e-05,0.0001,2.18e-10,0.00778,0.0364
4360,0.0002574,2.571e-05,5.068e-08,3.2761000000000005e-08,1.04329e-07,3.3062500000000002e-09,1.28881e-07,0.000181,0.000323,5.75e-05,0.000359,0.0226,0.00118,2.67e-05,0.0001,3.14e-10,0.00777,0.0364
4370,0.0002571,2.571e-05,5.112e-08,3.2761000000000005e-08,1.0048900000000001e-07,3.23761e-09,1.3322499999999998e-07,0.000181,0.000317,5.69e-05,0.000365,0.0237,0.00107,2.54e-05,0.0001,2.38e-10,0.00776,0.0364
4380,0.0002575,2.57e-05,5.129e-08,3.3124e-08,1.0240000000000002e-07,3.3408400000000002e-09,1.31769e-07,0.000182,0.00032,5.78e-05,0.000363,0.0232,0.00118,2.74e-05,0.0001,2.91e-10,0.00775,0.0364
4390,0.0002573,2.569e-05,5.124e-08,3.2761000000000005e-08,1.0048900000000001e-07,3.2490000000000003e-09,1.3468899999999997e-07,0.000181,0.000317,5.7e-05,0.000367,0.024,0.00107,2.57e-05,0.0001,2.83e-10,0.00774,0.0364
4400,0.0002562,2.569e-05,5.004e-08,3.2400000000000006e-08,9.859599999999999e-08,3.20356e-09,1.2816399999999998e-07,0.00018,0.000314,5.66e-05,0.000358,0.0229,0.00118,2.69e-05,0.0001,2.41e-10,0.00773,0.0364
4410,0.0002569,2.568e-05,5.156e-08,3.2761000000000005e-08,1.03041e-07,3.39889e-09,1.35424e-07,0.000181,0.000321,5.83e-05,0.000368,0.0243,0.00107,2.59e-05,0.0001,2.57e-10,0.00772,0.0364
4420,0.0002563,2.567e-05,5.057e-08,3.2761000000000005e-08,9.7344e-08,3.18096e-09,1.3104400000000002e-07,0.000181,0.000312,5.64e-05,0.000362,0.0235,0.00117,2.76e-05,0.0001,2.7e-10,0.00771,0.0364
4430,0.0002572,2.567e-05,5.003e-08,3.2400000000000006e-08,9.548099999999998e-08,3.1248099999999997e-09,1.30321e-07,0.00018,0.000309,5.59e-05,0.000361,0.0231,0.00117,2.7e-05,0.0001,2.66e-10,0.0077,0.0364
4440,0.0002561,2.566e-05,5.016e-08,3.2040999999999996e-08,1.0112399999999999e-07,3.2832899999999997e-09,1.28881e-07,0.000179,0.000318,5.73e-05,0.000359,0.0225,0.00106,2.4e-05,0.0001,2.52e-10,0.00769,0.0364
4450,0.0002563,2.566e-05,5.087e-08,3.2400000000000006e-08,9.985599999999999e-08,3.20356e-09,1.3322499999999998e-07,0.00018,0.000316,5.66e-05,0.000365,0.0235,0.00106,2.5e-05,0.0001,2.37e-10,0.00768,0.0364
4460,0.0002571,2.565e-05,5.062e-08,3.2400000000000006e-08,9.672100000000001e-08,3.11364e-09,1.3322499999999998e-07,0.00018,0.000311,5.58e-05,0.000365,0.0238,0.00106,2.52e-05,0.0001,2.56e-10,0.00767,0.0364
4470,0.0002562,2.564e-05,5.124e-08,3.2040999999999996e-08,1.0824099999999998e-07,3.52836e-09,1.3322499999999998e-07,0.000179,0.000329,5.94e-05,0.000365,0.0245,0.00106,2.6e-05,0.0001,2.92e-10,0.00766,0.0364
4480,0.0002565,2.564e-05,5.041e-08,3.2040999999999996e-08,9.548099999999998e-08,3.18096e-09,1.3468899999999997e-07,0.000179,0.000309,5.64e-05,0.000367,0.0242,0.00106,2.56e-05,0.0001,2.29e-10,0.00765,0.0364
4490,0.000256,2.563e-05,5.058e-08,3.2400000000000006e-08,9.3636e-08,3.16969e-09,1.35424e-07,0.00018,0.000306,5.63e-05,0.000368,0.0244,0.00106,2.58e-05,0.0001,2.53e-10,0.00764,0.0364
4500,0.000256,2.563e-05,5.064e-08,3.2400000000000006e-08,1.0368400000000002e-07,3.3524099999999996e-09,1.2960000000000002e-07,0.00018,0.000322,5.79e-05,0.00036,0.0233,0.00116,2.71e-05,0.0001,1.99e-10,0.00763,0.0364
4510,0.0002566,2.562e-05,4.952e-08,3.2040999999999996e-08,9.859599999999999e-08,3.26041e-09,1.2673599999999998e-07,0.000179,0.000314,5.71e-05,0.000356,0.0224,0.00116,2.6e-05,0.0001,2.76e-10,0.00762,0.0364
4520,0.0002565,2.562e-05,4.964e-08,3.2040999999999996e-08,9.859599999999999e-08,3.26041e-09,1.27449e-07,0.000179,0.000314,5.71e-05,0.000357,0.0226,0.00116,2.62e-05,0.0001,2.06e-10,0.00761,0.0364
4530,0.0002565,2.561e-05,5.018e-08,3.2040999999999996e-08,9.7344e-08,3.2148900000000003e-09,1.3104400000000002e-07,0.000179,0.000312,5.67e-05,0.000362,0.0234,0.00105,2.46e-05,0.0001,2.95e-10,0.0076,0.0364
4540,0.000256,2.56e-05,5.036e-08,3.2400000000000006e-08,1.0497600000000001e-07,3.4105600000000003e-09,1.2816399999999998e-07,0.00018,0.000324,5.84e-05,0.000358,0.0232,0.00105,2.44e-05,0.0001,2.4e-10,0.00759,0.0364
4550,0.0002557,2.559e-05,5.084e-08,3.2400000000000006e-08,1.03041e-07,3.3756100000000005e-09,1.31769e-07,0.00018,0.000321,5.81e-05,0.000363,0.0237,0.00115,2.73e-05,0.0001,2.86e-10,0.00758,0.0364
4560,0.0002561,2.559e-05,4.984e-08,3.2040999999999996e-08,9.9225e-08,3.3524099999999996e-09,1.28881e-07,0.000179,0.000315,5.79e-05,0.000359,0.0229,0.00105,2.4e-05,0.0001,2.41e-10,0.00757,0.0364
4570,0.0002561,2.558e-05,4.988e-08,3.1328999999999996e-08,9.61e-08,3.26041e-09,1.32496e-07,0.000177,0.00031,5.71e-05,0.000364,0.0236,0.00105,2.47e-05,0.0001,2.39e-10,0.00756,0.0364
4580,0.0002557,2.558e-05,5.025e-08,3.1683999999999994e-08,1.0176100000000001e-07,3.364e-09,1.3104400000000002e-07,0.000178,0.000319,5.8e-05,0.000362,0.0235,0.00104,2.46e-05,0.0001,2.79e-10,0.00755,0.0364
4590,0.0002559,2.557e-05,4.935e-08,3.1683999999999994e-08,9.548099999999998e-08,3.2148900000000003e-09,1.28881e-07,0.000178,0.000309,5.67e-05,0.000359,0.0227,0.00104,2.37e-05,0.0001,2.44e-10,0.00754,0.0364
4600,0.0002556,2.557e-05,4.935e-08,3.1683999999999994e-08,9.241600000000001e-08,3.1584399999999997e-09,1.2960000000000002e-07,0.000178,0.000304,5.62e-05,0.00036,0.0233,0.00104,2.43e-05,0.0001,2.5e-10,0.00753,0.0364
4610,0.0002555,2.556e-05,5.027e-08,3.1328999999999996e-08,9.985599999999999e-08,3.364e-09,1.33956e-07,0.000177,0.000316,5.8e-05,0.000366,0.0235,0.00104,2.45e-05,0.0001,2.32e-10,0.00752,0.0364
4620,0.0002559,2.555e-05,4.912e-08,3.1683999999999994e-08,9.9225e-08,3.3756100000000005e-09,1.2531599999999998e-07,0.000178,0.000315,5.81e-05,0.000354,0.0225,0.00104,2.34e-05,0.0001,2.07e-10,0.00751,0.0364
4630,0.0002548,2.555e-05,4.952e-08,3.1683999999999994e-08,9.672100000000001e-08,3.3062500000000002e-09,1.28881e-07,0.000178,0.000311,5.75e-05,0.000359,0.0235,0.00114,2.68e-05,0.0001,2.01e-10,0.0075,0.0364
4640,0.0002551,2.554e-05,5.006e-08,3.1683999999999994e-08,1.0240000000000002e-07,3.42225e-09,1.30321e-07,0.000178,0.00032,5.85e-05,0.000361,0.0235,0.00104,2.44e-05,0.0001,2.42e-10,0.00749,0.0364
4650,0.0002552,2.554e-05,4.991e-08,3.1683999999999994e-08,1.06276e-07,3.5640900000000003e-09,1.2673599999999998e-07,0.000178,0.000326,5.97e-05,0.000356,0.0223,0.00114,2.54e-05,0.0001,2.09e-10,0.00748,0.0364
4660,0.0002555,2.553e-05,4.979e-08,3.2040999999999996e-08,9.61e-08,3.3292899999999998e-09,1.30321e-07,0.000179,0.00031,5.77e-05,0.000361,0.0231,0.00114,2.62e-05,0.0001,2.31e-10,0.00748,0.0364
4670,0.0002553,2.553e-05,4.94e-08,3.1328999999999996e-08,1.0176100000000001e-07,3.38724e-09,1.2673599999999998e-07,0.000177,0.000319,5.82e-05,0.000356,0.0228,0.00103,2.35e-05,0.0001,2.48e-10,0.00747,0.0364
4680,0.0002548,2.552e-05,4.935e-08,3.1328999999999996e-08,9.985599999999999e-08,3.4105600000000003e-09,1.28881e-07,0.000177,0.000316,5.84e-05,0.000359,0.0226,0.00103,2.33e-05,0.0001,2.79e-10,0.00746,0.0364
4690,0.0002559,2.551e-05,4.936e-08,3.1328999999999996e-08,9.672100000000001e-08,3.3408400000000002e-09,1.2960000000000002e-07,0.000177,0.000311,5.78e-05,0.00036,0.0234,0.00103,2.41e-05,0.0001,2.96e-10,0.00745,0.0364
4700,0.0002552,2.551e-05,4.962e-08,3.1683999999999994e-08,1.0112399999999999e-07,3.4105600000000003e-09,1.28881e-07,0.000178,0.000318,5.84e-05,0.000359,0.0233,0.00113,2.64e-05,0.0001,2.18e-10,0.00744,0.0364
4710,0.000255,2.55e-05,4.951e-08,3.1683999999999994e-08,9.241600000000001e-08,3.3408400000000002e-09,1.31769e-07,0.000178,0.000304,5.78e-05,0.000363,0.0227,0.00113,2.57e-05,0.0001,2.18e-10,0.00743,0.0364
4720,0.0002551,2.55e-05,4.884e-08,3.0976e-08,1.0240000000000002e-07,3.5046400000000004e-09,1.24609e-07,0.000176,0.00032,5.92e-05,0.000353,0.0226,0.00103,2.32e-05,0.0001,3.11e-10,0.00742,0.0364
4730,0.0002554,2.549e-05,4.889e-08,3.1328999999999996e-08,9.424899999999999e-08,3.3062500000000002e-09,1.2816399999999998e-07,0.000177,0.000307,5.75e-05,0.000358,0.0225,0.00113,2.53e-05,0.0001,2.64e-10,0.00741,0.0364
4740,0.0002547,2.549e-05,4.955e-08,3.1683999999999994e-08,9.9225e-08,3.52836e-09,1.28881e-07,0.000178,0.000315,5.94e-05,0.000359,0.0228,0.00113,2.57e-05,0.0001,3.46e-10,0.0074,0.0364
4750,0.000255,2.548e-05,4.893e-08,3.0976e-08,9.548099999999998e-08,3.3408400000000002e-09,1.2816399999999998e-07,0.000176,0.000309,5.78e-05,0.000358,0.0229,0.00102,2.34e-05,0.0001,2.11e-10,0.00739,0.0364
4760,0.0002543,2.547e-05,4.918e-08,3.0976e-08,9.672100000000001e-08,3.4105600000000003e-09,1.2960000000000002e-07,0.000176,0.000311,5.84e-05,0.00036,0.0231,0.00102,2.36e-05,0.0001,2.32e-10,0.00738,0.0364
4770,0.0002548,2.547e-05,4.881e-08,3.2040999999999996e-08,9.424899999999999e-08,3.29476e-09,1.24609e-07,0.000179,0.000307,5.74e-05,0.000353,0.0215,0.00112,2.41e-05,0.0001,2.23e-10,0.00738,0.0364
4780,0.0002547,2.546e-05,4.904e-08,3.1328999999999996e-08,9.859599999999999e-08,3.43396e-09,1.2673599999999998e-07,0.000177,0.000314,5.86e-05,0.000356,0.0224,0.00112,2.51e-05,0.0001,3.06e-10,0.00737,0.0364
4790,0.0002546,2.546e-05,4.942e-08,3.1328999999999996e-08,9.859599999999999e-08,3.481e-09,1.28881e-07,0.000177,0.000314,5.9e-05,0.000359,0.023,0.00112,2.57e-05,0.0001,2.21e-10,0.00736,0.0364
4800,0.0002542,2.545e-05,4.871e-08,3.0976e-08,9.859599999999999e-08,3.49281e-09,1.2602500000000002e-07,0.000176,0.000314,5.91e-05,0.000355,0.0224,0.00102,2.28e-05,0.0001,1.97e-10,0.00735,0.0364
4810,0.0002552,2.544e-05,4.854e-08,3.0976e-08,9.61e-08,3.3756100000000005e-09,1.2673599999999998e-07,0.000176,0.00031,5.81e-05,0.000356,0.0224,0.00112,2.51e-05,0.0001,2.35e-10,0.00734,0.0364
4820,0.0002544,2.544e-05,4.887e-08,3.0625e-08,1.04329e-07,3.6360900000000004e-09,1.2531599999999998e-07,0.000175,0.000323,6.03e-05,0.000354,0.0224,0.00101,2.27e-05,0.0001,2.23e-10,0.00733,0.0364
4830,0.0002543,2.543e-05,4.818e-08,3.0625e-08,9.302499999999999e-08,3.27184e-09,1.2673599999999998e-07,0.000175,0.000305,5.72e-05,0.000356,0.0221,0.00101,2.24e-05,0.0001,2.1e-10,0.00732,0.0364
4840,0.0002543,2.543e-05,4.793e-08,3.0625e-08,9.3636e-08,3.3756100000000005e-09,1.2602500000000002e-07,0.000175,0.000306,5.81e-05,0.000355,0.0225,0.00101,2.28e-05,0.0001,2.65e-10,0.00731,0.0364
4850,0.0002544,2.542e-05,4.744e-08,3.0625e-08,8.999999999999999e-08,3.2490000000000003e-09,1.23904e-07,0.000175,0.0003,5.7e-05,0.000352,0.0219,0.00111,2.44e-05,0.0001,2.37e-10,0.0073,0.0364
4860,0.000254,2.541e-05,4.896e-08,3.0976e-08,9.61e-08,3.49281e-09,1.28881e-07,0.000176,0.00031,5.91e-05,0.000359,0.0224,0.00111,2.49e-05,0.0001,2.74e-10,0.0073,0.0364
4870,0.0002542,2.541e-05,4.967e-08,3.1328999999999996e-08,1.03041e-07,3.68449e-09,1.2816399999999998e-07,0.000177,0.000321,6.07e-05,0.000358,0.0233,0.00111,2.58e-05,0.0001,2.6e-10,0.00729,0.0364
4880,0.000254,2.54e-05,4.909e-08,3.1328999999999996e-08,9.241600000000001e-08,3.3408400000000002e-09,1.30321e-07,0.000177,0.000304,5.78e-05,0.000361,0.0233,0.00111,2.58e-05,0.0001,2.42e-10,0.00728,0.0364
4890,0.0002541,2.54e-05,4.829e-08,3.0625e-08,9.1809e-08,3.3756100000000005e-09,1.28881e-07,0.000175,0.000303,5.81e-05,0.000359,0.0228,0.00111,2.53e-05,0.0001,2.01e-10,0.00727,0.0364
4900,0.0002531,2.539e-05,4.814e-08,3.0625e-08,9.302499999999999e-08,3.3408400000000002e-09,1.2673599999999998e-07,0.000175,0.000305,5.78e-05,0.000356,0.022,0.00111,2.43e-05,0.0001,2.42e-10,0.00726,0.0364
4910,0.0002534,2.539e-05,4.809e-08,3.0276e-08,9.548099999999998e-08,3.4692100000000003e-09,1.2673599999999998e-07,0.000174,0.000309,5.89e-05,0.000356,0.0227,0.001,2.28e-05,0.0001,2.26e-10,0.00725,0.0364
4920,0.0002535,2.538e-05,4.849e-08,3.1328999999999996e-08,1.0048900000000001e-07,3.5760399999999996e-09,1.225e-07,0.000177,0.000317,5.98e-05,0.00035,0.0219,0.0011,2.41e-05,0.0001,2.28e-10,0.00724,0.0364
4930,0.0002539,2.538e-05,4.859e-08,3.0625e-08,9.61e-08,3.5046400000000004e-09,1.2816399999999998e-07,0.000175,0.00031,5.92e-05,0.000358,0.0231,0.001,2.31e-05,0.0001,2.05e-10,0.00724,0.0364
4940,0.0002534,2.537e-05,4.838e-08,3.0625e-08,9.548099999999998e-08,3.45744e-09,1.2673599999999998e-07,0.000175,0.000309,5.88e-05,0.000356,0.0226,0.0011,2.49e-05,0.0001,2.52e-10,0.00723,0.0364
4950,0.0002536,2.537e-05,4.849e-08,3.0625e-08,1.03041e-07,3.721e-09,1.24609e-07,0.000175,0.000321,6.1e-05,0.000353,0.0226,0.0011,2.48e-05,0.0001,2.73e-10,0.00722,0.0364
4960,0.0002544,2.536e-05,4.738e-08,2.9929e-08,9.7344e-08,3.6000000000000004e-09,1.2180100000000002e-07,0.000173,0.000312,6e-05,0.000349,0.0214,0.0011,2.35e-05,0.0001,2.45e-10,0.00721,0.0364
4970,0.0002532,2.536e-05,4.801e-08,2.9929e-08,1.0240000000000002e-07,3.7699600000000005e-09,1.23904e-07,0.000173,0.00032,6.14e-05,0.000352,0.0218,0.000997,2.17e-05,0.0001,2.79e-10,0.0072,0.0364
4980,0.0002537,2.535e-05,4.734e-08,2.9929e-08,9.486400000000001e-08,3.3524099999999996e-09,1.23904e-07,0.000173,0.000308,5.79e-05,0.000352,0.0221,0.000996,2.2e-05,0.0001,2.31e-10,0.00719,0.0364
4990,0.0002539,2.535e-05,4.676e-08,3.0276e-08,8.880399999999999e-08,3.38724e-09,1.2180100000000002e-07,0.000174,0.000298,5.82e-05,0.000349,0.0215,0.00109,2.35e-05,0.0001,2.5e-10,0.00718,0.0364
5000,0.0002533,2.534e-05,4.751e-08,3.0276e-08,9.985599999999999e-08,3.5164899999999997e-09,1.21104e-07,0.000174,0.000316,5.93e-05,0.000348,0.0221,0.00109,2.42e-05,0.0001,2.62e-10,0.00718,0.0364
5010,0.0002539,2.533e-05,4.828e-08,3.0276e-08,1.0240000000000002e-07,3.75769e-09,1.2531599999999998e-07,0.000174,0.00032,6.13e-05,0.000354,0.0222,0.00109,2.42e-05,0.0001,2.83e-10,0.00717,0.0364
5020,0.000254,2.533e-05,4.749e-08,3.0976e-08,9.796900000000001e-08,3.61201e-09,1.1902499999999998e-07,0.000176,0.000313,6.01e-05,0.000345,0.0211,0.00109,2.3e-05,0.0001,2.36e-10,0.00716,0.0364
5030,0.0002526,2.532e-05,4.74e-08,3.0276e-08,9.7344e-08,3.5760399999999996e-09,1.2180100000000002e-07,0.000174,0.000312,5.98e-05,0.000349,0.0218,0.00109,2.38e-05,0.0001,2.36e-10,0.00715,0.0364
5040,0.0002532,2.532e-05,4.832e-08,3.0276e-08,9.486400000000001e-08,3.4692100000000003e-09,1.28881e-07,0.000174,0.000308,5.89e-05,0.000359,0.0228,0.00109,2.48e-05,0.0001,2.48e-10,0.00714,0.0364
5050,0.0002531,2.531e-05,4.708e-08,2.9929e-08,9.241600000000001e-08,3.5046400000000004e-09,1.2320100000000002e-07,0.000173,0.000304,5.92e-05,0.000351,0.0218,0.00109,2.37e-05,0.0001,2.23e-10,0.00713,0.0364
5060,0.0002528,2.531e-05,4.791e-08,2.9929e-08,9.9225e-08,3.66025e-09,1.2531599999999998e-07,0.000173,0.000315,6.05e-05,0.000354,0.0221,0.000987,2.18e-05,0.0001,2.47e-10,0.00713,0.0364
5070,0.0002531,2.53e-05,4.765e-08,3.0625e-08,8.880399999999999e-08,3.3292899999999998e-09,1.2673599999999998e-07,0.000175,0.000298,5.77e-05,0.000356,0.0224,0.00119,2.67e-05,0.0001,1.86e-10,0.00712,0.0364
5080,0.0002525,2.53e-05,4.743e-08,3.0276e-08,9.548099999999998e-08,3.5046400000000004e-09,1.2180100000000002e-07,0.000174,0.000309,5.92e-05,0.000349,0.0214,0.00108,2.32e-05,0.0001,2.07e-10,0.00711,0.0364
5090,0.0002536,2.529e-05,4.733e-08,3.0276e-08,9.61e-08,3.52836e-09,1.2180100000000002e-07,0.000174,0.00031,5.94e-05,0.000349,0.0211,0.00108,2.28e-05,0.0001,2.23e-10,0.0071,0.0364
5100,0.0002521,2.529e-05,4.719e-08,2.9929e-08,9.672100000000001e-08,3.55216e-09,1.225e-07,0.000173,0.000311,5.96e-05,0.00035,0.0218,0.000982,2.14e-05,0.0001,3.51e-10,0.00709,0.0364
5110,0.0002527,2.528e-05,4.744e-08,2.9929e-08,9.548099999999998e-08,3.6723600000000003e-09,1.24609e-07,0.000173,0.000309,6.06e-05,0.000353,0.0223,0.000981,2.18e-05,0.0001,2.95e-10,0.00708,0.0364
5120,0.000253,2.527e-05,4.732e-08,3.0625e-08,9.796900000000001e-08,3.6723600000000003e-09,1.19716e-07,0.000175,0.000313,6.06e-05,0.000346,0.0213,0.00108,2.29e-05,0.0001,2.32e-10,0.00708,0.0364
5130,0.0002524,2.527e-05,4.703e-08,2.9584000000000002e-08,9.548099999999998e-08,3.45744e-09,1.2320100000000002e-07,0.000172,0.000309,5.88e-05,0.000351,0.0223,0.000979,2.18e-05,0.0001,2.29e-10,0.00707,0.0364
5140,0.0002518,2.526e-05,4.74e-08,2.9584000000000002e-08,9.486400000000001e-08,3.5760399999999996e-09,1.2531599999999998e-07,0.000172,0.000308,5.98e-05,0.000354,0.0225,0.000978,2.2e-05,0.0001,2.29e-10,0.00706,0.0364
5150,0.0002522,2.526e-05,4.744e-08,2.9584000000000002e-08,9.548099999999998e-08,3.5760399999999996e-09,1.2531599999999998e-07,0.000172,0.000309,5.98e-05,0.000354,0.0218,0.00107,2.35e-05,0.0001,2.7e-10,0.00705,0.0364
5160,0.000252,2.525e-05,4.694e-08,2.9929e-08,9.241600000000001e-08,3.481e-09,1.2320100000000002e-07,0.000173,0.000304,5.9e-05,0.000351,0.0219,0.00107,2.35e-05,0.0001,2.4e-10,0.00704,0.0364
5170,0.0002527,2.525e-05,4.779e-08,2.9584000000000002e-08,9.672100000000001e-08,3.721e-09,1.2673599999999998e-07,0.000172,0.000311,6.1e-05,0.000356,0.0226,0.00107,2.42e-05,0.0001,2.96e-10,0.00704,0.0364
5180,0.0002525,2.524e-05,4.627e-08,2.9241000000000004e-08,9.3636e-08,3.6000000000000004e-09,1.2040899999999998e-07,0.000171,0.000306,6e-05,0.000347,0.0217,0.000973,2.11e-05,0.0001,2.55e-10,0.00703,0.0364
5190,0.0002525,2.523e-05,4.56e-08,2.9241000000000004e-08,8.702500000000001e-08,3.49281e-09,1.1902499999999998e-07,0.000171,0.000295,5.91e-05,0.000345,0.0208,0.00107,2.23e-05,0.0001,2.36e-10,0.00702,0.0364
5200,0.0002523,2.523e-05,4.585e-08,2.9929e-08,8.8209e-08,3.4105600000000003e-09,1.1833600000000001e-07,0.000173,0.000297,5.84e-05,0.000344,0.0209,0.00118,2.45e-05,0.0001,2.35e-10,0.00701,0.0364
5210,0.0002521,2.523e-05,4.764e-08,2.9584000000000002e-08,9.985599999999999e-08,3.794560000000001e-09,1.24609e-07,0.000172,0.000316,6.16e-05,0.000353,0.0224,0.00107,2.39e-05,0.0001,2.89e-10,0.00701,0.0364
5220,0.0002523,2.522e-05,4.603e-08,2.9241000000000004e-08,9.0601e-08,3.5164899999999997e-09,1.2040899999999998e-07,0.000171,0.000301,5.93e-05,0.000347,0.0216,0.00107,2.3e-05,0.0001,2.79e-10,0.007,0.0364
5230,0.0002524,2.521e-05,4.633e-08,2.9584000000000002e-08,8.940100000000001e-08,3.4692100000000003e-09,1.2180100000000002e-07,0.000172,0.000299,5.89e-05,0.000349,0.0215,0.00106,2.28e-05,0.0001,2.82e-10,0.00699,0.0364
5240,0.000252,2.521e-05,4.577e-08,2.9584000000000002e-08,8.8209e-08,3.43396e-09,1.1902499999999998e-07,0.000172,0.000297,5.86e-05,0.000345,0.0205,0.00106,2.18e-05,0.0001,3.01e-10,0.00698,0.0364
5250,0.0002516,2.52e-05,4.667e-08,2.9241000000000004e-08,9.1809e-08,3.4456899999999995e-09,1.24609e-07,0.000171,0.000303,5.87e-05,0.000353,0.0216,0.00106,2.3e-05,0.0001,2.15e-10,0.00697,0.0364
5260,0.0002516,2.52e-05,4.666e-08,2.9241000000000004e-08,9.3636e-08,3.58801e-09,1.225e-07,0.000171,0.000306,5.99e-05,0.00035,0.0216,0.00106,2.3e-05,0.0001,3.13e-10,0.00697,0.0364
5270,0.0002515,2.519e-05,4.653e-08,2.9584000000000002e-08,9.302499999999999e-08,3.6000000000000004e-09,1.21104e-07,0.000172,0.000305,6e-05,0.000348,0.0217,0.00106,2.3e-05,0.0001,2.7e-10,0.00696,0.0364
5280,0.0002519,2.519e-05,4.619e-08,2.9584000000000002e-08,9.0601e-08,3.55216e-09,1.19716e-07,0.000172,0.000301,5.96e-05,0.000346,0.0207,0.00106,2.19e-05,0.0001,2.38e-10,0.00695,0.0364
5290,0.0002517,2.518e-05,4.612e-08,2.9241000000000004e-08,8.999999999999999e-08,3.5760399999999996e-09,1.2040899999999998e-07,0.000171,0.0003,5.98e-05,0.000347,0.0213,0.00106,2.25e-05,0.0001,3.64e-10,0.00694,0.0364
5300,0.0002516,2.518e-05,4.663e-08,2.9241000000000004e-08,9.3636e-08,3.5640900000000003e-09,1.225e-07,0.000171,0.000306,5.97e-05,0.00035,0.0211,0.00106,2.23e-05,0.0001,2.42e-10,0.00694,0.0364
5310,0.0002511,2.517e-05,4.635e-08,2.9584000000000002e-08,8.8209e-08,3.62404e-09,1.225e-07,0.000172,0.000297,6.02e-05,0.00035,0.0213,0.00106,2.24e-05,0.0001,3.56e-10,0.00693,0.0364
5320,0.0002516,2.517e-05,4.672e-08,2.9929e-08,9.859599999999999e-08,3.7699600000000005e-09,1.1833600000000001e-07,0.000173,0.000314,6.14e-05,0.000344,0.0207,0.00105,2.18e-05,0.0001,2.42e-10,0.00692,0.0364
5330,0.000252,2.516e-05,4.568e-08,2.9241000000000004e-08,8.940100000000001e-08,3.49281e-09,1.1902499999999998e-07,0.000171,0.000299,5.91e-05,0.000345,0.021,0.00105,2.21e-05,0.0001,3.01e-10,0.00691,0.0364
5340,0.0002516,2.516e-05,4.626e-08,2.9584000000000002e-08,9.3636e-08,3.6360900000000004e-09,1.19716e-07,0.000172,0.000306,6.03e-05,0.000346,0.0212,0.00116,2.46e-05,0.0001,2.27e-10,0.00691,0.0364
5350,0.0002522,2.515e-05,4.586e-08,2.9241000000000004e-08,8.940100000000001e-08,3.6000000000000004e-09,1.2040899999999998e-07,0.000171,0.000299,6e-05,0.000347,0.021,0.00105,2.21e-05,0.0001,3.77e-10,0.0069,0.0364
5360,0.0002512,2.515e-05,4.629e-08,2.9584000000000002e-08,9.486400000000001e-08,3.733209999999999e-09,1.1833600000000001e-07,0.000172,0.000308,6.11e-05,0.000344,0.0204,0.00105,2.14e-05,0.0001,3.3e-10,0.00689,0.0364
5370,0.0002517,2.514e-05,4.601e-08,2.9929e-08,9.3636e-08,3.7454399999999994e-09,1.16281e-07,0.000173,0.000306,6.12e-05,0.000341,0.0207,0.00115,2.38e-05,0.0001,2.47e-10,0.00688,0.0364
5380,0.0002513,2.514e-05,4.549e-08,2.8900000000000004e-08,8.940100000000001e-08,3.55216e-09,1.1902499999999998e-07,0.00017,0.000299,5.96e-05,0.000345,0.0209,0.00105,2.18e-05,0.0001,2.71e-10,0.00688,0.0364
5390,0.0002513,2.513e-05,4.682e-08,2.9241000000000004e-08,9.424899999999999e-08,3.75769e-09,1.2320100000000002e-07,0.000171,0.000307,6.13e-05,0.000351,0.0222,0.00105,2.32e-05,0.0001,2.62e-10,0.00687,0.0364
5400,0.000252,2.513e-05,4.586e-08,2.9241000000000004e-08,9.1809e-08,3.5046400000000004e-09,1.1833600000000001e-07,0.000171,0.000303,5.92e-05,0.000344,0.0208,0.00115,2.39e-05,0.0001,2.8e-10,0.00686,0.0364
5410,0.0002515,2.512e-05,4.605e-08,2.8900000000000004e-08,9.424899999999999e-08,3.7699600000000005e-09,1.2040899999999998e-07,0.00017,0.000307,6.14e-05,0.000347,0.0213,0.00104,2.22e-05,0.0001,2.83e-10,0.00685,0.0364
5420,0.000251,2.512e-05,4.476e-08,2.8560999999999997e-08,8.940100000000001e-08,3.66025e-09,1.16281e-07,0.000169,0.000299,6.05e-05,0.000341,0.0204,0.00104,2.13e-05,0.0001,2.76e-10,0.00684,0.0364
5430,0.0002514,2.511e-05,4.622e-08,2.8900000000000004e-08,9.548099999999998e-08,3.794560000000001e-09,1.21104e-07,0.00017,0.000309,6.16e-05,0.000348,0.0219,0.00104,2.28e-05,0.0001,2.91e-10,0.00684,0.0364
5440,0.0002511,2.511e-05,4.607e-08,2.9584000000000002e-08,9.241600000000001e-08,3.5640900000000003e-09,1.1902499999999998e-07,0.000172,0.000304,5.97e-05,0.000345,0.0208,0.00114,2.39e-05,0.0001,2.78e-10,0.00683,0.0364
5450,0.0002509,2.51e-05,4.647e-08,2.9584000000000002e-08,9.241600000000001e-08,3.69664e-09,1.21104e-07,0.000172,0.000304,6.08e-05,0.000348,0.0219,0.00104,2.28e-05,0.0001,1.9e-10,0.00682,0.0364
5460,0.0002504,2.51e-05,4.524e-08,2.8900000000000004e-08,8.8209e-08,3.6723600000000003e-09,1.17649e-07,0.00017,0.000297,6.06e-05,0.000343,0.0205,0.00104,2.13e-05,0.0001,2.26e-10,0.00682,0.0364
5470,0.0002508,2.509e-05,4.463e-08,2.8900000000000004e-08,8.7616e-08,3.6360900000000004e-09,1.14921e-07,0.00017,0.000296,6.03e-05,0.000339,0.0204,0.00104,2.12e-05,0.0001,2.59e-10,0.00681,0.0364
5480,0.0002508,2.508e-05,4.585e-08,2.8900000000000004e-08,9.424899999999999e-08,3.69664e-09,1.19716e-07,0.00017,0.000307,6.08e-05,0.000346,0.022,0.00104,2.28e-05,0.0001,2.79e-10,0.0068,0.0364
5490,0.0002508,2.508e-05,4.509e-08,2.8224e-08,9.672100000000001e-08,3.81924e-09,1.1560000000000002e-07,0.000168,0.000311,6.18e-05,0.00034,0.0203,0.00104,2.11e-05,0.0001,2.22e-10,0.00679,0.0364
5500,0.0002507,2.508e-05,4.519e-08,2.8560999999999997e-08,9.0601e-08,3.68449e-09,1.1833600000000001e-07,0.000169,0.000301,6.07e-05,0.000344,0.0209,0.00103,2.16e-05,0.0001,1.98e-10,0.00679,0.0364
5510,0.0002498,2.507e-05,4.521e-08,2.8560999999999997e-08,9.302499999999999e-08,3.66025e-09,1.1696400000000001e-07,0.000169,0.000305,6.05e-05,0.000342,0.0206,0.00103,2.13e-05,0.0001,2.35e-10,0.00678,0.0364
5520,0.0002512,2.506e-05,4.603e-08,2.8560999999999997e-08,9.7344e-08,4.00689e-09,1.19716e-07,0.000169,0.000312,6.33e-05,0.000346,0.0218,0.00103,2.25e-05,0.0001,2.78e-10,0.00677,0.0364
5530,0.0002511,2.506e-05,4.487e-08,2.8560999999999997e-08,8.880399999999999e-08,3.5402500000000005e-09,1.1696400000000001e-07,0.000169,0.000298,5.95e-05,0.000342,0.0207,0.00103,2.13e-05,0.0001,3.66e-10,0.00676,0.0364
5540,0.0002503,2.505e-05,4.486e-08,2.8900000000000004e-08,8.8209e-08,3.6481599999999995e-09,1.1560000000000002e-07,0.00017,0.000297,6.04e-05,0.00034,0.0204,0.00113,2.31e-05,0.0001,3.23e-10,0.00676,0.0364
5550,0.0002506,2.505e-05,4.524e-08,2.8560999999999997e-08,9.120400000000001e-08,3.6481599999999995e-09,1.1833600000000001e-07,0.000169,0.000302,6.04e-05,0.000344,0.0212,0.00103,2.18e-05,0.0001,2.59e-10,0.00675,0.0364
5560,0.0002504,2.504e-05,4.617e-08,2.8900000000000004e-08,9.486400000000001e-08,3.93129e-09,1.21104e-07,0.00017,0.000308,6.27e-05,0.000348,0.0219,0.00103,2.25e-05,0.0001,2.74e-10,0.00674,0.0364
5570,0.0002507,2.504e-05,4.512e-08,2.8560999999999997e-08,9.120400000000001e-08,3.794560000000001e-09,1.17649e-07,0.000169,0.000302,6.16e-05,0.000343,0.0208,0.00103,2.13e-05,0.0001,2.79e-10,0.00674,0.0364
5580,0.0002497,2.503e-05,4.471e-08,2.8224e-08,8.999999999999999e-08,3.6723600000000003e-09,1.16281e-07,0.000168,0.0003,6.06e-05,0.000341,0.0205,0.00103,2.1e-05,0.0001,2.29e-10,0.00673,0.0364
5590,0.0002504,2.503e-05,4.526e-08,2.8900000000000004e-08,8.999999999999999e-08,3.83161e-09,1.17649e-07,0.00017,0.0003,6.19e-05,0.000343,0.0206,0.00113,2.32e-05,0.0001,2.54e-10,0.00672,0.0364
5600,0.0002503,2.502e-05,4.416e-08,2.8224e-08,8.468100000000002e-08,3.6723600000000003e-09,1.16281e-07,0.000168,0.000291,6.06e-05,0.000341,0.0204,0.00102,2.09e-05,0.0001,2.78e-10,0.00671,0.0364
5610,0.0002505,2.502e-05,4.57e-08,2.8900000000000004e-08,8.880399999999999e-08,3.68449e-09,1.2040899999999998e-07,0.00017,0.000298,6.07e-05,0.000347,0.0216,0.00112,2.42e-05,0.0001,2.66e-10,0.00671,0.0364
5620,0.0002506,2.501e-05,4.581e-08,2.8900000000000004e-08,9.0601e-08,3.7088100000000006e-09,1.2040899999999998e-07,0.00017,0.000301,6.09e-05,0.000347,0.021,0.00112,2.36e-05,0.0001,2.13e-10,0.0067,0.0364
5630,0.00025,2.501e-05,4.399e-08,2.8224e-08,8.468100000000002e-08,3.68449e-09,1.1560000000000002e-07,0.000168,0.000291,6.07e-05,0.00034,0.0199,0.00102,2.03e-05,0.0001,2.46e-10,0.00669,0.0364
5640,0.0002503,2.5e-05,4.475e-08,2.8224e-08,9.120400000000001e-08,3.844e-09,1.1696400000000001e-07,0.000168,0.000302,6.2e-05,0.000342,0.0209,0.000927,1.94e-05,0.0001,2.69e-10,0.00669,0.0364
5650,0.0002497,2.5e-05,4.405e-08,2.8224e-08,9.0601e-08,3.7454399999999994e-09,1.12896e-07,0.000168,0.000301,6.12e-05,0.000336,0.0202,0.00102,2.06e-05,0.0001,1.88e-10,0.00668,0.0364
5660,0.00025,2.499e-05,4.335e-08,2.7889e-08,8.41e-08,3.58801e-09,1.12896e-07,0.000167,0.00029,5.99e-05,0.000336,0.0201,0.00102,2.04e-05,0.0001,2.54e-10,0.00667,0.0364
5670,0.0002503,2.499e-05,4.498e-08,2.7889e-08,9.796900000000001e-08,3.918760000000001e-09,1.1560000000000002e-07,0.000167,0.000313,6.26e-05,0.00034,0.0205,0.00102,2.09e-05,0.0001,3.01e-10,0.00667,0.0364
5680,0.0002498,2.498e-05,4.426e-08,2.8560999999999997e-08,8.880399999999999e-08,3.6360900000000004e-09,1.13569e-07,0.000169,0.000298,6.03e-05,0.000337,0.0201,0.00112,2.25e-05,0.0001,1.93e-10,0.00666,0.0364
5690,0.00025,2.498e-05,4.42e-08,2.7889e-08,8.940100000000001e-08,3.8068899999999995e-09,1.14921e-07,0.000167,0.000299,6.17e-05,0.000339,0.0202,0.00101,2.05e-05,0.0001,2.37e-10,0.00665,0.0364
5700,0.0002498,2.498e-05,4.387e-08,2.7889e-08,8.584900000000002e-08,3.7088100000000006e-09,1.1424399999999999e-07,0.000167,0.000293,6.09e-05,0.000338,0.0201,0.00101,2.04e-05,0.0001,2.51e-10,0.00664,0.0364
5710,0.0002497,2.497e-05,4.445e-08,2.8224e-08,8.940100000000001e-08,3.7088100000000006e-09,1.1560000000000002e-07,0.000168,0.000299,6.09e-05,0.00034,0.0202,0.00101,2.05e-05,0.0001,1.92e-10,0.00664,0.0364
5720,0.0002494,2.497e-05,4.406e-08,2.7889e-08,9.302499999999999e-08,3.89376e-09,1.1222500000000001e-07,0.000167,0.000305,6.24e-05,0.000335,0.0204,0.00101,2.06e-05,0.0001,2.34e-10,0.00663,0.0364
5730,0.0002499,2.496e-05,4.383e-08,2.7556e-08,8.940100000000001e-08,3.7699600000000005e-09,1.1424399999999999e-07,0.000166,0.000299,6.14e-05,0.000338,0.0201,0.00101,2.03e-05,0.0001,2.41e-10,0.00662,0.0364
5740,0.0002503,2.496e-05,4.442e-08,2.7889e-08,9.302499999999999e-08,3.8068899999999995e-09,1.14921e-07,0.000167,0.000305,6.17e-05,0.000339,0.0203,0.00101,2.05e-05,0.0001,2.47e-10,0.00662,0.0364
5750,0.0002498,2.495e-05,4.385e-08,2.7556e-08,9.0601e-08,3.782250000000001e-09,1.1424399999999999e-07,0.000166,0.000301,6.15e-05,0.000338,0.0203,0.00101,2.04e-05,0.0001,3.76e-10,0.00661,0.0364
5760,0.000249,2.495e-05,4.403e-08,2.7889e-08,8.702500000000001e-08,3.75769e-09,1.1560000000000002e-07,0.000167,0.000295,6.13e-05,0.00034,0.0198,0.00101,2e-05,0.0001,2.85e-10,0.0066,0.0364
5770,0.0002497,2.495e-05,4.467e-08,2.7889e-08,8.999999999999999e-08,3.81924e-09,1.1833600000000001e-07,0.000167,0.0003,6.18e-05,0.000344,0.021,0.00101,2.11e-05,0.0001,2.62e-10,0.0066,0.0364
5780,0.0002495,2.494e-05,4.449e-08,2.7889e-08,9.0601e-08,3.7699600000000005e-09,1.1696400000000001e-07,0.000167,0.000301,6.14e-05,0.000342,0.0207,0.001,2.08e-05,0.0001,3.3e-10,0.00659,0.0364
5790,0.0002497,2.494e-05,4.334e-08,2.8224e-08,8.41e-08,3.68449e-09,1.1088900000000001e-07,0.000168,0.00029,6.07e-05,0.000333,0.0197,0.0011,2.17e-05,0.0001,2.55e-10,0.00658,0.0364
5800,0.0002493,2.493e-05,4.35e-08,2.8224e-08,8.468100000000002e-08,3.68449e-09,1.1222500000000001e-07,0.000168,0.000291,6.07e-05,0.000335,0.0204,0.001,2.04e-05,0.0001,2.2e-10,0.00658,0.0364
5810,0.0002495,2.493e-05,4.364e-08,2.7889e-08,8.5264e-08,3.68449e-09,1.1424399999999999e-07,0.000167,0.000292,6.07e-05,0.000338,0.0199,0.001,2e-05,0.0001,1.7e-10,0.00657,0.0364
5820,0.0002496,2.492e-05,4.466e-08,2.8224e-08,9.302499999999999e-08,3.943839999999999e-09,1.14921e-07,0.000168,0.000305,6.28e-05,0.000339,0.0206,0.0011,2.26e-05,0.0001,2.61e-10,0.00656,0.0364
5830,0.0002495,2.492e-05,4.361e-08,2.8224e-08,8.702500000000001e-08,3.733209999999999e-09,1.11556e-07,0.000168,0.000295,6.11e-05,0.000334,0.02,0.0011,2.2e-05,0.0001,2.18e-10,0.00656,0.0364
5840,0.0002493,2.491e-05,4.31e-08,2.7889e-08,8.352099999999998e-08,3.6481599999999995e-09,1.1088900000000001e-07,0.000167,0.000289,6.04e-05,0.000333,0.0196,0.0011,2.15e-05,0.0001,2.56e-10,0.00655,0.0364
5850,0.0002491,2.491e-05,4.393e-08,2.7556e-08,8.940100000000001e-08,3.8068899999999995e-09,1.14921e-07,0.000166,0.000299,6.17e-05,0.000339,0.0206,0.000998,2.06e-05,0.0001,3.3e-10,0.00654,0.0364
5860,0.000249,2.49e-05,4.336e-08,2.7556e-08,9.1809e-08,3.89376e-09,1.1088900000000001e-07,0.000166,0.000303,6.24e-05,0.000333,0.02,0.000997,2e-05,0.0001,2.26e-10,0.00654,0.0364
5870,0.0002494,2.49e-05,4.411e-08,2.7556e-08,8.999999999999999e-08,3.868839999999999e-09,1.1560000000000002e-07,0.000166,0.0003,6.22e-05,0.00034,0.0202,0.000996,2.01e-05,0.0001,3.19e-10,0.00653,0.0364
5880,0.0002491,2.49e-05,4.377e-08,2.7556e-08,8.940100000000001e-08,3.868839999999999e-09,1.1424399999999999e-07,0.000166,0.000299,6.22e-05,0.000338,0.0203,0.00109,2.22e-05,0.0001,2.24e-10,0.00652,0.0364
5890,0.000249,2.489e-05,4.356e-08,2.7889e-08,8.5264e-08,3.7699600000000005e-09,1.13569e-07,0.000167,0.000292,6.14e-05,0.000337,0.0199,0.00109,2.18e-05,0.0001,2.44e-10,0.00652,0.0364
5900,0.0002495,2.489e-05,4.401e-08,2.7889e-08,9.424899999999999e-08,4.05769e-09,1.11556e-07,0.000167,0.000307,6.37e-05,0.000334,0.02,0.000993,1.98e-05,0.0001,2.55e-10,0.00651,0.0364
5910,0.0002486,2.488e-05,4.351e-08,2.7556e-08,9.120400000000001e-08,3.93129e-09,1.11556e-07,0.000166,0.000302,6.27e-05,0.000334,0.0201,0.000992,2e-05,0.0001,2.82e-10,0.00651,0.0364
5920,0.0002482,2.488e-05,4.37e-08,2.7556e-08,8.999999999999999e-08,3.856410000000001e-09,1.1222500000000001e-07,0.000166,0.0003,6.21e-05,0.000335,0.0202,0.000991,2e-05,0.0001,2.73e-10,0.0065,0.0364
5930,0.0002486,2.487e-05,4.328e-08,2.7556e-08,8.584900000000002e-08,3.83161e-09,1.11556e-07,0.000166,0.000293,6.19e-05,0.000334,0.0196,0.00099,1.94e-05,0.0001,2.27e-10,0.00649,0.0364
5940,0.0002491,2.487e-05,4.313e-08,2.7225e-08,8.702500000000001e-08,3.856410000000001e-09,1.11556e-07,0.000165,0.000295,6.21e-05,0.000334,0.0201,0.00109,2.18e-05,0.0001,2.16e-10,0.00649,0.0364
5950,0.0002489,2.486e-05,4.42e-08,2.7556e-08,9.1809e-08,3.98161e-09,1.14921e-07,0.000166,0.000303,6.31e-05,0.000339,0.0206,0.00109,2.24e-05,0.0001,2.67e-10,0.00648,0.0364
5960,0.0002487,2.486e-05,4.295e-08,2.7225e-08,8.6436e-08,3.81924e-09,1.11556e-07,0.000165,0.000294,6.18e-05,0.000334,0.0201,0.000987,1.99e-05,0.0001,2.12e-10,0.00647,0.0364
5970,0.0002487,2.485e-05,4.267e-08,2.7225e-08,9.120400000000001e-08,3.93129e-09,1.07584e-07,0.000165,0.000302,6.27e-05,0.000328,0.0198,0.00108,2.15e-05,0.0001,2.25e-10,0.00647,0.0364
5980,0.0002483,2.485e-05,4.29e-08,2.6896e-08,8.41e-08,3.733209999999999e-09,1.13569e-07,0.000164,0.00029,6.11e-05,0.000337,0.0196,0.000985,1.93e-05,0.0001,3.28e-10,0.00646,0.0364
5990,0.0002482,2.484e-05,4.322e-08,2.7225e-08,8.999999999999999e-08,4.03225e-09,1.11556e-07,0.000165,0.0003,6.35e-05,0.000334,0.0202,0.000984,1.99e-05,0.0001,2.68e-10,0.00645,0.0364
6000,0.0002478,2.484e-05,4.298e-08,2.6896e-08,9.486400000000001e-08,4.083209999999999e-09,1.089e-07,0.000164,0.000308,6.39e-05,0.00033,0.0201,0.000983,1.97e-05,0.0001,2.4e-10,0.00645,0.0364
6010,0.0002476,2.483e-05,4.286e-08,2.6896e-08,8.7616e-08,3.88129e-09,1.11556e-07,0.000164,0.000296,6.23e-05,0.000334,0.0199,0.000982,1.95e-05,0.0001,3.63e-10,0.00644,0.0364
6020,0.0002476,2.483e-05,4.313e-08,2.6896e-08,8.7616e-08,3.856410000000001e-09,1.12896e-07,0.000164,0.000296,6.21e-05,0.000336,0.0199,0.000981,1.95e-05,0.0001,2.53e-10,0.00643,0.0364
6030,0.0002483,2.483e-05,4.263e-08,2.7225e-08,8.8209e-08,3.782250000000001e-09,1.089e-07,0.000165,0.000297,6.15e-05,0.00033,0.0199,0.00098,1.95e-05,0.0001,2.22e-10,0.00643,0.0364
6040,0.0002479,2.482e-05,4.336e-08,2.6896e-08,9.0601e-08,4.0449600000000005e-09,1.1424399999999999e-07,0.000164,0.000301,6.36e-05,0.000338,0.0206,0.00098,2.02e-05,0.0001,2.93e-10,0.00642,0.0364
6050,0.0002482,2.482e-05,4.287e-08,2.6896e-08,8.179600000000001e-08,3.6360900000000004e-09,1.14921e-07,0.000164,0.000286,6.03e-05,0.000339,0.0199,0.000979,1.94e-05,0.0001,2.51e-10,0.00642,0.0364
6060,0.0002484,2.481e-05,4.27e-08,2.7225e-08,8.41e-08,3.782250000000001e-09,1.11556e-07,0.000165,0.00029,6.15e-05,0.000334,0.0195,0.000978,1.91e-05,0.0001,3.15e-10,0.00641,0.0364
6070,0.0002481,2.481e-05,4.369e-08,2.7225e-08,9.424899999999999e-08,4.134490000000001e-09,1.1222500000000001e-07,0.000165,0.000307,6.43e-05,0.000335,0.0198,0.000977,1.94e-05,0.0001,2.84e-10,0.0064,0.0364
6080,0.0002485,2.48e-05,4.344e-08,2.7225e-08,8.880399999999999e-08,3.943839999999999e-09,1.13569e-07,0.000165,0.000298,6.28e-05,0.000337,0.02,0.00107,2.14e-05,0.0001,2.44e-10,0.0064,0.0364
6090,0.0002478,2.48e-05,4.203e-08,2.6896e-08,8.41e-08,3.81924e-09,1.0824099999999998e-07,0.000164,0.00029,6.18e-05,0.000329,0.0196,0.00107,2.1e-05,0.0001,2.61e-10,0.00639,0.0364
6100,0.0002479,2.479e-05,4.261e-08,2.7225e-08,8.940100000000001e-08,3.90625e-09,1.07584e-07,0.000165,0.000299,6.25e-05,0.000328,0.0197,0.00107,2.11e-05,0.0001,1.97e-10,0.00639,0.0364
6110,0.0002479,2.479e-05,4.284e-08,2.6896e-08,8.880399999999999e-08,3.9942400000000005e-09,1.11556e-07,0.000164,0.000298,6.32e-05,0.000334,0.0196,0.000973,1.91e-05,0.0001,2.13e-10,0.00638,0.0364
6120,0.0002468,2.478e-05,4.237e-08,2.6896e-08,8.122499999999999e-08,3.6481599999999995e-09,1.1222500000000001e-07,0.000164,0.000285,6.04e-05,0.000335,0.02,0.00107,2.14e-05,0.0001,2.46e-10,0.00637,0.0364
6130,0.0002478,2.478e-05,4.288e-08,2.6896e-08,8.940100000000001e-08,3.95641e-09,1.11556e-07,0.000164,0.000299,6.29e-05,0.000334,0.0202,0.000971,1.97e-05,0.0001,2.37e-10,0.00637,0.0364
6140,0.0002485,2.478e-05,4.305e-08,2.6896e-08,8.940100000000001e-08,3.969e-09,1.11556e-07,0.000164,0.000299,6.3e-05,0.000334,0.0203,0.00107,2.17e-05,0.0001,2.32e-10,0.00636,0.0364
6150,0.0002477,2.477e-05,4.279e-08,2.6896e-08,8.940100000000001e-08,4.05769e-09,1.1088900000000001e-07,0.000164,0.000299,6.37e-05,0.000333,0.0197,0.000969,1.91e-05,0.0001,3.21e-10,0.00636,0.0364
6160,0.0002472,2.477e-05,4.253e-08,2.6569e-08,8.702500000000001e-08,3.844e-09,1.1222500000000001e-07,0.000163,0.000295,6.2e-05,0.000335,0.0199,0.00088,1.75e-05,0.0001,2.16e-10,0.00635,0.0364
6170,0.0002475,2.476e-05,4.225e-08,2.6244000000000003e-08,8.6436e-08,3.943839999999999e-09,1.1088900000000001e-07,0.000162,0.000294,6.28e-05,0.000333,0.0196,0.000967,1.9e-05,0.0001,2.09e-10,0.00634,0.0364
6180,0.0002472,2.476e-05,4.272e-08,2.6244000000000003e-08,8.468100000000002e-08,3.83161e-09,1.14921e-07,0.000162,0.000291,6.19e-05,0.000339,0.0203,0.000967,1.97e-05,0.0001,2.99e-10,0.00634,0.0364
6190,0.0002482,2.475e-05,4.212e-08,2.6569e-08,8.8209e-08,3.90625e-09,1.07584e-07,0.000163,0.000297,6.25e-05,0.000328,0.0196,0.000966,1.89e-05,0.0001,2.99e-10,0.00633,0.0364
6200,0.0002474,2.475e-05,4.26e-08,2.6569e-08,8.940100000000001e-08,3.93129e-09,1.1088900000000001e-07,0.000163,0.000299,6.27e-05,0.000333,0.0201,0.000965,1.94e-05,0.0001,3e-10,0.00633,0.0364
6210,0.0002478,2.475e-05,4.185e-08,2.6244000000000003e-08,8.41e-08,3.81924e-09,1.0956100000000001e-07,0.000162,0.00029,6.18e-05,0.000331,0.0193,0.000964,1.86e-05,0.0001,2.79e-10,0.00632,0.0364
6220,0.0002475,2.474e-05,4.223e-08,2.6244000000000003e-08,8.41e-08,3.918760000000001e-09,1.11556e-07,0.000162,0.00029,6.26e-05,0.000334,0.0197,0.000963,1.9e-05,0.0001,2.46e-10,0.00631,0.0364
6230,0.0002479,2.474e-05,4.274e-08,2.6896e-08,8.7616e-08,4.019559999999999e-09,1.1088900000000001e-07,0.000164,0.000296,6.34e-05,0.000333,0.02,0.00106,2.11e-05,0.0001,2.39e-10,0.00631,0.0364
6240,0.0002469,2.473e-05,4.181e-08,2.6244000000000003e-08,8.41e-08,3.8068899999999995e-09,1.089e-07,0.000162,0.00029,6.17e-05,0.00033,0.0197,0.00106,2.08e-05,0.0001,2.37e-10,0.0063,0.0364
6250,0.0002477,2.473e-05,4.161e-08,2.6569e-08,8.2944e-08,3.782250000000001e-09,1.07584e-07,0.000163,0.000288,6.15e-05,0.000328,0.0194,0.00096,1.86e-05,0.0001,2.82e-10,0.0063,0.0364
6260,0.000247,2.472e-05,4.19e-08,2.6569e-08,8.2944e-08,3.856410000000001e-09,1.10224e-07,0.000163,0.000288,6.21e-05,0.000332,0.0196,0.000959,1.88e-05,0.0001,2.39e-10,0.00629,0.0364
6270,0.0002472,2.472e-05,4.155e-08,2.6569e-08,8.236899999999999e-08,3.844e-09,1.0824099999999998e-07,0.000163,0.000287,6.2e-05,0.000329,0.0196,0.00105,2.07e-05,0.0001,2.4e-10,0.00628,0.0364
6280,0.000247,2.472e-05,4.238e-08,2.6244000000000003e-08,8.2944e-08,3.81924e-09,1.13569e-07,0.000162,0.000288,6.18e-05,0.000337,0.0201,0.000958,1.92e-05,0.0001,2.8e-10,0.00628,0.0364
6290,0.0002473,2.471e-05,4.168e-08,2.5921000000000004e-08,8.6436e-08,3.868839999999999e-09,1.089e-07,0.000161,0.000294,6.22e-05,0.00033,0.0195,0.000957,1.87e-05,0.0001,2.99e-10,0.00627,0.0364
6300,0.0002468,2.471e-05,4.115e-08,2.6244000000000003e-08,8.7616e-08,4.05769e-09,1.0368400000000002e-07,0.000162,0.000296,6.37e-05,0.000322,0.0196,0.00105,2.06e-05,0.0001,2.78e-10,0.00627,0.0364
6310,0.0002472,2.47e-05,4.25e-08,2.7225e-08,8.584900000000002e-08,3.969e-09,1.0956100000000001e-07,0.000165,0.000293,6.3e-05,0.000331,0.0196,0.00105,2.06e-05,0.0001,2.62e-10,0.00626,0.0364
6320,0.0002466,2.47e-05,4.21e-08,2.6244000000000003e-08,9.0601e-08,4.147359999999999e-09,1.0824099999999998e-07,0.000162,0.000301,6.44e-05,0.000329,0.0196,0.000954,1.87e-05,0.0001,2.74e-10,0.00626,0.0364
6330,0.0002463,2.47e-05,4.2e-08,2.6244000000000003e-08,9.1809e-08,4.2771600000000006e-09,1.0692899999999999e-07,0.000162,0.000303,6.54e-05,0.000327,0.0196,0.000953,1.87e-05,0.0001,1.96e-10,0.00625,0.0364
6340,0.0002467,2.469e-05,4.149e-08,2.6244000000000003e-08,8.468100000000002e-08,3.969e-09,1.0692899999999999e-07,0.000162,0.000291,6.3e-05,0.000327,0.0195,0.00105,2.04e-05,0.0001,2.88e-10,0.00624,0.0364
6350,0.0002472,2.469e-05,4.076e-08,2.6244000000000003e-08,8.236899999999999e-08,3.88129e-09,1.04329e-07,0.000162,0.000287,6.23e-05,0.000323,0.0194,0.00105,2.03e-05,0.0001,3.18e-10,0.00624,0.0364
6360,0.0002467,2.468e-05,4.239e-08,2.6896e-08,8.352099999999998e-08,3.98161e-09,1.1088900000000001e-07,0.000164,0.000289,6.31e-05,0.000333,0.0196,0.00105,2.05e-05,0.0001,3.15e-10,0.00623,0.0364
6370,0.000247,2.468e-05,4.209e-08,2.6569e-08,8.880399999999999e-08,4.10881e-09,1.0824099999999998e-07,0.000163,0.000298,6.41e-05,0.000329,0.0197,0.00104,2.06e-05,0.0001,2.37e-10,0.00623,0.0364
6380,0.0002467,2.467e-05,4.216e-08,2.6569e-08,8.5264e-08,3.93129e-09,1.0956100000000001e-07,0.000163,0.000292,6.27e-05,0.000331,0.0196,0.00104,2.04e-05,0.0001,2.04e-10,0.00622,0.0364
6390,0.0002469,2.467e-05,4.187e-08,2.6569e-08,8.999999999999999e-08,4.212010000000001e-09,1.06276e-07,0.000163,0.0003,6.49e-05,0.000326,0.0195,0.00104,2.03e-05,0.0001,2.44e-10,0.00622,0.0364
6400,0.0002462,2.466e-05,4.113e-08,2.6244000000000003e-08,8.122499999999999e-08,3.88129e-09,1.06276e-07,0.000162,0.000285,6.23e-05,0.000326,0.0191,0.00104,1.99e-05,0.0001,2.33e-10,0.00621,0.0364
6410,0.0002467,2.466e-05,4.119e-08,2.6244000000000003e-08,7.839999999999999e-08,3.83161e-09,1.089e-07,0.000162,0.00028,6.19e-05,0.00033,0.0191,0.00104,1.99e-05,0.0001,2.47e-10,0.0062,0.0364
6420,0.0002468,2.466e-05,4.154e-08,2.6244000000000003e-08,8.880399999999999e-08,3.969e-09,1.06276e-07,0.000162,0.000298,6.3e-05,0.000326,0.0194,0.00104,2.02e-05,0.0001,2.31e-10,0.0062,0.0364
6430,0.0002467,2.465e-05,4.177e-08,2.5921000000000004e-08,8.5264e-08,3.95641e-09,1.1088900000000001e-07,0.000161,0.000292,6.29e-05,0.000333,0.0195,0.000945,1.84e-05,0.0001,2.65e-10,0.00619,0.0364
6440,0.0002461,2.465e-05,4.145e-08,2.5921000000000004e-08,8.7616e-08,4.134490000000001e-09,1.0692899999999999e-07,0.000161,0.000296,6.43e-05,0.000327,0.0195,0.00104,2.02e-05,0.0001,2.44e-10,0.00619,0.0364
6450,0.0002461,2.464e-05,4.076e-08,2.5600000000000004e-08,8.179600000000001e-08,3.88129e-09,1.06276e-07,0.00016,0.000286,6.23e-05,0.000326,0.0192,0.000943,1.81e-05,0.0001,2.8e-10,0.00618,0.0364
6460,0.0002465,2.464e-05,4.153e-08,2.5921000000000004e-08,8.7616e-08,4.10881e-09,1.07584e-07,0.000161,0.000296,6.41e-05,0.000328,0.0195,0.00104,2.02e-05,0.0001,2.75e-10,0.00618,0.0364
6470,0.0002459,2.464e-05,4.19e-08,2.6244000000000003e-08,8.940100000000001e-08,4.17316e-09,1.0692899999999999e-07,0.000162,0.000299,6.46e-05,0.000327,0.0195,0.00104,2.01e-05,0.0001,2.8e-10,0.00617,0.0364
6480,0.0002465,2.463e-05,4.074e-08,2.5921000000000004e-08,8.0089e-08,3.782250000000001e-09,1.06276e-07,0.000161,0.000283,6.15e-05,0.000326,0.0189,0.00103,1.96e-05,0.0001,2.34e-10,0.00616,0.0364
6490,0.0002464,2.463e-05,4.082e-08,2.5600000000000004e-08,7.8961e-08,3.8068899999999995e-09,1.0824099999999998e-07,0.00016,0.000281,6.17e-05,0.000329,0.0191,0.000939,1.79e-05,0.0001,2.69e-10,0.00616,0.0364
6500,0.0002466,2.462e-05,4.215e-08,2.5921000000000004e-08,8.880399999999999e-08,4.290250000000001e-09,1.11556e-07,0.000161,0.000298,6.55e-05,0.000334,0.0201,0.000939,1.88e-05,0.0001,2.29e-10,0.00615,0.0364
6510,0.0002456,2.462e-05,4.121e-08,2.6244000000000003e-08,8.584900000000002e-08,4.18609e-09,1.05625e-07,0.000162,0.000293,6.47e-05,0.000325,0.0191,0.00103,1.97e-05,0.0001,2.05e-10,0.00615,0.0364
6520,0.0002469,2.462e-05,4.129e-08,2.5921000000000004e-08,8.236899999999999e-08,3.918760000000001e-09,1.0824099999999998e-07,0.000161,0.000287,6.26e-05,0.000329,0.0193,0.00103,1.99e-05,0.0001,2.36e-10,0.00614,0.0364
6530,0.0002469,2.461e-05,4.092e-08,2.6244000000000003e-08,8.5264e-08,3.969e-09,1.0368400000000002e-07,0.000162,0.000292,6.3e-05,0.000322,0.0192,0.00103,1.98e-05,0.0001,2.24e-10,0.00614,0.0364
6540,0.0002466,2.461e-05,4.119e-08,2.5921000000000004e-08,7.839999999999999e-08,3.8068899999999995e-09,1.10224e-07,0.000161,0.00028,6.17e-05,0.000332,0.0191,0.000935,1.79e-05,0.0001,2.32e-10,0.00613,0.0364
6550,0.0002459,2.46e-05,4.162e-08,2.5600000000000004e-08,8.940100000000001e-08,4.147359999999999e-09,1.0824099999999998e-07,0.00016,0.000299,6.44e-05,0.000329,0.0192,0.000934,1.8e-05,0.0001,2.67e-10,0.00613,0.0364
6560,0.0002464,2.46e-05,4.109e-08,2.5921000000000004e-08,8.468100000000002e-08,4.05769e-09,1.05625e-07,0.000161,0.000291,6.37e-05,0.000325,0.0193,0.00103,1.98e-05,0.0001,2.72e-10,0.00612,0.0364
6570,0.0002459,2.46e-05,4.084e-08,2.5600000000000004e-08,8.352099999999998e-08,4.083209999999999e-09,1.06276e-07,0.00016,0.000289,6.39e-05,0.000326,0.0192,0.000933,1.79e-05,0.0001,2.56e-10,0.00611,0.0364
6580,0.0002459,2.459e-05,4.053e-08,2.5600000000000004e-08,8.41e-08,3.9942400000000005e-09,1.0497600000000001e-07,0.00016,0.00029,6.32e-05,0.000324,0.0194,0.000932,1.8e-05,0.0001,2.52e-10,0.00611,0.0364
6590,0.0002454,2.459e-05,4.135e-08,2.5921000000000004e-08,8.5264e-08,4.00689e-09,1.07584e-07,0.000161,0.000292,6.33e-05,0.000328,0.0193,0.00102,1.98e-05,0.0001,2.37e-10,0.0061,0.0364
6600,0.0002453,2.458e-05,4.071e-08,2.5600000000000004e-08,8.2944e-08,3.969e-09,1.05625e-07,0.00016,0.000288,6.3e-05,0.000325,0.0191,0.00093,1.77e-05,0.0001,2.47e-10,0.0061,0.0364
6610,0.0002455,2.458e-05,4.144e-08,2.5280999999999997e-08,8.6436e-08,4.10881e-09,1.0956100000000001e-07,0.000159,0.000294,6.41e-05,0.000331,0.0197,0.000845,1.66e-05,0.0001,2.33e-10,0.00609,0.0364
6620,0.0002455,2.458e-05,4.008e-08,2.5921000000000004e-08,7.672900000000001e-08,3.83161e-09,1.0368400000000002e-07,0.000161,0.000277,6.19e-05,0.000322,0.0189,0.00102,1.93e-05,0.0001,2.42e-10,0.00609,0.0364
6630,0.0002457,2.457e-05,3.955e-08,2.5280999999999997e-08,7.617599999999999e-08,3.93129e-09,1.03041e-07,0.000159,0.000276,6.27e-05,0.000321,0.019,0.00102,1.94e-05,0.0001,2.13e-10,0.00608,0.0364
6640,0.0002455,2.457e-05,4.083e-08,2.5280999999999997e-08,8.179600000000001e-08,3.95641e-09,1.0824099999999998e-07,0.000159,0.000286,6.29e-05,0.000329,0.0192,0.000927,1.78e-05,0.0001,2.74e-10,0.00608,0.0364
6650,0.0002457,2.456e-05,4.08e-08,2.5600000000000004e-08,8.468100000000002e-08,4.03225e-09,1.0497600000000001e-07,0.00016,0.000291,6.35e-05,0.000324,0.0191,0.00102,1.94e-05,0.0001,2.11e-10,0.00607,0.0364
6660,0.0002457,2.456e-05,4.02e-08,2.5600000000000004e-08,8.122499999999999e-08,4.05769e-09,1.03041e-07,0.00016,0.000285,6.37e-05,0.000321,0.0191,0.00102,1.94e-05,0.0001,2.92e-10,0.00607,0.0364
6670,0.0002463,2.456e-05,4.086e-08,2.5280999999999997e-08,8.940100000000001e-08,4.38244e-09,1.0497600000000001e-07,0.000159,0.000299,6.62e-05,0.000324,0.0191,0.000925,1.77e-05,0.0001,2.07e-10,0.00606,0.0364
6680,0.0002447,2.455e-05,4.067e-08,2.4963999999999998e-08,8.5264e-08,4.160249999999999e-09,1.06276e-07,0.000158,0.000292,6.45e-05,0.000326,0.0192,0.000924,1.78e-05,0.0001,2.04e-10,0.00606,0.0364
6690,0.0002457,2.455e-05,4.061e-08,2.6244000000000003e-08,7.5625e-08,3.88129e-09,1.06276e-07,0.000162,0.000275,6.23e-05,0.000326,0.0188,0.00112,2.1e-05,0.0001,2.62e-10,0.00605,0.0364
6700,0.0002449,2.455e-05,4.044e-08,2.5921000000000004e-08,8.0089e-08,3.969e-09,1.0368400000000002e-07,0.000161,0.000283,6.3e-05,0.000322,0.0189,0.00101,1.92e-05,0.0001,2.21e-10,0.00604,0.0364
6710,0.0002449,2.454e-05,3.964e-08,2.4963999999999998e-08,8.179600000000001e-08,4.10881e-09,1.0176100000000001e-07,0.000158,0.000286,6.41e-05,0.000319,0.0188,0.00101,1.91e-05,0.0001,2.29e-10,0.00604,0.0364
6720,0.0002448,2.454e-05,4.033e-08,2.5280999999999997e-08,8.0656e-08,3.868839999999999e-09,1.06276e-07,0.000159,0.000284,6.22e-05,0.000326,0.0189,0.00101,1.92e-05,0.0001,2.71e-10,0.00603,0.0364
6730,0.0002455,2.453e-05,3.984e-08,2.5280999999999997e-08,8.179600000000001e-08,4.019559999999999e-09,1.0240000000000002e-07,0.000159,0.000286,6.34e-05,0.00032,0.019,0.00101,1.92e-05,0.0001,2.31e-10,0.00603,0.0364
6740,0.0002451,2.453e-05,4.001e-08,2.4963999999999998e-08,8.122499999999999e-08,4.0449600000000005e-09,1.04329e-07,0.000158,0.000285,6.36e-05,0.000323,0.0189,0.000919,1.74e-05,0.0001,2.6e-10,0.00602,0.0364
6750,0.0002455,2.453e-05,4.03e-08,2.5280999999999997e-08,8.2944e-08,3.943839999999999e-09,1.04329e-07,0.000159,0.000288,6.28e-05,0.000323,0.0193,0.00101,1.94e-05,0.0001,2.45e-10,0.00602,0.0364
6760,0.000245,2.452e-05,4.049e-08,2.5600000000000004e-08,8.352099999999998e-08,4.00689e-09,1.0497600000000001e-07,0.00016,0.000289,6.33e-05,0.000324,0.0192,0.00101,1.94e-05,0.0001,1.9e-10,0.00601,0.0364
6770,0.0002443,2.452e-05,4e-08,2.4963999999999998e-08,8.5264e-08,4.160249999999999e-09,1.0240000000000002e-07,0.000158,0.000292,6.45e-05,0.00032,0.0191,0.00101,1.92e-05,0.0001,3.38e-10,0.00601,0.0364
6780,0.0002453,2.451e-05,4.025e-08,2.5280999999999997e-08,8.122499999999999e-08,4.083209999999999e-09,1.0497600000000001e-07,0.000159,0.000285,6.39e-05,0.000324,0.019,0.000916,1.74e-05,0.0001,2.01e-10,0.006,0.0364
6790,0.0002447,2.451e-05,4.013e-08,2.4963999999999998e-08,8.236899999999999e-08,3.9942400000000005e-09,1.0497600000000001e-07,0.000158,0.000287,6.32e-05,0.000324,0.0189,0.000915,1.73e-05,0.0001,2.86e-10,0.006,0.0364
6800,0.0002445,2.451e-05,4.047e-08,2.5280999999999997e-08,8.5264e-08,4.12164e-09,1.0497600000000001e-07,0.000159,0.000292,6.42e-05,0.000324,0.0192,0.00101,1.93e-05,0.0001,2.74e-10,0.00599,0.0364
6810,0.0002447,2.45e-05,4.047e-08,2.4963999999999998e-08,8.7616e-08,4.1990400000000004e-09,1.0497600000000001e-07,0.000158,0.000296,6.48e-05,0.000324,0.0189,0.000913,1.73e-05,0.0001,2.18e-10,0.00599,0.0364
6820,0.0002445,2.45e-05,3.98e-08,2.5280999999999997e-08,8.0656e-08,4.12164e-09,1.03041e-07,0.000159,0.000284,6.42e-05,0.000321,0.019,0.001,1.9e-05,0.0001,2.53e-10,0.00598,0.0364
6830,0.0002448,2.45e-05,4.072e-08,2.5600000000000004e-08,8.41e-08,4.096e-09,1.05625e-07,0.00016,0.00029,6.4e-05,0.000325,0.019,0.0011,2.09e-05,0.0001,2.22e-10,0.00598,0.0364
6840,0.0002449,2.449e-05,4.003e-08,2.5280999999999997e-08,8.2944e-08,4.17316e-09,1.03041e-07,0.000159,0.000288,6.46e-05,0.000321,0.0189,0.001,1.89e-05,0.0001,2.99e-10,0.00597,0.0364
6850,0.0002455,2.449e-05,4.03e-08,2.5280999999999997e-08,8.702500000000001e-08,4.32964e-09,1.0240000000000002e-07,0.000159,0.000295,6.58e-05,0.00032,0.0192,0.001,1.92e-05,0.0001,2.56e-10,0.00597,0.0364
6860,0.0002448,2.448e-05,3.935e-08,2.5280999999999997e-08,7.839999999999999e-08,3.943839999999999e-09,1.0048900000000001e-07,0.000159,0.00028,6.28e-05,0.000317,0.0185,0.001,1.85e-05,0.0001,2.54e-10,0.00596,0.0364
6870,0.000244,2.448e-05,3.985e-08,2.4963999999999998e-08,8.236899999999999e-08,4.03225e-09,1.0368400000000002e-07,0.000158,0.000287,6.35e-05,0.000322,0.0189,0.001,1.89e-05,0.0001,2.1e-10,0.00596,0.0364
6880,0.0002444,2.448e-05,4.014e-08,2.4963999999999998e-08,8.0656e-08,4.03225e-09,1.06276e-07,0.000158,0.000284,6.35e-05,0.000326,0.0189,0.000908,1.71e-05,0.0001,2.65e-10,0.00595,0.0364
6890,0.0002449,2.447e-05,3.939e-08,2.4963999999999998e-08,7.5625e-08,3.9942400000000005e-09,1.03041e-07,0.000158,0.000275,6.32e-05,0.000321,0.0185,0.000998,1.85e-05,0.0001,2.69e-10,0.00595,0.0364
6900,0.000244,2.447e-05,4.035e-08,2.4963999999999998e-08,8.179600000000001e-08,4.10881e-09,1.07584e-07,0.000158,0.000286,6.41e-05,0.000328,0.0192,0.000997,1.91e-05,0.0001,2.65e-10,0.00594,0.0364
6910,0.0002443,2.446e-05,3.997e-08,2.4648999999999998e-08,8.236899999999999e-08,4.12164e-09,1.0497600000000001e-07,0.000157,0.000287,6.42e-05,0.000324,0.0188,0.000906,1.71e-05,0.0001,2.08e-10,0.00594,0.0364
6920,0.0002445,2.446e-05,3.948e-08,2.4648999999999998e-08,8.2944e-08,4.2380099999999995e-09,1.0176100000000001e-07,0.000157,0.000288,6.51e-05,0.000319,0.0187,0.000905,1.7e-05,0.0001,2.62e-10,0.00593,0.0364
6930,0.0002449,2.446e-05,3.977e-08,2.4963999999999998e-08,8.236899999999999e-08,4.096e-09,1.0368400000000002e-07,0.000158,0.000287,6.4e-05,0.000322,0.0189,0.000904,1.71e-05,0.0001,2.7e-10,0.00593,0.0364
6940,0.0002451,2.445e-05,3.921e-08,2.4648999999999998e-08,8.0089e-08,4.212010000000001e-09,1.0176100000000001e-07,0.000157,0.000283,6.49e-05,0.000319,0.0187,0.000903,1.69e-05,0.0001,2.61e-10,0.00592,0.0364
6950,0.0002443,2.445e-05,3.961e-08,2.4963999999999998e-08,8.179600000000001e-08,4.00689e-09,1.03041e-07,0.000158,0.000286,6.33e-05,0.000321,0.019,0.000993,1.89e-05,0.0001,2.9e-10,0.00592,0.0364
6960,0.0002445,2.445e-05,4.05e-08,2.5280999999999997e-08,8.2944e-08,4.096e-09,1.05625e-07,0.000159,0.000288,6.4e-05,0.000325,0.0186,0.000992,1.85e-05,0.0001,2.34e-10,0.00591,0.0364
6970,0.0002442,2.444e-05,3.979e-08,2.4963999999999998e-08,8.122499999999999e-08,4.096e-09,1.0368400000000002e-07,0.000158,0.000285,6.4e-05,0.000322,0.0187,0.000991,1.85e-05,0.0001,2.16e-10,0.00591,0.0364
6980,0.0002443,2.444e-05,3.925e-08,2.4648999999999998e-08,7.8961e-08,4.070440000000001e-09,1.03041e-07,0.000157,0.000281,6.38e-05,0.000321,0.0185,0.0009,1.67e-05,0.0001,2.55e-10,0.0059,0.0364
6990,0.0002442,2.444e-05,4.012e-08,2.4963999999999998e-08,8.5264e-08,4.096e-09,1.0368400000000002e-07,0.000158,0.000292,6.4e-05,0.000322,0.0192,0.00099,1.9e-05,0.0001,2.54e-10,0.0059,0.0364
7000,0.000245,2.443e-05,3.969e-08,2.4648999999999998e-08,7.8961e-08,4.12164e-09,1.05625e-07,0.000157,0.000281,6.42e-05,0.000325,0.0189,0.000899,1.7e-05,0.0001,3.5e-10,0.00589,0.0364
7010,0.0002438,2.443e-05,3.989e-08,2.4963999999999998e-08,7.8961e-08,4.10881e-09,1.05625e-07,0.000158,0.000281,6.41e-05,0.000325,0.0186,0.000988,1.84e-05,0.0001,2.5e-10,0.00589,0.0364
7020,0.0002439,2.443e-05,4.004e-08,2.5600000000000004e-08,7.8961e-08,3.98161e-09,1.0368400000000002e-07,0.00016,0.000281,6.31e-05,0.000322,0.0186,0.00109,2.02e-05,0.0001,2.7e-10,0.00588,0.0364
7030,0.0002442,2.442e-05,4.008e-08,2.4648999999999998e-08,8.352099999999998e-08,4.3164899999999994e-09,1.06276e-07,0.000157,0.000289,6.57e-05,0.000326,0.0186,0.000897,1.67e-05,0.0001,2.57e-10,0.00588,0.0364
7040,0.0002437,2.442e-05,3.98e-08,2.4648999999999998e-08,8.122499999999999e-08,4.2380099999999995e-09,1.0497600000000001e-07,0.000157,0.000285,6.51e-05,0.000324,0.0186,0.000986,1.83e-05,0.0001,2.36e-10,0.00587,0.0364
7050,0.0002449,2.442e-05,3.948e-08,2.4336e-08,8.122499999999999e-08,4.18609e-09,1.0368400000000002e-07,0.000156,0.000285,6.47e-05,0.000322,0.0187,0.000985,1.84e-05,0.0001,2.62e-10,0.00587,0.0364
7060,0.0002437,2.441e-05,3.911e-08,2.4336e-08,8.179600000000001e-08,4.096e-09,1.0176100000000001e-07,0.000156,0.000286,6.4e-05,0.000319,0.0185,0.000984,1.82e-05,0.0001,2.93e-10,0.00586,0.0364
7070,0.0002439,2.441e-05,3.838e-08,2.4336e-08,7.617599999999999e-08,4.096e-09,9.9225e-08,0.000156,0.000276,6.4e-05,0.000315,0.0183,0.000983,1.8e-05,0.0001,2.19e-10,0.00586,0.0364
7080,0.0002443,2.441e-05,3.891e-08,2.4336e-08,8.122499999999999e-08,4.070440000000001e-09,1.0048900000000001e-07,0.000156,0.000285,6.38e-05,0.000317,0.0186,0.000982,1.83e-05,0.0001,2.38e-10,0.00585,0.0364
7090,0.0002431,2.44e-05,3.98e-08,2.4336e-08,8.702500000000001e-08,4.38244e-09,1.03041e-07,0.000156,0.000295,6.62e-05,0.000321,0.0187,0.000892,1.67e-05,0.0001,2.15e-10,0.00585,0.0364
7100,0.000244,2.44e-05,4e-08,2.4963999999999998e-08,8.6436e-08,4.515839999999999e-09,1.0240000000000002e-07,0.000158,0.000294,6.72e-05,0.00032,0.0188,0.000981,1.85e-05,0.0001,2.48e-10,0.00584,0.0364
7110,0.0002431,2.439e-05,3.894e-08,2.4648999999999998e-08,7.839999999999999e-08,4.00689e-09,1.0112399999999999e-07,0.000157,0.00028,6.33e-05,0.000318,0.0187,0.00098,1.83e-05,0.0001,2.1e-10,0.00584,0.0364
7120,0.0002446,2.439e-05,3.878e-08,2.4336e-08,8.0656e-08,4.0449600000000005e-09,1.0048900000000001e-07,0.000156,0.000284,6.36e-05,0.000317,0.0184,0.000979,1.8e-05,0.0001,3.1e-10,0.00583,0.0364
7130,0.0002444,2.439e-05,3.973e-08,2.4336e-08,8.6436e-08,4.435560000000001e-09,1.0368400000000002e-07,0.000156,0.000294,6.66e-05,0.000322,0.0188,0.000889,1.67e-05,0.0001,2.06e-10,0.00583,0.0364
7140,0.0002443,2.439e-05,3.879e-08,2.4336e-08,8.0089e-08,4.212010000000001e-09,1.0112399999999999e-07,0.000156,0.000283,6.49e-05,0.000318,0.0185,0.000977,1.81e-05,0.0001,2.77e-10,0.00582,0.0364
7150,0.0002443,2.438e-05,3.919e-08,2.4336e-08,8.2944e-08,4.26409e-09,1.0176100000000001e-07,0.000156,0.000288,6.53e-05,0.000319,0.0184,0.000888,1.63e-05,0.0001,2.05e-10,0.00582,0.0364
7160,0.0002443,2.438e-05,3.885e-08,2.4336e-08,8.0089e-08,4.1990400000000004e-09,1.0112399999999999e-07,0.000156,0.000283,6.48e-05,0.000318,0.0186,0.000976,1.81e-05,0.0001,2.59e-10,0.00581,0.0364
7170,0.000243,2.438e-05,3.872e-08,2.4025e-08,7.617599999999999e-08,4.03225e-09,1.0368400000000002e-07,0.000155,0.000276,6.35e-05,0.000322,0.0184,0.000886,1.63e-05,0.0001,2.85e-10,0.00581,0.0364
7180,0.0002438,2.437e-05,3.903e-08,2.4648999999999998e-08,8.0656e-08,4.10881e-09,1.0112399999999999e-07,0.000157,0.000284,6.41e-05,0.000318,0.0183,0.000974,1.78e-05,0.0001,2.21e-10,0.00581,0.0364
7190,0.0002444,2.437e-05,3.866e-08,2.4025e-08,8.179600000000001e-08,4.212010000000001e-09,9.985599999999999e-08,0.000155,0.000286,6.49e-05,0.000316,0.0186,0.000973,1.81e-05,0.0001,2.91e-10,0.0058,0.0364
7200,0.0002435,2.437e-05,3.83e-08,2.4336e-08,7.344099999999999e-08,3.95641e-09,1.0112399999999999e-07,0.000156,0.000271,6.29e-05,0.000318,0.0182,0.000973,1.77e-05,0.0001,2.57e-10,0.0058,0.0364
7210,0.0002427,2.436e-05,3.833e-08,2.4025e-08,7.8961e-08,4.12164e-09,9.9225e-08,0.000155,0.000281,6.42e-05,0.000315,0.0185,0.000884,1.64e-05,0.0001,2.54e-10,0.00579,0.0364
7220,0.0002438,2.436e-05,3.918e-08,2.4648999999999998e-08,8.352099999999998e-08,4.356e-09,9.9225e-08,0.000157,0.000289,6.6e-05,0.000315,0.0187,0.00107,1.99e-05,0.0001,2.36e-10,0.00579,0.0364
7230,0.0002444,2.436e-05,3.843e-08,2.4336e-08,7.344099999999999e-08,3.95641e-09,1.0112399999999999e-07,0.000156,0.000271,6.29e-05,0.000318,0.0184,0.00107,1.96e-05,0.0001,2.86e-10,0.00578,0.0364
7240,0.0002429,2.435e-05,3.88e-08,2.4963999999999998e-08,7.617599999999999e-08,3.98161e-09,9.985599999999999e-08,0.000158,0.000276,6.31e-05,0.000316,0.0182,0.00107,1.94e-05,0.0001,2.9e-10,0.00578,0.0364
7250,0.0002435,2.435e-05,3.854e-08,2.4963999999999998e-08,7.839999999999999e-08,4.147359999999999e-09,9.7344e-08,0.000158,0.00028,6.44e-05,0.000312,0.0182,0.00107,1.94e-05,0.0001,2.87e-10,0.00577,0.0364
7260,0.0002442,2.435e-05,3.868e-08,2.4025e-08,8.122499999999999e-08,4.18609e-09,9.985599999999999e-08,0.000155,0.000285,6.47e-05,0.000316,0.0185,0.000968,1.79e-05,0.0001,2.27e-10,0.00577,0.0364
7270,0.0002436,2.434e-05,3.906e-08,2.4025e-08,8.5264e-08,4.515839999999999e-09,1.0048900000000001e-07,0.000155,0.000292,6.72e-05,0.000317,0.0183,0.000967,1.77e-05,0.0001,2.14e-10,0.00576,0.0364
7280,0.0002428,2.434e-05,3.844e-08,2.4025e-08,8.468100000000002e-08,4.224999999999999e-09,9.672100000000001e-08,0.000155,0.000291,6.5e-05,0.000311,0.0187,0.000966,1.81e-05,0.0001,1.86e-10,0.00576,0.0364
7290,0.0002441,2.434e-05,3.892e-08,2.4336e-08,7.507599999999999e-08,4.134490000000001e-09,1.0368400000000002e-07,0.000156,0.000274,6.43e-05,0.000322,0.0181,0.000966,1.75e-05,0.0001,2.44e-10,0.00575,0.0364
7300,0.0002433,2.433e-05,3.939e-08,2.4648999999999998e-08,8.0656e-08,4.290250000000001e-09,1.0240000000000002e-07,0.000157,0.000284,6.55e-05,0.00032,0.0183,0.00106,1.94e-05,0.0001,2.04e-10,0.00575,0.0364
7310,0.0002435,2.433e-05,3.896e-08,2.4648999999999998e-08,7.952400000000002e-08,4.3164899999999994e-09,9.985599999999999e-08,0.000157,0.000282,6.57e-05,0.000316,0.0184,0.00106,1.95e-05,0.0001,2.42e-10,0.00574,0.0364
7320,0.0002437,2.433e-05,3.83e-08,2.3716000000000002e-08,8.236899999999999e-08,4.3033599999999995e-09,9.859599999999999e-08,0.000154,0.000287,6.56e-05,0.000314,0.0183,0.000963,1.76e-05,0.0001,2.18e-10,0.00574,0.0364
7330,0.0002435,2.432e-05,3.834e-08,2.3716000000000002e-08,7.728399999999999e-08,4.12164e-09,1.0176100000000001e-07,0.000154,0.000278,6.42e-05,0.000319,0.0181,0.000875,1.58e-05,0.0001,2.21e-10,0.00574,0.0364
7340,0.0002428,2.432e-05,3.823e-08,2.4025e-08,7.839999999999999e-08,4.1990400000000004e-09,9.859599999999999e-08,0.000155,0.00028,6.48e-05,0.000314,0.0184,0.000962,1.77e-05,0.0001,2.79e-10,0.00573,0.0364
7350,0.0002428,2.432e-05,3.772e-08,2.4025e-08,7.839999999999999e-08,4.147359999999999e-09,9.61e-08,0.000155,0.00028,6.44e-05,0.00031,0.018,0.000961,1.73e-05,0.0001,2.82e-10,0.00573,0.0364
7360,0.0002433,2.432e-05,3.858e-08,2.4025e-08,7.7841e-08,4.26409e-09,1.0176100000000001e-07,0.000155,0.000279,6.53e-05,0.000319,0.0183,0.00096,1.75e-05,0.0001,2.47e-10,0.00572,0.0364
7370,0.0002424,2.431e-05,3.778e-08,2.4025e-08,7.3984e-08,4.224999999999999e-09,9.859599999999999e-08,0.000155,0.000272,6.5e-05,0.000314,0.0183,0.00096,1.75e-05,0.0001,2.36e-10,0.00572,0.0364
7380,0.0002431,2.431e-05,3.904e-08,2.4025e-08,8.352099999999998e-08,4.25104e-09,1.0176100000000001e-07,0.000155,0.000289,6.52e-05,0.000319,0.0186,0.000959,1.78e-05,0.0001,2.07e-10,0.00571,0.0364
7390,0.000243,2.431e-05,3.765e-08,2.3716000000000002e-08,7.344099999999999e-08,4.147359999999999e-09,9.859599999999999e-08,0.000154,0.000271,6.44e-05,0.000314,0.0178,0.000958,1.71e-05,0.0001,1.88e-10,0.00571,0.0364
7400,0.0002435,2.43e-05,3.822e-08,2.4336e-08,7.452900000000002e-08,4.10881e-09,9.985599999999999e-08,0.000156,0.000273,6.41e-05,0.000316,0.0178,0.000957,1.71e-05,0.0001,2.16e-10,0.0057,0.0364
7410,0.0002427,2.43e-05,3.86e-08,2.4025e-08,7.617599999999999e-08,4.18609e-09,1.03041e-07,0.000155,0.000276,6.47e-05,0.000321,0.0181,0.000956,1.73e-05,0.0001,2.36e-10,0.0057,0.0364
7420,0.0002421,2.43e-05,3.826e-08,2.3716000000000002e-08,8.236899999999999e-08,4.356e-09,9.859599999999999e-08,0.000154,0.000287,6.6e-05,0.000314,0.0185,0.000869,1.61e-05,0.0001,2.07e-10,0.0057,0.0364
7430,0.0002434,2.429e-05,3.84e-08,2.4025e-08,7.8961e-08,4.17316e-09,9.985599999999999e-08,0.000155,0.000281,6.46e-05,0.000316,0.018,0.000955,1.72e-05,0.0001,2.13e-10,0.00569,0.0364
7440,0.0002433,2.429e-05,3.788e-08,2.4025e-08,8.0089e-08,4.25104e-09,9.672100000000001e-08,0.000155,0.000283,6.52e-05,0.000311,0.0182,0.000954,1.74e-05,0.0001,2.07e-10,0.00569,0.0364
7450,0.0002429,2.429e-05,3.78e-08,2.3716000000000002e-08,7.182400000000001e-08,3.98161e-09,1.0048900000000001e-07,0.000154,0.000268,6.31e-05,0.000317,0.0182,0.000953,1.74e-05,0.0001,2.35e-10,0.00568,0.0364
7460,0.0002426,2.428e-05,3.802e-08,2.3716000000000002e-08,7.839999999999999e-08,4.26409e-09,9.9225e-08,0.000154,0.00028,6.53e-05,0.000315,0.0186,0.000953,1.77e-05,0.0001,2.89e-10,0.00568,0.0364
7470,0.0002434,2.428e-05,3.876e-08,2.4025e-08,8.352099999999998e-08,4.39569e-09,9.9225e-08,0.000155,0.000289,6.63e-05,0.000315,0.0181,0.00105,1.89e-05,0.0001,2.35e-10,0.00567,0.0364
7480,0.0002434,2.428e-05,3.722e-08,2.3716000000000002e-08,7.182400000000001e-08,4.0449600000000005e-09,9.7344e-08,0.000154,0.000268,6.36e-05,0.000312,0.0177,0.00105,1.86e-05,0.0001,2.14e-10,0.00567,0.0364
7490,0.0002435,2.427e-05,3.828e-08,2.4336e-08,7.839999999999999e-08,4.32964e-09,9.796900000000001e-08,0.000156,0.00028,6.58e-05,0.000313,0.0183,0.00105,1.91e-05,0.0001,2.13e-10,0.00566,0.0364
7500,0.0002427,2.427e-05,3.776e-08,2.3716000000000002e-08,7.839999999999999e-08,4.17316e-09,9.7344e-08,0.000154,0.00028,6.46e-05,0.000312,0.0181,0.00095,1.71e-05,0.0001,2.6e-10,0.00566,0.0364
7510,0.0002427,2.427e-05,3.792e-08,2.3716000000000002e-08,7.344099999999999e-08,4.2380099999999995e-09,1.0112399999999999e-07,0.000154,0.000271,6.51e-05,0.000318,0.0179,0.000863,1.55e-05,0.0001,2.11e-10,0.00566,0.0364
7520,0.0002428,2.427e-05,3.767e-08,2.3716000000000002e-08,7.507599999999999e-08,4.17316e-09,9.859599999999999e-08,0.000154,0.000274,6.46e-05,0.000314,0.018,0.000948,1.71e-05,0.0001,2.47e-10,0.00565,0.0364
7530,0.0002433,2.426e-05,3.815e-08,2.4025e-08,8.0656e-08,4.369209999999999e-09,9.796900000000001e-08,0.000155,0.000284,6.61e-05,0.000313,0.0179,0.00104,1.87e-05,0.0001,2.72e-10,0.00565,0.0364
7540,0.0002429,2.426e-05,3.835e-08,2.3716000000000002e-08,8.179600000000001e-08,4.34281e-09,9.9225e-08,0.000154,0.000286,6.59e-05,0.000315,0.0181,0.000947,1.71e-05,0.0001,2.69e-10,0.00564,0.0364
7550,0.0002418,2.426e-05,3.797e-08,2.3716000000000002e-08,7.952400000000002e-08,4.25104e-09,9.796900000000001e-08,0.000154,0.000282,6.52e-05,0.000313,0.0182,0.000946,1.73e-05,0.0001,3.73e-10,0.00564,0.0364
7560,0.0002423,2.425e-05,3.745e-08,2.3716000000000002e-08,7.952400000000002e-08,4.356e-09,9.486400000000001e-08,0.000154,0.000282,6.6e-05,0.000308,0.0182,0.00104,1.89e-05,0.0001,2.19e-10,0.00563,0.0364
7570,0.0002431,2.425e-05,3.773e-08,2.3409e-08,7.952400000000002e-08,4.25104e-09,9.859599999999999e-08,0.000153,0.000282,6.52e-05,0.000314,0.0182,0.000945,1.72e-05,0.0001,2.54e-10,0.00563,0.0364
7580,0.0002421,2.425e-05,3.788e-08,2.3716000000000002e-08,7.8961e-08,4.160249999999999e-09,9.7344e-08,0.000154,0.000281,6.45e-05,0.000312,0.0182,0.00104,1.89e-05,0.0001,2.36e-10,0.00562,0.0364
7590,0.000243,2.424e-05,3.811e-08,2.4025e-08,8.2944e-08,4.39569e-09,9.61e-08,0.000155,0.000288,6.63e-05,0.00031,0.0182,0.00104,1.89e-05,0.0001,2.03e-10,0.00562,0.0364
7600,0.0002425,2.424e-05,3.839e-08,2.3409e-08,8.41e-08,4.50241e-09,9.985599999999999e-08,0.000153,0.00029,6.71e-05,0.000316,0.0181,0.000942,1.71e-05,0.0001,2.47e-10,0.00562,0.0364
7610,0.0002425,2.424e-05,3.748e-08,2.3104000000000003e-08,7.672900000000001e-08,4.096e-09,9.859599999999999e-08,0.000152,0.000277,6.4e-05,0.000314,0.0181,0.000942,1.7e-05,0.0001,2.41e-10,0.00561,0.0364
7620,0.000242,2.423e-05,3.78e-08,2.4025e-08,7.672900000000001e-08,4.17316e-09,9.672100000000001e-08,0.000155,0.000277,6.46e-05,0.000311,0.0182,0.00104,1.89e-05,0.0001,2.4e-10,0.00561,0.0364
7630,0.0002423,2.423e-05,3.816e-08,2.4025e-08,7.8961e-08,4.32964e-09,9.859599999999999e-08,0.000155,0.000281,6.58e-05,0.000314,0.0177,0.00103,1.83e-05,0.0001,2.52e-10,0.0056,0.0364
7640,0.0002425,2.423e-05,3.789e-08,2.3409e-08,8.0089e-08,4.435560000000001e-09,9.859599999999999e-08,0.000153,0.000283,6.66e-05,0.000314,0.0183,0.00094,1.72e-05,0.0001,3.9e-10,0.0056,0.0364
7650,0.0002423,2.422e-05,3.759e-08,2.3409e-08,7.8961e-08,4.3033599999999995e-09,9.7344e-08,0.000153,0.000281,6.56e-05,0.000312,0.0178,0.000939,1.67e-05,0.0001,2.72e-10,0.00559,0.0364
7660,0.0002427,2.422e-05,3.773e-08,2.3716000000000002e-08,7.839999999999999e-08,4.4089600000000005e-09,9.672100000000001e-08,0.000154,0.00028,6.64e-05,0.000311,0.0179,0.00103,1.84e-05,0.0001,2.78e-10,0.00559,0.0364
7670,0.0002427,2.422e-05,3.79e-08,2.3409e-08,7.8961e-08,4.32964e-09,9.9225e-08,0.000153,0.000281,6.58e-05,0.000315,0.018,0.000937,1.69e-05,0.0001,2.31e-10,0.00559,0.0364
7680,0.0002425,2.421e-05,3.715e-08,2.3104000000000003e-08,7.3984e-08,4.134490000000001e-09,9.859599999999999e-08,0.000152,0.000272,6.43e-05,0.000314,0.0179,0.000852,1.52e-05,0.0001,2.32e-10,0.00558,0.0364
7690,0.0002416,2.421e-05,3.659e-08,2.3104000000000003e-08,7.0756e-08,3.9942400000000005e-09,9.61e-08,0.000152,0.000266,6.32e-05,0.00031,0.0178,0.000936,1.67e-05,0.0001,2.63e-10,0.00558,0.0364
7700,0.0002422,2.421e-05,3.741e-08,2.3104000000000003e-08,7.617599999999999e-08,4.224999999999999e-09,9.859599999999999e-08,0.000152,0.000276,6.5e-05,0.000314,0.0177,0.000935,1.65e-05,0.0001,2.85e-10,0.00557,0.0364
7710,0.0002419,2.42e-05,3.782e-08,2.3409e-08,7.728399999999999e-08,4.32964e-09,9.985599999999999e-08,0.000153,0.000278,6.58e-05,0.000316,0.0178,0.000935,1.67e-05,0.0001,3.52e-10,0.00557,0.0364
7720,0.0002422,2.42e-05,3.731e-08,2.4025e-08,7.29e-08,4.17316e-09,9.548099999999998e-08,0.000155,0.00027,6.46e-05,0.000309,0.0182,0.00113,2.05e-05,0.0001,2.75e-10,0.00557,0.0364
7730,0.000242,2.42e-05,3.779e-08,2.4025e-08,7.839999999999999e-08,4.134490000000001e-09,9.672100000000001e-08,0.000155,0.00028,6.43e-05,0.000311,0.0176,0.00113,1.98e-05,0.0001,3.15e-10,0.00556,0.0364
7740,0.0002423,2.419e-05,3.713e-08,2.3409e-08,7.8961e-08,4.34281e-09,9.486400000000001e-08,0.000153,0.000281,6.59e-05,0.000308,0.0181,0.00103,1.85e-05,0.0001,2.55e-10,0.00556,0.0364
7750,0.0002417,2.419e-05,3.748e-08,2.3104000000000003e-08,7.728399999999999e-08,4.224999999999999e-09,9.9225e-08,0.000152,0.000278,6.5e-05,0.000315,0.0176,0.000932,1.64e-05,0.0001,1.95e-10,0.00555,0.0364
7760,0.0002419,2.419e-05,3.626e-08,2.3104000000000003e-08,7.0225e-08,4.0449600000000005e-09,9.486400000000001e-08,0.000152,0.000265,6.36e-05,0.000308,0.0173,0.000931,1.61e-05,0.0001,2.44e-10,0.00555,0.0364
7770,0.0002418,2.419e-05,3.768e-08,2.3716000000000002e-08,7.452900000000002e-08,4.160249999999999e-09,9.9225e-08,0.000154,0.000273,6.45e-05,0.000315,0.0181,0.00093,1.68e-05,0.0001,2.51e-10,0.00554,0.0364
7780,0.0002415,2.418e-05,3.68e-08,2.2801000000000003e-08,7.5625e-08,4.356e-09,9.61e-08,0.000151,0.000275,6.6e-05,0.00031,0.0176,0.000845,1.49e-05,0.0001,2.04e-10,0.00554,0.0364
7790,0.0002419,2.418e-05,3.656e-08,2.3409e-08,7.0756e-08,4.10881e-09,9.486400000000001e-08,0.000153,0.000266,6.41e-05,0.000308,0.0176,0.00102,1.8e-05,0.0001,2.22e-10,0.00554,0.0364
7800,0.0002421,2.418e-05,3.714e-08,2.3409e-08,7.452900000000002e-08,4.096e-09,9.7344e-08,0.000153,0.000273,6.4e-05,0.000312,0.0177,0.000928,1.65e-05,0.0001,2.71e-10,0.00553,0.0364
7810,0.0002419,2.417e-05,3.659e-08,2.3409e-08,7.672900000000001e-08,4.25104e-09,9.241600000000001e-08,0.000153,0.000277,6.52e-05,0.000304,0.0177,0.00102,1.8e-05,0.0001,2.25e-10,0.00553,0.0364
7820,0.0002417,2.417e-05,3.731e-08,2.3104000000000003e-08,7.344099999999999e-08,4.12164e-09,9.9225e-08,0.000152,0.000271,6.42e-05,0.000315,0.0177,0.000927,1.64e-05,0.0001,2.43e-10,0.00552,0.0364
7830,0.0002412,2.417e-05,3.697e-08,2.3104000000000003e-08,7.7841e-08,4.25104e-09,9.548099999999998e-08,0.000152,0.000279,6.52e-05,0.000309,0.0179,0.000926,1.66e-05,0.0001,2.49e-10,0.00552,0.0364
7840,0.0002421,2.417e-05,3.749e-08,2.3409e-08,7.507599999999999e-08,4.26409e-09,9.796900000000001e-08,0.000153,0.000274,6.53e-05,0.000313,0.0177,0.00102,1.8e-05,0.0001,2.32e-10,0.00552,0.0364
7850,0.0002418,2.416e-05,3.666e-08,2.3104000000000003e-08,7.1289e-08,4.070440000000001e-09,9.61e-08,0.000152,0.000267,6.38e-05,0.00031,0.0177,0.000925,1.64e-05,0.0001,2.52e-10,0.00551,0.0364
7860,0.0002416,2.416e-05,3.721e-08,2.3104000000000003e-08,7.728399999999999e-08,4.134490000000001e-09,9.7344e-08,0.000152,0.000278,6.43e-05,0.000312,0.0179,0.000924,1.65e-05,0.0001,2.38e-10,0.00551,0.0364
7870,0.0002418,2.416e-05,3.736e-08,2.2801000000000003e-08,7.952400000000002e-08,4.38244e-09,9.796900000000001e-08,0.000151,0.000282,6.62e-05,0.000313,0.0179,0.000839,1.5e-05,0.0001,2.33e-10,0.0055,0.0364
7880,0.000242,2.416e-05,3.693e-08,2.2801000000000003e-08,7.5625e-08,4.38244e-09,9.7344e-08,0.000151,0.000275,6.62e-05,0.000312,0.0175,0.000923,1.62e-05,0.0001,2.43e-10,0.0055,0.0364
7890,0.0002413,2.415e-05,3.753e-08,2.3409e-08,7.8961e-08,4.435560000000001e-09,9.672100000000001e-08,0.000153,0.000281,6.66e-05,0.000311,0.0179,0.000922,1.65e-05,0.0001,2.49e-10,0.00549,0.0364
7900,0.0002414,2.415e-05,3.693e-08,2.2801000000000003e-08,8.0089e-08,4.4890000000000005e-09,9.486400000000001e-08,0.000151,0.000283,6.7e-05,0.000308,0.0179,0.000921,1.65e-05,0.0001,2.32e-10,0.00549,0.0364
7910,0.0002418,2.415e-05,3.649e-08,2.3104000000000003e-08,7.7841e-08,4.2771600000000006e-09,9.302499999999999e-08,0.000152,0.000279,6.54e-05,0.000305,0.0178,0.000921,1.64e-05,0.0001,2.35e-10,0.00549,0.0364
7920,0.0002408,2.414e-05,3.625e-08,2.2801000000000003e-08,7.452900000000002e-08,4.3033599999999995e-09,9.3636e-08,0.000151,0.000273,6.56e-05,0.000306,0.0175,0.00092,1.61e-05,0.0001,2.1e-10,0.00548,0.0364
7930,0.0002409,2.414e-05,3.602e-08,2.2801000000000003e-08,7.2361e-08,4.1990400000000004e-09,9.302499999999999e-08,0.000151,0.000269,6.48e-05,0.000305,0.0175,0.00101,1.77e-05,0.0001,2.16e-10,0.00548,0.0364
7940,0.0002414,2.414e-05,3.653e-08,2.2801000000000003e-08,7.839999999999999e-08,4.3164899999999994e-09,9.424899999999999e-08,0.000151,0.00028,6.57e-05,0.000307,0.0174,0.000919,1.6e-05,0.0001,2.74e-10,0.00547,0.0364
7950,0.0002412,2.414e-05,3.677e-08,2.3104000000000003e-08,7.3984e-08,4.3164899999999994e-09,9.672100000000001e-08,0.000152,0.000272,6.57e-05,0.000311,0.0176,0.00101,1.78e-05,0.0001,2.39e-10,0.00547,0.0364
7960,0.0002413,2.413e-05,3.688e-08,2.2801000000000003e-08,7.8961e-08,4.4089600000000005e-09,9.548099999999998e-08,0.000151,0.000281,6.64e-05,0.000309,0.0178,0.000917,1.63e-05,0.0001,2.46e-10,0.00547,0.0364
7970,0.0002415,2.413e-05,3.68e-08,2.4025e-08,7.3984e-08,4.25104e-09,9.1809e-08,0.000155,0.000272,6.52e-05,0.000303,0.0179,0.00111,1.98e-05,0.0001,1.85e-10,0.00546,0.0364
7980,0.0002417,2.413e-05,3.609e-08,2.2801000000000003e-08,7.2361e-08,4.212010000000001e-09,9.424899999999999e-08,0.000151,0.000269,6.49e-05,0.000307,0.0172,0.000916,1.58e-05,0.0001,1.78e-10,0.00546,0.0364
7990,0.0002415,2.412e-05,3.645e-08,2.3104000000000003e-08,7.507599999999999e-08,4.3033599999999995e-09,9.302499999999999e-08,0.000152,0.000274,6.56e-05,0.000305,0.0178,0.00101,1.79e-05,0.0001,2.27e-10,0.00545,0.0364
8000,0.0002408,2.412e-05,3.654e-08,2.3104000000000003e-08,7.839999999999999e-08,4.462239999999999e-09,9.241600000000001e-08,0.000152,0.00028,6.68e-05,0.000304,0.0178,0.00101,1.79e-05,0.0001,2.35e-10,0.00545,0.0364
8010,0.0002412,2.412e-05,3.638e-08,2.2801000000000003e-08,7.452900000000002e-08,4.3164899999999994e-09,9.3636e-08,0.000151,0.000273,6.57e-05,0.000306,0.0175,0.00101,1.76e-05,0.0001,3.51e-10,0.00545,0.0364
8020,0.0002416,2.412e-05,3.7e-08,2.2801000000000003e-08,7.952400000000002e-08,4.42225e-09,9.672100000000001e-08,0.000151,0.000282,6.65e-05,0.000311,0.0177,0.000913,1.62e-05,0.0001,3.02e-10,0.00544,0.0364
8030,0.0002409,2.411e-05,3.658e-08,2.2499999999999996e-08,7.8961e-08,4.54276e-09,9.424899999999999e-08,0.00015,0.000281,6.74e-05,0.000307,0.0177,0.000913,1.61e-05,0.0001,2.41e-10,0.00544,0.0364
8040,0.0002409,2.411e-05,3.68e-08,2.3104000000000003e-08,7.8961e-08,4.38244e-09,9.3636e-08,0.000152,0.000281,6.62e-05,0.000306,0.018,0.001,1.81e-05,0.0001,2.61e-10,0.00543,0.0364
8050,0.0002417,2.411e-05,3.61e-08,2.2499999999999996e-08,7.29e-08,4.212010000000001e-09,9.424899999999999e-08,0.00015,0.00027,6.49e-05,0.000307,0.0173,0.000911,1.58e-05,0.0001,2.25e-10,0.00543,0.0364
8060,0.000241,2.411e-05,3.613e-08,2.2499999999999996e-08,8.0089e-08,4.4089600000000005e-09,9.1809e-08,0.00015,0.000283,6.64e-05,0.000303,0.0177,0.000911,1.61e-05,0.0001,2.17e-10,0.00543,0.0364
8070,0.0002405,2.41e-05,3.565e-08,2.2801000000000003e-08,7.0225e-08,4.18609e-09,9.1809e-08,0.000151,0.000265,6.47e-05,0.000303,0.0174,0.001,1.74e-05,0.0001,2.61e-10,0.00542,0.0364
8080,0.0002408,2.41e-05,3.598e-08,2.2801000000000003e-08,7.182400000000001e-08,4.39569e-09,9.3636e-08,0.000151,0.000268,6.63e-05,0.000306,0.0173,0.001,1.73e-05,0.0001,3.1e-10,0.00542,0.0364
8090,0.0002409,2.41e-05,3.625e-08,2.2801000000000003e-08,7.8961e-08,4.54276e-09,9.0601e-08,0.000151,0.000281,6.74e-05,0.000301,0.0175,0.000909,1.59e-05,0.0001,2.7e-10,0.00542,0.0364
8100,0.0002406,2.409e-05,3.588e-08,2.2801000000000003e-08,7.617599999999999e-08,4.32964e-09,9.0601e-08,0.000151,0.000276,6.58e-05,0.000301,0.0172,0.000908,1.56e-05,0.0001,2.27e-10,0.00541,0.0364
8110,0.0002404,2.409e-05,3.604e-08,2.2499999999999996e-08,7.728399999999999e-08,4.38244e-09,9.302499999999999e-08,0.00015,0.000278,6.62e-05,0.000305,0.0176,0.000907,1.6e-05,0.0001,2.79e-10,0.00541,0.0364
8120,0.0002401,2.409e-05,3.598e-08,2.2499999999999996e-08,7.617599999999999e-08,4.39569e-09,9.241600000000001e-08,0.00015,0.000276,6.63e-05,0.000304,0.0175,0.000907,1.58e-05,0.0001,2.15e-10,0.0054,0.0364
8130,0.0002413,2.409e-05,3.612e-08,2.2499999999999996e-08,7.672900000000001e-08,4.4089600000000005e-09,9.241600000000001e-08,0.00015,0.000277,6.64e-05,0.000304,0.0177,0.000906,1.6e-05,0.0001,2.53e-10,0.0054,0.0364
8140,0.0002407,2.409e-05,3.608e-08,2.2499999999999996e-08,7.0756e-08,4.356e-09,9.548099999999998e-08,0.00015,0.000266,6.6e-05,0.000309,0.0176,0.000905,1.6e-05,0.0001,2.48e-10,0.0054,0.0364
8150,0.0002406,2.408e-05,3.648e-08,2.2200999999999998e-08,7.8961e-08,4.34281e-09,9.548099999999998e-08,0.000149,0.000281,6.59e-05,0.000309,0.0176,0.000905,1.6e-05,0.0001,2.29e-10,0.00539,0.0364
8160,0.0002408,2.408e-05,3.629e-08,2.2801000000000003e-08,7.29e-08,4.3164899999999994e-09,9.486400000000001e-08,0.000151,0.00027,6.57e-05,0.000308,0.0175,0.000994,1.74e-05,0.0001,2.4e-10,0.00539,0.0364
8170,0.0002402,2.408e-05,3.583e-08,2.2499999999999996e-08,7.3984e-08,4.212010000000001e-09,9.241600000000001e-08,0.00015,0.000272,6.49e-05,0.000304,0.0173,0.000994,1.72e-05,0.0001,1.88e-10,0.00538,0.0364
8180,0.0002406,2.407e-05,3.683e-08,2.2801000000000003e-08,8.0656e-08,4.462239999999999e-09,9.3636e-08,0.000151,0.000284,6.68e-05,0.000306,0.0178,0.000993,1.76e-05,0.0001,1.95e-10,0.00538,0.0364
8190,0.0002417,2.407e-05,3.661e-08,2.2499999999999996e-08,8.122499999999999e-08,4.55625e-09,9.302499999999999e-08,0.00015,0.000285,6.75e-05,0.000305,0.0178,0.000992,1.77e-05,0.0001,2.17e-10,0.00538,0.0364
8200,0.0002403,2.407e-05,3.582e-08,2.2499999999999996e-08,7.1289e-08,4.18609e-09,9.3636e-08,0.00015,0.000267,6.47e-05,0.000306,0.0175,0.000992,1.74e-05,0.0001,2e-10,0.00537,0.0364
8210,0.0002401,2.407e-05,3.592e-08,2.2200999999999998e-08,7.344099999999999e-08,4.26409e-09,9.424899999999999e-08,0.000149,0.000271,6.53e-05,0.000307,0.0171,0.000901,1.54e-05,0.0001,2.24e-10,0.00537,0.0364
8220,0.0002411,2.406e-05,3.591e-08,2.2200999999999998e-08,7.7841e-08,4.3164899999999994e-09,9.1809e-08,0.000149,0.000279,6.57e-05,0.000303,0.0173,0.00099,1.72e-05,0.0001,2.31e-10,0.00537,0.0364
8230,0.0002403,2.406e-05,3.584e-08,2.2499999999999996e-08,6.9696e-08,4.10881e-09,9.424899999999999e-08,0.00015,0.000264,6.41e-05,0.000307,0.017,0.000989,1.68e-05,0.0001,2.29e-10,0.00536,0.0364
8240,0.0002409,2.406e-05,3.548e-08,2.2499999999999996e-08,7.182400000000001e-08,4.290250000000001e-09,9.1809e-08,0.00015,0.000268,6.55e-05,0.000303,0.0171,0.000899,1.54e-05,0.0001,1.78e-10,0.00536,0.0364
8250,0.0002405,2.406e-05,3.639e-08,2.2801000000000003e-08,7.952400000000002e-08,4.6376100000000005e-09,9.241600000000001e-08,0.000151,0.000282,6.81e-05,0.000304,0.0171,0.000988,1.69e-05,0.0001,2.39e-10,0.00535,0.0364
8260,0.0002406,2.405e-05,3.622e-08,2.2200999999999998e-08,7.7841e-08,4.651240000000001e-09,9.424899999999999e-08,0.000149,0.000279,6.82e-05,0.000307,0.0173,0.000816,1.41e-05,0.0001,2.61e-10,0.00535,0.0364
8270,0.0002406,2.405e-05,3.611e-08,2.2499999999999996e-08,7.3984e-08,4.39569e-09,9.486400000000001e-08,0.00015,0.000272,6.63e-05,0.000308,0.0174,0.000897,1.56e-05,0.0001,2.55e-10,0.00535,0.0364
8280,0.000241,2.405e-05,3.545e-08,2.2200999999999998e-08,8.0089e-08,4.4890000000000005e-09,8.880399999999999e-08,0.000149,0.000283,6.7e-05,0.000298,0.0171,0.000896,1.54e-05,0.0001,3.04e-10,0.00534,0.0364
8290,0.00024,2.404e-05,3.564e-08,2.2499999999999996e-08,7.2361e-08,4.3164899999999994e-09,9.1809e-08,0.00015,0.000269,6.57e-05,0.000303,0.0173,0.000985,1.71e-05,0.0001,2.71e-10,0.00534,0.0364
8300,0.0002402,2.404e-05,3.53e-08,2.2200999999999998e-08,7.2361e-08,4.4089600000000005e-09,9.0601e-08,0.000149,0.000269,6.64e-05,0.000301,0.0169,0.000895,1.51e-05,0.0001,2.01e-10,0.00534,0.0364
8310,0.0002401,2.404e-05,3.662e-08,2.3716000000000002e-08,7.29e-08,4.2771600000000006e-09,9.3636e-08,0.000154,0.00027,6.54e-05,0.000306,0.0174,0.00108,1.89e-05,0.0001,2.7e-10,0.00533,0.0364
8320,0.0002407,2.404e-05,3.595e-08,2.2200999999999998e-08,8.0089e-08,4.529289999999999e-09,9.120400000000001e-08,0.000149,0.000283,6.73e-05,0.000302,0.0172,0.000983,1.69e-05,0.0001,3e-10,0.00533,0.0364
8330,0.0002404,2.404e-05,3.606e-08,2.2499999999999996e-08,7.617599999999999e-08,4.462239999999999e-09,9.241600000000001e-08,0.00015,0.000276,6.68e-05,0.000304,0.0173,0.000893,1.55e-05,0.0001,1.95e-10,0.00532,0.0364
8340,0.0002404,2.403e-05,3.596e-08,2.2499999999999996e-08,8.0089e-08,4.596839999999999e-09,8.999999999999999e-08,0.00015,0.000283,6.78e-05,0.0003,0.0174,0.000982,1.71e-05,0.0001,2.26e-10,0.00532,0.0364
8350,0.0002404,2.403e-05,3.537e-08,2.1904e-08,7.7841e-08,4.462239999999999e-09,9.0601e-08,0.000148,0.000279,6.68e-05,0.000301,0.0175,0.000892,1.56e-05,0.0001,2.25e-10,0.00532,0.0364
8360,0.0002407,2.403e-05,3.527e-08,2.1904e-08,7.182400000000001e-08,4.356e-09,9.241600000000001e-08,0.000148,0.000268,6.6e-05,0.000304,0.0173,0.00081,1.4e-05,0.0001,3.06e-10,0.00531,0.0364
8370,0.0002407,2.403e-05,3.483e-08,2.1904e-08,7.1289e-08,4.39569e-09,8.999999999999999e-08,0.000148,0.000267,6.63e-05,0.0003,0.017,0.000891,1.51e-05,0.0001,2.97e-10,0.00531,0.0364
8380,0.0002404,2.402e-05,3.608e-08,2.2801000000000003e-08,7.5625e-08,4.34281e-09,9.1809e-08,0.000151,0.000275,6.59e-05,0.000303,0.0175,0.000979,1.72e-05,0.0001,3.07e-10,0.00531,0.0364
8390,0.0002399,2.402e-05,3.476e-08,2.1609e-08,6.864400000000002e-08,4.369209999999999e-09,9.1809e-08,0.000147,0.000262,6.61e-05,0.000303,0.0168,0.000809,1.36e-05,0.0001,3.08e-10,0.0053,0.0364
8400,0.0002398,2.402e-05,3.556e-08,2.2200999999999998e-08,7.507599999999999e-08,4.32964e-09,9.120400000000001e-08,0.000149,0.000274,6.58e-05,0.000302,0.0168,0.000978,1.64e-05,0.0001,2.43e-10,0.0053,0.0364
8410,0.0002411,2.402e-05,3.474e-08,2.1904e-08,7.0225e-08,4.26409e-09,8.999999999999999e-08,0.000148,0.000265,6.53e-05,0.0003,0.0168,0.000888,1.49e-05,0.0001,2.44e-10,0.00529,0.0364
8420,0.0002397,2.401e-05,3.461e-08,2.1609e-08,6.7081e-08,4.2380099999999995e-09,9.1809e-08,0.000147,0.000259,6.51e-05,0.000303,0.0168,0.000888,1.5e-05,0.0001,2.93e-10,0.00529,0.0364
8430,0.0002401,2.401e-05,3.531e-08,2.1904e-08,7.617599999999999e-08,4.34281e-09,9.0601e-08,0.000148,0.000276,6.59e-05,0.000301,0.0172,0.000887,1.53e-05,0.0001,2.7e-10,0.00529,0.0364
8440,0.0002401,2.401e-05,3.536e-08,2.1904e-08,7.3984e-08,4.54276e-09,9.1809e-08,0.000148,0.000272,6.74e-05,0.000303,0.0169,0.000886,1.5e-05,0.0001,2.99e-10,0.00528,0.0364
8450,0.0002398,2.401e-05,3.5e-08,2.2200999999999998e-08,7.1289e-08,4.1990400000000004e-09,8.940100000000001e-08,0.000149,0.000267,6.48e-05,0.000299,0.0168,0.00107,1.8e-05,0.0001,2.48e-10,0.00528,0.0364
8460,0.0002401,2.4e-05,3.498e-08,2.1904e-08,7.5625e-08,4.435560000000001e-09,8.8209e-08,0.000148,0.000275,6.66e-05,0.000297,0.0169,0.000974,1.64e-05,0.0001,2.83e-10,0.00528,0.0364
8470,0.0002405,2.4e-05,3.492e-08,2.2200999999999998e-08,7.0225e-08,4.17316e-09,8.940100000000001e-08,0.000149,0.000265,6.46e-05,0.000299,0.0169,0.00107,1.81e-05,0.0001,3.14e-10,0.00527,0.0364
8480,0.000241,2.4e-05,3.51e-08,2.2200999999999998e-08,7.2361e-08,4.34281e-09,8.999999999999999e-08,0.000149,0.000269,6.59e-05,0.0003,0.0173,0.000972,1.68e-05,0.0001,2.99e-10,0.00527,0.0364
8490,0.0002402,2.4e-05,3.587e-08,2.1609e-08,7.728399999999999e-08,4.529289999999999e-09,9.486400000000001e-08,0.000147,0.000278,6.73e-05,0.000308,0.0171,0.000883,1.51e-05,0.0001,2.65e-10,0.00526,0.0364
8500,0.0002398,2.399e-05,3.53e-08,2.2200999999999998e-08,7.2361e-08,4.4488899999999995e-09,9.120400000000001e-08,0.000149,0.000269,6.67e-05,0.000302,0.0171,0.000971,1.66e-05,0.0001,2.56e-10,0.00526,0.0364
8510,0.00024,2.399e-05,3.571e-08,2.2200999999999998e-08,7.507599999999999e-08,4.4488899999999995e-09,9.1809e-08,0.000149,0.000274,6.67e-05,0.000303,0.0168,0.00097,1.63e-05,0.0001,3.34e-10,0.00526,0.0364
8520,0.0002399,2.399e-05,3.581e-08,2.1904e-08,7.7841e-08,4.4488899999999995e-09,9.3636e-08,0.000148,0.000279,6.67e-05,0.000306,0.0173,0.00097,1.68e-05,0.0001,2.98e-10,0.00525,0.0364
8530,0.0002406,2.399e-05,3.471e-08,2.1904e-08,7.0225e-08,4.26409e-09,8.940100000000001e-08,0.000148,0.000265,6.53e-05,0.000299,0.0171,0.000969,1.65e-05,0.0001,2.76e-10,0.00525,0.0364
8540,0.0002403,2.398e-05,3.491e-08,2.1609e-08,7.1289e-08,4.4488899999999995e-09,9.1809e-08,0.000147,0.000267,6.67e-05,0.000303,0.017,0.000968,1.64e-05,0.0001,2.73e-10,0.00525,0.0364
8550,0.0002399,2.398e-05,3.568e-08,2.2499999999999996e-08,7.29e-08,4.38244e-09,9.120400000000001e-08,0.00015,0.00027,6.62e-05,0.000302,0.0167,0.000968,1.61e-05,0.0001,2.43e-10,0.00524,0.0364
8560,0.0002403,2.398e-05,3.569e-08,2.2200999999999998e-08,7.344099999999999e-08,4.42225e-09,9.302499999999999e-08,0.000149,0.000271,6.65e-05,0.000305,0.0169,0.000967,1.64e-05,0.0001,3.12e-10,0.00524,0.0364
8570,0.0002402,2.398e-05,3.463e-08,2.1904e-08,7.0225e-08,4.2771600000000006e-09,8.940100000000001e-08,0.000148,0.000265,6.54e-05,0.000299,0.0171,0.000966,1.65e-05,0.0001,3.11e-10,0.00524,0.0364
8580,0.0002401,2.397e-05,3.536e-08,2.2200999999999998e-08,7.3984e-08,4.462239999999999e-09,8.999999999999999e-08,0.000149,0.000272,6.68e-05,0.0003,0.0167,0.000966,1.62e-05,0.0001,2.26e-10,0.00523,0.0364
8590,0.00024,2.397e-05,3.537e-08,2.1609e-08,7.8961e-08,4.55625e-09,9.0601e-08,0.000147,0.000281,6.75e-05,0.000301,0.0171,0.000877,1.5e-05,0.0001,3.63e-10,0.00523,0.0364
8600,0.0002401,2.397e-05,3.496e-08,2.1904e-08,6.9169e-08,4.435560000000001e-09,9.1809e-08,0.000148,0.000263,6.66e-05,0.000303,0.017,0.000877,1.49e-05,0.0001,2.79e-10,0.00523,0.0364
8610,0.0002395,2.397e-05,3.502e-08,2.1904e-08,6.9696e-08,4.25104e-09,9.1809e-08,0.000148,0.000264,6.52e-05,0.000303,0.0168,0.000964,1.62e-05,0.0001,2.88e-10,0.00522,0.0364
8620,0.0002396,2.397e-05,3.468e-08,2.1609e-08,6.7081e-08,4.369209999999999e-09,9.302499999999999e-08,0.000147,0.000259,6.61e-05,0.000305,0.0166,0.000875,1.45e-05,0.0001,2.66e-10,0.00522,0.0364
8630,0.00024,2.396e-05,3.575e-08,2.2200999999999998e-08,7.8961e-08,4.692249999999999e-09,8.999999999999999e-08,0.000149,0.000281,6.85e-05,0.0003,0.0173,0.000962,1.67e-05,0.0001,2.91e-10,0.00522,0.0364
8640,0.0002398,2.396e-05,3.482e-08,2.1904e-08,7.2361e-08,4.34281e-09,8.999999999999999e-08,0.000148,0.000269,6.59e-05,0.0003,0.0169,0.000962,1.62e-05,0.0001,2.61e-10,0.00521,0.0364
8650,0.0002393,2.396e-05,3.448e-08,2.1316e-08,7.1289e-08,4.3164899999999994e-09,8.940100000000001e-08,0.000146,0.000267,6.57e-05,0.000299,0.017,0.000874,1.49e-05,0.0001,2.63e-10,0.00521,0.0364
8660,0.0002396,2.396e-05,3.446e-08,2.1609e-08,7.182400000000001e-08,4.47561e-09,8.880399999999999e-08,0.000147,0.000268,6.69e-05,0.000298,0.0169,0.000873,1.48e-05,0.0001,2.19e-10,0.0052,0.0364
8670,0.00024,2.395e-05,3.4e-08,2.1609e-08,6.864400000000002e-08,4.42225e-09,8.7616e-08,0.000147,0.000262,6.65e-05,0.000296,0.0164,0.00096,1.58e-05,0.0001,2.6e-10,0.0052,0.0364
8680,0.0002399,2.395e-05,3.54e-08,2.1904e-08,7.672900000000001e-08,4.651240000000001e-09,9.0601e-08,0.000148,0.000277,6.82e-05,0.000301,0.0169,0.000959,1.62e-05,0.0001,2.66e-10,0.0052,0.0364
8690,0.0002397,2.395e-05,3.484e-08,2.1904e-08,7.0225e-08,4.3033599999999995e-09,8.999999999999999e-08,0.000148,0.000265,6.56e-05,0.0003,0.017,0.000958,1.63e-05,0.0001,1.93e-10,0.00519,0.0364
8700,0.0002393,2.395e-05,3.533e-08,2.1904e-08,7.3984e-08,4.529289999999999e-09,9.241600000000001e-08,0.000148,0.000272,6.73e-05,0.000304,0.0167,0.000958,1.6e-05,0.0001,2.49e-10,0.00519,0.0364
8710,0.0002398,2.395e-05,3.447e-08,2.1609e-08,7.2361e-08,4.3164899999999994e-09,8.8209e-08,0.000147,0.000269,6.57e-05,0.000297,0.0169,0.000957,1.61e-05,0.0001,2.8e-10,0.00519,0.0364
8720,0.0002395,2.394e-05,3.527e-08,2.1609e-08,7.452900000000002e-08,4.55625e-09,9.241600000000001e-08,0.000147,0.000273,6.75e-05,0.000304,0.017,0.000957,1.63e-05,0.0001,2.12e-10,0.00518,0.0364
8730,0.0002399,2.394e-05,3.471e-08,2.1609e-08,7.0756e-08,4.529289999999999e-09,9.120400000000001e-08,0.000147,0.000266,6.73e-05,0.000302,0.0169,0.000869,1.47e-05,0.0001,2.59e-10,0.00518,0.0364
8740,0.0002395,2.394e-05,3.517e-08,2.1609e-08,7.839999999999999e-08,4.67856e-09,8.999999999999999e-08,0.000147,0.00028,6.84e-05,0.0003,0.017,0.000955,1.62e-05,0.0001,1.92e-10,0.00518,0.0364
8750,0.0002386,2.394e-05,3.427e-08,2.1316e-08,7.0225e-08,4.42225e-09,8.880399999999999e-08,0.000146,0.000265,6.65e-05,0.000298,0.0167,0.000955,1.59e-05,0.0001,1.89e-10,0.00517,0.0364
8760,0.0002395,2.394e-05,3.47e-08,2.1904e-08,7.507599999999999e-08,4.651240000000001e-09,8.7616e-08,0.000148,0.000274,6.82e-05,0.000296,0.0165,0.000954,1.57e-05,0.0001,2.21e-10,0.00517,0.0364
8770,0.0002393,2.393e-05,3.551e-08,2.1609e-08,7.7841e-08,4.624e-09,9.1809e-08,0.000147,0.000279,6.8e-05,0.000303,0.0173,0.000953,1.64e-05,0.0001,2.07e-10,0.00517,0.0364
8780,0.0002397,2.393e-05,3.456e-08,2.1904e-08,7.29e-08,4.3033599999999995e-09,8.7616e-08,0.000148,0.00027,6.56e-05,0.000296,0.0165,0.000953,1.57e-05,0.0001,2.21e-10,0.00516,0.0364
8790,0.000239,2.393e-05,3.393e-08,2.1316e-08,6.604900000000001e-08,4.3164899999999994e-09,8.880399999999999e-08,0.000146,0.000257,6.57e-05,0.000298,0.0164,0.000865,1.42e-05,0.0001,1.98e-10,0.00516,0.0364
8800,0.0002393,2.393e-05,3.456e-08,2.1609e-08,6.864400000000002e-08,4.4488899999999995e-09,9.120400000000001e-08,0.000147,0.000262,6.67e-05,0.000302,0.0166,0.000951,1.58e-05,0.0001,2.09e-10,0.00515,0.0364
8810,0.0002391,2.393e-05,3.467e-08,2.1609e-08,7.344099999999999e-08,4.50241e-09,8.940100000000001e-08,0.000147,0.000271,6.71e-05,0.000299,0.0168,0.000951,1.59e-05,0.0001,2.96e-10,0.00515,0.0364
8820,0.000239,2.393e-05,3.505e-08,2.2200999999999998e-08,6.9696e-08,4.4089600000000005e-09,9.120400000000001e-08,0.000149,0.000264,6.64e-05,0.000302,0.0167,0.00105,1.74e-05,0.0001,2.31e-10,0.00515,0.0364
8830,0.0002393,2.392e-05,3.484e-08,2.1316e-08,7.672900000000001e-08,4.56976e-09,8.999999999999999e-08,0.000146,0.000277,6.76e-05,0.0003,0.0167,0.000863,1.44e-05,0.0001,2.41e-10,0.00514,0.0364
8840,0.0002391,2.392e-05,3.442e-08,2.1316e-08,7.0225e-08,4.34281e-09,9.0601e-08,0.000146,0.000265,6.59e-05,0.000301,0.0166,0.000949,1.58e-05,0.0001,3.19e-10,0.00514,0.0364
8850,0.0002395,2.392e-05,3.426e-08,2.1609e-08,6.9696e-08,4.4890000000000005e-09,8.880399999999999e-08,0.000147,0.000264,6.7e-05,0.000298,0.0166,0.000948,1.58e-05,0.0001,2.22e-10,0.00514,0.0364
8860,0.0002394,2.392e-05,3.374e-08,2.1316e-08,6.9696e-08,4.356e-09,8.584900000000002e-08,0.000146,0.000264,6.6e-05,0.000293,0.0166,0.000948,1.57e-05,0.0001,2.18e-10,0.00513,0.0364
8870,0.0002398,2.392e-05,3.442e-08,2.1316e-08,7.839999999999999e-08,4.56976e-09,8.584900000000002e-08,0.000146,0.00028,6.76e-05,0.000293,0.017,0.000947,1.61e-05,0.0001,2.56e-10,0.00513,0.0364
8880,0.0002393,2.391e-05,3.389e-08,2.1025e-08,7.0756e-08,4.515839999999999e-09,8.7616e-08,0.000145,0.000266,6.72e-05,0.000296,0.0165,0.000946,1.56e-05,0.0001,2.08e-10,0.00513,0.0364
8890,0.0002389,2.391e-05,3.442e-08,2.1025e-08,7.29e-08,4.4488899999999995e-09,9.0601e-08,0.000145,0.00027,6.67e-05,0.000301,0.0166,0.000782,1.3e-05,0.0001,2.03e-10,0.00512,0.0364
8900,0.0002391,2.391e-05,3.428e-08,2.1316e-08,7.507599999999999e-08,4.515839999999999e-09,8.702500000000001e-08,0.000146,0.000274,6.72e-05,0.000295,0.017,0.000945,1.61e-05,0.0001,2.27e-10,0.00512,0.0364
8910,0.0002395,2.391e-05,3.451e-08,2.1316e-08,7.3984e-08,4.39569e-09,8.940100000000001e-08,0.000146,0.000272,6.63e-05,0.000299,0.0167,0.000859,1.43e-05,0.0001,2.53e-10,0.00512,0.0364
8920,0.0002394,2.391e-05,3.48e-08,2.1609e-08,7.182400000000001e-08,4.42225e-09,9.120400000000001e-08,0.000147,0.000268,6.65e-05,0.000302,0.0168,0.000944,1.59e-05,0.0001,2.34e-10,0.00511,0.0364
8930,0.0002392,2.39e-05,3.467e-08,2.1609e-08,7.3984e-08,4.596839999999999e-09,8.940100000000001e-08,0.000147,0.000272,6.78e-05,0.000299,0.017,0.000943,1.6e-05,0.0001,2.55e-10,0.00511,0.0364
8940,0.000239,2.39e-05,3.371e-08,2.1025e-08,7.182400000000001e-08,4.4488899999999995e-09,8.702500000000001e-08,0.000145,0.000268,6.67e-05,0.000295,0.0167,0.000857,1.43e-05,0.0001,2.55e-10,0.00511,0.0364
8950,0.0002394,2.39e-05,3.453e-08,2.1609e-08,7.0756e-08,4.47561e-09,8.999999999999999e-08,0.000147,0.000266,6.69e-05,0.0003,0.0163,0.000942,1.53e-05,0.0001,2.81e-10,0.0051,0.0364
8960,0.0002397,2.39e-05,3.364e-08,2.1025e-08,6.604900000000001e-08,4.224999999999999e-09,8.8209e-08,0.000145,0.000257,6.5e-05,0.000297,0.0167,0.000856,1.43e-05,0.0001,2.35e-10,0.0051,0.0364
8970,0.0002388,2.39e-05,3.431e-08,2.1025e-08,7.452900000000002e-08,4.39569e-09,8.880399999999999e-08,0.000145,0.000273,6.63e-05,0.000298,0.0165,0.000941,1.55e-05,0.0001,2.33e-10,0.0051,0.0364
8980,0.0002391,2.39e-05,3.413e-08,2.1316e-08,7.29e-08,4.596839999999999e-09,8.7616e-08,0.000146,0.00027,6.78e-05,0.000296,0.0164,0.00094,1.55e-05,0.0001,2.21e-10,0.00509,0.0364
8990,0.000239,2.389e-05,3.439e-08,2.1025e-08,7.452900000000002e-08,4.624e-09,8.940100000000001e-08,0.000145,0.000273,6.8e-05,0.000299,0.0166,0.00094,1.56e-05,0.0001,1.85e-10,0.00509,0.0364
9000,0.0002389,2.389e-05,3.389e-08,2.1025e-08,6.9696e-08,4.32964e-09,8.8209e-08,0.000145,0.000264,6.58e-05,0.000297,0.0165,0.000854,1.41e-05,0.0001,1.99e-10,0.00509,0.0364
9010,0.0002388,2.389e-05,3.4e-08,2.1316e-08,7.0225e-08,4.25104e-09,8.7616e-08,0.000146,0.000265,6.52e-05,0.000296,0.0164,0.000938,1.54e-05,0.0001,2.49e-10,0.00508,0.0364
9020,0.0002391,2.389e-05,3.368e-08,2.1025e-08,7.29e-08,4.50241e-09,8.5264e-08,0.000145,0.00027,6.71e-05,0.000292,0.0164,0.000938,1.54e-05,0.0001,2.35e-10,0.00508,0.0364
9030,0.0002384,2.388e-05,3.416e-08,2.1025e-08,7.5625e-08,4.596839999999999e-09,8.7616e-08,0.000145,0.000275,6.78e-05,0.000296,0.0168,0.000852,1.43e-05,0.0001,2.2e-10,0.00508,0.0364
9040,0.0002392,2.388e-05,3.308e-08,2.0736e-08,6.4516e-08,4.38244e-09,8.702500000000001e-08,0.000144,0.000254,6.62e-05,0.000295,0.0161,0.000851,1.37e-05,0.0001,2.42e-10,0.00507,0.0364
9050,0.0002386,2.388e-05,3.379e-08,2.1025e-08,7.182400000000001e-08,4.515839999999999e-09,8.702500000000001e-08,0.000145,0.000268,6.72e-05,0.000295,0.0166,0.000851,1.41e-05,0.0001,2.57e-10,0.00507,0.0364
9060,0.000239,2.388e-05,3.451e-08,2.1609e-08,7.3984e-08,4.47561e-09,8.7616e-08,0.000147,0.000272,6.69e-05,0.000296,0.0163,0.00103,1.67e-05,0.0001,2.2e-10,0.00507,0.0364
9070,0.0002388,2.388e-05,3.369e-08,2.0736e-08,7.3984e-08,4.42225e-09,8.584900000000002e-08,0.000144,0.000272,6.65e-05,0.000293,0.0166,0.000935,1.55e-05,0.0001,2.1e-10,0.00506,0.0364
9080,0.0002391,2.387e-05,3.369e-08,2.1316e-08,6.8121e-08,4.3164899999999994e-09,8.7616e-08,0.000146,0.000261,6.57e-05,0.000296,0.0162,0.00103,1.66e-05,0.0001,2.78e-10,0.00506,0.0364
9090,0.0002387,2.387e-05,3.368e-08,2.1316e-08,6.864400000000002e-08,4.34281e-09,8.584900000000002e-08,0.000146,0.000262,6.59e-05,0.000293,0.0165,0.00103,1.69e-05,0.0001,2.1e-10,0.00506,0.0364
9100,0.0002387,2.387e-05,3.354e-08,2.1025e-08,6.9169e-08,4.4089600000000005e-09,8.6436e-08,0.000145,0.000263,6.64e-05,0.000294,0.0162,0.000933,1.51e-05,0.0001,2.15e-10,0.00505,0.0364
9110,0.0002388,2.387e-05,3.377e-08,2.1025e-08,7.0225e-08,4.435560000000001e-09,8.8209e-08,0.000145,0.000265,6.66e-05,0.000297,0.0165,0.000932,1.54e-05,0.0001,2.95e-10,0.00505,0.0364
9120,0.0002391,2.387e-05,3.368e-08,2.1316e-08,6.8121e-08,4.32964e-09,8.702500000000001e-08,0.000146,0.000261,6.58e-05,0.000295,0.0161,0.000932,1.5e-05,0.0001,2.09e-10,0.00505,0.0364
9130,0.0002382,2.387e-05,3.352e-08,2.0736e-08,6.864400000000002e-08,4.38244e-09,8.8209e-08,0.000144,0.000262,6.62e-05,0.000297,0.0162,0.000846,1.37e-05,0.0001,2.43e-10,0.00505,0.0364
9140,0.000238,2.386e-05,3.326e-08,2.1316e-08,6.5536e-08,4.34281e-09,8.584900000000002e-08,0.000146,0.000256,6.59e-05,0.000293,0.0165,0.00102,1.69e-05,0.0001,2.4e-10,0.00504,0.0364
9150,0.0002391,2.386e-05,3.335e-08,2.0736e-08,7.182400000000001e-08,4.39569e-09,8.584900000000002e-08,0.000144,0.000268,6.63e-05,0.000293,0.0163,0.000845,1.38e-05,0.0001,2.64e-10,0.00504,0.0364
9160,0.0002381,2.386e-05,3.367e-08,2.1025e-08,6.604900000000001e-08,4.356e-09,8.880399999999999e-08,0.000145,0.000257,6.6e-05,0.000298,0.0163,0.000929,1.51e-05,0.0001,2.57e-10,0.00504,0.0364
9170,0.0002385,2.386e-05,3.329e-08,2.0736e-08,7.0756e-08,4.47561e-09,8.5264e-08,0.000144,0.000266,6.69e-05,0.000292,0.0164,0.000929,1.52e-05,0.0001,2.51e-10,0.00503,0.0364
9180,0.0002385,2.386e-05,3.455e-08,2.1025e-08,7.672900000000001e-08,4.78864e-09,8.940100000000001e-08,0.000145,0.000277,6.92e-05,0.000299,0.0164,0.000928,1.52e-05,0.0001,2.07e-10,0.00503,0.0364
9190,0.0002385,2.385e-05,3.355e-08,2.0736e-08,6.9696e-08,4.435560000000001e-09,8.7616e-08,0.000144,0.000264,6.66e-05,0.000296,0.0162,0.000927,1.5e-05,0.0001,3.14e-10,0.00503,0.0364
9200,0.0002382,2.385e-05,3.323e-08,2.1025e-08,6.7081e-08,4.4089600000000005e-09,8.584900000000002e-08,0.000145,0.000259,6.64e-05,0.000293,0.016,0.000927,1.48e-05,0.0001,2.12e-10,0.00502,0.0364
9210,0.0002387,2.385e-05,3.355e-08,2.0736e-08,6.9696e-08,4.34281e-09,8.7616e-08,0.000144,0.000264,6.59e-05,0.000296,0.0165,0.000926,1.53e-05,0.0001,2.24e-10,0.00502,0.0364
9220,0.0002386,2.385e-05,3.3e-08,2.0736e-08,6.5536e-08,4.32964e-09,8.6436e-08,0.000144,0.000256,6.58e-05,0.000294,0.016,0.000926,1.49e-05,0.0001,2.77e-10,0.00502,0.0364
9230,0.0002385,2.385e-05,3.36e-08,2.1025e-08,7.1289e-08,4.47561e-09,8.584900000000002e-08,0.000145,0.000267,6.69e-05,0.000293,0.0163,0.000925,1.5e-05,0.0001,2.63e-10,0.00501,0.0364
9240,0.0002383,2.384e-05,3.382e-08,2.0449000000000003e-08,7.3984e-08,4.651240000000001e-09,8.8209e-08,0.000143,0.000272,6.82e-05,0.000297,0.0161,0.00084,1.36e-05,0.0001,2.42e-10,0.00501,0.0364
9250,0.0002384,2.384e-05,3.341e-08,2.0736e-08,6.656399999999999e-08,4.3164899999999994e-09,8.8209e-08,0.000144,0.000258,6.57e-05,0.000297,0.0162,0.00084,1.36e-05,0.0001,2.66e-10,0.00501,0.0364
9260,0.0002388,2.384e-05,3.369e-08,2.1316e-08,6.8121e-08,4.39569e-09,8.6436e-08,0.000146,0.000261,6.63e-05,0.000294,0.0161,0.00102,1.63e-05,0.0001,2.48e-10,0.005,0.0364
9270,0.0002384,2.384e-05,3.385e-08,2.1025e-08,7.182400000000001e-08,4.596839999999999e-09,8.702500000000001e-08,0.000145,0.000268,6.78e-05,0.000295,0.0164,0.00102,1.67e-05,0.0001,2.58e-10,0.005,0.0364
9280,0.0002381,2.384e-05,3.387e-08,2.1316e-08,6.759999999999998e-08,4.4890000000000005e-09,8.8209e-08,0.000146,0.00026,6.7e-05,0.000297,0.0161,0.000922,1.48e-05,0.0001,2.28e-10,0.005,0.0364
9290,0.0002388,2.384e-05,3.322e-08,2.1316e-08,6.8121e-08,4.515839999999999e-09,8.352099999999998e-08,0.000146,0.000261,6.72e-05,0.000289,0.0159,0.00101,1.61e-05,0.0001,2.23e-10,0.00499,0.0364
9300,0.0002385,2.383e-05,3.306e-08,2.0736e-08,6.5536e-08,4.34281e-09,8.702500000000001e-08,0.000144,0.000256,6.59e-05,0.000295,0.0162,0.000921,1.49e-05,0.0001,1.93e-10,0.00499,0.0364
9310,0.0002382,2.383e-05,3.357e-08,2.0736e-08,6.9169e-08,4.39569e-09,8.7616e-08,0.000144,0.000263,6.63e-05,0.000296,0.0162,0.00092,1.49e-05,0.0001,2.62e-10,0.00499,0.0364
9320,0.0002381,2.383e-05,3.328e-08,2.0736e-08,7.2361e-08,4.70596e-09,8.468100000000002e-08,0.000144,0.000269,6.86e-05,0.000291,0.0163,0.00101,1.65e-05,0.0001,2.35e-10,0.00498,0.0364
9330,0.0002391,2.383e-05,3.333e-08,2.0449000000000003e-08,6.9169e-08,4.61041e-09,8.7616e-08,0.000143,0.000263,6.79e-05,0.000296,0.0162,0.000836,1.35e-05,0.0001,2.38e-10,0.00498,0.0364
9340,0.0002387,2.383e-05,3.376e-08,2.1316e-08,7.3984e-08,4.67856e-09,8.41e-08,0.000146,0.000272,6.84e-05,0.00029,0.0162,0.00101,1.64e-05,0.0001,1.89e-10,0.00498,0.0364
9350,0.0002386,2.382e-05,3.323e-08,2.0736e-08,6.9169e-08,4.356e-09,8.6436e-08,0.000144,0.000263,6.6e-05,0.000294,0.0164,0.000918,1.51e-05,0.0001,2.44e-10,0.00497,0.0364
9360,0.0002381,2.382e-05,3.341e-08,2.0449000000000003e-08,7.182400000000001e-08,4.61041e-09,8.6436e-08,0.000143,0.000268,6.79e-05,0.000294,0.0161,0.000918,1.48e-05,0.0001,1.88e-10,0.00497,0.0364
9370,0.0002388,2.382e-05,3.313e-08,2.0449000000000003e-08,6.9169e-08,4.583290000000001e-09,8.6436e-08,0.000143,0.000263,6.77e-05,0.000294,0.0159,0.000917,1.46e-05,0.0001,2.28e-10,0.00497,0.0364
9380,0.0002385,2.382e-05,3.385e-08,2.1316e-08,6.864400000000002e-08,4.369209999999999e-09,8.702500000000001e-08,0.000146,0.000262,6.61e-05,0.000295,0.0161,0.00101,1.63e-05,0.0001,3.09e-10,0.00497,0.0364
9390,0.0002379,2.382e-05,3.262e-08,2.0449000000000003e-08,7.0225e-08,4.42225e-09,8.236899999999999e-08,0.000143,0.000265,6.65e-05,0.000287,0.0162,0.000916,1.48e-05,0.0001,2e-10,0.00496,0.0364
9400,0.0002379,2.381e-05,3.333e-08,2.0449000000000003e-08,7.507599999999999e-08,4.747209999999999e-09,8.5264e-08,0.000143,0.000274,6.89e-05,0.000292,0.0161,0.000832,1.34e-05,0.0001,2.04e-10,0.00496,0.0364
9410,0.0002379,2.381e-05,3.294e-08,2.0449000000000003e-08,6.7081e-08,4.42225e-09,8.584900000000002e-08,0.000143,0.000259,6.65e-05,0.000293,0.0157,0.000915,1.44e-05,0.0001,3e-10,0.00496,0.0364
9420,0.0002387,2.381e-05,3.317e-08,2.0449000000000003e-08,7.3984e-08,4.67856e-09,8.468100000000002e-08,0.000143,0.000272,6.84e-05,0.000291,0.0163,0.00101,1.64e-05,0.0001,2.06e-10,0.00495,0.0364
9430,0.0002376,2.381e-05,3.289e-08,2.0449000000000003e-08,7.182400000000001e-08,4.50241e-09,8.352099999999998e-08,0.000143,0.000268,6.71e-05,0.000289,0.016,0.000914,1.46e-05,0.0001,2.32e-10,0.00495,0.0364
9440,0.0002375,2.381e-05,3.321e-08,2.0449000000000003e-08,6.9696e-08,4.4488899999999995e-09,8.6436e-08,0.000143,0.000264,6.67e-05,0.000294,0.016,0.001,1.6e-05,0.0001,2.52e-10,0.00495,0.0364
9450,0.0002381,2.381e-05,3.279e-08,2.0449000000000003e-08,7.0225e-08,4.6376100000000005e-09,8.41e-08,0.000143,0.000265,6.81e-05,0.00029,0.016,0.000912,1.46e-05,0.0001,2.37e-10,0.00494,0.0364
9460,0.0002385,2.381e-05,3.293e-08,2.0449000000000003e-08,6.656399999999999e-08,4.4488899999999995e-09,8.6436e-08,0.000143,0.000258,6.67e-05,0.000294,0.0158,0.000912,1.44e-05,0.0001,1.99e-10,0.00494,0.0364
9470,0.0002377,2.38e-05,3.233e-08,2.0449000000000003e-08,6.759999999999998e-08,4.4488899999999995e-09,8.236899999999999e-08,0.000143,0.00026,6.67e-05,0.000287,0.0163,0.001,1.63e-05,0.0001,3.72e-10,0.00494,0.0364
9480,0.0002387,2.38e-05,3.269e-08,2.0449000000000003e-08,6.656399999999999e-08,4.369209999999999e-09,8.584900000000002e-08,0.000143,0.000258,6.61e-05,0.000293,0.016,0.000911,1.46e-05,0.0001,2.37e-10,0.00493,0.0364
9490,0.0002385,2.38e-05,3.347e-08,2.0736e-08,7.0756e-08,4.596839999999999e-09,8.6436e-08,0.000144,0.000266,6.78e-05,0.000294,0.016,0.001,1.6e-05,0.0001,1.99e-10,0.00493,0.0364
9500,0.0002379,2.38e-05,3.327e-08,2.0736e-08,7.0756e-08,4.583290000000001e-09,8.5264e-08,0.000144,0.000266,6.77e-05,0.000292,0.016,0.001,1.6e-05,0.0001,1.79e-10,0.00493,0.0364
9510,0.0002382,2.38e-05,3.246e-08,2.0449000000000003e-08,6.8121e-08,4.435560000000001e-09,8.2944e-08,0.000143,0.000261,6.66e-05,0.000288,0.0159,0.000909,1.44e-05,0.0001,3.55e-10,0.00492,0.0364
9520,0.0002387,2.38e-05,3.229e-08,2.0449000000000003e-08,6.25e-08,4.224999999999999e-09,8.468100000000002e-08,0.000143,0.00025,6.5e-05,0.000291,0.0157,0.000908,1.42e-05,0.0001,2.11e-10,0.00492,0.0364
9530,0.0002383,2.379e-05,3.285e-08,2.1025e-08,6.759999999999998e-08,4.34281e-09,8.236899999999999e-08,0.000145,0.00026,6.59e-05,0.000287,0.0157,0.000908,1.42e-05,0.0001,2.18e-10,0.00492,0.0364
9540,0.0002374,2.379e-05,3.323e-08,2.1025e-08,7.344099999999999e-08,4.6376100000000005e-09,8.2944e-08,0.000145,0.000271,6.81e-05,0.000288,0.0162,0.000998,1.62e-05,0.0001,2.65e-10,0.00492,0.0364
9550,0.0002378,2.379e-05,3.293e-08,2.0164e-08,7.1289e-08,4.596839999999999e-09,8.468100000000002e-08,0.000142,0.000267,6.78e-05,0.000291,0.0161,0.000907,1.46e-05,0.0001,2.22e-10,0.00491,0.0364
9560,0.0002378,2.379e-05,3.268e-08,2.0449000000000003e-08,6.5536e-08,4.4488899999999995e-09,8.584900000000002e-08,0.000143,0.000256,6.67e-05,0.000293,0.0158,0.000906,1.43e-05,0.0001,2.35e-10,0.00491,0.0364
9570,0.0002378,2.379e-05,3.295e-08,2.0164e-08,7.0756e-08,4.583290000000001e-09,8.5264e-08,0.000142,0.000266,6.77e-05,0.000292,0.0159,0.000996,1.59e-05,0.0001,2.11e-10,0.00491,0.0364
9580,0.0002378,2.379e-05,3.253e-08,2.0449000000000003e-08,6.5536e-08,4.34281e-09,8.41e-08,0.000143,0.000256,6.59e-05,0.00029,0.0158,0.000996,1.57e-05,0.0001,2.04e-10,0.0049,0.0364
9590,0.0002371,2.379e-05,3.338e-08,2.0449000000000003e-08,7.452900000000002e-08,4.84416e-09,8.5264e-08,0.000143,0.000273,6.96e-05,0.000292,0.016,0.000905,1.45e-05,0.0001,2.15e-10,0.0049,0.0364
9600,0.0002371,2.378e-05,3.267e-08,2.0449000000000003e-08,6.9169e-08,4.435560000000001e-09,8.352099999999998e-08,0.000143,0.000263,6.66e-05,0.000289,0.0159,0.000904,1.43e-05,0.0001,2.43e-10,0.0049,0.0364
9610,0.000238,2.378e-05,3.233e-08,2.0736e-08,6.8121e-08,4.6376100000000005e-09,8.0656e-08,0.000144,0.000261,6.81e-05,0.000284,0.0158,0.000994,1.57e-05,0.0001,2.35e-10,0.00489,0.0364
9620,0.000238,2.378e-05,3.232e-08,2.0164e-08,6.5536e-08,4.4488899999999995e-09,8.468100000000002e-08,0.000142,0.000256,6.67e-05,0.000291,0.016,0.000903,1.44e-05,0.0001,2.25e-10,0.00489,0.0364
9630,0.0002385,2.378e-05,3.216e-08,2.0164e-08,6.502500000000001e-08,4.290250000000001e-09,8.41e-08,0.000142,0.000255,6.55e-05,0.00029,0.0155,0.000902,1.4e-05,0.0001,2.59e-10,0.00489,0.0364
9640,0.0002375,2.378e-05,3.242e-08,2.0164e-08,6.8121e-08,4.42225e-09,8.41e-08,0.000142,0.000261,6.65e-05,0.00029,0.016,0.000902,1.44e-05,0.0001,2.67e-10,0.00488,0.0364
9650,0.000238,2.378e-05,3.316e-08,2.0164e-08,7.1289e-08,4.6376100000000005e-09,8.6436e-08,0.000142,0.000267,6.81e-05,0.000294,0.0159,0.000901,1.44e-05,0.0001,3.37e-10,0.00488,0.0364
9660,0.0002374,2.377e-05,3.263e-08,2.0164e-08,7.344099999999999e-08,4.651240000000001e-09,8.2944e-08,0.000142,0.000271,6.82e-05,0.000288,0.0162,0.000901,1.46e-05,0.0001,2.11e-10,0.00488,0.0364
9670,0.0002368,2.377e-05,3.307e-08,2.0736e-08,6.9696e-08,4.4488899999999995e-09,8.5264e-08,0.000144,0.000264,6.67e-05,0.000292,0.0162,0.00099,1.6e-05,0.0001,1.82e-10,0.00488,0.0364
9680,0.0002374,2.377e-05,3.252e-08,2.0449000000000003e-08,6.864400000000002e-08,4.4089600000000005e-09,8.2944e-08,0.000143,0.000262,6.64e-05,0.000288,0.0158,0.00109,1.72e-05,0.0001,4.22e-10,0.00487,0.0364
9690,0.0002379,2.377e-05,3.254e-08,2.0164e-08,7.0225e-08,4.55625e-09,8.352099999999998e-08,0.000142,0.000265,6.75e-05,0.000289,0.0159,0.000899,1.43e-05,0.0001,2.48e-10,0.00487,0.0364
9700,0.000238,2.377e-05,3.281e-08,2.0164e-08,7.1289e-08,4.55625e-09,8.468100000000002e-08,0.000142,0.000267,6.75e-05,0.000291,0.0159,0.000899,1.42e-05,0.0001,2.35e-10,0.00487,0.0364
9710,0.0002377,2.377e-05,3.198e-08,2.0164e-08,6.400900000000001e-08,4.4890000000000005e-09,8.2944e-08,0.000142,0.000253,6.7e-05,0.000288,0.0157,0.000988,1.55e-05,0.0001,2.65e-10,0.00486,0.0364
9720,0.0002378,2.377e-05,3.201e-08,2.0164e-08,6.4516e-08,4.39569e-09,8.236899999999999e-08,0.000142,0.000254,6.63e-05,0.000287,0.0159,0.000987,1.57e-05,0.0001,2.63e-10,0.00486,0.0364
9730,0.000237,2.376e-05,3.126e-08,2.0164e-08,6.1504e-08,4.50241e-09,7.952400000000002e-08,0.000142,0.000248,6.71e-05,0.000282,0.0156,0.000987,1.54e-05,0.0001,2.34e-10,0.00486,0.0364
9740,0.0002386,2.376e-05,3.235e-08,2.0164e-08,6.400900000000001e-08,4.224999999999999e-09,8.5264e-08,0.000142,0.000253,6.5e-05,0.000292,0.0158,0.000896,1.42e-05,0.0001,2.58e-10,0.00486,0.0364
9750,0.0002371,2.376e-05,3.309e-08,2.0449000000000003e-08,7.29e-08,4.61041e-09,8.468100000000002e-08,0.000143,0.00027,6.79e-05,0.000291,0.0159,0.000985,1.57e-05,0.0001,2.31e-10,0.00485,0.0364
9760,0.0002378,2.376e-05,3.233e-08,2.0449000000000003e-08,6.8121e-08,4.515839999999999e-09,8.236899999999999e-08,0.000143,0.000261,6.72e-05,0.000287,0.0155,0.000985,1.53e-05,0.0001,2.13e-10,0.00485,0.0364
9770,0.0002373,2.376e-05,3.168e-08,1.9599999999999997e-08,6.7081e-08,4.4089600000000005e-09,8.122499999999999e-08,0.00014,0.000259,6.64e-05,0.000285,0.0159,0.000895,1.42e-05,0.0001,2.82e-10,0.00485,0.0364
9780,0.000238,2.376e-05,3.251e-08,2.0164e-08,6.864400000000002e-08,4.4488899999999995e-09,8.352099999999998e-08,0.000142,0.000262,6.67e-05,0.000289,0.0157,0.000984,1.54e-05,0.0001,2.28e-10,0.00484,0.0364
9790,0.0002375,2.376e-05,3.248e-08,2.0164e-08,6.604900000000001e-08,4.42225e-09,8.5264e-08,0.000142,0.000257,6.65e-05,0.000292,0.0154,0.000894,1.38e-05,0.0001,1.74e-10,0.00484,0.0364
9800,0.0002378,2.375e-05,3.175e-08,1.9881000000000004e-08,6.656399999999999e-08,4.435560000000001e-09,8.179600000000001e-08,0.000141,0.000258,6.66e-05,0.000286,0.0158,0.000893,1.41e-05,0.0001,2.22e-10,0.00484,0.0364
9810,0.0002374,2.375e-05,3.241e-08,2.0736e-08,6.759999999999998e-08,4.54276e-09,8.122499999999999e-08,0.000144,0.00026,6.74e-05,0.000285,0.0161,0.000982,1.58e-05,0.0001,2.26e-10,0.00483,0.0364
9820,0.0002375,2.375e-05,3.282e-08,2.0449000000000003e-08,7.3984e-08,4.70596e-09,8.236899999999999e-08,0.000143,0.000272,6.86e-05,0.000287,0.0159,0.000981,1.56e-05,0.0001,2.18e-10,0.00483,0.0364
9830,0.0002373,2.375e-05,3.23e-08,2.0164e-08,6.5536e-08,4.42225e-09,8.468100000000002e-08,0.000142,0.000256,6.65e-05,0.000291,0.0157,0.000892,1.4e-05,0.0001,1.81e-10,0.00483,0.0364
9840,0.0002376,2.375e-05,3.183e-08,1.9599999999999997e-08,6.502500000000001e-08,4.515839999999999e-09,8.352099999999998e-08,0.00014,0.000255,6.72e-05,0.000289,0.0155,0.000891,1.38e-05,0.0001,1.93e-10,0.00483,0.0364
9850,0.0002374,2.375e-05,3.236e-08,1.9881000000000004e-08,6.656399999999999e-08,4.56976e-09,8.468100000000002e-08,0.000141,0.000258,6.76e-05,0.000291,0.0156,0.00089,1.39e-05,0.0001,2.05e-10,0.00482,0.0364
9860,0.0002374,2.375e-05,3.166e-08,2.0164e-08,6.604900000000001e-08,4.4890000000000005e-09,8.0089e-08,0.000142,0.000257,6.7e-05,0.000283,0.0152,0.000979,1.49e-05,0.0001,2.38e-10,0.00482,0.0364
9870,0.0002371,2.374e-05,3.227e-08,2.0164e-08,6.502500000000001e-08,4.4890000000000005e-09,8.41e-08,0.000142,0.000255,6.7e-05,0.00029,0.0158,0.000978,1.55e-05,0.0001,2.55e-10,0.00482,0.0364
9880,0.0002371,2.374e-05,3.169e-08,2.0164e-08,6.502500000000001e-08,4.42225e-09,8.0656e-08,0.000142,0.000255,6.65e-05,0.000284,0.0156,0.000978,1.52e-05,0.0001,2.09e-10,0.00481,0.0364
9890,0.000237,2.374e-05,3.285e-08,2.0164e-08,6.9696e-08,4.515839999999999e-09,8.5264e-08,0.000142,0.000264,6.72e-05,0.000292,0.0158,0.000888,1.4e-05,0.0001,2.41e-10,0.00481,0.0364
9900,0.0002375,2.374e-05,3.272e-08,2.0449000000000003e-08,6.9696e-08,4.664890000000001e-09,8.352099999999998e-08,0.000143,0.000264,6.83e-05,0.000289,0.0157,0.000977,1.54e-05,0.0001,3.7e-10,0.00481,0.0364
9910,0.0002371,2.374e-05,3.158e-08,2.0164e-08,6.4516e-08,4.3033599999999995e-09,7.952400000000002e-08,0.000142,0.000254,6.56e-05,0.000282,0.0154,0.000976,1.5e-05,0.0001,1.96e-10,0.00481,0.0364
9920,0.0002374,2.374e-05,3.224e-08,1.9881000000000004e-08,7.0225e-08,4.7609999999999996e-09,8.236899999999999e-08,0.000141,0.000265,6.9e-05,0.000287,0.0158,0.000975,1.54e-05,0.0001,2.17e-10,0.0048,0.0364
9930,0.0002373,2.374e-05,3.217e-08,1.9881000000000004e-08,6.864400000000002e-08,4.583290000000001e-09,8.2944e-08,0.000141,0.000262,6.77e-05,0.000288,0.0155,0.000886,1.38e-05,0.0001,2.22e-10,0.0048,0.0364
9940,0.0002374,2.374e-05,3.165e-08,1.9599999999999997e-08,6.7081e-08,4.4488899999999995e-09,8.179600000000001e-08,0.00014,0.000259,6.67e-05,0.000286,0.0155,0.000886,1.38e-05,0.0001,2.09e-10,0.0048,0.0364
9950,0.000238,2.373e-05,3.232e-08,2.0164e-08,6.9696e-08,4.651240000000001e-09,8.179600000000001e-08,0.000142,0.000264,6.82e-05,0.000286,0.0154,0.000974,1.5e-05,0.0001,1.93e-10,0.00479,0.0364
9960,0.0002371,2.373e-05,3.161e-08,1.9599999999999997e-08,6.25e-08,4.369209999999999e-09,8.352099999999998e-08,0.00014,0.00025,6.61e-05,0.000289,0.0154,0.000973,1.5e-05,0.0001,2.83e-10,0.00479,0.0364
9970,0.0002373,2.373e-05,3.209e-08,1.9881000000000004e-08,6.9696e-08,4.624e-09,8.236899999999999e-08,0.000141,0.000264,6.8e-05,0.000287,0.0153,0.000973,1.48e-05,0.0001,2.97e-10,0.00479,0.0364
9980,0.0002376,2.373e-05,3.231e-08,2.0449000000000003e-08,6.864400000000002e-08,4.664890000000001e-09,8.122499999999999e-08,0.000143,0.000262,6.83e-05,0.000285,0.0156,0.00107,1.67e-05,0.0001,2.93e-10,0.00479,0.0364
9990,0.0002372,2.373e-05,3.182e-08,1.9599999999999997e-08,6.656399999999999e-08,4.42225e-09,8.2944e-08,0.00014,0.000258,6.65e-05,0.000288,0.0155,0.000883,1.37e-05,0.0001,2.51e-10,0.00478,0.0364
10000,0.0002371,2.373e-05,3.236e-08,1.9881000000000004e-08,7.1289e-08,4.596839999999999e-09,8.236899999999999e-08,0.000141,0.000267,6.78e-05,0.000287,0.0155,0.000883,1.37e-05,0.0001,2.22e-10,0.00478,0.0364
