iter,obj_printed,obj_mse,feas_mse,pde_con_mse,bcv_mse,bcd_mse,ic_mse,pde_rms,bcv_rms,bcd_rms,ic_rms,station,alpha,step_inf,lambda,kkt,relL2,tau
10,0.6213,0.06208,0.09668,0.0625,0.08526399999999999,0.22657599999999997,0.190969,0.25,0.292,0.476,0.437,21.9,0.000421,0.00922,0.0001,3.66e-08,1.03,0.0434
20,0.6169,0.06165,0.09604,0.062001,0.08468099999999999,0.22372899999999998,0.190096,0.249,0.291,0.473,0.436,22.9,0.000345,0.00791,0.0001,2.79e-08,1.02,0.0364
30,0.6128,0.06123,0.09544,0.061503999999999996,0.08352099999999998,0.22184099999999998,0.190096,0.248,0.289,0.471,0.436,20.5,0.000407,0.00834,0.0001,1.53e-08,1.02,0.0364
40,0.6075,0.06068,0.09474,0.061009,0.08294399999999999,0.21996099999999996,0.189225,0.247,0.288,0.469,0.435,13.3,0.00058,0.00774,0.0001,3.05e-08,1.01,0.0364
50,0.5979,0.05966,0.09358,0.060024999999999995,0.08179599999999998,0.21715600000000002,0.188356,0.245,0.286,0.466,0.434,10.7,0.000912,0.00972,0.0001,2.56e-08,1.0,0.0364
60,0.5839,0.05826,0.09187,0.058564,0.08122499999999999,0.2116,0.18662399999999998,0.242,0.285,0.46,0.432,8.93,0.00108,0.00962,0.0001,2.9e-08,0.99,0.0364
70,0.5707,0.05692,0.0901,0.057121,0.08122499999999999,0.20611600000000002,0.18404099999999998,0.239,0.285,0.454,0.429,7.28,0.00128,0.00928,0.0001,3.61e-08,0.978,0.0364
80,0.5542,0.05525,0.08796,0.055695999999999996,0.07896100000000002,0.20070400000000002,0.181476,0.236,0.281,0.448,0.426,6.76,0.00125,0.00843,0.0001,1.15e-07,0.965,0.0364
90,0.5392,0.05381,0.08608,0.054289000000000004,0.07617600000000001,0.195364,0.179776,0.233,0.276,0.442,0.424,6.83,0.00101,0.00689,0.0001,2.71e-08,0.954,0.0364
100,0.5292,0.05284,0.08476,0.053361000000000006,0.07507600000000002,0.190969,0.178084,0.231,0.274,0.437,0.422,7.63,0.000743,0.00568,0.0001,2.37e-08,0.945,0.0364
110,0.5207,0.05199,0.08351,0.052441,0.07398400000000001,0.18576099999999998,0.17724099999999998,0.229,0.272,0.431,0.421,9.55,0.000663,0.00633,0.0001,3.17e-08,0.937,0.0364
120,0.512,0.05112,0.08226,0.051529000000000005,0.07236100000000001,0.181476,0.175561,0.227,0.269,0.426,0.419,12.4,0.000591,0.0073,0.0001,2.91e-08,0.929,0.0364
130,0.504,0.05033,0.08115,0.050625,0.07075600000000001,0.178084,0.174724,0.225,0.266,0.422,0.418,15.7,0.000527,0.0083,0.0001,3.17e-08,0.921,0.0364
140,0.4975,0.04969,0.08027,0.050176000000000005,0.06969600000000001,0.175561,0.173889,0.224,0.264,0.419,0.417,18.5,0.000428,0.00794,0.0001,3.09e-08,0.914,0.0364
150,0.4921,0.04915,0.07952,0.049729,0.06864400000000001,0.173889,0.172225,0.223,0.262,0.417,0.415,20.7,0.000421,0.00871,0.0001,3.35e-08,0.908,0.0364
160,0.4874,0.04869,0.07888,0.048841,0.06760000000000001,0.172225,0.171396,0.221,0.26,0.415,0.414,22.3,0.000376,0.00839,0.0001,4.24e-08,0.902,0.0364
170,0.4828,0.04824,0.07826,0.0484,0.067081,0.171396,0.171396,0.22,0.259,0.414,0.414,22.8,0.00037,0.00842,0.0001,1.86e-08,0.896,0.0364
180,0.4785,0.0478,0.07767,0.047961,0.066049,0.16974399999999998,0.17056899999999997,0.219,0.257,0.412,0.413,21.6,0.000364,0.00787,0.0001,2.62e-08,0.89,0.0364
190,0.474,0.04736,0.07708,0.047524,0.065025,0.16809999999999997,0.16974399999999998,0.218,0.255,0.41,0.412,19.5,0.000358,0.00698,0.0001,3.54e-08,0.884,0.0364
200,0.4699,0.04695,0.07654,0.047524,0.064516,0.16646399999999997,0.168921,0.218,0.254,0.408,0.411,19.9,0.000353,0.00703,0.0001,2.91e-08,0.878,0.0364
210,0.4658,0.04654,0.07599,0.047089,0.064009,0.165649,0.16809999999999997,0.217,0.253,0.407,0.41,19.6,0.000348,0.00682,0.0001,2.35e-08,0.872,0.0364
220,0.4616,0.04612,0.07543,0.046655999999999996,0.063001,0.16402500000000003,0.16728099999999999,0.216,0.251,0.405,0.409,18.6,0.000343,0.00637,0.0001,2.77e-08,0.865,0.0364
230,0.4575,0.04571,0.07487,0.046224999999999995,0.0625,0.16240900000000003,0.16646399999999997,0.215,0.25,0.403,0.408,17.1,0.000338,0.0058,0.0001,5.19e-08,0.859,0.0364
240,0.4534,0.0453,0.07432,0.045795999999999996,0.062001,0.16080100000000003,0.16646399999999997,0.214,0.249,0.401,0.408,17.5,0.000333,0.00582,0.0001,3.93e-08,0.852,0.0364
250,0.4495,0.04492,0.07379,0.045369,0.061503999999999996,0.159201,0.165649,0.213,0.248,0.399,0.407,17.9,0.000329,0.00589,0.0001,4.22e-08,0.845,0.0364
260,0.4459,0.04455,0.07328,0.044944,0.061009,0.15840400000000002,0.164836,0.212,0.247,0.398,0.406,18.4,0.000325,0.00596,0.0001,2.82e-08,0.839,0.0364
270,0.4424,0.04421,0.07281,0.044521,0.060516,0.156816,0.16402500000000003,0.211,0.246,0.396,0.405,18.7,0.000321,0.006,0.0001,2.13e-08,0.832,0.0364
280,0.4392,0.04389,0.07237,0.04409999999999999,0.060516,0.15602500000000002,0.16321600000000003,0.21,0.246,0.395,0.404,18.9,0.000316,0.00598,0.0001,2.35e-08,0.826,0.0364
290,0.4363,0.0436,0.07195,0.04409999999999999,0.060024999999999995,0.155236,0.16240900000000003,0.21,0.245,0.394,0.403,18.9,0.000313,0.00591,0.0001,3.33e-08,0.82,0.0364
300,0.4334,0.04331,0.07154,0.043681,0.059536,0.154449,0.16160400000000003,0.209,0.244,0.393,0.402,18.8,0.000309,0.00581,0.0001,2.84e-08,0.814,0.0364
310,0.4307,0.04305,0.07113,0.043264,0.059049,0.15366400000000002,0.16080100000000003,0.208,0.243,0.392,0.401,18.6,0.000305,0.00568,0.0001,3.6e-08,0.808,0.0364
320,0.4282,0.0428,0.07075,0.043264,0.058564,0.15366400000000002,0.16000000000000003,0.208,0.242,0.392,0.4,18.2,0.000332,0.00603,0.0001,3.77e-08,0.802,0.0364
330,0.4258,0.04256,0.07038,0.042849,0.058080999999999994,0.15288100000000002,0.15840400000000002,0.207,0.241,0.391,0.398,17.4,0.000328,0.00572,0.0001,2.86e-08,0.796,0.0364
340,0.4237,0.04235,0.07007,0.042849,0.0576,0.15366400000000002,0.15760900000000003,0.207,0.24,0.392,0.397,16.7,0.000324,0.00543,0.0001,3.22e-08,0.789,0.0364
350,0.4217,0.04215,0.06979,0.042435999999999995,0.0576,0.15366400000000002,0.156816,0.206,0.24,0.392,0.396,16.0,0.000321,0.00513,0.0001,1.82e-08,0.783,0.0364
360,0.4197,0.04195,0.0695,0.042435999999999995,0.057121,0.15366400000000002,0.15602500000000002,0.206,0.239,0.392,0.395,14.9,0.000317,0.00473,0.0001,3.79e-08,0.778,0.0364
370,0.4177,0.04175,0.06921,0.04202499999999999,0.05664399999999999,0.154449,0.155236,0.205,0.238,0.393,0.394,13.4,0.000314,0.00421,0.0001,3.66e-08,0.772,0.0364
380,0.4157,0.04155,0.06891,0.04202499999999999,0.056169,0.154449,0.15366400000000002,0.205,0.237,0.393,0.392,12.6,0.000311,0.00391,0.0001,3.94e-08,0.767,0.0364
390,0.4136,0.04134,0.06862,0.04161599999999999,0.055695999999999996,0.154449,0.15288100000000002,0.204,0.236,0.393,0.391,13.7,0.000338,0.00462,0.0001,3.58e-08,0.761,0.0364
400,0.4113,0.04111,0.06831,0.04161599999999999,0.055695999999999996,0.155236,0.1521,0.204,0.236,0.394,0.39,14.2,0.000335,0.00475,0.0001,3.13e-08,0.756,0.0364
410,0.4089,0.04087,0.06799,0.041209,0.055224999999999996,0.155236,0.151321,0.203,0.235,0.394,0.389,14.4,0.000332,0.00476,0.0001,3.37e-08,0.75,0.0364
420,0.4066,0.04063,0.06767,0.041209,0.055224999999999996,0.155236,0.150544,0.203,0.235,0.394,0.388,14.3,0.000328,0.00469,0.0001,3.29e-08,0.745,0.0364
430,0.4042,0.0404,0.06735,0.04080400000000001,0.054756000000000006,0.155236,0.14899600000000002,0.202,0.234,0.394,0.386,13.6,0.000325,0.00443,0.0001,2.9e-08,0.74,0.0364
440,0.4019,0.04017,0.06701,0.040401000000000006,0.054289000000000004,0.155236,0.148225,0.201,0.233,0.394,0.385,13.8,0.000322,0.00444,0.0001,4.08e-08,0.735,0.0364
450,0.3996,0.03994,0.06667,0.040401000000000006,0.054289000000000004,0.154449,0.147456,0.201,0.233,0.393,0.384,14.4,0.000319,0.00461,0.0001,3.27e-08,0.73,0.0364
460,0.3974,0.03972,0.06633,0.04000000000000001,0.053824000000000004,0.154449,0.146689,0.2,0.232,0.393,0.383,15.1,0.000316,0.00477,0.0001,3.47e-08,0.725,0.0364
470,0.3952,0.0395,0.06601,0.04000000000000001,0.053824000000000004,0.15366400000000002,0.145924,0.2,0.232,0.392,0.382,15.6,0.000313,0.00489,0.0001,4e-08,0.721,0.0364
480,0.3932,0.0393,0.06569,0.039601000000000004,0.053361000000000006,0.15288100000000002,0.145161,0.199,0.231,0.391,0.381,16.0,0.000311,0.00496,0.0001,4.66e-08,0.716,0.0364
490,0.3912,0.0391,0.06536,0.039601000000000004,0.053361000000000006,0.1521,0.1444,0.199,0.231,0.39,0.38,16.1,0.000308,0.00496,0.0001,3.07e-08,0.712,0.0364
500,0.3892,0.0389,0.06501,0.039204,0.0529,0.151321,0.143641,0.198,0.23,0.389,0.379,16.0,0.000305,0.00488,0.0001,2.57e-08,0.707,0.0364
510,0.3872,0.0387,0.06463,0.039204,0.0529,0.149769,0.142884,0.198,0.23,0.387,0.378,15.6,0.000333,0.0052,0.0001,2.43e-08,0.703,0.0364
520,0.385,0.03847,0.06418,0.038809,0.0529,0.148225,0.142129,0.197,0.23,0.385,0.377,15.0,0.00033,0.00496,0.0001,2.48e-08,0.698,0.0364
530,0.3826,0.03824,0.06369,0.038416000000000006,0.052441,0.145924,0.141376,0.196,0.229,0.382,0.376,14.3,0.00036,0.00515,0.0001,1.9e-08,0.693,0.0364
540,0.3801,0.03798,0.06316,0.038416000000000006,0.052441,0.142884,0.139876,0.196,0.229,0.378,0.374,13.5,0.000357,0.00484,0.0001,1.82e-08,0.689,0.0364
550,0.3773,0.03771,0.06259,0.038025,0.052441,0.140625,0.139129,0.195,0.229,0.375,0.373,12.9,0.00039,0.00502,0.0001,1.82e-08,0.684,0.0364
560,0.3745,0.03742,0.06201,0.037636,0.052441,0.13764099999999999,0.138384,0.194,0.229,0.371,0.372,12.3,0.000387,0.00477,0.0001,1.97e-08,0.679,0.0364
570,0.3715,0.03712,0.06143,0.037636,0.052441,0.135424,0.1369,0.194,0.229,0.368,0.37,11.9,0.000422,0.00504,0.0001,1.79e-08,0.674,0.0364
580,0.3684,0.03681,0.06086,0.037249000000000004,0.051984,0.132496,0.136161,0.193,0.228,0.364,0.369,11.6,0.000419,0.00485,0.0001,1.4e-08,0.668,0.0364
590,0.3653,0.03649,0.06031,0.036864,0.051984,0.130321,0.134689,0.192,0.228,0.361,0.367,11.2,0.000416,0.00464,0.0001,1.5e-08,0.663,0.0364
600,0.3619,0.03615,0.05971,0.036481,0.051984,0.128881,0.133956,0.191,0.228,0.359,0.366,10.6,0.000454,0.00482,0.0001,1.71e-08,0.658,0.0364
610,0.3584,0.0358,0.05911,0.0361,0.051529000000000005,0.126736,0.132496,0.19,0.227,0.356,0.364,9.91,0.000496,0.00491,0.0001,1.02e-08,0.652,0.0364
620,0.3546,0.03542,0.05844,0.035721,0.051076,0.12390399999999999,0.131044,0.189,0.226,0.352,0.362,8.99,0.000492,0.00442,0.0001,1.23e-08,0.646,0.0364
630,0.3505,0.03501,0.05768,0.035344,0.050625,0.12110399999999999,0.130321,0.188,0.225,0.348,0.361,7.94,0.000591,0.00469,0.0001,1.11e-08,0.64,0.0364
640,0.3459,0.03454,0.05681,0.034969,0.049729,0.11833599999999998,0.128164,0.187,0.223,0.344,0.358,7.56,0.000645,0.00488,0.0001,1.23e-08,0.633,0.0364
650,0.3407,0.03401,0.05584,0.034225,0.048841,0.11492100000000001,0.126736,0.185,0.221,0.339,0.356,7.66,0.000775,0.00594,0.0001,9.8e-09,0.625,0.0364
660,0.3347,0.0334,0.05476,0.033489,0.047961,0.11155600000000002,0.12460899999999998,0.183,0.219,0.334,0.353,7.09,0.000932,0.0066,0.0001,1.06e-08,0.615,0.0364
670,0.3276,0.03267,0.05351,0.032761,0.047089,0.108241,0.12180099999999998,0.181,0.217,0.329,0.349,5.9,0.00112,0.0066,0.0001,8.86e-09,0.605,0.0364
680,0.3189,0.0318,0.05195,0.032041,0.046655999999999996,0.10304100000000001,0.11902499999999998,0.179,0.216,0.321,0.345,4.9,0.00135,0.00659,0.0001,8.14e-09,0.593,0.0364
690,0.3085,0.03073,0.04995,0.030975999999999997,0.045795999999999996,0.095481,0.11492100000000001,0.176,0.214,0.309,0.339,3.96,0.00178,0.00705,0.0001,9.36e-09,0.578,0.0364
700,0.2959,0.02945,0.0475,0.029583999999999996,0.044521,0.085849,0.11022400000000002,0.172,0.211,0.293,0.332,3.33,0.00235,0.00783,0.0001,6.8e-09,0.56,0.0364
710,0.2813,0.02798,0.04472,0.027889000000000004,0.043264,0.07728400000000002,0.104329,0.167,0.208,0.278,0.323,3.3,0.00283,0.00933,0.0001,4.48e-09,0.539,0.0364
720,0.2648,0.0263,0.04154,0.026244,0.041209,0.06760000000000001,0.097969,0.162,0.203,0.26,0.313,3.19,0.00374,0.0119,0.0001,4.72e-09,0.515,0.0364
730,0.2454,0.02433,0.03784,0.024025,0.038809,0.055695999999999996,0.09,0.155,0.197,0.236,0.3,3.03,0.00449,0.0136,0.0001,4.57e-09,0.487,0.0364
740,0.2221,0.02195,0.03361,0.021608999999999996,0.035344,0.044521,0.08122499999999999,0.147,0.188,0.211,0.285,2.8,0.00594,0.0166,0.0001,3.37e-09,0.454,0.0364
750,0.1946,0.01917,0.02918,0.018769000000000004,0.030624999999999996,0.038809,0.07022500000000001,0.137,0.175,0.197,0.265,2.6,0.00786,0.0204,0.0001,3.25e-09,0.414,0.0364
760,0.1654,0.01625,0.02485,0.015876,0.025281,0.036864,0.058564,0.126,0.159,0.192,0.242,2.05,0.00945,0.0194,0.0001,2.3e-09,0.37,0.0364
770,0.1337,0.01302,0.01999,0.012769,0.019600000000000003,0.033489,0.046224999999999995,0.113,0.14,0.183,0.215,1.67,0.0138,0.0229,0.0001,2.04e-09,0.317,0.0364
780,0.09328,0.008832,0.01349,0.00855625,0.013225,0.0256,0.029928999999999997,0.0925,0.115,0.16,0.173,0.834,0.0266,0.0222,0.0001,1.73e-09,0.247,0.0364
790,0.04654,0.004269,0.006087,0.00403225,0.006740410000000001,0.010608999999999999,0.012769,0.0635,0.0821,0.103,0.113,0.695,0.0469,0.0326,0.0001,9.03e-10,0.164,0.0364
800,0.01572,0.00138,0.002007,0.0012110399999999998,0.0020160100000000004,0.00591361,0.0036240399999999994,0.0348,0.0449,0.0769,0.0602,0.286,0.0682,0.0195,0.0001,7.99e-10,0.105,0.0364
810,0.004287,0.0003831,0.0004709,0.00026896000000000005,0.00033124,0.00184041,0.0007672899999999999,0.0164,0.0182,0.0429,0.0277,0.17,0.0746,0.0127,0.0001,9.11e-10,0.0775,0.0364
820,0.001841,0.0001739,0.0001498,8.427240000000001e-05,6.938890000000002e-05,0.00070756,0.00020736,0.00918,0.00833,0.0266,0.0144,0.124,0.0557,0.00688,0.0001,7.2e-10,0.0666,0.0364
830,0.001181,0.0001145,6.68e-05,3.5880099999999996e-05,1.9713600000000004e-05,0.00037636,7.55161e-05,0.00599,0.00444,0.0194,0.00869,0.131,0.0458,0.00601,0.0001,5.53e-10,0.0604,0.0364
840,0.0009259,9.091e-05,3.621e-05,1.8404100000000002e-05,7.182400000000001e-06,0.00023104,3.42225e-05,0.00429,0.00268,0.0152,0.00585,0.131,0.0376,0.00495,0.0001,5.88e-10,0.056,0.0364
850,0.0007984,7.891e-05,2.204e-05,1.06276e-05,3.2040999999999995e-06,0.00015129,1.7892900000000003e-05,0.00326,0.00179,0.0123,0.00423,0.127,0.0309,0.00394,0.0001,5.83e-10,0.0526,0.0364
860,0.0007218,7.155e-05,1.443e-05,6.6563999999999995e-06,1.69e-06,0.00010609000000000001,1.04976e-05,0.00258,0.0013,0.0103,0.00324,0.122,0.0279,0.0034,0.0001,5.09e-10,0.0498,0.0364
870,0.0006697,6.655e-05,1e-05,4.452099999999999e-06,1.0609000000000003e-06,7.55161e-05,6.76e-06,0.00211,0.00103,0.00869,0.0026,0.116,0.023,0.00266,0.0001,4.25e-10,0.0475,0.0364
880,0.0006313,6.279e-05,7.196e-06,3.1329e-06,7.37881e-07,5.5353600000000005e-05,4.7089e-06,0.00177,0.000859,0.00744,0.00217,0.11,0.0208,0.00229,0.0001,4.73e-10,0.0455,0.0364
890,0.0006014,5.987e-05,5.345e-06,2.2801e-06,5.61001e-07,4.14736e-05,3.4596000000000003e-06,0.00151,0.000749,0.00644,0.00186,0.106,0.0188,0.00198,0.0001,5.14e-10,0.0438,0.0364
900,0.0005774,5.752e-05,4.081e-06,1.7161e-06,4.52929e-07,3.16969e-05,2.6896e-06,0.00131,0.000673,0.00563,0.00164,0.104,0.017,0.00176,0.0001,5.44e-10,0.0423,0.0364
910,0.0005576,5.558e-05,3.19e-06,1.3456e-06,3.819239999999999e-07,2.46016e-05,2.1609e-06,0.00116,0.000618,0.00496,0.00147,0.104,0.0153,0.00159,0.0001,4.38e-10,0.041,0.0364
920,0.0005411,5.396e-05,2.546e-06,1.0815999999999997e-06,3.31776e-07,1.9448099999999998e-05,1.8225000000000001e-06,0.00104,0.000576,0.00441,0.00135,0.103,0.0139,0.00143,0.0001,4.16e-10,0.0398,0.0364
930,0.0005269,5.256e-05,2.066e-06,8.798440000000001e-07,2.9376399999999996e-07,1.5523599999999998e-05,1.5625e-06,0.000938,0.000542,0.00394,0.00125,0.102,0.0125,0.00128,0.0001,4.5e-10,0.0387,0.0364
940,0.0005147,5.136e-05,1.702e-06,7.32736e-07,2.652250000000001e-07,1.25316e-05,1.3689000000000001e-06,0.000856,0.000515,0.00354,0.00117,0.101,0.0113,0.00114,0.0001,5.5e-10,0.0378,0.0364
950,0.0005044,5.034e-05,1.429e-06,6.22521e-07,2.4304899999999997e-07,1.0304100000000002e-05,1.21e-06,0.000789,0.000493,0.00321,0.0011,0.0994,0.0113,0.00112,0.0001,5.06e-10,0.0369,0.0364
960,0.0004953,4.944e-05,1.215e-06,5.35824e-07,2.2467599999999997e-07,8.526399999999999e-06,1.1024999999999998e-06,0.000732,0.000474,0.00292,0.00105,0.098,0.0102,0.001,0.0001,4.33e-10,0.0361,0.0364
970,0.0004872,4.864e-05,1.043e-06,4.6785600000000006e-07,2.0976400000000002e-07,7.1289000000000005e-06,1e-06,0.000684,0.000458,0.00267,0.001,0.0966,0.0102,0.000981,0.0001,4.38e-10,0.0353,0.0364
980,0.0004803,4.796e-05,9.098e-07,4.13449e-07,1.97136e-07,6.0516e-06,9.37024e-07,0.000643,0.000444,0.00246,0.000968,0.0952,0.00918,0.000874,0.0001,4.7e-10,0.0346,0.0364
990,0.0004739,4.734e-05,7.981e-07,3.68449e-07,1.8576100000000002e-07,5.107599999999999e-06,8.742249999999999e-07,0.000607,0.000431,0.00226,0.000935,0.0937,0.00831,0.000779,0.0001,3.47e-10,0.0339,0.0364
1000,0.0004685,4.68e-05,7.096e-07,3.3292900000000003e-07,1.7640000000000002e-07,4.409999999999999e-06,8.22649e-07,0.000577,0.00042,0.0021,0.000907,0.0923,0.00827,0.000763,0.0001,4.22e-10,0.0333,0.0364
1010,0.0004634,4.629e-05,6.334e-07,3.01401e-07,1.681e-07,3.8024999999999996e-06,7.779239999999999e-07,0.000549,0.00041,0.00195,0.000882,0.0909,0.00822,0.000748,0.0001,3.15e-10,0.0327,0.0364
1020,0.000459,4.586e-05,5.727e-07,2.76676e-07,1.6080099999999999e-07,3.3124e-06,7.396e-07,0.000526,0.000401,0.00182,0.00086,0.0896,0.00744,0.000667,0.0001,3.77e-10,0.0322,0.0364
1030,0.0004549,4.546e-05,5.197e-07,2.5502500000000005e-07,1.54449e-07,2.89e-06,7.056000000000001e-07,0.000505,0.000393,0.0017,0.00084,0.0883,0.0074,0.000654,0.0001,2.85e-10,0.0317,0.0364
1040,0.0004513,4.509e-05,4.753e-07,2.36196e-07,1.48225e-07,2.56e-06,6.773289999999999e-07,0.000486,0.000385,0.0016,0.000823,0.087,0.0067,0.000583,0.0001,4.7e-10,0.0312,0.0364
1050,0.000448,4.477e-05,4.374e-07,2.209e-07,1.4288400000000002e-07,2.25e-06,6.51249e-07,0.00047,0.000378,0.0015,0.000807,0.0857,0.00667,0.000572,0.0001,3.18e-10,0.0308,0.0364
1060,0.0004449,4.445e-05,4.038e-07,2.06116e-07,1.38384e-07,1.9881e-06,6.27264e-07,0.000454,0.000372,0.00141,0.000792,0.0845,0.00663,0.000561,0.0001,3.98e-10,0.0303,0.0364
1070,0.0004421,4.418e-05,3.76e-07,1.9448099999999998e-07,1.33956e-07,1.7956000000000002e-06,6.05284e-07,0.000441,0.000366,0.00134,0.000778,0.0833,0.006,0.0005,0.0001,4.08e-10,0.0299,0.0364
1080,0.0004396,4.393e-05,3.512e-07,1.8404100000000003e-07,1.2960000000000002e-07,1.6129000000000003e-06,5.86756e-07,0.000429,0.00036,0.00127,0.000766,0.0822,0.00597,0.000491,0.0001,3.13e-10,0.0296,0.0364
1090,0.0004371,4.369e-05,3.288e-07,1.73889e-07,1.2602500000000002e-07,1.4399999999999998e-06,5.68516e-07,0.000417,0.000355,0.0012,0.000754,0.081,0.00595,0.000482,0.0001,3.79e-10,0.0292,0.0364
1100,0.000435,4.348e-05,3.1e-07,1.6564900000000003e-07,1.225e-07,1.2995999999999998e-06,5.53536e-07,0.000407,0.00035,0.00114,0.000744,0.0799,0.00538,0.00043,0.0001,3.1e-10,0.0288,0.0364
1110,0.0004329,4.328e-05,2.931e-07,1.5840400000000002e-07,1.1902499999999998e-07,1.1881000000000001e-06,5.387559999999999e-07,0.000398,0.000345,0.00109,0.000734,0.0789,0.00536,0.000423,0.0001,3.18e-10,0.0285,0.0364
1120,0.000431,4.308e-05,2.777e-07,1.521e-07,1.16281e-07,1.0815999999999997e-06,5.256249999999999e-07,0.00039,0.000341,0.00104,0.000725,0.0779,0.00533,0.000415,0.0001,3.09e-10,0.0282,0.0364
1130,0.0004292,4.29e-05,2.639e-07,1.45924e-07,1.13569e-07,9.801e-07,5.126559999999999e-07,0.000382,0.000337,0.00099,0.000716,0.0768,0.00483,0.000371,0.0001,2.87e-10,0.0279,0.0364
1140,0.0004276,4.275e-05,2.52e-07,1.40625e-07,1.1088900000000001e-07,8.987039999999999e-07,5.012639999999999e-07,0.000375,0.000333,0.000948,0.000708,0.0759,0.0048,0.000365,0.0001,2.69e-10,0.0276,0.0364
1150,0.0004261,4.259e-05,2.411e-07,1.35424e-07,1.0824099999999998e-07,8.24464e-07,4.9e-07,0.000368,0.000329,0.000908,0.0007,0.0749,0.00478,0.000358,0.0001,3.98e-10,0.0273,0.0364
1160,0.0004246,4.245e-05,2.31e-07,1.3104400000000002e-07,1.05625e-07,7.586410000000001e-07,4.802490000000001e-07,0.000362,0.000325,0.000871,0.000693,0.074,0.00476,0.000352,0.0001,3.29e-10,0.027,0.0364
1170,0.0004232,4.231e-05,2.218e-07,1.2673599999999998e-07,1.0368400000000002e-07,6.97225e-07,4.70596e-07,0.000356,0.000322,0.000835,0.000686,0.0731,0.00431,0.000315,0.0001,3.22e-10,0.0268,0.0364
1180,0.0004219,4.218e-05,2.138e-07,1.2320100000000002e-07,1.0176100000000001e-07,6.464160000000001e-07,4.6104100000000003e-07,0.000351,0.000319,0.000804,0.000679,0.0722,0.00429,0.00031,0.0001,3.47e-10,0.0265,0.0364
1190,0.0004207,4.206e-05,2.064e-07,1.19716e-07,9.985599999999999e-08,5.990759999999999e-07,4.52929e-07,0.000346,0.000316,0.000774,0.000673,0.0714,0.00427,0.000305,0.0001,3.13e-10,0.0263,0.0364
1200,0.0004196,4.195e-05,1.994e-07,1.16281e-07,9.796900000000001e-08,5.55025e-07,4.4488899999999993e-07,0.000341,0.000313,0.000745,0.000667,0.0706,0.00425,0.0003,0.0001,3.34e-10,0.026,0.0364
1210,0.0004184,4.183e-05,1.929e-07,1.13569e-07,9.61e-08,5.15524e-07,4.3692100000000005e-07,0.000337,0.00031,0.000718,0.000661,0.0698,0.00424,0.000295,0.0001,3.16e-10,0.0258,0.0364
1220,0.0004174,4.173e-05,1.871e-07,1.1088900000000001e-07,9.424899999999999e-08,4.802490000000001e-07,4.30336e-07,0.000333,0.000307,0.000693,0.000656,0.069,0.00383,0.000264,0.0001,2.88e-10,0.0256,0.0364
1230,0.0004164,4.163e-05,1.819e-07,1.0824099999999998e-07,9.302499999999999e-08,4.4890000000000006e-07,4.23801e-07,0.000329,0.000305,0.00067,0.000651,0.0682,0.00382,0.000261,0.0001,3.96e-10,0.0254,0.0364
1240,0.0004155,4.154e-05,1.769e-07,1.06276e-07,9.120400000000001e-08,4.1990400000000005e-07,4.17316e-07,0.000326,0.000302,0.000648,0.000646,0.0675,0.0038,0.000257,0.0001,2.96e-10,0.0252,0.0364
1250,0.0004146,4.145e-05,1.723e-07,1.0368400000000002e-07,8.999999999999999e-08,3.9312899999999995e-07,4.1088099999999996e-07,0.000322,0.0003,0.000627,0.000641,0.0668,0.00379,0.000253,0.0001,3.49e-10,0.025,0.0364
1260,0.0004137,4.136e-05,1.679e-07,1.0176100000000001e-07,8.8209e-08,3.68449e-07,4.0449599999999994e-07,0.000319,0.000297,0.000607,0.000636,0.0661,0.00377,0.000249,0.0001,5.24e-10,0.0248,0.0364
1270,0.0004129,4.128e-05,1.637e-07,9.985599999999999e-08,8.702500000000001e-08,3.4456899999999994e-07,3.9942399999999996e-07,0.000316,0.000295,0.000587,0.000632,0.0653,0.00376,0.000245,0.0001,3.53e-10,0.0246,0.0364
1280,0.0004121,4.12e-05,1.601e-07,9.796900000000001e-08,8.584900000000002e-08,3.2489999999999995e-07,3.9438399999999997e-07,0.000313,0.000293,0.00057,0.000628,0.0647,0.0034,0.00022,0.0001,3.59e-10,0.0244,0.0364
1290,0.0004113,4.113e-05,1.567e-07,9.672100000000001e-08,8.468100000000002e-08,3.0691600000000005e-07,3.89376e-07,0.000311,0.000291,0.000554,0.000624,0.0641,0.00339,0.000217,0.0001,3.26e-10,0.0243,0.0364
1300,0.0004106,4.105e-05,1.534e-07,9.486400000000001e-08,8.352099999999998e-08,2.89444e-07,3.844e-07,0.000308,0.000289,0.000538,0.00062,0.0634,0.00337,0.000214,0.0001,3.6e-10,0.0241,0.0364
1310,0.0004099,4.098e-05,1.503e-07,9.3636e-08,8.236899999999999e-08,2.72484e-07,3.7945600000000003e-07,0.000306,0.000287,0.000522,0.000616,0.0628,0.00336,0.000211,0.0001,2.95e-10,0.0239,0.0364
1320,0.0004092,4.092e-05,1.474e-07,9.1809e-08,8.122499999999999e-08,2.58064e-07,3.74544e-07,0.000303,0.000285,0.000508,0.000612,0.0622,0.00335,0.000208,0.0001,3.31e-10,0.0238,0.0364
1330,0.0004085,4.085e-05,1.445e-07,9.0601e-08,8.0089e-08,2.4304899999999997e-07,3.6966400000000005e-07,0.000301,0.000283,0.000493,0.000608,0.0616,0.00333,0.000205,0.0001,2.62e-10,0.0236,0.0364
1340,0.0004079,4.078e-05,1.419e-07,8.940100000000001e-08,7.952400000000002e-08,2.304e-07,3.6602499999999997e-07,0.000299,0.000282,0.00048,0.000605,0.061,0.00302,0.000184,0.0001,2.65e-10,0.0235,0.0364
1350,0.0004073,4.073e-05,1.396e-07,8.8209e-08,7.839999999999999e-08,2.19024e-07,3.6120099999999995e-07,0.000297,0.00028,0.000468,0.000601,0.0604,0.00301,0.000182,0.0001,2.84e-10,0.0233,0.0364
1360,0.0004067,4.067e-05,1.373e-07,8.702500000000001e-08,7.728399999999999e-08,2.0793600000000002e-07,3.5760400000000003e-07,0.000295,0.000278,0.000456,0.000598,0.0599,0.00299,0.000179,0.0001,3.09e-10,0.0232,0.0364
1370,0.0004062,4.061e-05,1.351e-07,8.584900000000002e-08,7.672900000000001e-08,1.9802499999999997e-07,3.540250000000001e-07,0.000293,0.000277,0.000445,0.000595,0.0594,0.00298,0.000177,0.0001,2.93e-10,0.023,0.0364
1380,0.0004056,4.056e-05,1.33e-07,8.468100000000002e-08,7.5625e-08,1.8835599999999997e-07,3.50464e-07,0.000291,0.000275,0.000434,0.000592,0.0588,0.00297,0.000175,0.0001,3.54e-10,0.0229,0.0364
1390,0.0004051,4.05e-05,1.31e-07,8.41e-08,7.507599999999999e-08,1.7892899999999997e-07,3.46921e-07,0.00029,0.000274,0.000423,0.000589,0.0583,0.00296,0.000173,0.0001,3.41e-10,0.0228,0.0364
1400,0.0004045,4.045e-05,1.291e-07,8.2944e-08,7.3984e-08,1.70569e-07,3.4339600000000007e-07,0.000288,0.000272,0.000413,0.000586,0.0578,0.00295,0.00017,0.0001,2.69e-10,0.0226,0.0364
1410,0.000404,4.04e-05,1.272e-07,8.179600000000001e-08,7.344099999999999e-08,1.6240899999999998e-07,3.39889e-07,0.000286,0.000271,0.000403,0.000583,0.0572,0.00294,0.000168,0.0001,2.31e-10,0.0225,0.0364
1420,0.0004035,4.035e-05,1.255e-07,8.122499999999999e-08,7.2361e-08,1.5523599999999997e-07,3.364e-07,0.000285,0.000269,0.000394,0.00058,0.0568,0.00266,0.000151,0.0001,2.67e-10,0.0224,0.0364
1430,0.0004031,4.03e-05,1.239e-07,8.0656e-08,7.182400000000001e-08,1.48225e-07,3.3408399999999994e-07,0.000284,0.000268,0.000385,0.000578,0.0563,0.00265,0.000149,0.0001,3.5e-10,0.0223,0.0364
1440,0.0004026,4.026e-05,1.224e-07,7.952400000000002e-08,7.1289e-08,1.4137599999999998e-07,3.30625e-07,0.000282,0.000267,0.000376,0.000575,0.0558,0.00264,0.000148,0.0001,3.36e-10,0.0221,0.0364
1450,0.0004022,4.021e-05,1.209e-07,7.8961e-08,7.0225e-08,1.35424e-07,3.2832900000000005e-07,0.000281,0.000265,0.000368,0.000573,0.0554,0.00263,0.000146,0.0001,3.13e-10,0.022,0.0364
1460,0.0004017,4.017e-05,1.195e-07,7.839999999999999e-08,6.9696e-08,1.2960000000000002e-07,3.2489999999999995e-07,0.00028,0.000264,0.00036,0.00057,0.0549,0.00262,0.000144,0.0001,3.15e-10,0.0219,0.0364
1470,0.0004013,4.013e-05,1.181e-07,7.728399999999999e-08,6.9169e-08,1.24609e-07,3.22624e-07,0.000278,0.000263,0.000353,0.000568,0.0545,0.00261,0.000142,0.0001,3.04e-10,0.0218,0.0364
1480,0.0004009,4.008e-05,1.167e-07,7.672900000000001e-08,6.864400000000002e-08,1.1902499999999998e-07,3.1922499999999995e-07,0.000277,0.000262,0.000345,0.000565,0.0541,0.0026,0.000141,0.0001,3.46e-10,0.0217,0.0364
1490,0.0004004,4.004e-05,1.154e-07,7.617599999999999e-08,6.759999999999998e-08,1.1424399999999999e-07,3.1696900000000004e-07,0.000276,0.00026,0.000338,0.000563,0.0536,0.0026,0.000139,0.0001,2.46e-10,0.0216,0.0364
1500,0.0004,4e-05,1.142e-07,7.5625e-08,6.7081e-08,1.0956100000000001e-07,3.14721e-07,0.000275,0.000259,0.000331,0.000561,0.0532,0.00259,0.000138,0.0001,2.72e-10,0.0215,0.0364
1510,0.0003996,3.996e-05,1.13e-07,7.507599999999999e-08,6.656399999999999e-08,1.0497600000000001e-07,3.11364e-07,0.000274,0.000258,0.000324,0.000558,0.0528,0.00234,0.000124,0.0001,3.01e-10,0.0214,0.0364
1520,0.0003993,3.992e-05,1.119e-07,7.452900000000002e-08,6.604900000000001e-08,1.0112399999999999e-07,3.0913599999999997e-07,0.000273,0.000257,0.000318,0.000556,0.0524,0.00233,0.000122,0.0001,3.74e-10,0.0213,0.0364
1530,0.0003989,3.989e-05,1.108e-07,7.3984e-08,6.5536e-08,9.7344e-08,3.0691600000000005e-07,0.000272,0.000256,0.000312,0.000554,0.052,0.00233,0.000121,0.0001,2.97e-10,0.0212,0.0364
1540,0.0003985,3.985e-05,1.098e-07,7.344099999999999e-08,6.502500000000001e-08,9.3636e-08,3.0470399999999997e-07,0.000271,0.000255,0.000306,0.000552,0.0518,0.00232,0.00012,0.0001,2.72e-10,0.0211,0.0364
1550,0.0003982,3.982e-05,1.088e-07,7.29e-08,6.4516e-08,8.999999999999999e-08,3.025e-07,0.00027,0.000254,0.0003,0.00055,0.0517,0.00231,0.000119,0.0001,2.85e-10,0.021,0.0364
1560,0.0003978,3.978e-05,1.078e-07,7.2361e-08,6.400900000000001e-08,8.702500000000001e-08,3.0030399999999996e-07,0.000269,0.000253,0.000295,0.000548,0.0515,0.0023,0.000119,0.0001,4.24e-10,0.0209,0.0364
1570,0.0003975,3.975e-05,1.068e-07,7.182400000000001e-08,6.3504e-08,8.352099999999998e-08,2.981160000000001e-07,0.000268,0.000252,0.000289,0.000546,0.0514,0.00229,0.000118,0.0001,3.61e-10,0.0208,0.0364
1580,0.0003972,3.971e-05,1.059e-07,7.1289e-08,6.300099999999998e-08,8.0656e-08,2.95936e-07,0.000267,0.000251,0.000284,0.000544,0.0512,0.00229,0.000117,0.0001,3.38e-10,0.0207,0.0364
1590,0.0003968,3.968e-05,1.05e-07,7.0756e-08,6.25e-08,7.7841e-08,2.9376399999999996e-07,0.000266,0.00025,0.000279,0.000542,0.0511,0.00228,0.000116,0.0001,4.02e-10,0.0206,0.0364
1600,0.0003965,3.965e-05,1.041e-07,7.0225e-08,6.200099999999999e-08,7.507599999999999e-08,2.92681e-07,0.000265,0.000249,0.000274,0.000541,0.051,0.00227,0.000116,0.0001,2.77e-10,0.0206,0.0364
1610,0.0003962,3.961e-05,1.033e-07,6.9696e-08,6.1504e-08,7.2361e-08,2.9052099999999996e-07,0.000264,0.000248,0.000269,0.000539,0.0508,0.00226,0.000115,0.0001,3.52e-10,0.0205,0.0364
1620,0.0003958,3.958e-05,1.024e-07,6.9169e-08,6.100899999999999e-08,6.9696e-08,2.8836900000000006e-07,0.000263,0.000247,0.000264,0.000537,0.0507,0.00226,0.000114,0.0001,3.83e-10,0.0204,0.0364
1630,0.0003955,3.955e-05,1.016e-07,6.9169e-08,6.051600000000001e-08,6.759999999999998e-08,2.86225e-07,0.000263,0.000246,0.00026,0.000535,0.0506,0.00204,0.000103,0.0001,2.57e-10,0.0203,0.0364
1640,0.0003952,3.952e-05,1.009e-07,6.864400000000002e-08,6.0025e-08,6.502500000000001e-08,2.840890000000001e-07,0.000262,0.000245,0.000255,0.000533,0.0505,0.00204,0.000103,0.0001,2.94e-10,0.0202,0.0364
1650,0.000395,3.949e-05,1.002e-07,6.8121e-08,6.0025e-08,6.300099999999998e-08,2.83024e-07,0.000261,0.000245,0.000251,0.000532,0.0503,0.00203,0.000102,0.0001,2.65e-10,0.0202,0.0364
1660,0.0003947,3.946e-05,9.946e-08,6.759999999999998e-08,5.9536e-08,6.100899999999999e-08,2.809e-07,0.00026,0.000244,0.000247,0.00053,0.0502,0.00202,0.000102,0.0001,2.94e-10,0.0201,0.0364
1670,0.0003944,3.944e-05,9.877e-08,6.759999999999998e-08,5.9049e-08,5.9049e-08,2.7984099999999997e-07,0.00026,0.000243,0.000243,0.000529,0.0501,0.00202,0.000101,0.0001,3.2e-10,0.02,0.0364
1680,0.0003941,3.941e-05,9.809e-08,6.7081e-08,5.8564e-08,5.7121000000000006e-08,2.77729e-07,0.000259,0.000242,0.000239,0.000527,0.05,0.00201,0.000101,0.0001,2.62e-10,0.0199,0.0364
1690,0.0003938,3.938e-05,9.743e-08,6.656399999999999e-08,5.8081e-08,5.5696e-08,2.76676e-07,0.000258,0.000241,0.000236,0.000526,0.0499,0.00201,0.0001,0.0001,2.89e-10,0.0199,0.0364
1700,0.0003936,3.935e-05,9.678e-08,6.656399999999999e-08,5.8081e-08,5.3824e-08,2.7457600000000006e-07,0.000258,0.000241,0.000232,0.000524,0.0498,0.002,9.95e-05,0.0001,3.92e-10,0.0198,0.0364
1710,0.0003933,3.933e-05,9.615e-08,6.604900000000001e-08,5.7600000000000006e-08,5.1984000000000004e-08,2.72484e-07,0.000257,0.00024,0.000228,0.000522,0.0497,0.00199,9.9e-05,0.0001,2.75e-10,0.0197,0.0364
1720,0.000393,3.93e-05,9.553e-08,6.5536e-08,5.7121000000000006e-08,5.0625e-08,2.71441e-07,0.000256,0.000239,0.000225,0.000521,0.0496,0.00199,9.85e-05,0.0001,2.77e-10,0.0196,0.0364
1730,0.0003928,3.928e-05,9.492e-08,6.5536e-08,5.664400000000001e-08,4.9284e-08,2.7039999999999993e-07,0.000256,0.000238,0.000222,0.00052,0.0495,0.00198,9.8e-05,0.0001,3.02e-10,0.0196,0.0364
1740,0.0003925,3.925e-05,9.432e-08,6.502500000000001e-08,5.664400000000001e-08,4.7524e-08,2.68324e-07,0.000255,0.000238,0.000218,0.000518,0.0494,0.00197,9.75e-05,0.0001,3.01e-10,0.0195,0.0364
1750,0.0003923,3.922e-05,9.373e-08,6.4516e-08,5.616899999999999e-08,4.6225e-08,2.67289e-07,0.000254,0.000237,0.000215,0.000517,0.0493,0.00197,9.7e-05,0.0001,2.5e-10,0.0194,0.0364
1760,0.000392,3.92e-05,9.315e-08,6.4516e-08,5.5696e-08,4.4944e-08,2.652250000000001e-07,0.000254,0.000236,0.000212,0.000515,0.0492,0.00196,9.65e-05,0.0001,2.81e-10,0.0194,0.0364
1770,0.0003918,3.917e-05,9.259e-08,6.400900000000001e-08,5.5225e-08,4.3681000000000006e-08,2.6419600000000005e-07,0.000253,0.000235,0.000209,0.000514,0.0491,0.00196,9.6e-05,0.0001,2.61e-10,0.0193,0.0364
1780,0.0003915,3.915e-05,9.203e-08,6.400900000000001e-08,5.5225e-08,4.2025e-08,2.62144e-07,0.000253,0.000235,0.000205,0.000512,0.049,0.00195,9.55e-05,0.0001,2.56e-10,0.0192,0.0364
1790,0.0003913,3.912e-05,9.151e-08,6.3504e-08,5.4756e-08,4.1209e-08,2.6112099999999997e-07,0.000252,0.000234,0.000203,0.000511,0.0489,0.00177,8.64e-05,0.0001,2.29e-10,0.0192,0.0364
1800,0.000391,3.91e-05,9.102e-08,6.3504e-08,5.4289e-08,4e-08,2.6010000000000006e-07,0.000252,0.000233,0.0002,0.00051,0.0488,0.00176,8.6e-05,0.0001,2.65e-10,0.0191,0.0364
1810,0.0003908,3.908e-05,9.054e-08,6.300099999999998e-08,5.4289e-08,3.8808999999999994e-08,2.58064e-07,0.000251,0.000233,0.000197,0.000508,0.0487,0.00176,8.56e-05,0.0001,2.6e-10,0.019,0.0364
1820,0.0003906,3.906e-05,9.007e-08,6.25e-08,5.3824e-08,3.8025e-08,2.5704899999999996e-07,0.00025,0.000232,0.000195,0.000507,0.0486,0.00175,8.52e-05,0.0001,3.22e-10,0.019,0.0364
1830,0.0003904,3.904e-05,8.96e-08,6.25e-08,5.3361000000000004e-08,3.6864000000000005e-08,2.5603600000000006e-07,0.00025,0.000231,0.000192,0.000506,0.0485,0.00175,8.48e-05,0.0001,2.55e-10,0.0189,0.0364
1840,0.0003902,3.902e-05,8.915e-08,6.200099999999999e-08,5.3361000000000004e-08,3.6100000000000006e-08,2.5502500000000005e-07,0.000249,0.000231,0.00019,0.000505,0.0485,0.00174,8.44e-05,0.0001,2.36e-10,0.0189,0.0364
1850,0.00039,3.899e-05,8.869e-08,6.200099999999999e-08,5.2900000000000004e-08,3.4968999999999994e-08,2.54016e-07,0.000249,0.00023,0.000187,0.000504,0.0484,0.00174,8.4e-05,0.0001,3.19e-10,0.0188,0.0364
1860,0.0003897,3.897e-05,8.825e-08,6.1504e-08,5.2900000000000004e-08,3.4225e-08,2.5200399999999993e-07,0.000248,0.00023,0.000185,0.000502,0.0483,0.00173,8.36e-05,0.0001,2.69e-10,0.0188,0.0364
1870,0.0003895,3.895e-05,8.781e-08,6.1504e-08,5.2441000000000006e-08,3.3124e-08,2.5100100000000004e-07,0.000248,0.000229,0.000182,0.000501,0.0482,0.00173,8.32e-05,0.0001,2.32e-10,0.0187,0.0364
1880,0.0003893,3.893e-05,8.738e-08,6.1504e-08,5.1984000000000004e-08,3.2400000000000006e-08,2.5e-07,0.000248,0.000228,0.00018,0.0005,0.0481,0.00172,8.29e-05,0.0001,2.39e-10,0.0186,0.0364
1890,0.0003891,3.891e-05,8.696e-08,6.100899999999999e-08,5.1984000000000004e-08,3.1683999999999994e-08,2.49001e-07,0.000247,0.000228,0.000178,0.000499,0.0481,0.00172,8.25e-05,0.0001,2.14e-10,0.0186,0.0364
1900,0.0003889,3.889e-05,8.654e-08,6.100899999999999e-08,5.1529e-08,3.0625e-08,2.4800399999999995e-07,0.000247,0.000227,0.000175,0.000498,0.048,0.00171,8.21e-05,0.0001,2.57e-10,0.0185,0.0364
1910,0.0003887,3.887e-05,8.613e-08,6.051600000000001e-08,5.1529e-08,2.9929e-08,2.4700900000000006e-07,0.000246,0.000227,0.000173,0.000497,0.0479,0.00171,8.18e-05,0.0001,2.97e-10,0.0185,0.0364
1920,0.0003885,3.885e-05,8.572e-08,6.051600000000001e-08,5.1075999999999994e-08,2.9241000000000004e-08,2.45025e-07,0.000246,0.000226,0.000171,0.000495,0.0478,0.0017,8.14e-05,0.0001,2.45e-10,0.0184,0.0364
1930,0.0003883,3.883e-05,8.532e-08,6.0025e-08,5.0625e-08,2.8560999999999997e-08,2.4403599999999995e-07,0.000245,0.000225,0.000169,0.000494,0.0478,0.0017,8.11e-05,0.0001,2.51e-10,0.0184,0.0364
1940,0.0003881,3.881e-05,8.493e-08,6.0025e-08,5.0625e-08,2.7889e-08,2.4304899999999997e-07,0.000245,0.000225,0.000167,0.000493,0.0477,0.00169,8.07e-05,0.0001,3.23e-10,0.0183,0.0364
1950,0.0003879,3.879e-05,8.454e-08,5.9536e-08,5.0176e-08,2.7225e-08,2.4206400000000004e-07,0.000244,0.000224,0.000165,0.000492,0.0476,0.00169,8.04e-05,0.0001,2.99e-10,0.0183,0.0364
1960,0.0003877,3.877e-05,8.416e-08,5.9536e-08,5.0176e-08,2.6569e-08,2.41081e-07,0.000244,0.000224,0.000163,0.000491,0.0475,0.00168,8e-05,0.0001,2.46e-10,0.0182,0.0364
1970,0.0003875,3.875e-05,8.378e-08,5.9049e-08,4.9729e-08,2.5921000000000004e-08,2.401e-07,0.000243,0.000223,0.000161,0.00049,0.0475,0.00168,7.97e-05,0.0001,2.49e-10,0.0182,0.0364
1980,0.0003874,3.873e-05,8.341e-08,5.9049e-08,4.9729e-08,2.5280999999999997e-08,2.3912099999999996e-07,0.000243,0.000223,0.000159,0.000489,0.0474,0.00167,7.93e-05,0.0001,2.47e-10,0.0181,0.0364
1990,0.0003872,3.871e-05,8.304e-08,5.9049e-08,4.9284e-08,2.4648999999999998e-08,2.38144e-07,0.000243,0.000222,0.000157,0.000488,0.0473,0.00167,7.9e-05,0.0001,3.2e-10,0.0181,0.0364
2000,0.000387,3.87e-05,8.27e-08,5.8564e-08,4.9284e-08,2.4336e-08,2.3716900000000002e-07,0.000242,0.000222,0.000156,0.000487,0.0473,0.00151,7.15e-05,0.0001,2.97e-10,0.018,0.0364
2010,0.0003868,3.868e-05,8.238e-08,5.8564e-08,4.8841e-08,2.3716000000000002e-08,2.36196e-07,0.000242,0.000221,0.000154,0.000486,0.0472,0.00151,7.12e-05,0.0001,2.44e-10,0.018,0.0364
2020,0.0003867,3.866e-05,8.205e-08,5.8081e-08,4.8841e-08,2.3104000000000003e-08,2.3522500000000002e-07,0.000241,0.000221,0.000152,0.000485,0.0471,0.0015,7.09e-05,0.0001,3.5e-10,0.0179,0.0364
2030,0.0003865,3.865e-05,8.173e-08,5.8081e-08,4.84e-08,2.2801000000000003e-08,2.34256e-07,0.000241,0.00022,0.000151,0.000484,0.0471,0.0015,7.07e-05,0.0001,2.8e-10,0.0179,0.0364
2040,0.0003863,3.863e-05,8.142e-08,5.8081e-08,4.84e-08,2.2200999999999998e-08,2.3328899999999997e-07,0.000241,0.00022,0.000149,0.000483,0.047,0.0015,7.04e-05,0.0001,2.41e-10,0.0178,0.0364
2050,0.0003862,3.861e-05,8.111e-08,5.7600000000000006e-08,4.7961e-08,2.1904e-08,2.32324e-07,0.00024,0.000219,0.000148,0.000482,0.047,0.00149,7.01e-05,0.0001,2.5e-10,0.0178,0.0364
2060,0.000386,3.86e-05,8.08e-08,5.7600000000000006e-08,4.7961e-08,2.1316e-08,2.3136099999999998e-07,0.00024,0.000219,0.000146,0.000481,0.0469,0.00149,6.98e-05,0.0001,2.35e-10,0.0177,0.0364
2070,0.0003858,3.858e-05,8.05e-08,5.7600000000000006e-08,4.7524e-08,2.1025e-08,2.304e-07,0.00024,0.000218,0.000145,0.00048,0.0468,0.00148,6.96e-05,0.0001,2.33e-10,0.0177,0.0364
2080,0.0003857,3.857e-05,8.02e-08,5.7121000000000006e-08,4.7524e-08,2.0449000000000003e-08,2.29441e-07,0.000239,0.000218,0.000143,0.000479,0.0468,0.00148,6.93e-05,0.0001,2.26e-10,0.0177,0.0364
2090,0.0003855,3.855e-05,7.99e-08,5.7121000000000006e-08,4.708899999999999e-08,2.0164e-08,2.2848400000000002e-07,0.000239,0.000217,0.000142,0.000478,0.0467,0.00148,6.9e-05,0.0001,2.48e-10,0.0176,0.0364
2100,0.0003854,3.853e-05,7.961e-08,5.7121000000000006e-08,4.708899999999999e-08,1.9599999999999997e-08,2.2848400000000002e-07,0.000239,0.000217,0.00014,0.000478,0.0467,0.00147,6.88e-05,0.0001,2.47e-10,0.0176,0.0364
2110,0.0003852,3.852e-05,7.932e-08,5.664400000000001e-08,4.6656e-08,1.9320999999999998e-08,2.27529e-07,0.000238,0.000216,0.000139,0.000477,0.0466,0.00147,6.85e-05,0.0001,2.65e-10,0.0175,0.0364
2120,0.0003851,3.85e-05,7.903e-08,5.664400000000001e-08,4.6656e-08,1.8768999999999998e-08,2.2657600000000003e-07,0.000238,0.000216,0.000137,0.000476,0.0466,0.00147,6.82e-05,0.0001,2.73e-10,0.0175,0.0364
2130,0.0003849,3.849e-05,7.875e-08,5.616899999999999e-08,4.6225e-08,1.8496e-08,2.25625e-07,0.000237,0.000215,0.000136,0.000475,0.0465,0.00146,6.8e-05,0.0001,2.43e-10,0.0174,0.0364
2140,0.0003847,3.847e-05,7.847e-08,5.616899999999999e-08,4.6225e-08,1.8225e-08,2.2467599999999997e-07,0.000237,0.000215,0.000135,0.000474,0.0464,0.00146,6.77e-05,0.0001,2.77e-10,0.0174,0.0364
2150,0.0003846,3.846e-05,7.819e-08,5.616899999999999e-08,4.6225e-08,1.7689e-08,2.23729e-07,0.000237,0.000215,0.000133,0.000473,0.0464,0.00145,6.75e-05,0.0001,2.51e-10,0.0174,0.0364
2160,0.0003844,3.844e-05,7.792e-08,5.5696e-08,4.5796e-08,1.7424e-08,2.22784e-07,0.000236,0.000214,0.000132,0.000472,0.0463,0.00145,6.72e-05,0.0001,3.72e-10,0.0173,0.0364
2170,0.0003843,3.843e-05,7.765e-08,5.5696e-08,4.5796e-08,1.7161000000000004e-08,2.22784e-07,0.000236,0.000214,0.000131,0.000472,0.0463,0.00145,6.7e-05,0.0001,2.91e-10,0.0173,0.0364
2180,0.0003842,3.841e-05,7.738e-08,5.5696e-08,4.5369e-08,1.6899999999999996e-08,2.21841e-07,0.000236,0.000213,0.00013,0.000471,0.0462,0.00144,6.67e-05,0.0001,2.94e-10,0.0172,0.0364
2190,0.000384,3.84e-05,7.712e-08,5.5696e-08,4.5369e-08,1.6384e-08,2.209e-07,0.000236,0.000213,0.000128,0.00047,0.0462,0.00144,6.65e-05,0.0001,2.31e-10,0.0172,0.0364
2200,0.0003839,3.838e-05,7.685e-08,5.5225e-08,4.4944e-08,1.6129e-08,2.1996100000000002e-07,0.000235,0.000212,0.000127,0.000469,0.0461,0.00144,6.62e-05,0.0001,3.25e-10,0.0171,0.0364
2210,0.0003837,3.837e-05,7.66e-08,5.5225e-08,4.4944e-08,1.5876e-08,2.19024e-07,0.000235,0.000212,0.000126,0.000468,0.0461,0.00143,6.6e-05,0.0001,2.83e-10,0.0171,0.0364
2220,0.0003836,3.836e-05,7.634e-08,5.5225e-08,4.4944e-08,1.5625e-08,2.1808900000000001e-07,0.000235,0.000212,0.000125,0.000467,0.046,0.00143,6.58e-05,0.0001,3.28e-10,0.0171,0.0364
2230,0.0003834,3.834e-05,7.608e-08,5.4756e-08,4.4521000000000005e-08,1.5376e-08,2.1808900000000001e-07,0.000234,0.000211,0.000124,0.000467,0.046,0.00143,6.55e-05,0.0001,3.32e-10,0.017,0.0364
2240,0.0003833,3.833e-05,7.583e-08,5.4756e-08,4.4521000000000005e-08,1.5129000000000003e-08,2.17156e-07,0.000234,0.000211,0.000123,0.000466,0.0459,0.00142,6.53e-05,0.0001,3.3e-10,0.017,0.0364
2250,0.0003832,3.832e-05,7.56e-08,5.4756e-08,4.4100000000000004e-08,1.4884e-08,2.1622500000000002e-07,0.000234,0.00021,0.000122,0.000465,0.0459,0.00129,5.91e-05,0.0001,3.2e-10,0.017,0.0364
2260,0.000383,3.83e-05,7.537e-08,5.4289e-08,4.4100000000000004e-08,1.4641e-08,2.15296e-07,0.000233,0.00021,0.000121,0.000464,0.0458,0.00129,5.89e-05,0.0001,3.11e-10,0.0169,0.0364
2270,0.0003829,3.829e-05,7.515e-08,5.4289e-08,4.4100000000000004e-08,1.4400000000000002e-08,2.15296e-07,0.000233,0.00021,0.00012,0.000464,0.0458,0.00128,5.87e-05,0.0001,3.33e-10,0.0169,0.0364
2280,0.0003828,3.828e-05,7.493e-08,5.4289e-08,4.3681000000000006e-08,1.4161000000000002e-08,2.1436899999999998e-07,0.000233,0.000209,0.000119,0.000463,0.0457,0.00128,5.85e-05,0.0001,3.29e-10,0.0168,0.0364
2290,0.0003827,3.827e-05,7.471e-08,5.4289e-08,4.3681000000000006e-08,1.3924e-08,2.1344400000000002e-07,0.000233,0.000209,0.000118,0.000462,0.0457,0.00128,5.83e-05,0.0001,2.37e-10,0.0168,0.0364
2300,0.0003826,3.825e-05,7.449e-08,5.3824e-08,4.3681000000000006e-08,1.3689e-08,2.1252099999999997e-07,0.000232,0.000209,0.000117,0.000461,0.0456,0.00127,5.81e-05,0.0001,2.86e-10,0.0168,0.0364
2310,0.0003824,3.824e-05,7.428e-08,5.3824e-08,4.3263999999999996e-08,1.3456e-08,2.1252099999999997e-07,0.000232,0.000208,0.000116,0.000461,0.0456,0.00127,5.79e-05,0.0001,3.18e-10,0.0167,0.0364
2320,0.0003823,3.823e-05,7.407e-08,5.3824e-08,4.3263999999999996e-08,1.3225000000000001e-08,2.1160000000000002e-07,0.000232,0.000208,0.000115,0.00046,0.0456,0.00127,5.78e-05,0.0001,2.92e-10,0.0167,0.0364
2330,0.0003822,3.822e-05,7.386e-08,5.3361000000000004e-08,4.2848999999999995e-08,1.2996000000000001e-08,2.1068099999999998e-07,0.000231,0.000207,0.000114,0.000459,0.0455,0.00126,5.76e-05,0.0001,2.33e-10,0.0167,0.0364
2340,0.0003821,3.821e-05,7.365e-08,5.3361000000000004e-08,4.2848999999999995e-08,1.2768999999999998e-08,2.1068099999999998e-07,0.000231,0.000207,0.000113,0.000459,0.0455,0.00126,5.74e-05,0.0001,2.87e-10,0.0166,0.0364
2350,0.000382,3.82e-05,7.344e-08,5.3361000000000004e-08,4.2848999999999995e-08,1.2544e-08,2.0976400000000002e-07,0.000231,0.000207,0.000112,0.000458,0.0454,0.00126,5.72e-05,0.0001,2.62e-10,0.0166,0.0364
2360,0.0003818,3.818e-05,7.324e-08,5.3361000000000004e-08,4.2436e-08,1.2321e-08,2.08849e-07,0.000231,0.000206,0.000111,0.000457,0.0454,0.00126,5.7e-05,0.0001,2.95e-10,0.0166,0.0364
2370,0.0003817,3.817e-05,7.303e-08,5.2900000000000004e-08,4.2436e-08,1.2321e-08,2.08849e-07,0.00023,0.000206,0.000111,0.000457,0.0453,0.00125,5.68e-05,0.0001,2.6e-10,0.0165,0.0364
2380,0.0003816,3.816e-05,7.283e-08,5.2900000000000004e-08,4.2436e-08,1.21e-08,2.0793600000000002e-07,0.00023,0.000206,0.00011,0.000456,0.0453,0.00125,5.66e-05,0.0001,2.53e-10,0.0165,0.0364
2390,0.0003815,3.815e-05,7.263e-08,5.2900000000000004e-08,4.2025e-08,1.1881e-08,2.07025e-07,0.00023,0.000205,0.000109,0.000455,0.0453,0.00125,5.64e-05,0.0001,2.3e-10,0.0165,0.0364
2400,0.0003814,3.814e-05,7.243e-08,5.2900000000000004e-08,4.2025e-08,1.1664e-08,2.07025e-07,0.00023,0.000205,0.000108,0.000455,0.0452,0.00124,5.63e-05,0.0001,2.72e-10,0.0164,0.0364
2410,0.0003813,3.813e-05,7.224e-08,5.2441000000000006e-08,4.2025e-08,1.1449e-08,2.06116e-07,0.000229,0.000205,0.000107,0.000454,0.0452,0.00124,5.61e-05,0.0001,2.39e-10,0.0164,0.0364
2420,0.0003812,3.812e-05,7.204e-08,5.2441000000000006e-08,4.1616e-08,1.1449e-08,2.05209e-07,0.000229,0.000204,0.000107,0.000453,0.0451,0.00124,5.59e-05,0.0001,2.44e-10,0.0164,0.0364
2430,0.0003811,3.811e-05,7.185e-08,5.2441000000000006e-08,4.1616e-08,1.1236e-08,2.05209e-07,0.000229,0.000204,0.000106,0.000453,0.0451,0.00124,5.57e-05,0.0001,2.71e-10,0.0163,0.0364
2440,0.000381,3.809e-05,7.166e-08,5.2441000000000006e-08,4.1616e-08,1.1025000000000001e-08,2.0430399999999997e-07,0.000229,0.000204,0.000105,0.000452,0.0451,0.00123,5.55e-05,0.0001,2.61e-10,0.0163,0.0364
2450,0.0003808,3.808e-05,7.147e-08,5.1984000000000004e-08,4.1209e-08,1.0815999999999999e-08,2.03401e-07,0.000228,0.000203,0.000104,0.000451,0.045,0.00123,5.54e-05,0.0001,2.42e-10,0.0163,0.0364
2460,0.0003807,3.807e-05,7.128e-08,5.1984000000000004e-08,4.1209e-08,1.0815999999999999e-08,2.03401e-07,0.000228,0.000203,0.000104,0.000451,0.045,0.00123,5.52e-05,0.0001,2.98e-10,0.0163,0.0364
2470,0.0003806,3.806e-05,7.109e-08,5.1984000000000004e-08,4.1209e-08,1.0609e-08,2.025e-07,0.000228,0.000203,0.000103,0.00045,0.0449,0.00122,5.5e-05,0.0001,2.25e-10,0.0162,0.0364
2480,0.0003805,3.805e-05,7.091e-08,5.1984000000000004e-08,4.0804e-08,1.0404e-08,2.01601e-07,0.000228,0.000202,0.000102,0.000449,0.0449,0.00122,5.49e-05,0.0001,3.38e-10,0.0162,0.0364
2490,0.0003804,3.804e-05,7.073e-08,5.1529e-08,4.0804e-08,1.0201e-08,2.01601e-07,0.000227,0.000202,0.000101,0.000449,0.0449,0.00122,5.47e-05,0.0001,2.47e-10,0.0162,0.0364
2500,0.0003803,3.803e-05,7.054e-08,5.1529e-08,4.0804e-08,1.0201e-08,2.00704e-07,0.000227,0.000202,0.000101,0.000448,0.0448,0.00122,5.45e-05,0.0001,2.65e-10,0.0161,0.0364
2510,0.0003802,3.802e-05,7.036e-08,5.1529e-08,4.0401000000000006e-08,1e-08,2.00704e-07,0.000227,0.000201,0.0001,0.000448,0.0448,0.00121,5.44e-05,0.0001,2.83e-10,0.0161,0.0364
2520,0.0003801,3.801e-05,7.018e-08,5.1529e-08,4.0401000000000006e-08,9.860490000000001e-09,1.99809e-07,0.000227,0.000201,9.93e-05,0.000447,0.0447,0.00121,5.42e-05,0.0001,3.14e-10,0.0161,0.0364
2530,0.00038,3.8e-05,7.001e-08,5.1075999999999994e-08,4.0401000000000006e-08,9.74169e-09,1.98916e-07,0.000226,0.000201,9.87e-05,0.000446,0.0447,0.00121,5.4e-05,0.0001,2.58e-10,0.016,0.0364
2540,0.0003799,3.799e-05,6.983e-08,5.1075999999999994e-08,4e-08,9.604e-09,1.98916e-07,0.000226,0.0002,9.8e-05,0.000446,0.0447,0.00121,5.39e-05,0.0001,2.45e-10,0.016,0.0364
2550,0.0003798,3.798e-05,6.965e-08,5.1075999999999994e-08,4e-08,9.486759999999999e-09,1.9802499999999997e-07,0.000226,0.0002,9.74e-05,0.000445,0.0446,0.0012,5.37e-05,0.0001,2.35e-10,0.016,0.0364
2560,0.0003797,3.797e-05,6.948e-08,5.1075999999999994e-08,4e-08,9.350890000000002e-09,1.97136e-07,0.000226,0.0002,9.67e-05,0.000444,0.0446,0.0012,5.35e-05,0.0001,3.28e-10,0.0159,0.0364
2570,0.0003796,3.796e-05,6.931e-08,5.1075999999999994e-08,3.9601000000000005e-08,9.23521e-09,1.97136e-07,0.000226,0.000199,9.61e-05,0.000444,0.0446,0.0012,5.34e-05,0.0001,2.75e-10,0.0159,0.0364
2580,0.0003795,3.795e-05,6.914e-08,5.0625e-08,3.9601000000000005e-08,9.12025e-09,1.9624899999999997e-07,0.000225,0.000199,9.55e-05,0.000443,0.0445,0.0012,5.32e-05,0.0001,2.95e-10,0.0159,0.0364
2590,0.0003794,3.794e-05,6.897e-08,5.0625e-08,3.9601000000000005e-08,9.006010000000001e-09,1.9624899999999997e-07,0.000225,0.000199,9.49e-05,0.000443,0.0445,0.00119,5.31e-05,0.0001,2.71e-10,0.0159,0.0364
2600,0.0003793,3.793e-05,6.88e-08,5.0625e-08,3.9204e-08,8.89249e-09,1.95364e-07,0.000225,0.000198,9.43e-05,0.000442,0.0444,0.00119,5.29e-05,0.0001,2.58e-10,0.0158,0.0364
2610,0.0003793,3.792e-05,6.863e-08,5.0625e-08,3.9204e-08,8.77969e-09,1.95364e-07,0.000225,0.000198,9.37e-05,0.000442,0.0444,0.00119,5.27e-05,0.0001,2.6e-10,0.0158,0.0364
2620,0.0003792,3.792e-05,6.846e-08,5.0176e-08,3.9204e-08,8.686240000000001e-09,1.9448099999999998e-07,0.000224,0.000198,9.32e-05,0.000441,0.0444,0.00119,5.26e-05,0.0001,2.51e-10,0.0158,0.0364
2630,0.0003791,3.791e-05,6.83e-08,5.0176e-08,3.9204e-08,8.57476e-09,1.936e-07,0.000224,0.000198,9.26e-05,0.00044,0.0443,0.00118,5.24e-05,0.0001,2.23e-10,0.0157,0.0364
2640,0.000379,3.79e-05,6.814e-08,5.0176e-08,3.8808999999999994e-08,8.464e-09,1.936e-07,0.000224,0.000197,9.2e-05,0.00044,0.0443,0.00118,5.23e-05,0.0001,2.7e-10,0.0157,0.0364
2650,0.0003789,3.789e-05,6.797e-08,5.0176e-08,3.8808999999999994e-08,8.37225e-09,1.92721e-07,0.000224,0.000197,9.15e-05,0.000439,0.0443,0.00118,5.21e-05,0.0001,2.16e-10,0.0157,0.0364
2660,0.0003788,3.788e-05,6.781e-08,5.0176e-08,3.8808999999999994e-08,8.26281e-09,1.92721e-07,0.000224,0.000197,9.09e-05,0.000439,0.0442,0.00118,5.2e-05,0.0001,2.43e-10,0.0157,0.0364
2670,0.0003787,3.787e-05,6.765e-08,4.9729e-08,3.8416e-08,8.17216e-09,1.91844e-07,0.000223,0.000196,9.04e-05,0.000438,0.0442,0.00117,5.18e-05,0.0001,2.58e-10,0.0156,0.0364
2680,0.0003786,3.786e-05,6.749e-08,4.9729e-08,3.8416e-08,8.08201e-09,1.90969e-07,0.000223,0.000196,8.99e-05,0.000437,0.0442,0.00117,5.17e-05,0.0001,2.44e-10,0.0156,0.0364
2690,0.0003785,3.785e-05,6.734e-08,4.9729e-08,3.8416e-08,7.99236e-09,1.90969e-07,0.000223,0.000196,8.94e-05,0.000437,0.0441,0.00106,4.68e-05,0.0001,2.23e-10,0.0156,0.0364
2700,0.0003785,3.784e-05,6.719e-08,4.9729e-08,3.8025e-08,7.90321e-09,1.90096e-07,0.000223,0.000195,8.89e-05,0.000436,0.0441,0.00106,4.67e-05,0.0001,2.57e-10,0.0156,0.0364
2710,0.0003784,3.784e-05,6.705e-08,4.9729e-08,3.8025e-08,7.81456e-09,1.90096e-07,0.000223,0.000195,8.84e-05,0.000436,0.0441,0.00106,4.66e-05,0.0001,3.06e-10,0.0155,0.0364
2720,0.0003783,3.783e-05,6.691e-08,4.9284e-08,3.8025e-08,7.744e-09,1.89225e-07,0.000222,0.000195,8.8e-05,0.000435,0.044,0.00106,4.65e-05,0.0001,3.03e-10,0.0155,0.0364
2730,0.0003782,3.782e-05,6.677e-08,4.9284e-08,3.8025e-08,7.65625e-09,1.89225e-07,0.000222,0.000195,8.75e-05,0.000435,0.044,0.00105,4.63e-05,0.0001,3.68e-10,0.0155,0.0364
2740,0.0003781,3.781e-05,6.663e-08,4.9284e-08,3.7636e-08,7.569e-09,1.8835599999999997e-07,0.000222,0.000194,8.7e-05,0.000434,0.044,0.00105,4.62e-05,0.0001,3.13e-10,0.0155,0.0364
2750,0.0003781,3.781e-05,6.649e-08,4.9284e-08,3.7636e-08,7.499560000000001e-09,1.8835599999999997e-07,0.000222,0.000194,8.66e-05,0.000434,0.0439,0.00105,4.61e-05,0.0001,2.34e-10,0.0154,0.0364
2760,0.000378,3.78e-05,6.636e-08,4.9284e-08,3.7636e-08,7.430439999999999e-09,1.8748900000000002e-07,0.000222,0.000194,8.62e-05,0.000433,0.0439,0.00105,4.6e-05,0.0001,2.39e-10,0.0154,0.0364
2770,0.0003779,3.779e-05,6.622e-08,4.8841e-08,3.7636e-08,7.344489999999999e-09,1.8748900000000002e-07,0.000221,0.000194,8.57e-05,0.000433,0.0439,0.00104,4.58e-05,0.0001,2.69e-10,0.0154,0.0364
2780,0.0003778,3.778e-05,6.609e-08,4.8841e-08,3.7249e-08,7.27609e-09,1.86624e-07,0.000221,0.000193,8.53e-05,0.000432,0.0439,0.00104,4.57e-05,0.0001,2.44e-10,0.0154,0.0364
2790,0.0003778,3.778e-05,6.595e-08,4.8841e-08,3.7249e-08,7.208010000000001e-09,1.86624e-07,0.000221,0.000193,8.49e-05,0.000432,0.0438,0.00104,4.56e-05,0.0001,2.24e-10,0.0153,0.0364
2800,0.0003777,3.777e-05,6.582e-08,4.8841e-08,3.7249e-08,7.140249999999999e-09,1.8576100000000002e-07,0.000221,0.000193,8.45e-05,0.000431,0.0438,0.00104,4.55e-05,0.0001,2.93e-10,0.0153,0.0364
2810,0.0003776,3.776e-05,6.569e-08,4.8841e-08,3.7249e-08,7.07281e-09,1.8576100000000002e-07,0.000221,0.000193,8.41e-05,0.000431,0.0438,0.00104,4.53e-05,0.0001,2.8e-10,0.0153,0.0364
2820,0.0003776,3.776e-05,6.555e-08,4.8841e-08,3.6864000000000005e-08,7.0056900000000004e-09,1.849e-07,0.000221,0.000192,8.37e-05,0.00043,0.0437,0.00103,4.52e-05,0.0001,2.8e-10,0.0153,0.0364
2830,0.0003775,3.775e-05,6.542e-08,4.84e-08,3.6864000000000005e-08,6.938890000000001e-09,1.849e-07,0.00022,0.000192,8.33e-05,0.00043,0.0437,0.00103,4.51e-05,0.0001,2.59e-10,0.0152,0.0364
2840,0.0003774,3.774e-05,6.529e-08,4.84e-08,3.6864000000000005e-08,6.8724099999999994e-09,1.8404100000000003e-07,0.00022,0.000192,8.29e-05,0.000429,0.0437,0.00103,4.5e-05,0.0001,2.35e-10,0.0152,0.0364
2850,0.0003774,3.773e-05,6.516e-08,4.84e-08,3.6864000000000005e-08,6.80625e-09,1.8404100000000003e-07,0.00022,0.000192,8.25e-05,0.000429,0.0436,0.00103,4.49e-05,0.0001,2.78e-10,0.0152,0.0364
2860,0.0003773,3.773e-05,6.503e-08,4.84e-08,3.6481e-08,6.74041e-09,1.8404100000000003e-07,0.00022,0.000191,8.21e-05,0.000429,0.0436,0.00103,4.47e-05,0.0001,2.39e-10,0.0152,0.0364
2870,0.0003772,3.772e-05,6.491e-08,4.84e-08,3.6481e-08,6.674889999999999e-09,1.83184e-07,0.00022,0.000191,8.17e-05,0.000428,0.0436,0.00102,4.46e-05,0.0001,2.36e-10,0.0151,0.0364
2880,0.0003772,3.771e-05,6.478e-08,4.7961e-08,3.6481e-08,6.62596e-09,1.83184e-07,0.000219,0.000191,8.14e-05,0.000428,0.0436,0.00102,4.45e-05,0.0001,2.63e-10,0.0151,0.0364
2890,0.0003771,3.771e-05,6.465e-08,4.7961e-08,3.6481e-08,6.561000000000001e-09,1.8232900000000002e-07,0.000219,0.000191,8.1e-05,0.000427,0.0435,0.00102,4.44e-05,0.0001,2.22e-10,0.0151,0.0364
2900,0.000377,3.77e-05,6.453e-08,4.7961e-08,3.6100000000000006e-08,6.496359999999999e-09,1.8232900000000002e-07,0.000219,0.00019,8.06e-05,0.000427,0.0435,0.00102,4.43e-05,0.0001,2.09e-10,0.0151,0.0364
2910,0.000377,3.769e-05,6.44e-08,4.7961e-08,3.6100000000000006e-08,6.44809e-09,1.81476e-07,0.000219,0.00019,8.03e-05,0.000426,0.0435,0.00102,4.42e-05,0.0001,2.38e-10,0.0151,0.0364
2920,0.0003769,3.769e-05,6.428e-08,4.7961e-08,3.6100000000000006e-08,6.384010000000001e-09,1.81476e-07,0.000219,0.00019,7.99e-05,0.000426,0.0434,0.00101,4.41e-05,0.0001,2.47e-10,0.015,0.0364
2930,0.0003768,3.768e-05,6.415e-08,4.7961e-08,3.6100000000000006e-08,6.336159999999999e-09,1.80625e-07,0.000219,0.00019,7.96e-05,0.000425,0.0434,0.00101,4.39e-05,0.0001,2.77e-10,0.015,0.0364
2940,0.0003768,3.768e-05,6.403e-08,4.7524e-08,3.5721000000000006e-08,6.27264e-09,1.80625e-07,0.000218,0.000189,7.92e-05,0.000425,0.0434,0.00101,4.38e-05,0.0001,2.72e-10,0.015,0.0364
2950,0.0003767,3.767e-05,6.391e-08,4.7524e-08,3.5721000000000006e-08,6.225209999999999e-09,1.79776e-07,0.000218,0.000189,7.89e-05,0.000424,0.0434,0.00101,4.37e-05,0.0001,2.68e-10,0.015,0.0364
2960,0.0003766,3.766e-05,6.379e-08,4.7524e-08,3.5721000000000006e-08,6.17796e-09,1.79776e-07,0.000218,0.000189,7.86e-05,0.000424,0.0433,0.00101,4.36e-05,0.0001,2.15e-10,0.0149,0.0364
2970,0.0003766,3.766e-05,6.367e-08,4.7524e-08,3.5721000000000006e-08,6.115240000000001e-09,1.7892899999999997e-07,0.000218,0.000189,7.82e-05,0.000423,0.0433,0.001,4.35e-05,0.0001,3.1e-10,0.0149,0.0364
2980,0.0003765,3.765e-05,6.355e-08,4.7524e-08,3.5343999999999995e-08,6.068409999999999e-09,1.7892899999999997e-07,0.000218,0.000188,7.79e-05,0.000423,0.0433,0.001,4.34e-05,0.0001,3.57e-10,0.0149,0.0364
2990,0.0003765,3.764e-05,6.343e-08,4.7524e-08,3.5343999999999995e-08,6.0217600000000005e-09,1.7892899999999997e-07,0.000218,0.000188,7.76e-05,0.000423,0.0433,0.001,4.33e-05,0.0001,3.6e-10,0.0149,0.0364
3000,0.0003764,3.764e-05,6.331e-08,4.708899999999999e-08,3.5343999999999995e-08,5.9752899999999995e-09,1.7808400000000002e-07,0.000217,0.000188,7.73e-05,0.000422,0.0432,0.000999,4.32e-05,0.0001,2.48e-10,0.0149,0.0364
3010,0.0003763,3.763e-05,6.319e-08,4.708899999999999e-08,3.5343999999999995e-08,5.9290000000000005e-09,1.7808400000000002e-07,0.000217,0.000188,7.7e-05,0.000422,0.0432,0.000997,4.31e-05,0.0001,2.81e-10,0.0148,0.0364
3020,0.0003763,3.763e-05,6.308e-08,4.708899999999999e-08,3.4968999999999994e-08,5.882889999999999e-09,1.77241e-07,0.000217,0.000187,7.67e-05,0.000421,0.0432,0.000995,4.3e-05,0.0001,3.13e-10,0.0148,0.0364
3030,0.0003762,3.762e-05,6.296e-08,4.708899999999999e-08,3.4968999999999994e-08,5.83696e-09,1.77241e-07,0.000217,0.000187,7.64e-05,0.000421,0.0431,0.000993,4.29e-05,0.0001,2.65e-10,0.0148,0.0364
3040,0.0003762,3.762e-05,6.284e-08,4.708899999999999e-08,3.4968999999999994e-08,5.791210000000001e-09,1.7640000000000002e-07,0.000217,0.000187,7.61e-05,0.00042,0.0431,0.000991,4.27e-05,0.0001,3.68e-10,0.0148,0.0364
3050,0.0003761,3.761e-05,6.273e-08,4.708899999999999e-08,3.4968999999999994e-08,5.74564e-09,1.7640000000000002e-07,0.000217,0.000187,7.58e-05,0.00042,0.0431,0.000989,4.26e-05,0.0001,2.82e-10,0.0148,0.0364
3060,0.000376,3.76e-05,6.261e-08,4.6656e-08,3.4596e-08,5.700250000000001e-09,1.75561e-07,0.000216,0.000186,7.55e-05,0.000419,0.0431,0.000988,4.25e-05,0.0001,2.87e-10,0.0147,0.0364
3070,0.000376,3.76e-05,6.25e-08,4.6656e-08,3.4596e-08,5.6550399999999995e-09,1.75561e-07,0.000216,0.000186,7.52e-05,0.000419,0.043,0.000986,4.24e-05,0.0001,2.42e-10,0.0147,0.0364
3080,0.0003759,3.759e-05,6.239e-08,4.6656e-08,3.4596e-08,5.610010000000001e-09,1.75561e-07,0.000216,0.000186,7.49e-05,0.000419,0.043,0.000984,4.23e-05,0.0001,2.18e-10,0.0147,0.0364
3090,0.0003759,3.759e-05,6.228e-08,4.6656e-08,3.4596e-08,5.5651599999999994e-09,1.7472400000000002e-07,0.000216,0.000186,7.46e-05,0.000418,0.043,0.000982,4.22e-05,0.0001,2.37e-10,0.0147,0.0364
3100,0.0003758,3.758e-05,6.216e-08,4.6656e-08,3.4596e-08,5.520490000000001e-09,1.7472400000000002e-07,0.000216,0.000186,7.43e-05,0.000418,0.043,0.00098,4.21e-05,0.0001,2.64e-10,0.0146,0.0364
3110,0.0003758,3.758e-05,6.205e-08,4.6656e-08,3.4225e-08,5.49081e-09,1.73889e-07,0.000216,0.000185,7.41e-05,0.000417,0.0429,0.000979,4.2e-05,0.0001,2.32e-10,0.0146,0.0364
3120,0.0003757,3.757e-05,6.194e-08,4.6225e-08,3.4225e-08,5.446440000000001e-09,1.73889e-07,0.000215,0.000185,7.38e-05,0.000417,0.0429,0.000977,4.19e-05,0.0001,2.33e-10,0.0146,0.0364
3130,0.0003757,3.757e-05,6.183e-08,4.6225e-08,3.4225e-08,5.40225e-09,1.7305599999999998e-07,0.000215,0.000185,7.35e-05,0.000416,0.0429,0.000975,4.18e-05,0.0001,2.55e-10,0.0146,0.0364
3140,0.0003756,3.756e-05,6.172e-08,4.6225e-08,3.4225e-08,5.372890000000001e-09,1.7305599999999998e-07,0.000215,0.000185,7.33e-05,0.000416,0.0429,0.000973,4.17e-05,0.0001,1.78e-10,0.0146,0.0364
3150,0.0003756,3.756e-05,6.161e-08,4.6225e-08,3.3856e-08,5.329e-09,1.7305599999999998e-07,0.000215,0.000184,7.3e-05,0.000416,0.0428,0.000972,4.16e-05,0.0001,2.2e-10,0.0145,0.0364
3160,0.0003755,3.755e-05,6.15e-08,4.6225e-08,3.3856e-08,5.2852900000000005e-09,1.72225e-07,0.000215,0.000184,7.27e-05,0.000415,0.0428,0.00097,4.15e-05,0.0001,2.38e-10,0.0145,0.0364
3170,0.0003755,3.755e-05,6.14e-08,4.6225e-08,3.3856e-08,5.25625e-09,1.72225e-07,0.000215,0.000184,7.25e-05,0.000415,0.0428,0.000968,4.14e-05,0.0001,2.78e-10,0.0145,0.0364
3180,0.0003754,3.754e-05,6.129e-08,4.6225e-08,3.3856e-08,5.212840000000001e-09,1.7139599999999998e-07,0.000215,0.000184,7.22e-05,0.000414,0.0428,0.000966,4.13e-05,0.0001,2.36e-10,0.0145,0.0364
3190,0.0003754,3.754e-05,6.118e-08,4.5796e-08,3.3856e-08,5.184e-09,1.7139599999999998e-07,0.000214,0.000184,7.2e-05,0.000414,0.0427,0.000965,4.12e-05,0.0001,2.56e-10,0.0145,0.0364
3200,0.0003753,3.753e-05,6.108e-08,4.5796e-08,3.3489e-08,5.140889999999999e-09,1.7139599999999998e-07,0.000214,0.000183,7.17e-05,0.000414,0.0427,0.000963,4.11e-05,0.0001,2.91e-10,0.0144,0.0364
3210,0.0003753,3.753e-05,6.097e-08,4.5796e-08,3.3489e-08,5.112250000000001e-09,1.70569e-07,0.000214,0.000183,7.15e-05,0.000413,0.0427,0.000961,4.1e-05,0.0001,2.87e-10,0.0144,0.0364
3220,0.0003752,3.752e-05,6.087e-08,4.5796e-08,3.3489e-08,5.08369e-09,1.70569e-07,0.000214,0.000183,7.13e-05,0.000413,0.0427,0.00096,4.09e-05,0.0001,2.53e-10,0.0144,0.0364
3230,0.0003752,3.752e-05,6.076e-08,4.5796e-08,3.3489e-08,5.041e-09,1.69744e-07,0.000214,0.000183,7.1e-05,0.000412,0.0426,0.000958,4.08e-05,0.0001,2.31e-10,0.0144,0.0364
3240,0.0003751,3.751e-05,6.066e-08,4.5796e-08,3.3124e-08,5.01264e-09,1.69744e-07,0.000214,0.000182,7.08e-05,0.000412,0.0426,0.000956,4.08e-05,0.0001,2.06e-10,0.0144,0.0364
3250,0.0003751,3.751e-05,6.056e-08,4.5369e-08,3.3124e-08,4.984359999999999e-09,1.69744e-07,0.000213,0.000182,7.06e-05,0.000412,0.0426,0.000955,4.07e-05,0.0001,2.66e-10,0.0143,0.0364
3260,0.000375,3.75e-05,6.045e-08,4.5369e-08,3.3124e-08,4.94209e-09,1.68921e-07,0.000213,0.000182,7.03e-05,0.000411,0.0426,0.000953,4.06e-05,0.0001,2.68e-10,0.0143,0.0364
3270,0.000375,3.75e-05,6.035e-08,4.5369e-08,3.3124e-08,4.914009999999999e-09,1.68921e-07,0.000213,0.000182,7.01e-05,0.000411,0.0425,0.000951,4.05e-05,0.0001,2.56e-10,0.0143,0.0364
3280,0.0003749,3.749e-05,6.025e-08,4.5369e-08,3.3124e-08,4.8860100000000006e-09,1.681e-07,0.000213,0.000182,6.99e-05,0.00041,0.0425,0.00095,4.04e-05,0.0001,2.66e-10,0.0143,0.0364
3290,0.0003749,3.749e-05,6.015e-08,4.5369e-08,3.2761000000000005e-08,4.85809e-09,1.681e-07,0.000213,0.000181,6.97e-05,0.00041,0.0425,0.000948,4.03e-05,0.0001,3.11e-10,0.0143,0.0364
3300,0.0003749,3.748e-05,6.005e-08,4.5369e-08,3.2761000000000005e-08,4.8302499999999995e-09,1.681e-07,0.000213,0.000181,6.95e-05,0.00041,0.0425,0.000946,4.02e-05,0.0001,2.83e-10,0.0142,0.0364
3310,0.0003748,3.748e-05,5.995e-08,4.5369e-08,3.2761000000000005e-08,4.78864e-09,1.6728100000000003e-07,0.000213,0.000181,6.92e-05,0.000409,0.0424,0.000945,4.01e-05,0.0001,3.09e-10,0.0142,0.0364
3320,0.0003748,3.748e-05,5.985e-08,4.4944e-08,3.2761000000000005e-08,4.7609999999999996e-09,1.6728100000000003e-07,0.000212,0.000181,6.9e-05,0.000409,0.0424,0.000943,4e-05,0.0001,2.73e-10,0.0142,0.0364
3330,0.0003747,3.747e-05,5.975e-08,4.4944e-08,3.2761000000000005e-08,4.7334400000000006e-09,1.66464e-07,0.000212,0.000181,6.88e-05,0.000408,0.0424,0.000942,3.99e-05,0.0001,2.23e-10,0.0142,0.0364
3340,0.0003747,3.747e-05,5.965e-08,4.4944e-08,3.2400000000000006e-08,4.70596e-09,1.66464e-07,0.000212,0.00018,6.86e-05,0.000408,0.0424,0.00094,3.98e-05,0.0001,2.57e-10,0.0142,0.0364
3350,0.0003746,3.746e-05,5.955e-08,4.4944e-08,3.2400000000000006e-08,4.67856e-09,1.66464e-07,0.000212,0.00018,6.84e-05,0.000408,0.0423,0.000938,3.97e-05,0.0001,2.67e-10,0.0142,0.0364
3360,0.0003746,3.746e-05,5.945e-08,4.4944e-08,3.2400000000000006e-08,4.651240000000001e-09,1.6564900000000003e-07,0.000212,0.00018,6.82e-05,0.000407,0.0423,0.000937,3.97e-05,0.0001,2.57e-10,0.0141,0.0364
3370,0.0003746,3.746e-05,5.936e-08,4.4944e-08,3.2400000000000006e-08,4.624e-09,1.6564900000000003e-07,0.000212,0.00018,6.8e-05,0.000407,0.0423,0.000935,3.96e-05,0.0001,2.11e-10,0.0141,0.0364
3380,0.0003745,3.745e-05,5.926e-08,4.4944e-08,3.2400000000000006e-08,4.596839999999999e-09,1.64836e-07,0.000212,0.00018,6.78e-05,0.000406,0.0423,0.000934,3.95e-05,0.0001,2.74e-10,0.0141,0.0364
3390,0.0003745,3.745e-05,5.916e-08,4.4521000000000005e-08,3.2040999999999996e-08,4.56976e-09,1.64836e-07,0.000211,0.000179,6.76e-05,0.000406,0.0423,0.000932,3.94e-05,0.0001,2.92e-10,0.0141,0.0364
3400,0.0003744,3.744e-05,5.907e-08,4.4521000000000005e-08,3.2040999999999996e-08,4.54276e-09,1.64836e-07,0.000211,0.000179,6.74e-05,0.000406,0.0422,0.000931,3.93e-05,0.0001,2.15e-10,0.0141,0.0364
3410,0.0003744,3.744e-05,5.897e-08,4.4521000000000005e-08,3.2040999999999996e-08,4.529289999999999e-09,1.64025e-07,0.000211,0.000179,6.73e-05,0.000405,0.0422,0.000929,3.92e-05,0.0001,2.33e-10,0.014,0.0364
3420,0.0003744,3.744e-05,5.888e-08,4.4521000000000005e-08,3.2040999999999996e-08,4.50241e-09,1.64025e-07,0.000211,0.000179,6.71e-05,0.000405,0.0422,0.000927,3.91e-05,0.0001,2.72e-10,0.014,0.0364
3430,0.0003743,3.743e-05,5.878e-08,4.4521000000000005e-08,3.2040999999999996e-08,4.47561e-09,1.64025e-07,0.000211,0.000179,6.69e-05,0.000405,0.0422,0.000926,3.9e-05,0.0001,2.59e-10,0.014,0.0364
3440,0.0003743,3.743e-05,5.869e-08,4.4521000000000005e-08,3.1683999999999994e-08,4.4488899999999995e-09,1.63216e-07,0.000211,0.000178,6.67e-05,0.000404,0.0421,0.000924,3.9e-05,0.0001,2.27e-10,0.014,0.0364
3450,0.0003743,3.743e-05,5.86e-08,4.4521000000000005e-08,3.1683999999999994e-08,4.42225e-09,1.63216e-07,0.000211,0.000178,6.65e-05,0.000404,0.0421,0.000923,3.89e-05,0.0001,2.37e-10,0.014,0.0364
3460,0.0003742,3.742e-05,5.85e-08,4.4521000000000005e-08,3.1683999999999994e-08,4.39569e-09,1.6240899999999998e-07,0.000211,0.000178,6.63e-05,0.000403,0.0421,0.000921,3.88e-05,0.0001,2.59e-10,0.014,0.0364
3470,0.0003742,3.742e-05,5.841e-08,4.4100000000000004e-08,3.1683999999999994e-08,4.38244e-09,1.6240899999999998e-07,0.00021,0.000178,6.62e-05,0.000403,0.0421,0.00092,3.87e-05,0.0001,2.93e-10,0.0139,0.0364
3480,0.0003742,3.741e-05,5.832e-08,4.4100000000000004e-08,3.1683999999999994e-08,4.356e-09,1.6240899999999998e-07,0.00021,0.000178,6.6e-05,0.000403,0.042,0.000918,3.86e-05,0.0001,2.17e-10,0.0139,0.0364
3490,0.0003741,3.741e-05,5.823e-08,4.4100000000000004e-08,3.1328999999999996e-08,4.32964e-09,1.6160400000000002e-07,0.00021,0.000177,6.58e-05,0.000402,0.042,0.000917,3.85e-05,0.0001,2.52e-10,0.0139,0.0364
3500,0.0003741,3.741e-05,5.813e-08,4.4100000000000004e-08,3.1328999999999996e-08,4.3164899999999994e-09,1.6160400000000002e-07,0.00021,0.000177,6.57e-05,0.000402,0.042,0.000915,3.84e-05,0.0001,2.3e-10,0.0139,0.0364
3510,0.0003741,3.74e-05,5.804e-08,4.4100000000000004e-08,3.1328999999999996e-08,4.290250000000001e-09,1.6160400000000002e-07,0.00021,0.000177,6.55e-05,0.000402,0.042,0.000914,3.84e-05,0.0001,3.27e-10,0.0139,0.0364
3520,0.000374,3.74e-05,5.795e-08,4.4100000000000004e-08,3.1328999999999996e-08,4.26409e-09,1.6080099999999999e-07,0.00021,0.000177,6.53e-05,0.000401,0.042,0.000912,3.83e-05,0.0001,2.72e-10,0.0138,0.0364
3530,0.000374,3.74e-05,5.786e-08,4.4100000000000004e-08,3.1328999999999996e-08,4.25104e-09,1.6080099999999999e-07,0.00021,0.000177,6.52e-05,0.000401,0.0419,0.000911,3.82e-05,0.0001,2.14e-10,0.0138,0.0364
3540,0.000374,3.74e-05,5.777e-08,4.3681000000000006e-08,3.0976e-08,4.224999999999999e-09,1.6080099999999999e-07,0.000209,0.000176,6.5e-05,0.000401,0.0419,0.000909,3.81e-05,0.0001,2.66e-10,0.0138,0.0364
3550,0.0003739,3.739e-05,5.768e-08,4.3681000000000006e-08,3.0976e-08,4.1990400000000004e-09,1.6e-07,0.000209,0.000176,6.48e-05,0.0004,0.0419,0.000908,3.8e-05,0.0001,2.67e-10,0.0138,0.0364
3560,0.0003739,3.739e-05,5.76e-08,4.3681000000000006e-08,3.0976e-08,4.18609e-09,1.6e-07,0.000209,0.000176,6.47e-05,0.0004,0.0419,0.000907,3.8e-05,0.0001,2.41e-10,0.0138,0.0364
3570,0.0003739,3.739e-05,5.751e-08,4.3681000000000006e-08,3.0976e-08,4.160249999999999e-09,1.6e-07,0.000209,0.000176,6.45e-05,0.0004,0.0418,0.000905,3.79e-05,0.0001,2.64e-10,0.0138,0.0364
3580,0.0003738,3.738e-05,5.742e-08,4.3681000000000006e-08,3.0976e-08,4.147359999999999e-09,1.59201e-07,0.000209,0.000176,6.44e-05,0.000399,0.0418,0.000904,3.78e-05,0.0001,2.45e-10,0.0137,0.0364
3590,0.0003738,3.738e-05,5.733e-08,4.3681000000000006e-08,3.0625e-08,4.12164e-09,1.59201e-07,0.000209,0.000175,6.42e-05,0.000399,0.0418,0.000902,3.77e-05,0.0001,2.48e-10,0.0137,0.0364
3600,0.0003738,3.738e-05,5.724e-08,4.3681000000000006e-08,3.0625e-08,4.10881e-09,1.5840400000000002e-07,0.000209,0.000175,6.41e-05,0.000398,0.0418,0.000901,3.76e-05,0.0001,2.25e-10,0.0137,0.0364
3610,0.0003737,3.737e-05,5.716e-08,4.3681000000000006e-08,3.0625e-08,4.083209999999999e-09,1.5840400000000002e-07,0.000209,0.000175,6.39e-05,0.000398,0.0418,0.000899,3.76e-05,0.0001,1.83e-10,0.0137,0.0364
3620,0.0003737,3.737e-05,5.707e-08,4.3263999999999996e-08,3.0625e-08,4.070440000000001e-09,1.5840400000000002e-07,0.000208,0.000175,6.38e-05,0.000398,0.0417,0.000898,3.75e-05,0.0001,2.13e-10,0.0137,0.0364
3630,0.0003737,3.737e-05,5.699e-08,4.3263999999999996e-08,3.0625e-08,4.0449600000000005e-09,1.57609e-07,0.000208,0.000175,6.36e-05,0.000397,0.0417,0.000897,3.74e-05,0.0001,2.24e-10,0.0137,0.0364
3640,0.0003737,3.737e-05,5.69e-08,4.3263999999999996e-08,3.0276e-08,4.03225e-09,1.57609e-07,0.000208,0.000174,6.35e-05,0.000397,0.0417,0.000895,3.73e-05,0.0001,2.6e-10,0.0136,0.0364
3650,0.0003736,3.736e-05,5.681e-08,4.3263999999999996e-08,3.0276e-08,4.00689e-09,1.57609e-07,0.000208,0.000174,6.33e-05,0.000397,0.0417,0.000894,3.72e-05,0.0001,2.71e-10,0.0136,0.0364
3660,0.0003736,3.736e-05,5.673e-08,4.3263999999999996e-08,3.0276e-08,3.9942400000000005e-09,1.56816e-07,0.000208,0.000174,6.32e-05,0.000396,0.0417,0.000892,3.72e-05,0.0001,2.67e-10,0.0136,0.0364
3670,0.0003736,3.736e-05,5.665e-08,4.3263999999999996e-08,3.0276e-08,3.969e-09,1.56816e-07,0.000208,0.000174,6.3e-05,0.000396,0.0416,0.000891,3.71e-05,0.0001,2.52e-10,0.0136,0.0364
3680,0.0003736,3.736e-05,5.656e-08,4.3263999999999996e-08,3.0276e-08,3.95641e-09,1.56816e-07,0.000208,0.000174,6.29e-05,0.000396,0.0416,0.00089,3.7e-05,0.0001,2.16e-10,0.0136,0.0364
3690,0.0003735,3.735e-05,5.648e-08,4.3263999999999996e-08,3.0276e-08,3.943839999999999e-09,1.56025e-07,0.000208,0.000174,6.28e-05,0.000395,0.0416,0.000888,3.69e-05,0.0001,2.36e-10,0.0136,0.0364
3700,0.0003735,3.735e-05,5.639e-08,4.2848999999999995e-08,2.9929e-08,3.918760000000001e-09,1.56025e-07,0.000207,0.000173,6.26e-05,0.000395,0.0416,0.000887,3.69e-05,0.0001,2.34e-10,0.0135,0.0364
3710,0.0003735,3.735e-05,5.631e-08,4.2848999999999995e-08,2.9929e-08,3.90625e-09,1.56025e-07,0.000207,0.000173,6.25e-05,0.000395,0.0415,0.000886,3.68e-05,0.0001,2.04e-10,0.0135,0.0364
3720,0.0003735,3.735e-05,5.623e-08,4.2848999999999995e-08,2.9929e-08,3.89376e-09,1.5523599999999997e-07,0.000207,0.000173,6.24e-05,0.000394,0.0415,0.000884,3.67e-05,0.0001,2.37e-10,0.0135,0.0364
3730,0.0003734,3.734e-05,5.615e-08,4.2848999999999995e-08,2.9929e-08,3.868839999999999e-09,1.5523599999999997e-07,0.000207,0.000173,6.22e-05,0.000394,0.0415,0.000883,3.66e-05,0.0001,2.01e-10,0.0135,0.0364
3740,0.0003734,3.734e-05,5.606e-08,4.2848999999999995e-08,2.9929e-08,3.856410000000001e-09,1.5523599999999997e-07,0.000207,0.000173,6.21e-05,0.000394,0.0415,0.000881,3.66e-05,0.0001,1.99e-10,0.0135,0.0364
3750,0.0003734,3.734e-05,5.598e-08,4.2848999999999995e-08,2.9584000000000002e-08,3.844e-09,1.54449e-07,0.000207,0.000172,6.2e-05,0.000393,0.0415,0.00088,3.65e-05,0.0001,2.62e-10,0.0135,0.0364
3760,0.0003734,3.734e-05,5.59e-08,4.2848999999999995e-08,2.9584000000000002e-08,3.81924e-09,1.54449e-07,0.000207,0.000172,6.18e-05,0.000393,0.0414,0.000879,3.64e-05,0.0001,2.3e-10,0.0134,0.0364
3770,0.0003733,3.733e-05,5.582e-08,4.2848999999999995e-08,2.9584000000000002e-08,3.8068899999999995e-09,1.54449e-07,0.000207,0.000172,6.17e-05,0.000393,0.0414,0.000877,3.63e-05,0.0001,2.61e-10,0.0134,0.0364
3780,0.0003733,3.733e-05,5.574e-08,4.2436e-08,2.9584000000000002e-08,3.794560000000001e-09,1.53664e-07,0.000206,0.000172,6.16e-05,0.000392,0.0414,0.000876,3.63e-05,0.0001,2.48e-10,0.0134,0.0364
3790,0.0003733,3.733e-05,5.566e-08,4.2436e-08,2.9584000000000002e-08,3.782250000000001e-09,1.53664e-07,0.000206,0.000172,6.15e-05,0.000392,0.0414,0.000875,3.62e-05,0.0001,1.72e-10,0.0134,0.0364
3800,0.0003733,3.733e-05,5.558e-08,4.2436e-08,2.9584000000000002e-08,3.7699600000000005e-09,1.53664e-07,0.000206,0.000172,6.14e-05,0.000392,0.0414,0.000874,3.61e-05,0.0001,2.2e-10,0.0134,0.0364
3810,0.0003733,3.733e-05,5.55e-08,4.2436e-08,2.9241000000000004e-08,3.7454399999999994e-09,1.52881e-07,0.000206,0.000171,6.12e-05,0.000391,0.0413,0.000872,3.61e-05,0.0001,2.33e-10,0.0134,0.0364
3820,0.0003732,3.732e-05,5.542e-08,4.2436e-08,2.9241000000000004e-08,3.733209999999999e-09,1.52881e-07,0.000206,0.000171,6.11e-05,0.000391,0.0413,0.000871,3.6e-05,0.0001,2.93e-10,0.0134,0.0364
3830,0.0003732,3.732e-05,5.534e-08,4.2436e-08,2.9241000000000004e-08,3.721e-09,1.52881e-07,0.000206,0.000171,6.1e-05,0.000391,0.0413,0.00087,3.59e-05,0.0001,2.68e-10,0.0133,0.0364
3840,0.0003732,3.732e-05,5.526e-08,4.2436e-08,2.9241000000000004e-08,3.7088100000000006e-09,1.521e-07,0.000206,0.000171,6.09e-05,0.00039,0.0413,0.000868,3.58e-05,0.0001,3.06e-10,0.0133,0.0364
3850,0.0003732,3.732e-05,5.519e-08,4.2436e-08,2.9241000000000004e-08,3.69664e-09,1.521e-07,0.000206,0.000171,6.08e-05,0.00039,0.0413,0.000867,3.58e-05,0.0001,2.54e-10,0.0133,0.0364
3860,0.0003732,3.732e-05,5.511e-08,4.2025e-08,2.9241000000000004e-08,3.68449e-09,1.521e-07,0.000205,0.000171,6.07e-05,0.00039,0.0412,0.000866,3.57e-05,0.0001,2.12e-10,0.0133,0.0364
3870,0.0003732,3.731e-05,5.503e-08,4.2025e-08,2.8900000000000004e-08,3.66025e-09,1.51321e-07,0.000205,0.00017,6.05e-05,0.000389,0.0412,0.000864,3.56e-05,0.0001,2.36e-10,0.0133,0.0364
3880,0.0003731,3.731e-05,5.495e-08,4.2025e-08,2.8900000000000004e-08,3.6481599999999995e-09,1.51321e-07,0.000205,0.00017,6.04e-05,0.000389,0.0412,0.000863,3.56e-05,0.0001,2.45e-10,0.0133,0.0364
3890,0.0003731,3.731e-05,5.488e-08,4.2025e-08,2.8900000000000004e-08,3.6360900000000004e-09,1.51321e-07,0.000205,0.00017,6.03e-05,0.000389,0.0412,0.000862,3.55e-05,0.0001,2.02e-10,0.0132,0.0364
3900,0.0003731,3.731e-05,5.48e-08,4.2025e-08,2.8900000000000004e-08,3.62404e-09,1.50544e-07,0.000205,0.00017,6.02e-05,0.000388,0.0412,0.000861,3.54e-05,0.0001,2.48e-10,0.0132,0.0364
3910,0.0003731,3.731e-05,5.472e-08,4.2025e-08,2.8900000000000004e-08,3.61201e-09,1.50544e-07,0.000205,0.00017,6.01e-05,0.000388,0.0411,0.000859,3.54e-05,0.0001,2.67e-10,0.0132,0.0364
3920,0.0003731,3.731e-05,5.465e-08,4.2025e-08,2.8560999999999997e-08,3.6000000000000004e-09,1.50544e-07,0.000205,0.000169,6e-05,0.000388,0.0411,0.000858,3.53e-05,0.0001,2.2e-10,0.0132,0.0364
3930,0.0003731,3.731e-05,5.457e-08,4.2025e-08,2.8560999999999997e-08,3.58801e-09,1.4976899999999997e-07,0.000205,0.000169,5.99e-05,0.000387,0.0411,0.000857,3.52e-05,0.0001,2.27e-10,0.0132,0.0364
3940,0.000373,3.73e-05,5.45e-08,4.2025e-08,2.8560999999999997e-08,3.5760399999999996e-09,1.4976899999999997e-07,0.000205,0.000169,5.98e-05,0.000387,0.0411,0.000856,3.51e-05,0.0001,2.18e-10,0.0132,0.0364
3950,0.000373,3.73e-05,5.442e-08,4.1616e-08,2.8560999999999997e-08,3.5640900000000003e-09,1.4976899999999997e-07,0.000204,0.000169,5.97e-05,0.000387,0.0411,0.000854,3.51e-05,0.0001,2.08e-10,0.0132,0.0364
3960,0.000373,3.73e-05,5.435e-08,4.1616e-08,2.8560999999999997e-08,3.55216e-09,1.4976899999999997e-07,0.000204,0.000169,5.96e-05,0.000387,0.041,0.000853,3.5e-05,0.0001,2.52e-10,0.0131,0.0364
3970,0.000373,3.73e-05,5.427e-08,4.1616e-08,2.8560999999999997e-08,3.5402500000000005e-09,1.48996e-07,0.000204,0.000169,5.95e-05,0.000386,0.041,0.000852,3.49e-05,0.0001,2.3e-10,0.0131,0.0364
3980,0.000373,3.73e-05,5.42e-08,4.1616e-08,2.8224e-08,3.52836e-09,1.48996e-07,0.000204,0.000168,5.94e-05,0.000386,0.041,0.000851,3.49e-05,0.0001,1.97e-10,0.0131,0.0364
3990,0.000373,3.73e-05,5.412e-08,4.1616e-08,2.8224e-08,3.5164899999999997e-09,1.48996e-07,0.000204,0.000168,5.93e-05,0.000386,0.041,0.00085,3.48e-05,0.0001,2.4e-10,0.0131,0.0364
4000,0.000373,3.73e-05,5.405e-08,4.1616e-08,2.8224e-08,3.5046400000000004e-09,1.48225e-07,0.000204,0.000168,5.92e-05,0.000385,0.041,0.000848,3.47e-05,0.0001,2.48e-10,0.0131,0.0364
4010,0.0003729,3.729e-05,5.398e-08,4.1616e-08,2.8224e-08,3.49281e-09,1.48225e-07,0.000204,0.000168,5.91e-05,0.000385,0.0409,0.000847,3.47e-05,0.0001,2.28e-10,0.0131,0.0364
4020,0.0003729,3.729e-05,5.391e-08,4.1616e-08,2.8224e-08,3.481e-09,1.48225e-07,0.000204,0.000168,5.9e-05,0.000385,0.0409,0.000846,3.46e-05,0.0001,1.93e-10,0.0131,0.0364
4030,0.0003729,3.729e-05,5.383e-08,4.1616e-08,2.8224e-08,3.4692100000000003e-09,1.4745600000000002e-07,0.000204,0.000168,5.89e-05,0.000384,0.0409,0.000845,3.45e-05,0.0001,2.81e-10,0.013,0.0364
4040,0.0003729,3.729e-05,5.376e-08,4.1209e-08,2.7889e-08,3.45744e-09,1.4745600000000002e-07,0.000203,0.000167,5.88e-05,0.000384,0.0409,0.000844,3.45e-05,0.0001,2.05e-10,0.013,0.0364
4050,0.0003729,3.729e-05,5.369e-08,4.1209e-08,2.7889e-08,3.4456899999999995e-09,1.4745600000000002e-07,0.000203,0.000167,5.87e-05,0.000384,0.0409,0.000842,3.44e-05,0.0001,2.37e-10,0.013,0.0364
4060,0.0003729,3.729e-05,5.362e-08,4.1209e-08,2.7889e-08,3.43396e-09,1.46689e-07,0.000203,0.000167,5.86e-05,0.000383,0.0408,0.000841,3.43e-05,0.0001,2.33e-10,0.013,0.0364
4070,0.0003729,3.729e-05,5.354e-08,4.1209e-08,2.7889e-08,3.42225e-09,1.46689e-07,0.000203,0.000167,5.85e-05,0.000383,0.0408,0.00084,3.43e-05,0.0001,2.74e-10,0.013,0.0364
4080,0.0003729,3.729e-05,5.347e-08,4.1209e-08,2.7889e-08,3.4105600000000003e-09,1.46689e-07,0.000203,0.000167,5.84e-05,0.000383,0.0408,0.000839,3.42e-05,0.0001,3.14e-10,0.013,0.0364
4090,0.0003729,3.729e-05,5.34e-08,4.1209e-08,2.7889e-08,3.39889e-09,1.46689e-07,0.000203,0.000167,5.83e-05,0.000383,0.0408,0.000838,3.42e-05,0.0001,2.06e-10,0.013,0.0364
4100,0.0003729,3.729e-05,5.333e-08,4.1209e-08,2.7556e-08,3.38724e-09,1.45924e-07,0.000203,0.000166,5.82e-05,0.000382,0.0408,0.000836,3.41e-05,0.0001,2.75e-10,0.0129,0.0364
4110,0.0003728,3.728e-05,5.326e-08,4.1209e-08,2.7556e-08,3.3756100000000005e-09,1.45924e-07,0.000203,0.000166,5.81e-05,0.000382,0.0407,0.000835,3.4e-05,0.0001,1.71e-10,0.0129,0.0364
4120,0.0003728,3.728e-05,5.319e-08,4.1209e-08,2.7556e-08,3.364e-09,1.45924e-07,0.000203,0.000166,5.8e-05,0.000382,0.0407,0.000834,3.4e-05,0.0001,2.22e-10,0.0129,0.0364
4130,0.0003728,3.728e-05,5.312e-08,4.0804e-08,2.7556e-08,3.364e-09,1.4516099999999999e-07,0.000202,0.000166,5.8e-05,0.000381,0.0407,0.000833,3.39e-05,0.0001,2.31e-10,0.0129,0.0364
4140,0.0003728,3.728e-05,5.305e-08,4.0804e-08,2.7556e-08,3.3524099999999996e-09,1.4516099999999999e-07,0.000202,0.000166,5.79e-05,0.000381,0.0407,0.000832,3.38e-05,0.0001,2.03e-10,0.0129,0.0364
4150,0.0003728,3.728e-05,5.298e-08,4.0804e-08,2.7556e-08,3.3408400000000002e-09,1.4516099999999999e-07,0.000202,0.000166,5.78e-05,0.000381,0.0407,0.000831,3.38e-05,0.0001,2.04e-10,0.0129,0.0364
4160,0.0003728,3.728e-05,5.291e-08,4.0804e-08,2.7225e-08,3.3292899999999998e-09,1.4440000000000002e-07,0.000202,0.000165,5.77e-05,0.00038,0.0406,0.00083,3.37e-05,0.0001,3.27e-10,0.0129,0.0364
4170,0.0003728,3.728e-05,5.284e-08,4.0804e-08,2.7225e-08,3.3177599999999995e-09,1.4440000000000002e-07,0.000202,0.000165,5.76e-05,0.00038,0.0406,0.000828,3.36e-05,0.0001,2.3e-10,0.0128,0.0364
4180,0.0003728,3.728e-05,5.278e-08,4.0804e-08,2.7225e-08,3.3062500000000002e-09,1.4440000000000002e-07,0.000202,0.000165,5.75e-05,0.00038,0.0406,0.000827,3.36e-05,0.0001,2.2e-10,0.0128,0.0364
4190,0.0003728,3.728e-05,5.271e-08,4.0804e-08,2.7225e-08,3.3062500000000002e-09,1.4440000000000002e-07,0.000202,0.000165,5.75e-05,0.00038,0.0406,0.000826,3.35e-05,0.0001,2.45e-10,0.0128,0.0364
4200,0.0003728,3.728e-05,5.264e-08,4.0804e-08,2.7225e-08,3.29476e-09,1.43641e-07,0.000202,0.000165,5.74e-05,0.000379,0.0406,0.000825,3.35e-05,0.0001,2.94e-10,0.0128,0.0364
4210,0.0003728,3.728e-05,5.257e-08,4.0804e-08,2.7225e-08,3.2832899999999997e-09,1.43641e-07,0.000202,0.000165,5.73e-05,0.000379,0.0405,0.000824,3.34e-05,0.0001,3.25e-10,0.0128,0.0364
4220,0.0003728,3.728e-05,5.25e-08,4.0401000000000006e-08,2.7225e-08,3.27184e-09,1.43641e-07,0.000201,0.000165,5.72e-05,0.000379,0.0405,0.000823,3.33e-05,0.0001,3.19e-10,0.0128,0.0364
4230,0.0003728,3.728e-05,5.244e-08,4.0401000000000006e-08,2.6896e-08,3.26041e-09,1.4288400000000002e-07,0.000201,0.000164,5.71e-05,0.000378,0.0405,0.000822,3.33e-05,0.0001,2.36e-10,0.0128,0.0364
4240,0.0003728,3.728e-05,5.237e-08,4.0401000000000006e-08,2.6896e-08,3.2490000000000003e-09,1.4288400000000002e-07,0.000201,0.000164,5.7e-05,0.000378,0.0405,0.000821,3.32e-05,0.0001,2.62e-10,0.0127,0.0364
4250,0.0003728,3.728e-05,5.23e-08,4.0401000000000006e-08,2.6896e-08,3.2490000000000003e-09,1.4288400000000002e-07,0.000201,0.000164,5.7e-05,0.000378,0.0405,0.000819,3.32e-05,0.0001,2.41e-10,0.0127,0.0364
4260,0.0003728,3.728e-05,5.224e-08,4.0401000000000006e-08,2.6896e-08,3.23761e-09,1.4288400000000002e-07,0.000201,0.000164,5.69e-05,0.000378,0.0405,0.000818,3.31e-05,0.0001,2.39e-10,0.0127,0.0364
4270,0.0003728,3.728e-05,5.217e-08,4.0401000000000006e-08,2.6896e-08,3.22624e-09,1.42129e-07,0.000201,0.000164,5.68e-05,0.000377,0.0404,0.000817,3.3e-05,0.0001,2.81e-10,0.0127,0.0364
4280,0.0003728,3.728e-05,5.21e-08,4.0401000000000006e-08,2.6896e-08,3.2148900000000003e-09,1.42129e-07,0.000201,0.000164,5.67e-05,0.000377,0.0404,0.000816,3.3e-05,0.0001,2.35e-10,0.0127,0.0364
4290,0.0003728,3.728e-05,5.204e-08,4.0401000000000006e-08,2.6569e-08,3.2148900000000003e-09,1.42129e-07,0.000201,0.000163,5.67e-05,0.000377,0.0404,0.000815,3.29e-05,0.0001,2.57e-10,0.0127,0.0364
4300,0.0003728,3.728e-05,5.197e-08,4.0401000000000006e-08,2.6569e-08,3.20356e-09,1.4137599999999998e-07,0.000201,0.000163,5.66e-05,0.000376,0.0404,0.000814,3.29e-05,0.0001,1.7e-10,0.0127,0.0364
4310,0.0003728,3.728e-05,5.191e-08,4.0401000000000006e-08,2.6569e-08,3.1922499999999996e-09,1.4137599999999998e-07,0.000201,0.000163,5.65e-05,0.000376,0.0404,0.000813,3.28e-05,0.0001,2.1e-10,0.0127,0.0364
4320,0.0003728,3.728e-05,5.184e-08,4e-08,2.6569e-08,3.18096e-09,1.4137599999999998e-07,0.0002,0.000163,5.64e-05,0.000376,0.0403,0.000812,3.27e-05,0.0001,2.22e-10,0.0126,0.0364
4330,0.0003728,3.728e-05,5.178e-08,4e-08,2.6569e-08,3.18096e-09,1.4137599999999998e-07,0.0002,0.000163,5.64e-05,0.000376,0.0403,0.000811,3.27e-05,0.0001,2.22e-10,0.0126,0.0364
4340,0.0003728,3.728e-05,5.171e-08,4e-08,2.6569e-08,3.16969e-09,1.40625e-07,0.0002,0.000163,5.63e-05,0.000375,0.0403,0.00081,3.26e-05,0.0001,2.3e-10,0.0126,0.0364
4350,0.0003728,3.728e-05,5.165e-08,4e-08,2.6569e-08,3.1584399999999997e-09,1.40625e-07,0.0002,0.000163,5.62e-05,0.000375,0.0403,0.000809,3.26e-05,0.0001,2.78e-10,0.0126,0.0364
4360,0.0003728,3.728e-05,5.158e-08,4e-08,2.6244000000000003e-08,3.1472100000000003e-09,1.40625e-07,0.0002,0.000162,5.61e-05,0.000375,0.0403,0.000807,3.25e-05,0.0001,2.59e-10,0.0126,0.0364
4370,0.0003728,3.728e-05,5.152e-08,4e-08,2.6244000000000003e-08,3.1472100000000003e-09,1.3987599999999997e-07,0.0002,0.000162,5.61e-05,0.000374,0.0402,0.000806,3.25e-05,0.0001,1.93e-10,0.0126,0.0364
4380,0.0003728,3.728e-05,5.146e-08,4e-08,2.6244000000000003e-08,3.136e-09,1.3987599999999997e-07,0.0002,0.000162,5.6e-05,0.000374,0.0402,0.000805,3.24e-05,0.0001,2.12e-10,0.0126,0.0364
4390,0.0003728,3.728e-05,5.139e-08,4e-08,2.6244000000000003e-08,3.1248099999999997e-09,1.3987599999999997e-07,0.0002,0.000162,5.59e-05,0.000374,0.0402,0.000804,3.23e-05,0.0001,2.24e-10,0.0125,0.0364
4400,0.0003728,3.728e-05,5.133e-08,4e-08,2.6244000000000003e-08,3.1248099999999997e-09,1.3987599999999997e-07,0.0002,0.000162,5.59e-05,0.000374,0.0402,0.000803,3.23e-05,0.0001,3.6e-10,0.0125,0.0364
4410,0.0003728,3.728e-05,5.127e-08,4e-08,2.6244000000000003e-08,3.11364e-09,1.39129e-07,0.0002,0.000162,5.58e-05,0.000373,0.0402,0.000802,3.22e-05,0.0001,2.7e-10,0.0125,0.0364
4420,0.0003728,3.728e-05,5.12e-08,3.9601000000000005e-08,2.5921000000000004e-08,3.1024899999999997e-09,1.39129e-07,0.000199,0.000161,5.57e-05,0.000373,0.0402,0.000801,3.22e-05,0.0001,2.3e-10,0.0125,0.0364
4430,0.0003728,3.728e-05,5.114e-08,3.9601000000000005e-08,2.5921000000000004e-08,3.1024899999999997e-09,1.39129e-07,0.000199,0.000161,5.57e-05,0.000373,0.0401,0.0008,3.21e-05,0.0001,2.59e-10,0.0125,0.0364
4440,0.0003728,3.728e-05,5.108e-08,3.9601000000000005e-08,2.5921000000000004e-08,3.0913600000000004e-09,1.39129e-07,0.000199,0.000161,5.56e-05,0.000373,0.0401,0.000799,3.21e-05,0.0001,2.35e-10,0.0125,0.0364
4450,0.0003728,3.728e-05,5.102e-08,3.9601000000000005e-08,2.5921000000000004e-08,3.08025e-09,1.38384e-07,0.000199,0.000161,5.55e-05,0.000372,0.0401,0.000798,3.2e-05,0.0001,2.85e-10,0.0125,0.0364
4460,0.0003728,3.728e-05,5.096e-08,3.9601000000000005e-08,2.5921000000000004e-08,3.08025e-09,1.38384e-07,0.000199,0.000161,5.55e-05,0.000372,0.0401,0.000797,3.19e-05,0.0001,2.45e-10,0.0125,0.0364
4470,0.0003728,3.728e-05,5.089e-08,3.9601000000000005e-08,2.5921000000000004e-08,3.0691599999999998e-09,1.38384e-07,0.000199,0.000161,5.54e-05,0.000372,0.0401,0.000796,3.19e-05,0.0001,2.07e-10,0.0124,0.0364
4480,0.0003728,3.728e-05,5.083e-08,3.9601000000000005e-08,2.5921000000000004e-08,3.05809e-09,1.37641e-07,0.000199,0.000161,5.53e-05,0.000371,0.04,0.000795,3.18e-05,0.0001,3.07e-10,0.0124,0.0364
4490,0.0003728,3.728e-05,5.077e-08,3.9601000000000005e-08,2.5600000000000004e-08,3.05809e-09,1.37641e-07,0.000199,0.00016,5.53e-05,0.000371,0.04,0.000794,3.18e-05,0.0001,2.48e-10,0.0124,0.0364
4500,0.0003728,3.728e-05,5.071e-08,3.9601000000000005e-08,2.5600000000000004e-08,3.04704e-09,1.37641e-07,0.000199,0.00016,5.52e-05,0.000371,0.04,0.000793,3.17e-05,0.0001,2.4e-10,0.0124,0.0364
4510,0.0003728,3.728e-05,5.065e-08,3.9601000000000005e-08,2.5600000000000004e-08,3.0360099999999997e-09,1.37641e-07,0.000199,0.00016,5.51e-05,0.000371,0.04,0.000792,3.17e-05,0.0001,2.64e-10,0.0124,0.0364
4520,0.0003728,3.728e-05,5.059e-08,3.9204e-08,2.5600000000000004e-08,3.0360099999999997e-09,1.369e-07,0.000198,0.00016,5.51e-05,0.00037,0.04,0.000791,3.16e-05,0.0001,2.79e-10,0.0124,0.0364
4530,0.0003728,3.728e-05,5.053e-08,3.9204e-08,2.5600000000000004e-08,3.025e-09,1.369e-07,0.000198,0.00016,5.5e-05,0.00037,0.04,0.00079,3.16e-05,0.0001,1.92e-10,0.0124,0.0364
4540,0.0003728,3.728e-05,5.047e-08,3.9204e-08,2.5600000000000004e-08,3.01401e-09,1.369e-07,0.000198,0.00016,5.49e-05,0.00037,0.0399,0.000789,3.15e-05,0.0001,3.07e-10,0.0124,0.0364
4550,0.0003728,3.728e-05,5.041e-08,3.9204e-08,2.5600000000000004e-08,3.01401e-09,1.369e-07,0.000198,0.00016,5.49e-05,0.00037,0.0399,0.000788,3.15e-05,0.0001,2.38e-10,0.0123,0.0364
4560,0.0003728,3.728e-05,5.035e-08,3.9204e-08,2.5280999999999997e-08,3.0030399999999996e-09,1.3616100000000002e-07,0.000198,0.000159,5.48e-05,0.000369,0.0399,0.000787,3.14e-05,0.0001,2.25e-10,0.0123,0.0364
4570,0.0003729,3.729e-05,5.029e-08,3.9204e-08,2.5280999999999997e-08,3.0030399999999996e-09,1.3616100000000002e-07,0.000198,0.000159,5.48e-05,0.000369,0.0399,0.000786,3.13e-05,0.0001,2.43e-10,0.0123,0.0364
4580,0.0003729,3.729e-05,5.023e-08,3.9204e-08,2.5280999999999997e-08,2.99209e-09,1.3616100000000002e-07,0.000198,0.000159,5.47e-05,0.000369,0.0399,0.000785,3.13e-05,0.0001,2.42e-10,0.0123,0.0364
4590,0.0003729,3.729e-05,5.017e-08,3.9204e-08,2.5280999999999997e-08,2.98116e-09,1.3616100000000002e-07,0.000198,0.000159,5.46e-05,0.000369,0.0398,0.000784,3.12e-05,0.0001,2.53e-10,0.0123,0.0364
4600,0.0003729,3.729e-05,5.011e-08,3.9204e-08,2.5280999999999997e-08,2.98116e-09,1.35424e-07,0.000198,0.000159,5.46e-05,0.000368,0.0398,0.000783,3.12e-05,0.0001,2.41e-10,0.0123,0.0364
4610,0.0003729,3.729e-05,5.005e-08,3.9204e-08,2.5280999999999997e-08,2.97025e-09,1.35424e-07,0.000198,0.000159,5.45e-05,0.000368,0.0398,0.000782,3.11e-05,0.0001,2.44e-10,0.0123,0.0364
4620,0.0003729,3.729e-05,4.999e-08,3.9204e-08,2.5280999999999997e-08,2.97025e-09,1.35424e-07,0.000198,0.000159,5.45e-05,0.000368,0.0398,0.000781,3.11e-05,0.0001,2.46e-10,0.0123,0.0364
4630,0.0003729,3.729e-05,4.994e-08,3.8808999999999994e-08,2.4963999999999998e-08,2.95936e-09,1.35424e-07,0.000197,0.000158,5.44e-05,0.000368,0.0398,0.00078,3.1e-05,0.0001,2.08e-10,0.0123,0.0364
4640,0.0003729,3.729e-05,4.988e-08,3.8808999999999994e-08,2.4963999999999998e-08,2.94849e-09,1.3468899999999997e-07,0.000197,0.000158,5.43e-05,0.000367,0.0398,0.000779,3.1e-05,0.0001,2.73e-10,0.0122,0.0364
4650,0.0003729,3.729e-05,4.982e-08,3.8808999999999994e-08,2.4963999999999998e-08,2.94849e-09,1.3468899999999997e-07,0.000197,0.000158,5.43e-05,0.000367,0.0397,0.000778,3.09e-05,0.0001,1.99e-10,0.0122,0.0364
4660,0.0003729,3.729e-05,4.976e-08,3.8808999999999994e-08,2.4963999999999998e-08,2.9376400000000002e-09,1.3468899999999997e-07,0.000197,0.000158,5.42e-05,0.000367,0.0397,0.000777,3.09e-05,0.0001,1.96e-10,0.0122,0.0364
4670,0.0003729,3.729e-05,4.97e-08,3.8808999999999994e-08,2.4963999999999998e-08,2.9376400000000002e-09,1.33956e-07,0.000197,0.000158,5.42e-05,0.000366,0.0397,0.000776,3.08e-05,0.0001,2.24e-10,0.0122,0.0364
4680,0.000373,3.73e-05,4.965e-08,3.8808999999999994e-08,2.4963999999999998e-08,2.92681e-09,1.33956e-07,0.000197,0.000158,5.41e-05,0.000366,0.0397,0.000775,3.08e-05,0.0001,2.94e-10,0.0122,0.0364
4690,0.000373,3.73e-05,4.959e-08,3.8808999999999994e-08,2.4963999999999998e-08,2.92681e-09,1.33956e-07,0.000197,0.000158,5.41e-05,0.000366,0.0397,0.000774,3.07e-05,0.0001,2.2e-10,0.0122,0.0364
4700,0.000373,3.73e-05,4.953e-08,3.8808999999999994e-08,2.4648999999999998e-08,2.916e-09,1.33956e-07,0.000197,0.000157,5.4e-05,0.000366,0.0397,0.000773,3.07e-05,0.0001,2.08e-10,0.0122,0.0364
4710,0.000373,3.73e-05,4.947e-08,3.8808999999999994e-08,2.4648999999999998e-08,2.916e-09,1.3322499999999998e-07,0.000197,0.000157,5.4e-05,0.000365,0.0396,0.000772,3.06e-05,0.0001,2.4e-10,0.0122,0.0364
4720,0.000373,3.73e-05,4.942e-08,3.8808999999999994e-08,2.4648999999999998e-08,2.90521e-09,1.3322499999999998e-07,0.000197,0.000157,5.39e-05,0.000365,0.0396,0.000772,3.06e-05,0.0001,2.12e-10,0.0121,0.0364
4730,0.000373,3.73e-05,4.936e-08,3.8808999999999994e-08,2.4648999999999998e-08,2.89444e-09,1.3322499999999998e-07,0.000197,0.000157,5.38e-05,0.000365,0.0396,0.000771,3.05e-05,0.0001,1.86e-10,0.0121,0.0364
4740,0.000373,3.73e-05,4.931e-08,3.8416e-08,2.4648999999999998e-08,2.89444e-09,1.3322499999999998e-07,0.000196,0.000157,5.38e-05,0.000365,0.0396,0.00077,3.05e-05,0.0001,2.3e-10,0.0121,0.0364
4750,0.000373,3.73e-05,4.925e-08,3.8416e-08,2.4648999999999998e-08,2.8836899999999996e-09,1.32496e-07,0.000196,0.000157,5.37e-05,0.000364,0.0396,0.000769,3.04e-05,0.0001,2e-10,0.0121,0.0364
4760,0.000373,3.731e-05,4.919e-08,3.8416e-08,2.4648999999999998e-08,2.8836899999999996e-09,1.32496e-07,0.000196,0.000157,5.37e-05,0.000364,0.0395,0.000768,3.04e-05,0.0001,1.71e-10,0.0121,0.0364
4770,0.0003731,3.731e-05,4.914e-08,3.8416e-08,2.4336e-08,2.8729600000000004e-09,1.32496e-07,0.000196,0.000156,5.36e-05,0.000364,0.0395,0.000767,3.03e-05,0.0001,1.99e-10,0.0121,0.0364
4780,0.0003731,3.731e-05,4.908e-08,3.8416e-08,2.4336e-08,2.8729600000000004e-09,1.32496e-07,0.000196,0.000156,5.36e-05,0.000364,0.0395,0.000766,3.03e-05,0.0001,1.87e-10,0.0121,0.0364
4790,0.0003731,3.731e-05,4.903e-08,3.8416e-08,2.4336e-08,2.86225e-09,1.31769e-07,0.000196,0.000156,5.35e-05,0.000363,0.0395,0.000765,3.02e-05,0.0001,1.67e-10,0.0121,0.0364
4800,0.0003731,3.731e-05,4.897e-08,3.8416e-08,2.4336e-08,2.86225e-09,1.31769e-07,0.000196,0.000156,5.35e-05,0.000363,0.0395,0.000764,3.02e-05,0.0001,1.72e-10,0.0121,0.0364
4810,0.0003731,3.731e-05,4.892e-08,3.8416e-08,2.4336e-08,2.8515599999999996e-09,1.31769e-07,0.000196,0.000156,5.34e-05,0.000363,0.0395,0.000763,3.01e-05,0.0001,1.93e-10,0.012,0.0364
4820,0.0003731,3.731e-05,4.886e-08,3.8416e-08,2.4336e-08,2.8515599999999996e-09,1.31769e-07,0.000196,0.000156,5.34e-05,0.000363,0.0394,0.000762,3.01e-05,0.0001,1.91e-10,0.012,0.0364
4830,0.0003731,3.732e-05,4.881e-08,3.8416e-08,2.4336e-08,2.84089e-09,1.3104400000000002e-07,0.000196,0.000156,5.33e-05,0.000362,0.0394,0.000761,3e-05,0.0001,1.85e-10,0.012,0.0364
4840,0.0003732,3.732e-05,4.875e-08,3.8416e-08,2.4336e-08,2.84089e-09,1.3104400000000002e-07,0.000196,0.000156,5.33e-05,0.000362,0.0394,0.00076,3e-05,0.0001,2.38e-10,0.012,0.0364
4850,0.0003732,3.732e-05,4.87e-08,3.8416e-08,2.4025e-08,2.83024e-09,1.3104400000000002e-07,0.000196,0.000155,5.32e-05,0.000362,0.0394,0.00076,2.99e-05,0.0001,2.52e-10,0.012,0.0364
4860,0.0003732,3.732e-05,4.864e-08,3.8025e-08,2.4025e-08,2.83024e-09,1.3104400000000002e-07,0.000195,0.000155,5.32e-05,0.000362,0.0394,0.000759,2.99e-05,0.0001,2.1e-10,0.012,0.0364
4870,0.0003732,3.732e-05,4.859e-08,3.8025e-08,2.4025e-08,2.8196100000000004e-09,1.3104400000000002e-07,0.000195,0.000155,5.31e-05,0.000362,0.0394,0.000758,2.98e-05,0.0001,1.99e-10,0.012,0.0364
4880,0.0003732,3.732e-05,4.854e-08,3.8025e-08,2.4025e-08,2.8196100000000004e-09,1.30321e-07,0.000195,0.000155,5.31e-05,0.000361,0.0393,0.000757,2.98e-05,0.0001,1.95e-10,0.012,0.0364
4890,0.0003732,3.732e-05,4.848e-08,3.8025e-08,2.4025e-08,2.809e-09,1.30321e-07,0.000195,0.000155,5.3e-05,0.000361,0.0393,0.000756,2.97e-05,0.0001,1.59e-10,0.012,0.0364
4900,0.0003733,3.733e-05,4.843e-08,3.8025e-08,2.4025e-08,2.809e-09,1.30321e-07,0.000195,0.000155,5.3e-05,0.000361,0.0393,0.000755,2.97e-05,0.0001,2.02e-10,0.0119,0.0364
4910,0.0003733,3.733e-05,4.838e-08,3.8025e-08,2.4025e-08,2.7984099999999996e-09,1.30321e-07,0.000195,0.000155,5.29e-05,0.000361,0.0393,0.000754,2.96e-05,0.0001,2.13e-10,0.0119,0.0364
4920,0.0003733,3.733e-05,4.832e-08,3.8025e-08,2.3716000000000002e-08,2.7984099999999996e-09,1.2960000000000002e-07,0.000195,0.000154,5.29e-05,0.00036,0.0393,0.000753,2.96e-05,0.0001,2.18e-10,0.0119,0.0364
4930,0.0003733,3.733e-05,4.827e-08,3.8025e-08,2.3716000000000002e-08,2.78784e-09,1.2960000000000002e-07,0.000195,0.000154,5.28e-05,0.00036,0.0393,0.000752,2.95e-05,0.0001,2.13e-10,0.0119,0.0364
4940,0.0003733,3.733e-05,4.822e-08,3.8025e-08,2.3716000000000002e-08,2.78784e-09,1.2960000000000002e-07,0.000195,0.000154,5.28e-05,0.00036,0.0392,0.000752,2.95e-05,0.0001,2.13e-10,0.0119,0.0364
4950,0.0003734,3.734e-05,4.816e-08,3.8025e-08,2.3716000000000002e-08,2.77729e-09,1.2960000000000002e-07,0.000195,0.000154,5.27e-05,0.00036,0.0392,0.000751,2.94e-05,0.0001,2.32e-10,0.0119,0.0364
4960,0.0003734,3.734e-05,4.811e-08,3.8025e-08,2.3716000000000002e-08,2.77729e-09,1.28881e-07,0.000195,0.000154,5.27e-05,0.000359,0.0392,0.00075,2.94e-05,0.0001,2.51e-10,0.0119,0.0364
4970,0.0003734,3.734e-05,4.806e-08,3.7636e-08,2.3716000000000002e-08,2.7667599999999997e-09,1.28881e-07,0.000194,0.000154,5.26e-05,0.000359,0.0392,0.000749,2.93e-05,0.0001,2.15e-10,0.0119,0.0364
4980,0.0003734,3.734e-05,4.801e-08,3.7636e-08,2.3716000000000002e-08,2.7667599999999997e-09,1.28881e-07,0.000194,0.000154,5.26e-05,0.000359,0.0392,0.000748,2.93e-05,0.0001,2.53e-10,0.0119,0.0364
4990,0.0003734,3.734e-05,4.795e-08,3.7636e-08,2.3716000000000002e-08,2.7562500000000003e-09,1.28881e-07,0.000194,0.000154,5.25e-05,0.000359,0.0392,0.000747,2.93e-05,0.0001,2.37e-10,0.0118,0.0364
5000,0.0003734,3.734e-05,4.79e-08,3.7636e-08,2.3409e-08,2.7562500000000003e-09,1.2816399999999998e-07,0.000194,0.000153,5.25e-05,0.000358,0.0391,0.000746,2.92e-05,0.0001,2.2e-10,0.0118,0.0364
5010,0.0003735,3.735e-05,4.785e-08,3.7636e-08,2.3409e-08,2.74576e-09,1.2816399999999998e-07,0.000194,0.000153,5.24e-05,0.000358,0.0391,0.000745,2.92e-05,0.0001,1.88e-10,0.0118,0.0364
5020,0.0003735,3.735e-05,4.78e-08,3.7636e-08,2.3409e-08,2.74576e-09,1.2816399999999998e-07,0.000194,0.000153,5.24e-05,0.000358,0.0391,0.000745,2.91e-05,0.0001,2.14e-10,0.0118,0.0364
5030,0.0003735,3.735e-05,4.775e-08,3.7636e-08,2.3409e-08,2.74576e-09,1.2816399999999998e-07,0.000194,0.000153,5.24e-05,0.000358,0.0391,0.000744,2.91e-05,0.0001,2.05e-10,0.0118,0.0364
5040,0.0003735,3.735e-05,4.77e-08,3.7636e-08,2.3409e-08,2.7352899999999996e-09,1.27449e-07,0.000194,0.000153,5.23e-05,0.000357,0.0391,0.000743,2.9e-05,0.0001,2.79e-10,0.0118,0.0364
5050,0.0003735,3.736e-05,4.765e-08,3.7636e-08,2.3409e-08,2.7352899999999996e-09,1.27449e-07,0.000194,0.000153,5.23e-05,0.000357,0.0391,0.000742,2.9e-05,0.0001,2.24e-10,0.0118,0.0364
5060,0.0003736,3.736e-05,4.76e-08,3.7636e-08,2.3409e-08,2.7248400000000003e-09,1.27449e-07,0.000194,0.000153,5.22e-05,0.000357,0.039,0.000741,2.89e-05,0.0001,2.18e-10,0.0118,0.0364
5070,0.0003736,3.736e-05,4.754e-08,3.7636e-08,2.3409e-08,2.7248400000000003e-09,1.27449e-07,0.000194,0.000153,5.22e-05,0.000357,0.039,0.00074,2.89e-05,0.0001,2.05e-10,0.0118,0.0364
5080,0.0003736,3.736e-05,4.749e-08,3.7636e-08,2.3104000000000003e-08,2.71441e-09,1.27449e-07,0.000194,0.000152,5.21e-05,0.000357,0.039,0.000739,2.88e-05,0.0001,2.02e-10,0.0117,0.0364
5090,0.0003736,3.736e-05,4.744e-08,3.7636e-08,2.3104000000000003e-08,2.71441e-09,1.2673599999999998e-07,0.000194,0.000152,5.21e-05,0.000356,0.039,0.000739,2.88e-05,0.0001,2.3e-10,0.0117,0.0364
5100,0.0003737,3.737e-05,4.739e-08,3.7249e-08,2.3104000000000003e-08,2.7039999999999998e-09,1.2673599999999998e-07,0.000193,0.000152,5.2e-05,0.000356,0.039,0.000738,2.88e-05,0.0001,1.99e-10,0.0117,0.0364
5110,0.0003737,3.737e-05,4.734e-08,3.7249e-08,2.3104000000000003e-08,2.7039999999999998e-09,1.2673599999999998e-07,0.000193,0.000152,5.2e-05,0.000356,0.0389,0.000737,2.87e-05,0.0001,2.22e-10,0.0117,0.0364
5120,0.0003737,3.737e-05,4.729e-08,3.7249e-08,2.3104000000000003e-08,2.7039999999999998e-09,1.2673599999999998e-07,0.000193,0.000152,5.2e-05,0.000356,0.0389,0.000736,2.87e-05,0.0001,2.03e-10,0.0117,0.0364
5130,0.0003737,3.737e-05,4.724e-08,3.7249e-08,2.3104000000000003e-08,2.69361e-09,1.2602500000000002e-07,0.000193,0.000152,5.19e-05,0.000355,0.0389,0.000735,2.86e-05,0.0001,2.56e-10,0.0117,0.0364
5140,0.0003737,3.738e-05,4.719e-08,3.7249e-08,2.3104000000000003e-08,2.69361e-09,1.2602500000000002e-07,0.000193,0.000152,5.19e-05,0.000355,0.0389,0.000734,2.86e-05,0.0001,2.07e-10,0.0117,0.0364
5150,0.0003738,3.738e-05,4.714e-08,3.7249e-08,2.3104000000000003e-08,2.68324e-09,1.2602500000000002e-07,0.000193,0.000152,5.18e-05,0.000355,0.0389,0.000734,2.85e-05,0.0001,2.02e-10,0.0117,0.0364
5160,0.0003738,3.738e-05,4.709e-08,3.7249e-08,2.2801000000000003e-08,2.68324e-09,1.2602500000000002e-07,0.000193,0.000151,5.18e-05,0.000355,0.0389,0.000733,2.85e-05,0.0001,2.27e-10,0.0117,0.0364
5170,0.0003738,3.738e-05,4.705e-08,3.7249e-08,2.2801000000000003e-08,2.6728900000000003e-09,1.2531599999999998e-07,0.000193,0.000151,5.17e-05,0.000354,0.0388,0.000732,2.84e-05,0.0001,2.11e-10,0.0117,0.0364
5180,0.0003738,3.738e-05,4.7e-08,3.7249e-08,2.2801000000000003e-08,2.6728900000000003e-09,1.2531599999999998e-07,0.000193,0.000151,5.17e-05,0.000354,0.0388,0.000731,2.84e-05,0.0001,1.9e-10,0.0116,0.0364
5190,0.0003739,3.739e-05,4.695e-08,3.7249e-08,2.2801000000000003e-08,2.6728900000000003e-09,1.2531599999999998e-07,0.000193,0.000151,5.17e-05,0.000354,0.0388,0.00073,2.84e-05,0.0001,1.78e-10,0.0116,0.0364
5200,0.0003739,3.739e-05,4.69e-08,3.7249e-08,2.2801000000000003e-08,2.66256e-09,1.2531599999999998e-07,0.000193,0.000151,5.16e-05,0.000354,0.0388,0.00073,2.83e-05,0.0001,2.22e-10,0.0116,0.0364
5210,0.0003739,3.739e-05,4.685e-08,3.7249e-08,2.2801000000000003e-08,2.66256e-09,1.2531599999999998e-07,0.000193,0.000151,5.16e-05,0.000354,0.0388,0.000729,2.83e-05,0.0001,2.25e-10,0.0116,0.0364
5220,0.0003739,3.739e-05,4.68e-08,3.6864000000000005e-08,2.2801000000000003e-08,2.65225e-09,1.24609e-07,0.000192,0.000151,5.15e-05,0.000353,0.0388,0.000728,2.82e-05,0.0001,2.3e-10,0.0116,0.0364
5230,0.000374,3.74e-05,4.675e-08,3.6864000000000005e-08,2.2801000000000003e-08,2.65225e-09,1.24609e-07,0.000192,0.000151,5.15e-05,0.000353,0.0388,0.000727,2.82e-05,0.0001,2.16e-10,0.0116,0.0364
5240,0.000374,3.74e-05,4.67e-08,3.6864000000000005e-08,2.2499999999999996e-08,2.65225e-09,1.24609e-07,0.000192,0.00015,5.15e-05,0.000353,0.0387,0.000726,2.81e-05,0.0001,2.53e-10,0.0116,0.0364
5250,0.000374,3.74e-05,4.666e-08,3.6864000000000005e-08,2.2499999999999996e-08,2.6419600000000003e-09,1.24609e-07,0.000192,0.00015,5.14e-05,0.000353,0.0387,0.000726,2.81e-05,0.0001,2.08e-10,0.0116,0.0364
5260,0.000374,3.741e-05,4.661e-08,3.6864000000000005e-08,2.2499999999999996e-08,2.6419600000000003e-09,1.23904e-07,0.000192,0.00015,5.14e-05,0.000352,0.0387,0.000725,2.8e-05,0.0001,2.23e-10,0.0116,0.0364
5270,0.0003741,3.741e-05,4.656e-08,3.6864000000000005e-08,2.2499999999999996e-08,2.63169e-09,1.23904e-07,0.000192,0.00015,5.13e-05,0.000352,0.0387,0.000724,2.8e-05,0.0001,1.97e-10,0.0116,0.0364
5280,0.0003741,3.741e-05,4.651e-08,3.6864000000000005e-08,2.2499999999999996e-08,2.63169e-09,1.23904e-07,0.000192,0.00015,5.13e-05,0.000352,0.0387,0.000723,2.8e-05,0.0001,2.37e-10,0.0115,0.0364
5290,0.0003741,3.741e-05,4.647e-08,3.6864000000000005e-08,2.2499999999999996e-08,2.63169e-09,1.23904e-07,0.000192,0.00015,5.13e-05,0.000352,0.0387,0.000722,2.79e-05,0.0001,1.72e-10,0.0115,0.0364
5300,0.0003742,3.742e-05,4.642e-08,3.6864000000000005e-08,2.2499999999999996e-08,2.6214399999999996e-09,1.23904e-07,0.000192,0.00015,5.12e-05,0.000352,0.0386,0.000722,2.79e-05,0.0001,2.16e-10,0.0115,0.0364
5310,0.0003742,3.742e-05,4.637e-08,3.6864000000000005e-08,2.2499999999999996e-08,2.6214399999999996e-09,1.2320100000000002e-07,0.000192,0.00015,5.12e-05,0.000351,0.0386,0.000721,2.78e-05,0.0001,2.34e-10,0.0115,0.0364
5320,0.0003742,3.742e-05,4.632e-08,3.6864000000000005e-08,2.2200999999999998e-08,2.61121e-09,1.2320100000000002e-07,0.000192,0.000149,5.11e-05,0.000351,0.0386,0.00072,2.78e-05,0.0001,2.55e-10,0.0115,0.0364
5330,0.0003742,3.742e-05,4.628e-08,3.6864000000000005e-08,2.2200999999999998e-08,2.61121e-09,1.2320100000000002e-07,0.000192,0.000149,5.11e-05,0.000351,0.0386,0.000719,2.78e-05,0.0001,2.05e-10,0.0115,0.0364
5340,0.0003743,3.743e-05,4.623e-08,3.6864000000000005e-08,2.2200999999999998e-08,2.61121e-09,1.2320100000000002e-07,0.000192,0.000149,5.11e-05,0.000351,0.0386,0.000718,2.77e-05,0.0001,2.28e-10,0.0115,0.0364
5350,0.0003743,3.743e-05,4.618e-08,3.6481e-08,2.2200999999999998e-08,2.601e-09,1.225e-07,0.000191,0.000149,5.1e-05,0.00035,0.0386,0.000718,2.77e-05,0.0001,2.3e-10,0.0115,0.0364
5360,0.0003743,3.743e-05,4.614e-08,3.6481e-08,2.2200999999999998e-08,2.601e-09,1.225e-07,0.000191,0.000149,5.1e-05,0.00035,0.0385,0.000717,2.76e-05,0.0001,2.07e-10,0.0115,0.0364
5370,0.0003744,3.744e-05,4.609e-08,3.6481e-08,2.2200999999999998e-08,2.5908099999999997e-09,1.225e-07,0.000191,0.000149,5.09e-05,0.00035,0.0385,0.000716,2.76e-05,0.0001,2.21e-10,0.0115,0.0364
5380,0.0003744,3.744e-05,4.604e-08,3.6481e-08,2.2200999999999998e-08,2.5908099999999997e-09,1.225e-07,0.000191,0.000149,5.09e-05,0.00035,0.0385,0.000715,2.75e-05,0.0001,2.4e-10,0.0114,0.0364
5390,0.0003744,3.744e-05,4.6e-08,3.6481e-08,2.2200999999999998e-08,2.5908099999999997e-09,1.225e-07,0.000191,0.000149,5.09e-05,0.00035,0.0385,0.000715,2.75e-05,0.0001,2.39e-10,0.0114,0.0364
5400,0.0003744,3.744e-05,4.595e-08,3.6481e-08,2.1904e-08,2.5806400000000003e-09,1.2180100000000002e-07,0.000191,0.000148,5.08e-05,0.000349,0.0385,0.000714,2.75e-05,0.0001,2.74e-10,0.0114,0.0364
5410,0.0003745,3.745e-05,4.59e-08,3.6481e-08,2.1904e-08,2.5806400000000003e-09,1.2180100000000002e-07,0.000191,0.000148,5.08e-05,0.000349,0.0385,0.000713,2.74e-05,0.0001,2.42e-10,0.0114,0.0364
5420,0.0003745,3.745e-05,4.586e-08,3.6481e-08,2.1904e-08,2.57049e-09,1.2180100000000002e-07,0.000191,0.000148,5.07e-05,0.000349,0.0384,0.000712,2.74e-05,0.0001,2.35e-10,0.0114,0.0364
5430,0.0003745,3.745e-05,4.581e-08,3.6481e-08,2.1904e-08,2.57049e-09,1.2180100000000002e-07,0.000191,0.000148,5.07e-05,0.000349,0.0384,0.000712,2.73e-05,0.0001,2.61e-10,0.0114,0.0364
5440,0.0003746,3.746e-05,4.577e-08,3.6481e-08,2.1904e-08,2.57049e-09,1.21104e-07,0.000191,0.000148,5.07e-05,0.000348,0.0384,0.000711,2.73e-05,0.0001,2.28e-10,0.0114,0.0364
5450,0.0003746,3.746e-05,4.572e-08,3.6481e-08,2.1904e-08,2.5603599999999996e-09,1.21104e-07,0.000191,0.000148,5.06e-05,0.000348,0.0384,0.00071,2.73e-05,0.0001,2.14e-10,0.0114,0.0364
5460,0.0003746,3.746e-05,4.568e-08,3.6481e-08,2.1904e-08,2.5603599999999996e-09,1.21104e-07,0.000191,0.000148,5.06e-05,0.000348,0.0384,0.000709,2.72e-05,0.0001,2.08e-10,0.0114,0.0364
5470,0.0003747,3.747e-05,4.563e-08,3.6481e-08,2.1904e-08,2.5603599999999996e-09,1.21104e-07,0.000191,0.000148,5.06e-05,0.000348,0.0384,0.000709,2.72e-05,0.0001,2.06e-10,0.0114,0.0364
5480,0.0003747,3.747e-05,4.559e-08,3.6100000000000006e-08,2.1904e-08,2.55025e-09,1.21104e-07,0.00019,0.000148,5.05e-05,0.000348,0.0383,0.000708,2.71e-05,0.0001,1.99e-10,0.0113,0.0364
5490,0.0003747,3.747e-05,4.554e-08,3.6100000000000006e-08,2.1609e-08,2.55025e-09,1.2040899999999998e-07,0.00019,0.000147,5.05e-05,0.000347,0.0383,0.000707,2.71e-05,0.0001,1.95e-10,0.0113,0.0364
5500,0.0003747,3.747e-05,4.55e-08,3.6100000000000006e-08,2.1609e-08,2.55025e-09,1.2040899999999998e-07,0.00019,0.000147,5.05e-05,0.000347,0.0383,0.000706,2.71e-05,0.0001,2.09e-10,0.0113,0.0364
5510,0.0003748,3.748e-05,4.545e-08,3.6100000000000006e-08,2.1609e-08,2.54016e-09,1.2040899999999998e-07,0.00019,0.000147,5.04e-05,0.000347,0.0383,0.000706,2.7e-05,0.0001,2.98e-10,0.0113,0.0364
5520,0.0003748,3.748e-05,4.541e-08,3.6100000000000006e-08,2.1609e-08,2.54016e-09,1.2040899999999998e-07,0.00019,0.000147,5.04e-05,0.000347,0.0383,0.000705,2.7e-05,0.0001,2.06e-10,0.0113,0.0364
5530,0.0003748,3.748e-05,4.536e-08,3.6100000000000006e-08,2.1609e-08,2.5300900000000003e-09,1.2040899999999998e-07,0.00019,0.000147,5.03e-05,0.000347,0.0383,0.000704,2.69e-05,0.0001,2.6e-10,0.0113,0.0364
5540,0.0003749,3.749e-05,4.532e-08,3.6100000000000006e-08,2.1609e-08,2.5300900000000003e-09,1.19716e-07,0.00019,0.000147,5.03e-05,0.000346,0.0382,0.000703,2.69e-05,0.0001,2.24e-10,0.0113,0.0364
5550,0.0003749,3.749e-05,4.527e-08,3.6100000000000006e-08,2.1609e-08,2.5300900000000003e-09,1.19716e-07,0.00019,0.000147,5.03e-05,0.000346,0.0382,0.000703,2.69e-05,0.0001,2.45e-10,0.0113,0.0364
5560,0.0003749,3.749e-05,4.523e-08,3.6100000000000006e-08,2.1609e-08,2.52004e-09,1.19716e-07,0.00019,0.000147,5.02e-05,0.000346,0.0382,0.000702,2.68e-05,0.0001,1.96e-10,0.0113,0.0364
5570,0.000375,3.75e-05,4.519e-08,3.6100000000000006e-08,2.1316e-08,2.52004e-09,1.19716e-07,0.00019,0.000146,5.02e-05,0.000346,0.0382,0.000701,2.68e-05,0.0001,2.2e-10,0.0113,0.0364
5580,0.000375,3.75e-05,4.514e-08,3.6100000000000006e-08,2.1316e-08,2.52004e-09,1.19716e-07,0.00019,0.000146,5.02e-05,0.000346,0.0382,0.0007,2.67e-05,0.0001,2.55e-10,0.0113,0.0364
5590,0.000375,3.75e-05,4.51e-08,3.6100000000000006e-08,2.1316e-08,2.5100099999999997e-09,1.1902499999999998e-07,0.00019,0.000146,5.01e-05,0.000345,0.0382,0.0007,2.67e-05,0.0001,1.69e-10,0.0112,0.0364
5600,0.0003751,3.751e-05,4.506e-08,3.6100000000000006e-08,2.1316e-08,2.5100099999999997e-09,1.1902499999999998e-07,0.00019,0.000146,5.01e-05,0.000345,0.0382,0.000699,2.67e-05,0.0001,2.49e-10,0.0112,0.0364
5610,0.0003751,3.751e-05,4.501e-08,3.6100000000000006e-08,2.1316e-08,2.5100099999999997e-09,1.1902499999999998e-07,0.00019,0.000146,5.01e-05,0.000345,0.0381,0.000698,2.66e-05,0.0001,2.15e-10,0.0112,0.0364
5620,0.0003751,3.751e-05,4.497e-08,3.5721000000000006e-08,2.1316e-08,2.5e-09,1.1902499999999998e-07,0.000189,0.000146,5e-05,0.000345,0.0381,0.000698,2.66e-05,0.0001,2.4e-10,0.0112,0.0364
5630,0.0003752,3.752e-05,4.493e-08,3.5721000000000006e-08,2.1316e-08,2.5e-09,1.1902499999999998e-07,0.000189,0.000146,5e-05,0.000345,0.0381,0.000697,2.66e-05,0.0001,2.7e-10,0.0112,0.0364
5640,0.0003752,3.752e-05,4.488e-08,3.5721000000000006e-08,2.1316e-08,2.5e-09,1.1833600000000001e-07,0.000189,0.000146,5e-05,0.000344,0.0381,0.000696,2.65e-05,0.0001,2.63e-10,0.0112,0.0364
5650,0.0003752,3.752e-05,4.484e-08,3.5721000000000006e-08,2.1316e-08,2.49001e-09,1.1833600000000001e-07,0.000189,0.000146,4.99e-05,0.000344,0.0381,0.000695,2.65e-05,0.0001,1.95e-10,0.0112,0.0364
5660,0.0003753,3.753e-05,4.48e-08,3.5721000000000006e-08,2.1025e-08,2.49001e-09,1.1833600000000001e-07,0.000189,0.000145,4.99e-05,0.000344,0.0381,0.000695,2.64e-05,0.0001,2.54e-10,0.0112,0.0364
5670,0.0003753,3.753e-05,4.475e-08,3.5721000000000006e-08,2.1025e-08,2.49001e-09,1.1833600000000001e-07,0.000189,0.000145,4.99e-05,0.000344,0.038,0.000694,2.64e-05,0.0001,2.54e-10,0.0112,0.0364
5680,0.0003753,3.754e-05,4.471e-08,3.5721000000000006e-08,2.1025e-08,2.4800399999999996e-09,1.17649e-07,0.000189,0.000145,4.98e-05,0.000343,0.038,0.000693,2.64e-05,0.0001,2.35e-10,0.0112,0.0364
5690,0.0003754,3.754e-05,4.467e-08,3.5721000000000006e-08,2.1025e-08,2.4800399999999996e-09,1.17649e-07,0.000189,0.000145,4.98e-05,0.000343,0.038,0.000693,2.63e-05,0.0001,2.17e-10,0.0112,0.0364
5700,0.0003754,3.754e-05,4.463e-08,3.5721000000000006e-08,2.1025e-08,2.4800399999999996e-09,1.17649e-07,0.000189,0.000145,4.98e-05,0.000343,0.038,0.000692,2.63e-05,0.0001,2.07e-10,0.0111,0.0364
5710,0.0003755,3.755e-05,4.458e-08,3.5721000000000006e-08,2.1025e-08,2.47009e-09,1.17649e-07,0.000189,0.000145,4.97e-05,0.000343,0.038,0.000691,2.62e-05,0.0001,2.01e-10,0.0111,0.0364
5720,0.0003755,3.755e-05,4.454e-08,3.5721000000000006e-08,2.1025e-08,2.47009e-09,1.17649e-07,0.000189,0.000145,4.97e-05,0.000343,0.038,0.00069,2.62e-05,0.0001,2.02e-10,0.0111,0.0364
5730,0.0003755,3.755e-05,4.45e-08,3.5721000000000006e-08,2.1025e-08,2.47009e-09,1.1696400000000001e-07,0.000189,0.000145,4.97e-05,0.000342,0.0379,0.00069,2.62e-05,0.0001,2.39e-10,0.0111,0.0364
5740,0.0003756,3.756e-05,4.446e-08,3.5721000000000006e-08,2.1025e-08,2.46016e-09,1.1696400000000001e-07,0.000189,0.000145,4.96e-05,0.000342,0.0379,0.000689,2.61e-05,0.0001,2.2e-10,0.0111,0.0364
5750,0.0003756,3.756e-05,4.442e-08,3.5721000000000006e-08,2.0736e-08,2.46016e-09,1.1696400000000001e-07,0.000189,0.000144,4.96e-05,0.000342,0.0379,0.000688,2.61e-05,0.0001,2.07e-10,0.0111,0.0364
5760,0.0003756,3.756e-05,4.437e-08,3.5721000000000006e-08,2.0736e-08,2.46016e-09,1.1696400000000001e-07,0.000189,0.000144,4.96e-05,0.000342,0.0379,0.000688,2.61e-05,0.0001,1.98e-10,0.0111,0.0364
5770,0.0003757,3.757e-05,4.433e-08,3.5343999999999995e-08,2.0736e-08,2.45025e-09,1.1696400000000001e-07,0.000188,0.000144,4.95e-05,0.000342,0.0379,0.000687,2.6e-05,0.0001,2.24e-10,0.0111,0.0364
5780,0.0003757,3.757e-05,4.429e-08,3.5343999999999995e-08,2.0736e-08,2.45025e-09,1.16281e-07,0.000188,0.000144,4.95e-05,0.000341,0.0379,0.000686,2.6e-05,0.0001,1.7e-10,0.0111,0.0364
5790,0.0003757,3.758e-05,4.425e-08,3.5343999999999995e-08,2.0736e-08,2.45025e-09,1.16281e-07,0.000188,0.000144,4.95e-05,0.000341,0.0378,0.000686,2.59e-05,0.0001,2.12e-10,0.0111,0.0364
5800,0.0003758,3.758e-05,4.421e-08,3.5343999999999995e-08,2.0736e-08,2.44036e-09,1.16281e-07,0.000188,0.000144,4.94e-05,0.000341,0.0378,0.000685,2.59e-05,0.0001,2.09e-10,0.0111,0.0364
5810,0.0003758,3.758e-05,4.417e-08,3.5343999999999995e-08,2.0736e-08,2.44036e-09,1.16281e-07,0.000188,0.000144,4.94e-05,0.000341,0.0378,0.000684,2.59e-05,0.0001,2.5e-10,0.011,0.0364
5820,0.0003759,3.759e-05,4.413e-08,3.5343999999999995e-08,2.0736e-08,2.44036e-09,1.16281e-07,0.000188,0.000144,4.94e-05,0.000341,0.0378,0.000684,2.58e-05,0.0001,2.16e-10,0.011,0.0364
5830,0.0003759,3.759e-05,4.408e-08,3.5343999999999995e-08,2.0736e-08,2.43049e-09,1.1560000000000002e-07,0.000188,0.000144,4.93e-05,0.00034,0.0378,0.000683,2.58e-05,0.0001,2.25e-10,0.011,0.0364
5840,0.0003759,3.759e-05,4.404e-08,3.5343999999999995e-08,2.0449000000000003e-08,2.43049e-09,1.1560000000000002e-07,0.000188,0.000143,4.93e-05,0.00034,0.0378,0.000682,2.58e-05,0.0001,1.9e-10,0.011,0.0364
5850,0.000376,3.76e-05,4.4e-08,3.5343999999999995e-08,2.0449000000000003e-08,2.43049e-09,1.1560000000000002e-07,0.000188,0.000143,4.93e-05,0.00034,0.0378,0.000681,2.57e-05,0.0001,2.25e-10,0.011,0.0364
5860,0.000376,3.76e-05,4.396e-08,3.5343999999999995e-08,2.0449000000000003e-08,2.4206400000000004e-09,1.1560000000000002e-07,0.000188,0.000143,4.92e-05,0.00034,0.0377,0.000681,2.57e-05,0.0001,2e-10,0.011,0.0364
5870,0.0003761,3.761e-05,4.392e-08,3.5343999999999995e-08,2.0449000000000003e-08,2.4206400000000004e-09,1.1560000000000002e-07,0.000188,0.000143,4.92e-05,0.00034,0.0377,0.00068,2.57e-05,0.0001,2.36e-10,0.011,0.0364
5880,0.0003761,3.761e-05,4.388e-08,3.5343999999999995e-08,2.0449000000000003e-08,2.4206400000000004e-09,1.14921e-07,0.000188,0.000143,4.92e-05,0.000339,0.0377,0.000679,2.56e-05,0.0001,2.51e-10,0.011,0.0364
5890,0.0003761,3.761e-05,4.384e-08,3.5343999999999995e-08,2.0449000000000003e-08,2.4108100000000003e-09,1.14921e-07,0.000188,0.000143,4.91e-05,0.000339,0.0377,0.000679,2.56e-05,0.0001,2.16e-10,0.011,0.0364
5900,0.0003762,3.762e-05,4.38e-08,3.5343999999999995e-08,2.0449000000000003e-08,2.4108100000000003e-09,1.14921e-07,0.000188,0.000143,4.91e-05,0.000339,0.0377,0.000678,2.56e-05,0.0001,2.58e-10,0.011,0.0364
5910,0.0003762,3.762e-05,4.376e-08,3.4968999999999994e-08,2.0449000000000003e-08,2.4108100000000003e-09,1.14921e-07,0.000187,0.000143,4.91e-05,0.000339,0.0377,0.000677,2.55e-05,0.0001,2.38e-10,0.011,0.0364
5920,0.0003763,3.763e-05,4.372e-08,3.4968999999999994e-08,2.0449000000000003e-08,2.401e-09,1.14921e-07,0.000187,0.000143,4.9e-05,0.000339,0.0376,0.000677,2.55e-05,0.0001,2.07e-10,0.011,0.0364
5930,0.0003763,3.763e-05,4.368e-08,3.4968999999999994e-08,2.0449000000000003e-08,2.401e-09,1.14921e-07,0.000187,0.000143,4.9e-05,0.000339,0.0376,0.000676,2.54e-05,0.0001,2.34e-10,0.0109,0.0364
5940,0.0003763,3.763e-05,4.364e-08,3.4968999999999994e-08,2.0164e-08,2.401e-09,1.1424399999999999e-07,0.000187,0.000142,4.9e-05,0.000338,0.0376,0.000675,2.54e-05,0.0001,2.04e-10,0.0109,0.0364
5950,0.0003764,3.764e-05,4.36e-08,3.4968999999999994e-08,2.0164e-08,2.401e-09,1.1424399999999999e-07,0.000187,0.000142,4.9e-05,0.000338,0.0376,0.000675,2.54e-05,0.0001,2.19e-10,0.0109,0.0364
5960,0.0003764,3.764e-05,4.356e-08,3.4968999999999994e-08,2.0164e-08,2.3912100000000005e-09,1.1424399999999999e-07,0.000187,0.000142,4.89e-05,0.000338,0.0376,0.000674,2.53e-05,0.0001,2.45e-10,0.0109,0.0364
5970,0.0003765,3.765e-05,4.352e-08,3.4968999999999994e-08,2.0164e-08,2.3912100000000005e-09,1.1424399999999999e-07,0.000187,0.000142,4.89e-05,0.000338,0.0376,0.000674,2.53e-05,0.0001,2.53e-10,0.0109,0.0364
5980,0.0003765,3.765e-05,4.348e-08,3.4968999999999994e-08,2.0164e-08,2.3912100000000005e-09,1.1424399999999999e-07,0.000187,0.000142,4.89e-05,0.000338,0.0376,0.000673,2.53e-05,0.0001,2.05e-10,0.0109,0.0364
5990,0.0003765,3.765e-05,4.344e-08,3.4968999999999994e-08,2.0164e-08,2.38144e-09,1.13569e-07,0.000187,0.000142,4.88e-05,0.000337,0.0375,0.000672,2.52e-05,0.0001,2.2e-10,0.0109,0.0364
6000,0.0003766,3.766e-05,4.34e-08,3.4968999999999994e-08,2.0164e-08,2.38144e-09,1.13569e-07,0.000187,0.000142,4.88e-05,0.000337,0.0375,0.000672,2.52e-05,0.0001,2.4e-10,0.0109,0.0364
6010,0.0003766,3.766e-05,4.336e-08,3.4968999999999994e-08,2.0164e-08,2.38144e-09,1.13569e-07,0.000187,0.000142,4.88e-05,0.000337,0.0375,0.000671,2.52e-05,0.0001,2.75e-10,0.0109,0.0364
6020,0.0003767,3.767e-05,4.332e-08,3.4968999999999994e-08,2.0164e-08,2.3716899999999997e-09,1.13569e-07,0.000187,0.000142,4.87e-05,0.000337,0.0375,0.00067,2.51e-05,0.0001,2.61e-10,0.0109,0.0364
6030,0.0003767,3.767e-05,4.329e-08,3.4968999999999994e-08,1.9881000000000004e-08,2.3716899999999997e-09,1.13569e-07,0.000187,0.000141,4.87e-05,0.000337,0.0375,0.00067,2.51e-05,0.0001,3.05e-10,0.0109,0.0364
6040,0.0003767,3.767e-05,4.325e-08,3.4968999999999994e-08,1.9881000000000004e-08,2.3716899999999997e-09,1.12896e-07,0.000187,0.000141,4.87e-05,0.000336,0.0375,0.000669,2.51e-05,0.0001,2.45e-10,0.0109,0.0364
6050,0.0003768,3.768e-05,4.321e-08,3.4968999999999994e-08,1.9881000000000004e-08,2.3619600000000004e-09,1.12896e-07,0.000187,0.000141,4.86e-05,0.000336,0.0374,0.000668,2.5e-05,0.0001,2.32e-10,0.0108,0.0364
6060,0.0003768,3.768e-05,4.317e-08,3.4968999999999994e-08,1.9881000000000004e-08,2.3619600000000004e-09,1.12896e-07,0.000187,0.000141,4.86e-05,0.000336,0.0374,0.000668,2.5e-05,0.0001,2.49e-10,0.0108,0.0364
6070,0.0003769,3.769e-05,4.313e-08,3.4596e-08,1.9881000000000004e-08,2.3619600000000004e-09,1.12896e-07,0.000186,0.000141,4.86e-05,0.000336,0.0374,0.000667,2.5e-05,0.0001,2.7e-10,0.0108,0.0364
6080,0.0003769,3.769e-05,4.309e-08,3.4596e-08,1.9881000000000004e-08,2.3619600000000004e-09,1.12896e-07,0.000186,0.000141,4.86e-05,0.000336,0.0374,0.000666,2.49e-05,0.0001,2.66e-10,0.0108,0.0364
6090,0.000377,3.77e-05,4.305e-08,3.4596e-08,1.9881000000000004e-08,2.35225e-09,1.1222500000000001e-07,0.000186,0.000141,4.85e-05,0.000335,0.0374,0.000666,2.49e-05,0.0001,2.23e-10,0.0108,0.0364
6100,0.000377,3.77e-05,4.302e-08,3.4596e-08,1.9881000000000004e-08,2.35225e-09,1.1222500000000001e-07,0.000186,0.000141,4.85e-05,0.000335,0.0374,0.000665,2.49e-05,0.0001,2.27e-10,0.0108,0.0364
6110,0.000377,3.77e-05,4.298e-08,3.4596e-08,1.9881000000000004e-08,2.35225e-09,1.1222500000000001e-07,0.000186,0.000141,4.85e-05,0.000335,0.0374,0.000665,2.48e-05,0.0001,1.85e-10,0.0108,0.0364
6120,0.0003771,3.771e-05,4.294e-08,3.4596e-08,1.9881000000000004e-08,2.34256e-09,1.1222500000000001e-07,0.000186,0.000141,4.84e-05,0.000335,0.0373,0.000664,2.48e-05,0.0001,1.98e-10,0.0108,0.0364
6130,0.0003771,3.771e-05,4.29e-08,3.4596e-08,1.9599999999999997e-08,2.34256e-09,1.1222500000000001e-07,0.000186,0.00014,4.84e-05,0.000335,0.0373,0.000663,2.48e-05,0.0001,2.25e-10,0.0108,0.0364
6140,0.0003772,3.772e-05,4.286e-08,3.4596e-08,1.9599999999999997e-08,2.34256e-09,1.1222500000000001e-07,0.000186,0.00014,4.84e-05,0.000335,0.0373,0.000663,2.47e-05,0.0001,1.96e-10,0.0108,0.0364
6150,0.0003772,3.772e-05,4.283e-08,3.4596e-08,1.9599999999999997e-08,2.34256e-09,1.11556e-07,0.000186,0.00014,4.84e-05,0.000334,0.0373,0.000662,2.47e-05,0.0001,2.04e-10,0.0108,0.0364
6160,0.0003773,3.773e-05,4.279e-08,3.4596e-08,1.9599999999999997e-08,2.33289e-09,1.11556e-07,0.000186,0.00014,4.83e-05,0.000334,0.0373,0.000661,2.47e-05,0.0001,1.61e-10,0.0108,0.0364
6170,0.0003773,3.773e-05,4.275e-08,3.4596e-08,1.9599999999999997e-08,2.33289e-09,1.11556e-07,0.000186,0.00014,4.83e-05,0.000334,0.0373,0.000661,2.46e-05,0.0001,1.75e-10,0.0107,0.0364
6180,0.0003773,3.774e-05,4.271e-08,3.4596e-08,1.9599999999999997e-08,2.33289e-09,1.11556e-07,0.000186,0.00014,4.83e-05,0.000334,0.0372,0.00066,2.46e-05,0.0001,1.85e-10,0.0107,0.0364
6190,0.0003774,3.774e-05,4.267e-08,3.4596e-08,1.9599999999999997e-08,2.32324e-09,1.11556e-07,0.000186,0.00014,4.82e-05,0.000334,0.0372,0.00066,2.46e-05,0.0001,2.12e-10,0.0107,0.0364
6200,0.0003774,3.774e-05,4.264e-08,3.4596e-08,1.9599999999999997e-08,2.32324e-09,1.1088900000000001e-07,0.000186,0.00014,4.82e-05,0.000333,0.0372,0.000659,2.45e-05,0.0001,2.14e-10,0.0107,0.0364
6210,0.0003775,3.775e-05,4.26e-08,3.4596e-08,1.9599999999999997e-08,2.32324e-09,1.1088900000000001e-07,0.000186,0.00014,4.82e-05,0.000333,0.0372,0.000658,2.45e-05,0.0001,2.32e-10,0.0107,0.0364
6220,0.0003775,3.775e-05,4.256e-08,3.4596e-08,1.9599999999999997e-08,2.31361e-09,1.1088900000000001e-07,0.000186,0.00014,4.81e-05,0.000333,0.0372,0.000658,2.45e-05,0.0001,2.06e-10,0.0107,0.0364
6230,0.0003776,3.776e-05,4.253e-08,3.4225e-08,1.9320999999999998e-08,2.31361e-09,1.1088900000000001e-07,0.000185,0.000139,4.81e-05,0.000333,0.0372,0.000657,2.44e-05,0.0001,2.23e-10,0.0107,0.0364
6240,0.0003776,3.776e-05,4.249e-08,3.4225e-08,1.9320999999999998e-08,2.31361e-09,1.1088900000000001e-07,0.000185,0.000139,4.81e-05,0.000333,0.0372,0.000656,2.44e-05,0.0001,1.67e-10,0.0107,0.0364
6250,0.0003777,3.777e-05,4.245e-08,3.4225e-08,1.9320999999999998e-08,2.31361e-09,1.10224e-07,0.000185,0.000139,4.81e-05,0.000332,0.0371,0.000656,2.44e-05,0.0001,2.08e-10,0.0107,0.0364
6260,0.0003777,3.777e-05,4.241e-08,3.4225e-08,1.9320999999999998e-08,2.3040000000000003e-09,1.10224e-07,0.000185,0.000139,4.8e-05,0.000332,0.0371,0.000655,2.43e-05,0.0001,2.45e-10,0.0107,0.0364
6270,0.0003778,3.778e-05,4.238e-08,3.4225e-08,1.9320999999999998e-08,2.3040000000000003e-09,1.10224e-07,0.000185,0.000139,4.8e-05,0.000332,0.0371,0.000655,2.43e-05,0.0001,2.05e-10,0.0107,0.0364
6280,0.0003778,3.778e-05,4.234e-08,3.4225e-08,1.9320999999999998e-08,2.3040000000000003e-09,1.10224e-07,0.000185,0.000139,4.8e-05,0.000332,0.0371,0.000654,2.43e-05,0.0001,1.93e-10,0.0107,0.0364
6290,0.0003778,3.779e-05,4.23e-08,3.4225e-08,1.9320999999999998e-08,2.2944099999999997e-09,1.10224e-07,0.000185,0.000139,4.79e-05,0.000332,0.0371,0.000653,2.42e-05,0.0001,1.84e-10,0.0107,0.0364
6300,0.0003779,3.779e-05,4.227e-08,3.4225e-08,1.9320999999999998e-08,2.2944099999999997e-09,1.10224e-07,0.000185,0.000139,4.79e-05,0.000332,0.0371,0.000653,2.42e-05,0.0001,2.13e-10,0.0106,0.0364
6310,0.0003779,3.779e-05,4.223e-08,3.4225e-08,1.9320999999999998e-08,2.2944099999999997e-09,1.0956100000000001e-07,0.000185,0.000139,4.79e-05,0.000331,0.037,0.000652,2.42e-05,0.0001,1.89e-10,0.0106,0.0364
6320,0.000378,3.78e-05,4.22e-08,3.4225e-08,1.9320999999999998e-08,2.2944099999999997e-09,1.0956100000000001e-07,0.000185,0.000139,4.79e-05,0.000331,0.037,0.000652,2.41e-05,0.0001,1.98e-10,0.0106,0.0364
6330,0.000378,3.78e-05,4.216e-08,3.4225e-08,1.9043999999999998e-08,2.28484e-09,1.0956100000000001e-07,0.000185,0.000138,4.78e-05,0.000331,0.037,0.000651,2.41e-05,0.0001,2.14e-10,0.0106,0.0364
6340,0.0003781,3.781e-05,4.212e-08,3.4225e-08,1.9043999999999998e-08,2.28484e-09,1.0956100000000001e-07,0.000185,0.000138,4.78e-05,0.000331,0.037,0.00065,2.41e-05,0.0001,2.16e-10,0.0106,0.0364
6350,0.0003781,3.781e-05,4.209e-08,3.4225e-08,1.9043999999999998e-08,2.28484e-09,1.0956100000000001e-07,0.000185,0.000138,4.78e-05,0.000331,0.037,0.00065,2.4e-05,0.0001,1.77e-10,0.0106,0.0364
6360,0.0003782,3.782e-05,4.205e-08,3.4225e-08,1.9043999999999998e-08,2.28484e-09,1.089e-07,0.000185,0.000138,4.78e-05,0.00033,0.037,0.000649,2.4e-05,0.0001,1.96e-10,0.0106,0.0364
6370,0.0003782,3.782e-05,4.202e-08,3.4225e-08,1.9043999999999998e-08,2.27529e-09,1.089e-07,0.000185,0.000138,4.77e-05,0.00033,0.037,0.000649,2.4e-05,0.0001,1.79e-10,0.0106,0.0364
6380,0.0003783,3.783e-05,4.198e-08,3.4225e-08,1.9043999999999998e-08,2.27529e-09,1.089e-07,0.000185,0.000138,4.77e-05,0.00033,0.0369,0.000648,2.39e-05,0.0001,1.86e-10,0.0106,0.0364
6390,0.0003783,3.783e-05,4.194e-08,3.3856e-08,1.9043999999999998e-08,2.27529e-09,1.089e-07,0.000184,0.000138,4.77e-05,0.00033,0.0369,0.000647,2.39e-05,0.0001,1.82e-10,0.0106,0.0364
6400,0.0003784,3.784e-05,4.191e-08,3.3856e-08,1.9043999999999998e-08,2.26576e-09,1.089e-07,0.000184,0.000138,4.76e-05,0.00033,0.0369,0.000647,2.39e-05,0.0001,1.66e-10,0.0106,0.0364
6410,0.0003784,3.784e-05,4.187e-08,3.3856e-08,1.9043999999999998e-08,2.26576e-09,1.089e-07,0.000184,0.000138,4.76e-05,0.00033,0.0369,0.000646,2.38e-05,0.0001,1.75e-10,0.0106,0.0364
6420,0.0003785,3.785e-05,4.184e-08,3.3856e-08,1.9043999999999998e-08,2.26576e-09,1.0824099999999998e-07,0.000184,0.000138,4.76e-05,0.000329,0.0369,0.000646,2.38e-05,0.0001,1.77e-10,0.0106,0.0364
6430,0.0003785,3.785e-05,4.18e-08,3.3856e-08,1.8768999999999998e-08,2.26576e-09,1.0824099999999998e-07,0.000184,0.000137,4.76e-05,0.000329,0.0369,0.000645,2.38e-05,0.0001,1.79e-10,0.0105,0.0364
6440,0.0003786,3.786e-05,4.177e-08,3.3856e-08,1.8768999999999998e-08,2.2562500000000004e-09,1.0824099999999998e-07,0.000184,0.000137,4.75e-05,0.000329,0.0369,0.000644,2.38e-05,0.0001,1.79e-10,0.0105,0.0364
6450,0.0003786,3.786e-05,4.173e-08,3.3856e-08,1.8768999999999998e-08,2.2562500000000004e-09,1.0824099999999998e-07,0.000184,0.000137,4.75e-05,0.000329,0.0368,0.000644,2.37e-05,0.0001,2.24e-10,0.0105,0.0364
6460,0.0003787,3.787e-05,4.17e-08,3.3856e-08,1.8768999999999998e-08,2.2562500000000004e-09,1.0824099999999998e-07,0.000184,0.000137,4.75e-05,0.000329,0.0368,0.000643,2.37e-05,0.0001,1.63e-10,0.0105,0.0364
6470,0.0003787,3.787e-05,4.166e-08,3.3856e-08,1.8768999999999998e-08,2.2562500000000004e-09,1.0824099999999998e-07,0.000184,0.000137,4.75e-05,0.000329,0.0368,0.000643,2.37e-05,0.0001,2.69e-10,0.0105,0.0364
6480,0.0003788,3.788e-05,4.163e-08,3.3856e-08,1.8768999999999998e-08,2.2467600000000002e-09,1.07584e-07,0.000184,0.000137,4.74e-05,0.000328,0.0368,0.000642,2.36e-05,0.0001,2.32e-10,0.0105,0.0364
6490,0.0003788,3.788e-05,4.159e-08,3.3856e-08,1.8768999999999998e-08,2.2467600000000002e-09,1.07584e-07,0.000184,0.000137,4.74e-05,0.000328,0.0368,0.000642,2.36e-05,0.0001,2.49e-10,0.0105,0.0364
6500,0.0003788,3.789e-05,4.156e-08,3.3856e-08,1.8768999999999998e-08,2.2467600000000002e-09,1.07584e-07,0.000184,0.000137,4.74e-05,0.000328,0.0368,0.000641,2.36e-05,0.0001,1.83e-10,0.0105,0.0364
6510,0.0003789,3.789e-05,4.152e-08,3.3856e-08,1.8768999999999998e-08,2.23729e-09,1.07584e-07,0.000184,0.000137,4.73e-05,0.000328,0.0367,0.00064,2.35e-05,0.0001,2.5e-10,0.0105,0.0364
6520,0.0003789,3.79e-05,4.149e-08,3.3856e-08,1.8768999999999998e-08,2.23729e-09,1.07584e-07,0.000184,0.000137,4.73e-05,0.000328,0.0367,0.00064,2.35e-05,0.0001,1.95e-10,0.0105,0.0364
6530,0.000379,3.79e-05,4.145e-08,3.3856e-08,1.8496e-08,2.23729e-09,1.0692899999999999e-07,0.000184,0.000136,4.73e-05,0.000327,0.0367,0.000639,2.35e-05,0.0001,2.2e-10,0.0105,0.0364
6540,0.000379,3.791e-05,4.142e-08,3.3856e-08,1.8496e-08,2.23729e-09,1.0692899999999999e-07,0.000184,0.000136,4.73e-05,0.000327,0.0367,0.000639,2.34e-05,0.0001,2.46e-10,0.0105,0.0364
6550,0.0003791,3.791e-05,4.138e-08,3.3856e-08,1.8496e-08,2.22784e-09,1.0692899999999999e-07,0.000184,0.000136,4.72e-05,0.000327,0.0367,0.000638,2.34e-05,0.0001,2.01e-10,0.0105,0.0364
6560,0.0003791,3.792e-05,4.135e-08,3.3489e-08,1.8496e-08,2.22784e-09,1.0692899999999999e-07,0.000183,0.000136,4.72e-05,0.000327,0.0367,0.000638,2.34e-05,0.0001,1.93e-10,0.0104,0.0364
6570,0.0003792,3.792e-05,4.131e-08,3.3489e-08,1.8496e-08,2.22784e-09,1.0692899999999999e-07,0.000183,0.000136,4.72e-05,0.000327,0.0367,0.000637,2.34e-05,0.0001,2.02e-10,0.0104,0.0364
6580,0.0003792,3.793e-05,4.128e-08,3.3489e-08,1.8496e-08,2.22784e-09,1.0692899999999999e-07,0.000183,0.000136,4.72e-05,0.000327,0.0366,0.000636,2.33e-05,0.0001,1.63e-10,0.0104,0.0364
6590,0.0003793,3.793e-05,4.125e-08,3.3489e-08,1.8496e-08,2.21841e-09,1.06276e-07,0.000183,0.000136,4.71e-05,0.000326,0.0366,0.000636,2.33e-05,0.0001,2.16e-10,0.0104,0.0364
6600,0.0003793,3.794e-05,4.121e-08,3.3489e-08,1.8496e-08,2.21841e-09,1.06276e-07,0.000183,0.000136,4.71e-05,0.000326,0.0366,0.000635,2.33e-05,0.0001,2.02e-10,0.0104,0.0364
6610,0.0003794,3.794e-05,4.118e-08,3.3489e-08,1.8496e-08,2.21841e-09,1.06276e-07,0.000183,0.000136,4.71e-05,0.000326,0.0366,0.000635,2.32e-05,0.0001,1.89e-10,0.0104,0.0364
6620,0.0003794,3.795e-05,4.114e-08,3.3489e-08,1.8496e-08,2.21841e-09,1.06276e-07,0.000183,0.000136,4.71e-05,0.000326,0.0366,0.000634,2.32e-05,0.0001,1.93e-10,0.0104,0.0364
6630,0.0003795,3.795e-05,4.111e-08,3.3489e-08,1.8496e-08,2.2089999999999997e-09,1.06276e-07,0.000183,0.000136,4.7e-05,0.000326,0.0366,0.000634,2.32e-05,0.0001,1.79e-10,0.0104,0.0364
6640,0.0003796,3.796e-05,4.108e-08,3.3489e-08,1.8225e-08,2.2089999999999997e-09,1.06276e-07,0.000183,0.000135,4.7e-05,0.000326,0.0366,0.000633,2.31e-05,0.0001,1.93e-10,0.0104,0.0364
6650,0.0003796,3.796e-05,4.104e-08,3.3489e-08,1.8225e-08,2.2089999999999997e-09,1.05625e-07,0.000183,0.000135,4.7e-05,0.000325,0.0365,0.000633,2.31e-05,0.0001,1.87e-10,0.0104,0.0364
6660,0.0003797,3.797e-05,4.101e-08,3.3489e-08,1.8225e-08,2.19961e-09,1.05625e-07,0.000183,0.000135,4.69e-05,0.000325,0.0365,0.000632,2.31e-05,0.0001,2.25e-10,0.0104,0.0364
6670,0.0003797,3.797e-05,4.098e-08,3.3489e-08,1.8225e-08,2.19961e-09,1.05625e-07,0.000183,0.000135,4.69e-05,0.000325,0.0365,0.000631,2.31e-05,0.0001,1.74e-10,0.0104,0.0364
6680,0.0003798,3.798e-05,4.094e-08,3.3489e-08,1.8225e-08,2.19961e-09,1.05625e-07,0.000183,0.000135,4.69e-05,0.000325,0.0365,0.000631,2.3e-05,0.0001,1.9e-10,0.0104,0.0364
6690,0.0003798,3.798e-05,4.091e-08,3.3489e-08,1.8225e-08,2.19961e-09,1.05625e-07,0.000183,0.000135,4.69e-05,0.000325,0.0365,0.00063,2.3e-05,0.0001,1.74e-10,0.0104,0.0364
6700,0.0003799,3.799e-05,4.088e-08,3.3489e-08,1.8225e-08,2.19024e-09,1.05625e-07,0.000183,0.000135,4.68e-05,0.000325,0.0365,0.00063,2.3e-05,0.0001,1.92e-10,0.0103,0.0364
6710,0.0003799,3.799e-05,4.084e-08,3.3489e-08,1.8225e-08,2.19024e-09,1.0497600000000001e-07,0.000183,0.000135,4.68e-05,0.000324,0.0365,0.000629,2.29e-05,0.0001,1.76e-10,0.0103,0.0364
6720,0.00038,3.8e-05,4.081e-08,3.3489e-08,1.8225e-08,2.19024e-09,1.0497600000000001e-07,0.000183,0.000135,4.68e-05,0.000324,0.0364,0.000629,2.29e-05,0.0001,1.88e-10,0.0103,0.0364
6730,0.00038,3.8e-05,4.078e-08,3.3489e-08,1.8225e-08,2.19024e-09,1.0497600000000001e-07,0.000183,0.000135,4.68e-05,0.000324,0.0364,0.000628,2.29e-05,0.0001,1.79e-10,0.0103,0.0364
6740,0.0003801,3.801e-05,4.074e-08,3.3124e-08,1.8225e-08,2.18089e-09,1.0497600000000001e-07,0.000182,0.000135,4.67e-05,0.000324,0.0364,0.000628,2.29e-05,0.0001,1.75e-10,0.0103,0.0364
6750,0.0003801,3.801e-05,4.071e-08,3.3124e-08,1.7956000000000002e-08,2.18089e-09,1.0497600000000001e-07,0.000182,0.000134,4.67e-05,0.000324,0.0364,0.000627,2.28e-05,0.0001,2.22e-10,0.0103,0.0364
6760,0.0003802,3.802e-05,4.068e-08,3.3124e-08,1.7956000000000002e-08,2.18089e-09,1.0497600000000001e-07,0.000182,0.000134,4.67e-05,0.000324,0.0364,0.000627,2.28e-05,0.0001,1.58e-10,0.0103,0.0364
6770,0.0003802,3.802e-05,4.065e-08,3.3124e-08,1.7956000000000002e-08,2.18089e-09,1.04329e-07,0.000182,0.000134,4.67e-05,0.000323,0.0364,0.000626,2.28e-05,0.0001,1.77e-10,0.0103,0.0364
6780,0.0003803,3.803e-05,4.061e-08,3.3124e-08,1.7956000000000002e-08,2.1715600000000003e-09,1.04329e-07,0.000182,0.000134,4.66e-05,0.000323,0.0363,0.000625,2.27e-05,0.0001,1.68e-10,0.0103,0.0364
6790,0.0003803,3.803e-05,4.058e-08,3.3124e-08,1.7956000000000002e-08,2.1715600000000003e-09,1.04329e-07,0.000182,0.000134,4.66e-05,0.000323,0.0363,0.000625,2.27e-05,0.0001,1.69e-10,0.0103,0.0364
6800,0.0003804,3.804e-05,4.055e-08,3.3124e-08,1.7956000000000002e-08,2.1715600000000003e-09,1.04329e-07,0.000182,0.000134,4.66e-05,0.000323,0.0363,0.000624,2.27e-05,0.0001,1.88e-10,0.0103,0.0364
6810,0.0003804,3.804e-05,4.051e-08,3.3124e-08,1.7956000000000002e-08,2.1715600000000003e-09,1.04329e-07,0.000182,0.000134,4.66e-05,0.000323,0.0363,0.000624,2.26e-05,0.0001,2.47e-10,0.0103,0.0364
6820,0.0003805,3.805e-05,4.048e-08,3.3124e-08,1.7956000000000002e-08,2.16225e-09,1.04329e-07,0.000182,0.000134,4.65e-05,0.000323,0.0363,0.000623,2.26e-05,0.0001,1.81e-10,0.0103,0.0364
6830,0.0003805,3.805e-05,4.045e-08,3.3124e-08,1.7956000000000002e-08,2.16225e-09,1.0368400000000002e-07,0.000182,0.000134,4.65e-05,0.000322,0.0363,0.000623,2.26e-05,0.0001,1.46e-10,0.0103,0.0364
6840,0.0003806,3.806e-05,4.042e-08,3.3124e-08,1.7956000000000002e-08,2.16225e-09,1.0368400000000002e-07,0.000182,0.000134,4.65e-05,0.000322,0.0363,0.000622,2.26e-05,0.0001,2.12e-10,0.0102,0.0364
6850,0.0003807,3.807e-05,4.039e-08,3.3124e-08,1.7956000000000002e-08,2.16225e-09,1.0368400000000002e-07,0.000182,0.000134,4.65e-05,0.000322,0.0362,0.000622,2.25e-05,0.0001,2.9e-10,0.0102,0.0364
6860,0.0003807,3.807e-05,4.035e-08,3.3124e-08,1.7689e-08,2.1529600000000004e-09,1.0368400000000002e-07,0.000182,0.000133,4.64e-05,0.000322,0.0362,0.000621,2.25e-05,0.0001,2.06e-10,0.0102,0.0364
6870,0.0003808,3.808e-05,4.032e-08,3.3124e-08,1.7689e-08,2.1529600000000004e-09,1.0368400000000002e-07,0.000182,0.000133,4.64e-05,0.000322,0.0362,0.000621,2.25e-05,0.0001,2.05e-10,0.0102,0.0364
6880,0.0003808,3.808e-05,4.029e-08,3.3124e-08,1.7689e-08,2.1529600000000004e-09,1.0368400000000002e-07,0.000182,0.000133,4.64e-05,0.000322,0.0362,0.00062,2.25e-05,0.0001,1.91e-10,0.0102,0.0364
6890,0.0003809,3.809e-05,4.026e-08,3.3124e-08,1.7689e-08,2.1529600000000004e-09,1.03041e-07,0.000182,0.000133,4.64e-05,0.000321,0.0362,0.00062,2.24e-05,0.0001,1.8e-10,0.0102,0.0364
6900,0.0003809,3.809e-05,4.023e-08,3.3124e-08,1.7689e-08,2.14369e-09,1.03041e-07,0.000182,0.000133,4.63e-05,0.000321,0.0362,0.000619,2.24e-05,0.0001,1.82e-10,0.0102,0.0364
6910,0.000381,3.81e-05,4.019e-08,3.3124e-08,1.7689e-08,2.14369e-09,1.03041e-07,0.000182,0.000133,4.63e-05,0.000321,0.0362,0.000619,2.24e-05,0.0001,2.07e-10,0.0102,0.0364
6920,0.000381,3.81e-05,4.016e-08,3.2761000000000005e-08,1.7689e-08,2.14369e-09,1.03041e-07,0.000181,0.000133,4.63e-05,0.000321,0.0361,0.000618,2.23e-05,0.0001,2.15e-10,0.0102,0.0364
6930,0.0003811,3.811e-05,4.013e-08,3.2761000000000005e-08,1.7689e-08,2.14369e-09,1.03041e-07,0.000181,0.000133,4.63e-05,0.000321,0.0361,0.000618,2.23e-05,0.0001,1.95e-10,0.0102,0.0364
6940,0.0003811,3.811e-05,4.01e-08,3.2761000000000005e-08,1.7689e-08,2.13444e-09,1.03041e-07,0.000181,0.000133,4.62e-05,0.000321,0.0361,0.000617,2.23e-05,0.0001,2.06e-10,0.0102,0.0364
6950,0.0003812,3.812e-05,4.007e-08,3.2761000000000005e-08,1.7689e-08,2.13444e-09,1.0240000000000002e-07,0.000181,0.000133,4.62e-05,0.00032,0.0361,0.000616,2.23e-05,0.0001,1.79e-10,0.0102,0.0364
6960,0.0003812,3.813e-05,4.004e-08,3.2761000000000005e-08,1.7689e-08,2.13444e-09,1.0240000000000002e-07,0.000181,0.000133,4.62e-05,0.00032,0.0361,0.000616,2.22e-05,0.0001,1.95e-10,0.0102,0.0364
6970,0.0003813,3.813e-05,4e-08,3.2761000000000005e-08,1.7424e-08,2.13444e-09,1.0240000000000002e-07,0.000181,0.000132,4.62e-05,0.00032,0.0361,0.000615,2.22e-05,0.0001,2.47e-10,0.0102,0.0364
6980,0.0003814,3.814e-05,3.997e-08,3.2761000000000005e-08,1.7424e-08,2.1252100000000004e-09,1.0240000000000002e-07,0.000181,0.000132,4.61e-05,0.00032,0.0361,0.000615,2.22e-05,0.0001,1.7e-10,0.0102,0.0364
6990,0.0003814,3.814e-05,3.994e-08,3.2761000000000005e-08,1.7424e-08,2.1252100000000004e-09,1.0240000000000002e-07,0.000181,0.000132,4.61e-05,0.00032,0.036,0.000614,2.21e-05,0.0001,1.98e-10,0.0101,0.0364
7000,0.0003815,3.815e-05,3.991e-08,3.2761000000000005e-08,1.7424e-08,2.1252100000000004e-09,1.0240000000000002e-07,0.000181,0.000132,4.61e-05,0.00032,0.036,0.000614,2.21e-05,0.0001,2.33e-10,0.0101,0.0364
7010,0.0003815,3.815e-05,3.988e-08,3.2761000000000005e-08,1.7424e-08,2.1252100000000004e-09,1.0176100000000001e-07,0.000181,0.000132,4.61e-05,0.000319,0.036,0.000613,2.21e-05,0.0001,1.76e-10,0.0101,0.0364
7020,0.0003816,3.816e-05,3.985e-08,3.2761000000000005e-08,1.7424e-08,2.116e-09,1.0176100000000001e-07,0.000181,0.000132,4.6e-05,0.000319,0.036,0.000613,2.21e-05,0.0001,2.68e-10,0.0101,0.0364
7030,0.0003816,3.816e-05,3.982e-08,3.2761000000000005e-08,1.7424e-08,2.116e-09,1.0176100000000001e-07,0.000181,0.000132,4.6e-05,0.000319,0.036,0.000612,2.2e-05,0.0001,2.38e-10,0.0101,0.0364
7040,0.0003817,3.817e-05,3.979e-08,3.2761000000000005e-08,1.7424e-08,2.116e-09,1.0176100000000001e-07,0.000181,0.000132,4.6e-05,0.000319,0.036,0.000612,2.2e-05,0.0001,2.2e-10,0.0101,0.0364
7050,0.0003817,3.818e-05,3.976e-08,3.2761000000000005e-08,1.7424e-08,2.116e-09,1.0176100000000001e-07,0.000181,0.000132,4.6e-05,0.000319,0.036,0.000611,2.2e-05,0.0001,2.28e-10,0.0101,0.0364
7060,0.0003818,3.818e-05,3.973e-08,3.2761000000000005e-08,1.7424e-08,2.116e-09,1.0176100000000001e-07,0.000181,0.000132,4.6e-05,0.000319,0.0359,0.000611,2.2e-05,0.0001,1.86e-10,0.0101,0.0364
7070,0.0003819,3.819e-05,3.969e-08,3.2761000000000005e-08,1.7424e-08,2.1068099999999997e-09,1.0112399999999999e-07,0.000181,0.000132,4.59e-05,0.000318,0.0359,0.00061,2.19e-05,0.0001,1.87e-10,0.0101,0.0364
7080,0.0003819,3.819e-05,3.966e-08,3.2761000000000005e-08,1.7161000000000004e-08,2.1068099999999997e-09,1.0112399999999999e-07,0.000181,0.000131,4.59e-05,0.000318,0.0359,0.000671,2.41e-05,0.0001,2.16e-10,0.0101,0.0364
7090,0.000382,3.82e-05,3.963e-08,3.2761000000000005e-08,1.7161000000000004e-08,2.1068099999999997e-09,1.0112399999999999e-07,0.000181,0.000131,4.59e-05,0.000318,0.0359,0.00067,2.41e-05,0.0001,2.41e-10,0.0101,0.0364
7100,0.000382,3.821e-05,3.959e-08,3.2400000000000006e-08,1.7161000000000004e-08,2.1068099999999997e-09,1.0112399999999999e-07,0.00018,0.000131,4.59e-05,0.000318,0.0359,0.00067,2.4e-05,0.0001,2.11e-10,0.0101,0.0364
7110,0.0003821,3.821e-05,3.956e-08,3.2400000000000006e-08,1.7161000000000004e-08,2.0976400000000002e-09,1.0112399999999999e-07,0.00018,0.000131,4.58e-05,0.000318,0.0359,0.000669,2.4e-05,0.0001,2.18e-10,0.0101,0.0364
7120,0.0003822,3.822e-05,3.953e-08,3.2400000000000006e-08,1.7161000000000004e-08,2.0976400000000002e-09,1.0112399999999999e-07,0.00018,0.000131,4.58e-05,0.000318,0.0358,0.000669,2.4e-05,0.0001,2.41e-10,0.0101,0.0364
7130,0.0003822,3.822e-05,3.949e-08,3.2400000000000006e-08,1.7161000000000004e-08,2.0976400000000002e-09,1.0048900000000001e-07,0.00018,0.000131,4.58e-05,0.000317,0.0358,0.000668,2.39e-05,0.0001,2.1e-10,0.0101,0.0364
7140,0.0003823,3.823e-05,3.946e-08,3.2400000000000006e-08,1.7161000000000004e-08,2.08849e-09,1.0048900000000001e-07,0.00018,0.000131,4.57e-05,0.000317,0.0358,0.000668,2.39e-05,0.0001,2.07e-10,0.01,0.0364
7150,0.0003824,3.824e-05,3.943e-08,3.2400000000000006e-08,1.7161000000000004e-08,2.08849e-09,1.0048900000000001e-07,0.00018,0.000131,4.57e-05,0.000317,0.0358,0.000667,2.39e-05,0.0001,2.03e-10,0.01,0.0364
7160,0.0003824,3.824e-05,3.939e-08,3.2400000000000006e-08,1.7161000000000004e-08,2.08849e-09,1.0048900000000001e-07,0.00018,0.000131,4.57e-05,0.000317,0.0358,0.000666,2.38e-05,0.0001,2.28e-10,0.01,0.0364
7170,0.0003825,3.825e-05,3.936e-08,3.2400000000000006e-08,1.7161000000000004e-08,2.08849e-09,1.0048900000000001e-07,0.00018,0.000131,4.57e-05,0.000317,0.0358,0.000666,2.38e-05,0.0001,2.02e-10,0.01,0.0364
7180,0.0003825,3.826e-05,3.933e-08,3.2400000000000006e-08,1.7161000000000004e-08,2.0793599999999997e-09,1.0048900000000001e-07,0.00018,0.000131,4.56e-05,0.000317,0.0358,0.000665,2.38e-05,0.0001,1.94e-10,0.01,0.0364
7190,0.0003826,3.826e-05,3.93e-08,3.2400000000000006e-08,1.6899999999999996e-08,2.0793599999999997e-09,9.985599999999999e-08,0.00018,0.00013,4.56e-05,0.000316,0.0357,0.000665,2.38e-05,0.0001,2.4e-10,0.01,0.0364
7200,0.0003827,3.827e-05,3.926e-08,3.2400000000000006e-08,1.6899999999999996e-08,2.0793599999999997e-09,9.985599999999999e-08,0.00018,0.00013,4.56e-05,0.000316,0.0357,0.000664,2.37e-05,0.0001,1.78e-10,0.01,0.0364
7210,0.0003827,3.827e-05,3.923e-08,3.2400000000000006e-08,1.6899999999999996e-08,2.0793599999999997e-09,9.985599999999999e-08,0.00018,0.00013,4.56e-05,0.000316,0.0357,0.000664,2.37e-05,0.0001,1.87e-10,0.00999,0.0364
7220,0.0003828,3.828e-05,3.92e-08,3.2400000000000006e-08,1.6899999999999996e-08,2.07025e-09,9.985599999999999e-08,0.00018,0.00013,4.55e-05,0.000316,0.0357,0.000663,2.37e-05,0.0001,2.12e-10,0.00999,0.0364
7230,0.0003829,3.829e-05,3.917e-08,3.2400000000000006e-08,1.6899999999999996e-08,2.07025e-09,9.985599999999999e-08,0.00018,0.00013,4.55e-05,0.000316,0.0357,0.000663,2.36e-05,0.0001,2.27e-10,0.00998,0.0364
7240,0.0003829,3.829e-05,3.913e-08,3.2400000000000006e-08,1.6899999999999996e-08,2.07025e-09,9.985599999999999e-08,0.00018,0.00013,4.55e-05,0.000316,0.0357,0.000662,2.36e-05,0.0001,1.85e-10,0.00997,0.0364
7250,0.000383,3.83e-05,3.91e-08,3.2400000000000006e-08,1.6899999999999996e-08,2.07025e-09,9.9225e-08,0.00018,0.00013,4.55e-05,0.000315,0.0356,0.000662,2.36e-05,0.0001,1.97e-10,0.00997,0.0364
7260,0.0003831,3.831e-05,3.907e-08,3.2400000000000006e-08,1.6899999999999996e-08,2.06116e-09,9.9225e-08,0.00018,0.00013,4.54e-05,0.000315,0.0356,0.000661,2.36e-05,0.0001,1.62e-10,0.00996,0.0364
7270,0.0003831,3.831e-05,3.904e-08,3.2400000000000006e-08,1.6899999999999996e-08,2.06116e-09,9.9225e-08,0.00018,0.00013,4.54e-05,0.000315,0.0356,0.000661,2.35e-05,0.0001,1.94e-10,0.00995,0.0364
7280,0.0003832,3.832e-05,3.9e-08,3.2040999999999996e-08,1.6899999999999996e-08,2.06116e-09,9.9225e-08,0.000179,0.00013,4.54e-05,0.000315,0.0356,0.00066,2.35e-05,0.0001,2.12e-10,0.00995,0.0364
7290,0.0003833,3.833e-05,3.897e-08,3.2040999999999996e-08,1.6640999999999997e-08,2.06116e-09,9.9225e-08,0.000179,0.000129,4.54e-05,0.000315,0.0356,0.00066,2.35e-05,0.0001,1.98e-10,0.00994,0.0364
7300,0.0003833,3.833e-05,3.894e-08,3.2040999999999996e-08,1.6640999999999997e-08,2.0520900000000005e-09,9.9225e-08,0.000179,0.000129,4.53e-05,0.000315,0.0356,0.000659,2.34e-05,0.0001,2.01e-10,0.00993,0.0364
7310,0.0003834,3.834e-05,3.891e-08,3.2040999999999996e-08,1.6640999999999997e-08,2.0520900000000005e-09,9.859599999999999e-08,0.000179,0.000129,4.53e-05,0.000314,0.0355,0.000658,2.34e-05,0.0001,1.62e-10,0.00992,0.0364
7320,0.0003834,3.835e-05,3.887e-08,3.2040999999999996e-08,1.6640999999999997e-08,2.0520900000000005e-09,9.859599999999999e-08,0.000179,0.000129,4.53e-05,0.000314,0.0355,0.000658,2.34e-05,0.0001,1.54e-10,0.00992,0.0364
7330,0.0003835,3.835e-05,3.884e-08,3.2040999999999996e-08,1.6640999999999997e-08,2.0520900000000005e-09,9.859599999999999e-08,0.000179,0.000129,4.53e-05,0.000314,0.0355,0.000657,2.33e-05,0.0001,1.76e-10,0.00991,0.0364
7340,0.0003836,3.836e-05,3.881e-08,3.2040999999999996e-08,1.6640999999999997e-08,2.04304e-09,9.859599999999999e-08,0.000179,0.000129,4.52e-05,0.000314,0.0355,0.000657,2.33e-05,0.0001,1.86e-10,0.0099,0.0364
7350,0.0003836,3.836e-05,3.878e-08,3.2040999999999996e-08,1.6640999999999997e-08,2.04304e-09,9.859599999999999e-08,0.000179,0.000129,4.52e-05,0.000314,0.0355,0.000656,2.33e-05,0.0001,1.79e-10,0.0099,0.0364
7360,0.0003837,3.837e-05,3.875e-08,3.2040999999999996e-08,1.6640999999999997e-08,2.04304e-09,9.859599999999999e-08,0.000179,0.000129,4.52e-05,0.000314,0.0355,0.000656,2.33e-05,0.0001,2.06e-10,0.00989,0.0364
7370,0.0003838,3.838e-05,3.872e-08,3.2040999999999996e-08,1.6640999999999997e-08,2.04304e-09,9.796900000000001e-08,0.000179,0.000129,4.52e-05,0.000313,0.0355,0.000655,2.32e-05,0.0001,1.68e-10,0.00988,0.0364
7380,0.0003838,3.838e-05,3.868e-08,3.2040999999999996e-08,1.6640999999999997e-08,2.0340099999999997e-09,9.796900000000001e-08,0.000179,0.000129,4.51e-05,0.000313,0.0354,0.000655,2.32e-05,0.0001,2.06e-10,0.00988,0.0364
7390,0.0003839,3.839e-05,3.865e-08,3.2040999999999996e-08,1.6640999999999997e-08,2.0340099999999997e-09,9.796900000000001e-08,0.000179,0.000129,4.51e-05,0.000313,0.0354,0.000654,2.32e-05,0.0001,1.67e-10,0.00987,0.0364
7400,0.000384,3.84e-05,3.862e-08,3.2040999999999996e-08,1.6384e-08,2.0340099999999997e-09,9.796900000000001e-08,0.000179,0.000128,4.51e-05,0.000313,0.0354,0.000654,2.31e-05,0.0001,1.62e-10,0.00986,0.0364
7410,0.000384,3.84e-05,3.859e-08,3.2040999999999996e-08,1.6384e-08,2.0340099999999997e-09,9.796900000000001e-08,0.000179,0.000128,4.51e-05,0.000313,0.0354,0.000653,2.31e-05,0.0001,1.84e-10,0.00986,0.0364
7420,0.0003841,3.841e-05,3.856e-08,3.2040999999999996e-08,1.6384e-08,2.0250000000000003e-09,9.796900000000001e-08,0.000179,0.000128,4.5e-05,0.000313,0.0354,0.000653,2.31e-05,0.0001,1.71e-10,0.00985,0.0364
7430,0.0003842,3.842e-05,3.853e-08,3.2040999999999996e-08,1.6384e-08,2.0250000000000003e-09,9.7344e-08,0.000179,0.000128,4.5e-05,0.000312,0.0354,0.000652,2.31e-05,0.0001,1.72e-10,0.00984,0.0364
7440,0.0003842,3.842e-05,3.85e-08,3.2040999999999996e-08,1.6384e-08,2.0250000000000003e-09,9.7344e-08,0.000179,0.000128,4.5e-05,0.000312,0.0353,0.000652,2.3e-05,0.0001,2.29e-10,0.00984,0.0364
7450,0.0003843,3.843e-05,3.847e-08,3.2040999999999996e-08,1.6384e-08,2.0250000000000003e-09,9.7344e-08,0.000179,0.000128,4.5e-05,0.000312,0.0353,0.000651,2.3e-05,0.0001,2.3e-10,0.00983,0.0364
7460,0.0003844,3.844e-05,3.843e-08,3.1683999999999994e-08,1.6384e-08,2.01601e-09,9.7344e-08,0.000178,0.000128,4.49e-05,0.000312,0.0353,0.000651,2.3e-05,0.0001,2.11e-10,0.00982,0.0364
7470,0.0003844,3.844e-05,3.84e-08,3.1683999999999994e-08,1.6384e-08,2.01601e-09,9.7344e-08,0.000178,0.000128,4.49e-05,0.000312,0.0353,0.00065,2.3e-05,0.0001,1.93e-10,0.00982,0.0364
7480,0.0003845,3.845e-05,3.837e-08,3.1683999999999994e-08,1.6384e-08,2.01601e-09,9.7344e-08,0.000178,0.000128,4.49e-05,0.000312,0.0353,0.00065,2.29e-05,0.0001,1.92e-10,0.00981,0.0364
7490,0.0003846,3.846e-05,3.834e-08,3.1683999999999994e-08,1.6384e-08,2.01601e-09,9.672100000000001e-08,0.000178,0.000128,4.49e-05,0.000311,0.0353,0.000649,2.29e-05,0.0001,1.69e-10,0.0098,0.0364
7500,0.0003846,3.846e-05,3.831e-08,3.1683999999999994e-08,1.6384e-08,2.0070399999999997e-09,9.672100000000001e-08,0.000178,0.000128,4.48e-05,0.000311,0.0353,0.000649,2.29e-05,0.0001,1.58e-10,0.0098,0.0364
7510,0.0003847,3.847e-05,3.828e-08,3.1683999999999994e-08,1.6384e-08,2.0070399999999997e-09,9.672100000000001e-08,0.000178,0.000128,4.48e-05,0.000311,0.0352,0.000648,2.28e-05,0.0001,1.64e-10,0.00979,0.0364
7520,0.0003848,3.848e-05,3.825e-08,3.1683999999999994e-08,1.6129e-08,2.0070399999999997e-09,9.672100000000001e-08,0.000178,0.000127,4.48e-05,0.000311,0.0352,0.000648,2.28e-05,0.0001,2.4e-10,0.00978,0.0364
7530,0.0003848,3.848e-05,3.822e-08,3.1683999999999994e-08,1.6129e-08,2.0070399999999997e-09,9.672100000000001e-08,0.000178,0.000127,4.48e-05,0.000311,0.0352,0.000647,2.28e-05,0.0001,1.73e-10,0.00978,0.0364
7540,0.0003849,3.849e-05,3.819e-08,3.1683999999999994e-08,1.6129e-08,1.99809e-09,9.672100000000001e-08,0.000178,0.000127,4.47e-05,0.000311,0.0352,0.000647,2.28e-05,0.0001,2.17e-10,0.00977,0.0364
7550,0.000385,3.85e-05,3.816e-08,3.1683999999999994e-08,1.6129e-08,1.99809e-09,9.61e-08,0.000178,0.000127,4.47e-05,0.00031,0.0352,0.000646,2.27e-05,0.0001,1.98e-10,0.00976,0.0364
7560,0.000385,3.85e-05,3.813e-08,3.1683999999999994e-08,1.6129e-08,1.99809e-09,9.61e-08,0.000178,0.000127,4.47e-05,0.00031,0.0352,0.000646,2.27e-05,0.0001,2.11e-10,0.00976,0.0364
7570,0.0003851,3.851e-05,3.81e-08,3.1683999999999994e-08,1.6129e-08,1.99809e-09,9.61e-08,0.000178,0.000127,4.47e-05,0.00031,0.0351,0.000645,2.27e-05,0.0001,1.96e-10,0.00975,0.0364
7580,0.0003852,3.852e-05,3.807e-08,3.1683999999999994e-08,1.6129e-08,1.99809e-09,9.61e-08,0.000178,0.000127,4.47e-05,0.00031,0.0351,0.000645,2.26e-05,0.0001,2.06e-10,0.00974,0.0364
7590,0.0003852,3.853e-05,3.804e-08,3.1683999999999994e-08,1.6129e-08,1.98916e-09,9.61e-08,0.000178,0.000127,4.46e-05,0.00031,0.0351,0.000644,2.26e-05,0.0001,2.01e-10,0.00974,0.0364
7600,0.0003853,3.853e-05,3.801e-08,3.1683999999999994e-08,1.6129e-08,1.98916e-09,9.61e-08,0.000178,0.000127,4.46e-05,0.00031,0.0351,0.000644,2.26e-05,0.0001,1.94e-10,0.00973,0.0364
7610,0.0003854,3.854e-05,3.798e-08,3.1683999999999994e-08,1.6129e-08,1.98916e-09,9.548099999999998e-08,0.000178,0.000127,4.46e-05,0.000309,0.0351,0.000643,2.26e-05,0.0001,1.69e-10,0.00972,0.0364
7620,0.0003854,3.855e-05,3.795e-08,3.1683999999999994e-08,1.6129e-08,1.98916e-09,9.548099999999998e-08,0.000178,0.000127,4.46e-05,0.000309,0.0351,0.000643,2.25e-05,0.0001,1.83e-10,0.00972,0.0364
7630,0.0003855,3.855e-05,3.792e-08,3.1683999999999994e-08,1.5876e-08,1.9802499999999996e-09,9.548099999999998e-08,0.000178,0.000126,4.45e-05,0.000309,0.0351,0.000642,2.25e-05,0.0001,1.85e-10,0.00971,0.0364
7640,0.0003856,3.856e-05,3.789e-08,3.1683999999999994e-08,1.5876e-08,1.9802499999999996e-09,9.548099999999998e-08,0.000178,0.000126,4.45e-05,0.000309,0.035,0.000642,2.25e-05,0.0001,1.69e-10,0.0097,0.0364
7650,0.0003857,3.857e-05,3.786e-08,3.1328999999999996e-08,1.5876e-08,1.9802499999999996e-09,9.548099999999998e-08,0.000177,0.000126,4.45e-05,0.000309,0.035,0.000641,2.25e-05,0.0001,1.82e-10,0.0097,0.0364
7660,0.0003857,3.857e-05,3.783e-08,3.1328999999999996e-08,1.5876e-08,1.9802499999999996e-09,9.548099999999998e-08,0.000177,0.000126,4.45e-05,0.000309,0.035,0.000641,2.24e-05,0.0001,2.06e-10,0.00969,0.0364
7670,0.0003858,3.858e-05,3.78e-08,3.1328999999999996e-08,1.5876e-08,1.97136e-09,9.486400000000001e-08,0.000177,0.000126,4.44e-05,0.000308,0.035,0.00064,2.24e-05,0.0001,1.84e-10,0.00968,0.0364
7680,0.0003859,3.859e-05,3.777e-08,3.1328999999999996e-08,1.5876e-08,1.97136e-09,9.486400000000001e-08,0.000177,0.000126,4.44e-05,0.000308,0.035,0.00064,2.24e-05,0.0001,2.03e-10,0.00968,0.0364
7690,0.0003859,3.859e-05,3.774e-08,3.1328999999999996e-08,1.5876e-08,1.97136e-09,9.486400000000001e-08,0.000177,0.000126,4.44e-05,0.000308,0.035,0.000639,2.23e-05,0.0001,2.16e-10,0.00967,0.0364
7700,0.000386,3.86e-05,3.771e-08,3.1328999999999996e-08,1.5876e-08,1.97136e-09,9.486400000000001e-08,0.000177,0.000126,4.44e-05,0.000308,0.0349,0.000639,2.23e-05,0.0001,1.44e-10,0.00967,0.0364
7710,0.0003861,3.861e-05,3.768e-08,3.1328999999999996e-08,1.5876e-08,1.96249e-09,9.486400000000001e-08,0.000177,0.000126,4.43e-05,0.000308,0.0349,0.000638,2.23e-05,0.0001,2.28e-10,0.00966,0.0364
7720,0.0003861,3.861e-05,3.765e-08,3.1328999999999996e-08,1.5876e-08,1.96249e-09,9.486400000000001e-08,0.000177,0.000126,4.43e-05,0.000308,0.0349,0.000638,2.23e-05,0.0001,1.64e-10,0.00965,0.0364
7730,0.0003862,3.862e-05,3.762e-08,3.1328999999999996e-08,1.5876e-08,1.96249e-09,9.486400000000001e-08,0.000177,0.000126,4.43e-05,0.000308,0.0349,0.000637,2.22e-05,0.0001,2.06e-10,0.00965,0.0364
7740,0.0003863,3.863e-05,3.759e-08,3.1328999999999996e-08,1.5876e-08,1.96249e-09,9.424899999999999e-08,0.000177,0.000126,4.43e-05,0.000307,0.0349,0.000637,2.22e-05,0.0001,2.33e-10,0.00964,0.0364
7750,0.0003863,3.864e-05,3.756e-08,3.1328999999999996e-08,1.5625e-08,1.95364e-09,9.424899999999999e-08,0.000177,0.000125,4.42e-05,0.000307,0.0349,0.000636,2.22e-05,0.0001,1.79e-10,0.00963,0.0364
7760,0.0003864,3.864e-05,3.753e-08,3.1328999999999996e-08,1.5625e-08,1.95364e-09,9.424899999999999e-08,0.000177,0.000125,4.42e-05,0.000307,0.0349,0.000636,2.22e-05,0.0001,2.46e-10,0.00963,0.0364
7770,0.0003865,3.865e-05,3.75e-08,3.1328999999999996e-08,1.5625e-08,1.95364e-09,9.424899999999999e-08,0.000177,0.000125,4.42e-05,0.000307,0.0348,0.000635,2.21e-05,0.0001,1.86e-10,0.00962,0.0364
7780,0.0003866,3.866e-05,3.747e-08,3.1328999999999996e-08,1.5625e-08,1.95364e-09,9.424899999999999e-08,0.000177,0.000125,4.42e-05,0.000307,0.0348,0.000635,2.21e-05,0.0001,2.34e-10,0.00961,0.0364
7790,0.0003866,3.866e-05,3.745e-08,3.1328999999999996e-08,1.5625e-08,1.95364e-09,9.424899999999999e-08,0.000177,0.000125,4.42e-05,0.000307,0.0348,0.000634,2.21e-05,0.0001,2.03e-10,0.00961,0.0364
7800,0.0003867,3.867e-05,3.742e-08,3.1328999999999996e-08,1.5625e-08,1.94481e-09,9.3636e-08,0.000177,0.000125,4.41e-05,0.000306,0.0348,0.000634,2.21e-05,0.0001,1.65e-10,0.0096,0.0364
7810,0.0003868,3.868e-05,3.739e-08,3.1328999999999996e-08,1.5625e-08,1.94481e-09,9.3636e-08,0.000177,0.000125,4.41e-05,0.000306,0.0348,0.000633,2.2e-05,0.0001,1.84e-10,0.0096,0.0364
7820,0.0003868,3.868e-05,3.736e-08,3.1328999999999996e-08,1.5625e-08,1.94481e-09,9.3636e-08,0.000177,0.000125,4.41e-05,0.000306,0.0348,0.000633,2.2e-05,0.0001,1.69e-10,0.00959,0.0364
7830,0.0003869,3.869e-05,3.733e-08,3.1328999999999996e-08,1.5625e-08,1.94481e-09,9.3636e-08,0.000177,0.000125,4.41e-05,0.000306,0.0347,0.000633,2.2e-05,0.0001,1.43e-10,0.00958,0.0364
7840,0.000387,3.87e-05,3.73e-08,3.1328999999999996e-08,1.5625e-08,1.936e-09,9.3636e-08,0.000177,0.000125,4.4e-05,0.000306,0.0347,0.000632,2.2e-05,0.0001,1.73e-10,0.00958,0.0364
7850,0.000387,3.871e-05,3.727e-08,3.0976e-08,1.5625e-08,1.936e-09,9.3636e-08,0.000176,0.000125,4.4e-05,0.000306,0.0347,0.000632,2.19e-05,0.0001,1.92e-10,0.00957,0.0364
7860,0.0003871,3.871e-05,3.724e-08,3.0976e-08,1.5376e-08,1.936e-09,9.302499999999999e-08,0.000176,0.000124,4.4e-05,0.000305,0.0347,0.000631,2.19e-05,0.0001,2.11e-10,0.00956,0.0364
7870,0.0003872,3.872e-05,3.722e-08,3.0976e-08,1.5376e-08,1.936e-09,9.302499999999999e-08,0.000176,0.000124,4.4e-05,0.000305,0.0347,0.000631,2.19e-05,0.0001,2.11e-10,0.00956,0.0364
7880,0.0003873,3.873e-05,3.719e-08,3.0976e-08,1.5376e-08,1.9272100000000004e-09,9.302499999999999e-08,0.000176,0.000124,4.39e-05,0.000305,0.0347,0.00063,2.18e-05,0.0001,2.23e-10,0.00955,0.0364
7890,0.0003873,3.873e-05,3.716e-08,3.0976e-08,1.5376e-08,1.9272100000000004e-09,9.302499999999999e-08,0.000176,0.000124,4.39e-05,0.000305,0.0347,0.00063,2.18e-05,0.0001,1.86e-10,0.00955,0.0364
7900,0.0003874,3.874e-05,3.713e-08,3.0976e-08,1.5376e-08,1.9272100000000004e-09,9.302499999999999e-08,0.000176,0.000124,4.39e-05,0.000305,0.0346,0.000629,2.18e-05,0.0001,1.76e-10,0.00954,0.0364
7910,0.0003875,3.875e-05,3.71e-08,3.0976e-08,1.5376e-08,1.9272100000000004e-09,9.302499999999999e-08,0.000176,0.000124,4.39e-05,0.000305,0.0346,0.000629,2.18e-05,0.0001,2.05e-10,0.00953,0.0364
7920,0.0003875,3.875e-05,3.707e-08,3.0976e-08,1.5376e-08,1.9272100000000004e-09,9.302499999999999e-08,0.000176,0.000124,4.39e-05,0.000305,0.0346,0.000628,2.17e-05,0.0001,1.96e-10,0.00953,0.0364
7930,0.0003876,3.876e-05,3.705e-08,3.0976e-08,1.5376e-08,1.9184400000000003e-09,9.241600000000001e-08,0.000176,0.000124,4.38e-05,0.000304,0.0346,0.000628,2.17e-05,0.0001,2.34e-10,0.00952,0.0364
7940,0.0003877,3.877e-05,3.702e-08,3.0976e-08,1.5376e-08,1.9184400000000003e-09,9.241600000000001e-08,0.000176,0.000124,4.38e-05,0.000304,0.0346,0.000627,2.17e-05,0.0001,1.94e-10,0.00952,0.0364
7950,0.0003878,3.878e-05,3.699e-08,3.0976e-08,1.5376e-08,1.9184400000000003e-09,9.241600000000001e-08,0.000176,0.000124,4.38e-05,0.000304,0.0346,0.000627,2.17e-05,0.0001,1.96e-10,0.00951,0.0364
7960,0.0003878,3.878e-05,3.696e-08,3.0976e-08,1.5376e-08,1.9184400000000003e-09,9.241600000000001e-08,0.000176,0.000124,4.38e-05,0.000304,0.0346,0.000626,2.16e-05,0.0001,1.67e-10,0.0095,0.0364
7970,0.0003879,3.879e-05,3.693e-08,3.0976e-08,1.5376e-08,1.90969e-09,9.241600000000001e-08,0.000176,0.000124,4.37e-05,0.000304,0.0345,0.000626,2.16e-05,0.0001,1.82e-10,0.0095,0.0364
7980,0.000388,3.88e-05,3.691e-08,3.0976e-08,1.5376e-08,1.90969e-09,9.241600000000001e-08,0.000176,0.000124,4.37e-05,0.000304,0.0345,0.000626,2.16e-05,0.0001,1.96e-10,0.00949,0.0364
7990,0.000388,3.88e-05,3.688e-08,3.0976e-08,1.5129000000000003e-08,1.90969e-09,9.1809e-08,0.000176,0.000123,4.37e-05,0.000303,0.0345,0.000625,2.16e-05,0.0001,1.65e-10,0.00949,0.0364
8000,0.0003881,3.881e-05,3.685e-08,3.0976e-08,1.5129000000000003e-08,1.90969e-09,9.1809e-08,0.000176,0.000123,4.37e-05,0.000303,0.0345,0.000625,2.15e-05,0.0001,1.76e-10,0.00948,0.0364
8010,0.0003882,3.882e-05,3.682e-08,3.0976e-08,1.5129000000000003e-08,1.9009600000000004e-09,9.1809e-08,0.000176,0.000123,4.36e-05,0.000303,0.0345,0.000624,2.15e-05,0.0001,1.72e-10,0.00947,0.0364
8020,0.0003883,3.883e-05,3.68e-08,3.0976e-08,1.5129000000000003e-08,1.9009600000000004e-09,9.1809e-08,0.000176,0.000123,4.36e-05,0.000303,0.0345,0.000624,2.15e-05,0.0001,2e-10,0.00947,0.0364
8030,0.0003883,3.883e-05,3.677e-08,3.0976e-08,1.5129000000000003e-08,1.9009600000000004e-09,9.1809e-08,0.000176,0.000123,4.36e-05,0.000303,0.0344,0.000623,2.15e-05,0.0001,1.64e-10,0.00946,0.0364
8040,0.0003884,3.884e-05,3.674e-08,3.0976e-08,1.5129000000000003e-08,1.9009600000000004e-09,9.1809e-08,0.000176,0.000123,4.36e-05,0.000303,0.0344,0.000623,2.14e-05,0.0001,1.73e-10,0.00946,0.0364
8050,0.0003885,3.885e-05,3.671e-08,3.0625e-08,1.5129000000000003e-08,1.9009600000000004e-09,9.1809e-08,0.000175,0.000123,4.36e-05,0.000303,0.0344,0.000622,2.14e-05,0.0001,1.67e-10,0.00945,0.0364
8060,0.0003885,3.886e-05,3.669e-08,3.0625e-08,1.5129000000000003e-08,1.89225e-09,9.120400000000001e-08,0.000175,0.000123,4.35e-05,0.000302,0.0344,0.000622,2.14e-05,0.0001,1.79e-10,0.00944,0.0364
8070,0.0003886,3.886e-05,3.666e-08,3.0625e-08,1.5129000000000003e-08,1.89225e-09,9.120400000000001e-08,0.000175,0.000123,4.35e-05,0.000302,0.0344,0.000621,2.14e-05,0.0001,1.41e-10,0.00944,0.0364
8080,0.0003887,3.887e-05,3.663e-08,3.0625e-08,1.5129000000000003e-08,1.89225e-09,9.120400000000001e-08,0.000175,0.000123,4.35e-05,0.000302,0.0344,0.000621,2.13e-05,0.0001,1.57e-10,0.00943,0.0364
8090,0.0003888,3.888e-05,3.66e-08,3.0625e-08,1.5129000000000003e-08,1.89225e-09,9.120400000000001e-08,0.000175,0.000123,4.35e-05,0.000302,0.0344,0.000621,2.13e-05,0.0001,1.74e-10,0.00943,0.0364
8100,0.0003888,3.888e-05,3.658e-08,3.0625e-08,1.5129000000000003e-08,1.8835599999999996e-09,9.120400000000001e-08,0.000175,0.000123,4.34e-05,0.000302,0.0343,0.00062,2.13e-05,0.0001,1.5e-10,0.00942,0.0364
8110,0.0003889,3.889e-05,3.655e-08,3.0625e-08,1.4884e-08,1.8835599999999996e-09,9.120400000000001e-08,0.000175,0.000122,4.34e-05,0.000302,0.0343,0.00062,2.13e-05,0.0001,1.76e-10,0.00941,0.0364
8120,0.000389,3.89e-05,3.652e-08,3.0625e-08,1.4884e-08,1.8835599999999996e-09,9.120400000000001e-08,0.000175,0.000122,4.34e-05,0.000302,0.0343,0.000619,2.12e-05,0.0001,1.8e-10,0.00941,0.0364
8130,0.0003891,3.891e-05,3.649e-08,3.0625e-08,1.4884e-08,1.8835599999999996e-09,9.0601e-08,0.000175,0.000122,4.34e-05,0.000301,0.0343,0.000619,2.12e-05,0.0001,1.68e-10,0.0094,0.0364
8140,0.0003891,3.891e-05,3.647e-08,3.0625e-08,1.4884e-08,1.8835599999999996e-09,9.0601e-08,0.000175,0.000122,4.34e-05,0.000301,0.0343,0.000618,2.12e-05,0.0001,1.65e-10,0.0094,0.0364
8150,0.0003892,3.892e-05,3.644e-08,3.0625e-08,1.4884e-08,1.8748900000000003e-09,9.0601e-08,0.000175,0.000122,4.33e-05,0.000301,0.0343,0.000618,2.12e-05,0.0001,2.09e-10,0.00939,0.0364
8160,0.0003893,3.893e-05,3.641e-08,3.0625e-08,1.4884e-08,1.8748900000000003e-09,9.0601e-08,0.000175,0.000122,4.33e-05,0.000301,0.0342,0.000617,2.11e-05,0.0001,1.75e-10,0.00938,0.0364
8170,0.0003893,3.894e-05,3.639e-08,3.0625e-08,1.4884e-08,1.8748900000000003e-09,9.0601e-08,0.000175,0.000122,4.33e-05,0.000301,0.0342,0.000617,2.11e-05,0.0001,1.63e-10,0.00938,0.0364
8180,0.0003894,3.894e-05,3.636e-08,3.0625e-08,1.4884e-08,1.8748900000000003e-09,9.0601e-08,0.000175,0.000122,4.33e-05,0.000301,0.0342,0.000617,2.11e-05,0.0001,1.88e-10,0.00937,0.0364
8190,0.0003895,3.895e-05,3.633e-08,3.0625e-08,1.4884e-08,1.86624e-09,9.0601e-08,0.000175,0.000122,4.32e-05,0.000301,0.0342,0.000616,2.11e-05,0.0001,1.44e-10,0.00937,0.0364
8200,0.0003896,3.896e-05,3.631e-08,3.0625e-08,1.4884e-08,1.86624e-09,8.999999999999999e-08,0.000175,0.000122,4.32e-05,0.0003,0.0342,0.000616,2.1e-05,0.0001,1.82e-10,0.00936,0.0364
8210,0.0003896,3.896e-05,3.628e-08,3.0625e-08,1.4884e-08,1.86624e-09,8.999999999999999e-08,0.000175,0.000122,4.32e-05,0.0003,0.0342,0.000615,2.1e-05,0.0001,2.07e-10,0.00936,0.0364
8220,0.0003897,3.897e-05,3.625e-08,3.0625e-08,1.4884e-08,1.86624e-09,8.999999999999999e-08,0.000175,0.000122,4.32e-05,0.0003,0.0342,0.000615,2.1e-05,0.0001,1.83e-10,0.00935,0.0364
8230,0.0003898,3.898e-05,3.623e-08,3.0625e-08,1.4641e-08,1.86624e-09,8.999999999999999e-08,0.000175,0.000121,4.32e-05,0.0003,0.0341,0.000614,2.1e-05,0.0001,2.13e-10,0.00934,0.0364
8240,0.0003899,3.899e-05,3.62e-08,3.0625e-08,1.4641e-08,1.8576099999999998e-09,8.999999999999999e-08,0.000175,0.000121,4.31e-05,0.0003,0.0341,0.000614,2.1e-05,0.0001,1.74e-10,0.00934,0.0364
8250,0.0003899,3.899e-05,3.617e-08,3.0625e-08,1.4641e-08,1.8576099999999998e-09,8.999999999999999e-08,0.000175,0.000121,4.31e-05,0.0003,0.0341,0.000613,2.09e-05,0.0001,1.69e-10,0.00933,0.0364
8260,0.00039,3.9e-05,3.615e-08,3.0276e-08,1.4641e-08,1.8576099999999998e-09,8.940100000000001e-08,0.000174,0.000121,4.31e-05,0.000299,0.0341,0.000613,2.09e-05,0.0001,2.01e-10,0.00933,0.0364
8270,0.0003901,3.901e-05,3.612e-08,3.0276e-08,1.4641e-08,1.8576099999999998e-09,8.940100000000001e-08,0.000174,0.000121,4.31e-05,0.000299,0.0341,0.000613,2.09e-05,0.0001,1.76e-10,0.00932,0.0364
8280,0.0003902,3.902e-05,3.609e-08,3.0276e-08,1.4641e-08,1.8490000000000001e-09,8.940100000000001e-08,0.000174,0.000121,4.3e-05,0.000299,0.0341,0.000612,2.09e-05,0.0001,2.07e-10,0.00931,0.0364
8290,0.0003902,3.902e-05,3.607e-08,3.0276e-08,1.4641e-08,1.8490000000000001e-09,8.940100000000001e-08,0.000174,0.000121,4.3e-05,0.000299,0.0341,0.000612,2.08e-05,0.0001,2.02e-10,0.00931,0.0364
8300,0.0003903,3.903e-05,3.604e-08,3.0276e-08,1.4641e-08,1.8490000000000001e-09,8.940100000000001e-08,0.000174,0.000121,4.3e-05,0.000299,0.034,0.000611,2.08e-05,0.0001,1.91e-10,0.0093,0.0364
8310,0.0003904,3.904e-05,3.602e-08,3.0276e-08,1.4641e-08,1.8490000000000001e-09,8.940100000000001e-08,0.000174,0.000121,4.3e-05,0.000299,0.034,0.000611,2.08e-05,0.0001,1.55e-10,0.0093,0.0364
8320,0.0003904,3.905e-05,3.599e-08,3.0276e-08,1.4641e-08,1.8490000000000001e-09,8.940100000000001e-08,0.000174,0.000121,4.3e-05,0.000299,0.034,0.00061,2.08e-05,0.0001,1.74e-10,0.00929,0.0364
8330,0.0003905,3.905e-05,3.596e-08,3.0276e-08,1.4641e-08,1.8404099999999999e-09,8.880399999999999e-08,0.000174,0.000121,4.29e-05,0.000298,0.034,0.00061,2.07e-05,0.0001,1.82e-10,0.00929,0.0364
8340,0.0003906,3.906e-05,3.594e-08,3.0276e-08,1.4641e-08,1.8404099999999999e-09,8.880399999999999e-08,0.000174,0.000121,4.29e-05,0.000298,0.034,0.00061,2.07e-05,0.0001,2.01e-10,0.00928,0.0364
8350,0.0003907,3.907e-05,3.591e-08,3.0276e-08,1.4641e-08,1.8404099999999999e-09,8.880399999999999e-08,0.000174,0.000121,4.29e-05,0.000298,0.034,0.000609,2.07e-05,0.0001,1.62e-10,0.00928,0.0364
8360,0.0003907,3.908e-05,3.589e-08,3.0276e-08,1.4400000000000002e-08,1.8404099999999999e-09,8.880399999999999e-08,0.000174,0.00012,4.29e-05,0.000298,0.034,0.000609,2.07e-05,0.0001,1.74e-10,0.00927,0.0364
8370,0.0003908,3.908e-05,3.586e-08,3.0276e-08,1.4400000000000002e-08,1.8318399999999997e-09,8.880399999999999e-08,0.000174,0.00012,4.28e-05,0.000298,0.0339,0.000608,2.06e-05,0.0001,1.72e-10,0.00926,0.0364
8380,0.0003909,3.909e-05,3.583e-08,3.0276e-08,1.4400000000000002e-08,1.8318399999999997e-09,8.880399999999999e-08,0.000174,0.00012,4.28e-05,0.000298,0.0339,0.000608,2.06e-05,0.0001,1.88e-10,0.00926,0.0364
8390,0.000391,3.91e-05,3.581e-08,3.0276e-08,1.4400000000000002e-08,1.8318399999999997e-09,8.880399999999999e-08,0.000174,0.00012,4.28e-05,0.000298,0.0339,0.000607,2.06e-05,0.0001,1.81e-10,0.00925,0.0364
8400,0.000391,3.91e-05,3.578e-08,3.0276e-08,1.4400000000000002e-08,1.8318399999999997e-09,8.8209e-08,0.000174,0.00012,4.28e-05,0.000297,0.0339,0.000607,2.06e-05,0.0001,1.99e-10,0.00925,0.0364
8410,0.0003911,3.911e-05,3.576e-08,3.0276e-08,1.4400000000000002e-08,1.8318399999999997e-09,8.8209e-08,0.000174,0.00012,4.28e-05,0.000297,0.0339,0.000607,2.06e-05,0.0001,1.51e-10,0.00924,0.0364
8420,0.0003912,3.912e-05,3.573e-08,3.0276e-08,1.4400000000000002e-08,1.82329e-09,8.8209e-08,0.000174,0.00012,4.27e-05,0.000297,0.0339,0.000606,2.05e-05,0.0001,1.82e-10,0.00924,0.0364
8430,0.0003913,3.913e-05,3.571e-08,3.0276e-08,1.4400000000000002e-08,1.82329e-09,8.8209e-08,0.000174,0.00012,4.27e-05,0.000297,0.0338,0.000606,2.05e-05,0.0001,1.58e-10,0.00923,0.0364
8440,0.0003913,3.913e-05,3.568e-08,3.0276e-08,1.4400000000000002e-08,1.82329e-09,8.8209e-08,0.000174,0.00012,4.27e-05,0.000297,0.0338,0.000605,2.05e-05,0.0001,1.83e-10,0.00922,0.0364
8450,0.0003914,3.914e-05,3.565e-08,3.0276e-08,1.4400000000000002e-08,1.82329e-09,8.8209e-08,0.000174,0.00012,4.27e-05,0.000297,0.0338,0.000605,2.05e-05,0.0001,2.01e-10,0.00922,0.0364
8460,0.0003915,3.915e-05,3.563e-08,3.0276e-08,1.4400000000000002e-08,1.82329e-09,8.8209e-08,0.000174,0.00012,4.27e-05,0.000297,0.0338,0.000605,2.04e-05,0.0001,2.02e-10,0.00921,0.0364
8470,0.0003916,3.916e-05,3.56e-08,3.0276e-08,1.4400000000000002e-08,1.8147599999999998e-09,8.7616e-08,0.000174,0.00012,4.26e-05,0.000296,0.0338,0.000604,2.04e-05,0.0001,2.07e-10,0.00921,0.0364
8480,0.0003916,3.916e-05,3.558e-08,2.9929e-08,1.4400000000000002e-08,1.8147599999999998e-09,8.7616e-08,0.000173,0.00012,4.26e-05,0.000296,0.0338,0.000604,2.04e-05,0.0001,1.66e-10,0.0092,0.0364
8490,0.0003917,3.917e-05,3.555e-08,2.9929e-08,1.4161000000000002e-08,1.8147599999999998e-09,8.7616e-08,0.000173,0.000119,4.26e-05,0.000296,0.0338,0.000603,2.04e-05,0.0001,1.97e-10,0.0092,0.0364
8500,0.0003918,3.918e-05,3.553e-08,2.9929e-08,1.4161000000000002e-08,1.8147599999999998e-09,8.7616e-08,0.000173,0.000119,4.26e-05,0.000296,0.0337,0.000603,2.03e-05,0.0001,1.89e-10,0.00919,0.0364
8510,0.0003919,3.919e-05,3.55e-08,2.9929e-08,1.4161000000000002e-08,1.8062500000000003e-09,8.7616e-08,0.000173,0.000119,4.25e-05,0.000296,0.0337,0.000602,2.03e-05,0.0001,2.15e-10,0.00919,0.0364
8520,0.0003919,3.919e-05,3.548e-08,2.9929e-08,1.4161000000000002e-08,1.8062500000000003e-09,8.7616e-08,0.000173,0.000119,4.25e-05,0.000296,0.0337,0.000602,2.03e-05,0.0001,1.82e-10,0.00918,0.0364
8530,0.000392,3.92e-05,3.545e-08,2.9929e-08,1.4161000000000002e-08,1.8062500000000003e-09,8.7616e-08,0.000173,0.000119,4.25e-05,0.000296,0.0337,0.000602,2.03e-05,0.0001,2.31e-10,0.00918,0.0364
8540,0.0003921,3.921e-05,3.543e-08,2.9929e-08,1.4161000000000002e-08,1.8062500000000003e-09,8.702500000000001e-08,0.000173,0.000119,4.25e-05,0.000295,0.0337,0.000601,2.03e-05,0.0001,2.21e-10,0.00917,0.0364
8550,0.0003922,3.922e-05,3.54e-08,2.9929e-08,1.4161000000000002e-08,1.8062500000000003e-09,8.702500000000001e-08,0.000173,0.000119,4.25e-05,0.000295,0.0337,0.000601,2.02e-05,0.0001,2.12e-10,0.00916,0.0364
8560,0.0003922,3.922e-05,3.538e-08,2.9929e-08,1.4161000000000002e-08,1.79776e-09,8.702500000000001e-08,0.000173,0.000119,4.24e-05,0.000295,0.0337,0.0006,2.02e-05,0.0001,1.76e-10,0.00916,0.0364
8570,0.0003923,3.923e-05,3.535e-08,2.9929e-08,1.4161000000000002e-08,1.79776e-09,8.702500000000001e-08,0.000173,0.000119,4.24e-05,0.000295,0.0336,0.0006,2.02e-05,0.0001,1.77e-10,0.00915,0.0364
8580,0.0003924,3.924e-05,3.533e-08,2.9929e-08,1.4161000000000002e-08,1.79776e-09,8.702500000000001e-08,0.000173,0.000119,4.24e-05,0.000295,0.0336,0.0006,2.02e-05,0.0001,2.09e-10,0.00915,0.0364
8590,0.0003925,3.925e-05,3.53e-08,2.9929e-08,1.4161000000000002e-08,1.79776e-09,8.702500000000001e-08,0.000173,0.000119,4.24e-05,0.000295,0.0336,0.000599,2.01e-05,0.0001,2.12e-10,0.00914,0.0364
8600,0.0003925,3.926e-05,3.528e-08,2.9929e-08,1.4161000000000002e-08,1.79776e-09,8.702500000000001e-08,0.000173,0.000119,4.24e-05,0.000295,0.0336,0.000599,2.01e-05,0.0001,1.69e-10,0.00914,0.0364
8610,0.0003926,3.926e-05,3.525e-08,2.9929e-08,1.4161000000000002e-08,1.78929e-09,8.6436e-08,0.000173,0.000119,4.23e-05,0.000294,0.0336,0.000598,2.01e-05,0.0001,1.69e-10,0.00913,0.0364
8620,0.0003927,3.927e-05,3.523e-08,2.9929e-08,1.4161000000000002e-08,1.78929e-09,8.6436e-08,0.000173,0.000119,4.23e-05,0.000294,0.0336,0.000598,2.01e-05,0.0001,1.91e-10,0.00913,0.0364
8630,0.0003928,3.928e-05,3.52e-08,2.9929e-08,1.3924e-08,1.78929e-09,8.6436e-08,0.000173,0.000118,4.23e-05,0.000294,0.0336,0.000597,2.01e-05,0.0001,1.94e-10,0.00912,0.0364
8640,0.0003928,3.929e-05,3.518e-08,2.9929e-08,1.3924e-08,1.78929e-09,8.6436e-08,0.000173,0.000118,4.23e-05,0.000294,0.0335,0.000597,2e-05,0.0001,1.84e-10,0.00912,0.0364
8650,0.0003929,3.929e-05,3.515e-08,2.9929e-08,1.3924e-08,1.78929e-09,8.6436e-08,0.000173,0.000118,4.23e-05,0.000294,0.0335,0.000597,2e-05,0.0001,1.76e-10,0.00911,0.0364
8660,0.000393,3.93e-05,3.513e-08,2.9929e-08,1.3924e-08,1.7808400000000002e-09,8.6436e-08,0.000173,0.000118,4.22e-05,0.000294,0.0335,0.000596,2e-05,0.0001,1.56e-10,0.0091,0.0364
8670,0.0003931,3.931e-05,3.511e-08,2.9929e-08,1.3924e-08,1.7808400000000002e-09,8.6436e-08,0.000173,0.000118,4.22e-05,0.000294,0.0335,0.000596,2e-05,0.0001,1.62e-10,0.0091,0.0364
8680,0.0003932,3.932e-05,3.508e-08,2.9929e-08,1.3924e-08,1.7808400000000002e-09,8.6436e-08,0.000173,0.000118,4.22e-05,0.000294,0.0335,0.000595,1.99e-05,0.0001,1.61e-10,0.00909,0.0364
8690,0.0003932,3.932e-05,3.506e-08,2.9929e-08,1.3924e-08,1.7808400000000002e-09,8.584900000000002e-08,0.000173,0.000118,4.22e-05,0.000293,0.0335,0.000595,1.99e-05,0.0001,1.88e-10,0.00909,0.0364
8700,0.0003933,3.933e-05,3.503e-08,2.9584000000000002e-08,1.3924e-08,1.77241e-09,8.584900000000002e-08,0.000172,0.000118,4.21e-05,0.000293,0.0335,0.000595,1.99e-05,0.0001,1.49e-10,0.00908,0.0364
8710,0.0003934,3.934e-05,3.501e-08,2.9584000000000002e-08,1.3924e-08,1.77241e-09,8.584900000000002e-08,0.000172,0.000118,4.21e-05,0.000293,0.0334,0.000594,1.99e-05,0.0001,1.72e-10,0.00908,0.0364
8720,0.0003935,3.935e-05,3.498e-08,2.9584000000000002e-08,1.3924e-08,1.77241e-09,8.584900000000002e-08,0.000172,0.000118,4.21e-05,0.000293,0.0334,0.000594,1.99e-05,0.0001,2.29e-10,0.00907,0.0364
8730,0.0003935,3.935e-05,3.496e-08,2.9584000000000002e-08,1.3924e-08,1.77241e-09,8.584900000000002e-08,0.000172,0.000118,4.21e-05,0.000293,0.0334,0.000593,1.98e-05,0.0001,2.13e-10,0.00907,0.0364
8740,0.0003936,3.936e-05,3.494e-08,2.9584000000000002e-08,1.3924e-08,1.77241e-09,8.584900000000002e-08,0.000172,0.000118,4.21e-05,0.000293,0.0334,0.000593,1.98e-05,0.0001,1.63e-10,0.00906,0.0364
8750,0.0003937,3.937e-05,3.491e-08,2.9584000000000002e-08,1.3924e-08,1.764e-09,8.584900000000002e-08,0.000172,0.000118,4.2e-05,0.000293,0.0334,0.000593,1.98e-05,0.0001,1.71e-10,0.00906,0.0364
8760,0.0003938,3.938e-05,3.489e-08,2.9584000000000002e-08,1.3689e-08,1.764e-09,8.5264e-08,0.000172,0.000117,4.2e-05,0.000292,0.0334,0.000592,1.98e-05,0.0001,1.73e-10,0.00905,0.0364
8770,0.0003938,3.938e-05,3.486e-08,2.9584000000000002e-08,1.3689e-08,1.764e-09,8.5264e-08,0.000172,0.000117,4.2e-05,0.000292,0.0334,0.000592,1.97e-05,0.0001,1.76e-10,0.00905,0.0364
8780,0.0003939,3.939e-05,3.484e-08,2.9584000000000002e-08,1.3689e-08,1.764e-09,8.5264e-08,0.000172,0.000117,4.2e-05,0.000292,0.0333,0.000591,1.97e-05,0.0001,1.81e-10,0.00904,0.0364
8790,0.000394,3.94e-05,3.482e-08,2.9584000000000002e-08,1.3689e-08,1.764e-09,8.5264e-08,0.000172,0.000117,4.2e-05,0.000292,0.0333,0.000591,1.97e-05,0.0001,1.69e-10,0.00904,0.0364
8800,0.0003941,3.941e-05,3.479e-08,2.9584000000000002e-08,1.3689e-08,1.75561e-09,8.5264e-08,0.000172,0.000117,4.19e-05,0.000292,0.0333,0.000591,1.97e-05,0.0001,1.95e-10,0.00903,0.0364
8810,0.0003941,3.942e-05,3.477e-08,2.9584000000000002e-08,1.3689e-08,1.75561e-09,8.5264e-08,0.000172,0.000117,4.19e-05,0.000292,0.0333,0.00059,1.97e-05,0.0001,1.63e-10,0.00903,0.0364
8820,0.0003942,3.942e-05,3.474e-08,2.9584000000000002e-08,1.3689e-08,1.75561e-09,8.5264e-08,0.000172,0.000117,4.19e-05,0.000292,0.0333,0.00059,1.96e-05,0.0001,1.77e-10,0.00902,0.0364
8830,0.0003943,3.943e-05,3.472e-08,2.9584000000000002e-08,1.3689e-08,1.75561e-09,8.468100000000002e-08,0.000172,0.000117,4.19e-05,0.000291,0.0333,0.00059,1.96e-05,0.0001,1.73e-10,0.00902,0.0364
8840,0.0003944,3.944e-05,3.47e-08,2.9584000000000002e-08,1.3689e-08,1.75561e-09,8.468100000000002e-08,0.000172,0.000117,4.19e-05,0.000291,0.0333,0.000589,1.96e-05,0.0001,1.63e-10,0.00901,0.0364
8850,0.0003945,3.945e-05,3.467e-08,2.9584000000000002e-08,1.3689e-08,1.74724e-09,8.468100000000002e-08,0.000172,0.000117,4.18e-05,0.000291,0.0332,0.000589,1.96e-05,0.0001,1.6e-10,0.009,0.0364
8860,0.0003945,3.945e-05,3.465e-08,2.9584000000000002e-08,1.3689e-08,1.74724e-09,8.468100000000002e-08,0.000172,0.000117,4.18e-05,0.000291,0.0332,0.000588,1.95e-05,0.0001,1.55e-10,0.009,0.0364
8870,0.0003946,3.946e-05,3.463e-08,2.9584000000000002e-08,1.3689e-08,1.74724e-09,8.468100000000002e-08,0.000172,0.000117,4.18e-05,0.000291,0.0332,0.000588,1.95e-05,0.0001,1.71e-10,0.00899,0.0364
8880,0.0003947,3.947e-05,3.46e-08,2.9584000000000002e-08,1.3689e-08,1.74724e-09,8.468100000000002e-08,0.000172,0.000117,4.18e-05,0.000291,0.0332,0.000588,1.95e-05,0.0001,2.45e-10,0.00899,0.0364
8890,0.0003948,3.948e-05,3.458e-08,2.9584000000000002e-08,1.3689e-08,1.74724e-09,8.468100000000002e-08,0.000172,0.000117,4.18e-05,0.000291,0.0332,0.000587,1.95e-05,0.0001,1.89e-10,0.00898,0.0364
8900,0.0003948,3.948e-05,3.455e-08,2.9584000000000002e-08,1.3456e-08,1.7388899999999998e-09,8.468100000000002e-08,0.000172,0.000116,4.17e-05,0.000291,0.0332,0.000587,1.95e-05,0.0001,1.55e-10,0.00898,0.0364
8910,0.0003949,3.949e-05,3.453e-08,2.9584000000000002e-08,1.3456e-08,1.7388899999999998e-09,8.41e-08,0.000172,0.000116,4.17e-05,0.00029,0.0332,0.000586,1.94e-05,0.0001,1.93e-10,0.00897,0.0364
8920,0.000395,3.95e-05,3.451e-08,2.9584000000000002e-08,1.3456e-08,1.7388899999999998e-09,8.41e-08,0.000172,0.000116,4.17e-05,0.00029,0.0331,0.000586,1.94e-05,0.0001,1.61e-10,0.00897,0.0364
8930,0.0003951,3.951e-05,3.448e-08,2.9241000000000004e-08,1.3456e-08,1.7388899999999998e-09,8.41e-08,0.000171,0.000116,4.17e-05,0.00029,0.0331,0.000586,1.94e-05,0.0001,1.91e-10,0.00896,0.0364
8940,0.0003951,3.952e-05,3.446e-08,2.9241000000000004e-08,1.3456e-08,1.7388899999999998e-09,8.41e-08,0.000171,0.000116,4.17e-05,0.00029,0.0331,0.000585,1.94e-05,0.0001,1.56e-10,0.00896,0.0364
8950,0.0003952,3.952e-05,3.444e-08,2.9241000000000004e-08,1.3456e-08,1.73056e-09,8.41e-08,0.000171,0.000116,4.16e-05,0.00029,0.0331,0.000585,1.94e-05,0.0001,1.99e-10,0.00895,0.0364
8960,0.0003953,3.953e-05,3.441e-08,2.9241000000000004e-08,1.3456e-08,1.73056e-09,8.41e-08,0.000171,0.000116,4.16e-05,0.00029,0.0331,0.000584,1.93e-05,0.0001,1.58e-10,0.00895,0.0364
8970,0.0003954,3.954e-05,3.439e-08,2.9241000000000004e-08,1.3456e-08,1.73056e-09,8.41e-08,0.000171,0.000116,4.16e-05,0.00029,0.0331,0.000584,1.93e-05,0.0001,1.66e-10,0.00894,0.0364
8980,0.0003955,3.955e-05,3.437e-08,2.9241000000000004e-08,1.3456e-08,1.73056e-09,8.352099999999998e-08,0.000171,0.000116,4.16e-05,0.000289,0.0331,0.000584,1.93e-05,0.0001,1.9e-10,0.00894,0.0364
8990,0.0003955,3.955e-05,3.435e-08,2.9241000000000004e-08,1.3456e-08,1.73056e-09,8.352099999999998e-08,0.000171,0.000116,4.16e-05,0.000289,0.033,0.000583,1.93e-05,0.0001,1.43e-10,0.00893,0.0364
9000,0.0003956,3.956e-05,3.432e-08,2.9241000000000004e-08,1.3456e-08,1.72225e-09,8.352099999999998e-08,0.000171,0.000116,4.15e-05,0.000289,0.033,0.000583,1.93e-05,0.0001,2.09e-10,0.00893,0.0364
9010,0.0003957,3.957e-05,3.43e-08,2.9241000000000004e-08,1.3456e-08,1.72225e-09,8.352099999999998e-08,0.000171,0.000116,4.15e-05,0.000289,0.033,0.000583,1.92e-05,0.0001,2.05e-10,0.00892,0.0364
9020,0.0003958,3.958e-05,3.428e-08,2.9241000000000004e-08,1.3456e-08,1.72225e-09,8.352099999999998e-08,0.000171,0.000116,4.15e-05,0.000289,0.033,0.000582,1.92e-05,0.0001,1.84e-10,0.00892,0.0364
9030,0.0003958,3.958e-05,3.425e-08,2.9241000000000004e-08,1.3456e-08,1.72225e-09,8.352099999999998e-08,0.000171,0.000116,4.15e-05,0.000289,0.033,0.000582,1.92e-05,0.0001,1.91e-10,0.00891,0.0364
9040,0.0003959,3.959e-05,3.423e-08,2.9241000000000004e-08,1.3225000000000001e-08,1.72225e-09,8.352099999999998e-08,0.000171,0.000115,4.15e-05,0.000289,0.033,0.000581,1.92e-05,0.0001,2.01e-10,0.00891,0.0364
9050,0.000396,3.96e-05,3.421e-08,2.9241000000000004e-08,1.3225000000000001e-08,1.7139599999999997e-09,8.352099999999998e-08,0.000171,0.000115,4.14e-05,0.000289,0.033,0.000581,1.91e-05,0.0001,1.86e-10,0.0089,0.0364
9060,0.0003961,3.961e-05,3.418e-08,2.9241000000000004e-08,1.3225000000000001e-08,1.7139599999999997e-09,8.2944e-08,0.000171,0.000115,4.14e-05,0.000288,0.0329,0.000581,1.91e-05,0.0001,1.97e-10,0.0089,0.0364
9070,0.0003962,3.962e-05,3.416e-08,2.9241000000000004e-08,1.3225000000000001e-08,1.7139599999999997e-09,8.2944e-08,0.000171,0.000115,4.14e-05,0.000288,0.0329,0.00058,1.91e-05,0.0001,1.6e-10,0.00889,0.0364
9080,0.0003962,3.962e-05,3.414e-08,2.9241000000000004e-08,1.3225000000000001e-08,1.7139599999999997e-09,8.2944e-08,0.000171,0.000115,4.14e-05,0.000288,0.0329,0.000638,2.1e-05,0.0001,2e-10,0.00889,0.0364
9090,0.0003963,3.963e-05,3.411e-08,2.9241000000000004e-08,1.3225000000000001e-08,1.7139599999999997e-09,8.2944e-08,0.000171,0.000115,4.14e-05,0.000288,0.0329,0.000638,2.1e-05,0.0001,2.05e-10,0.00888,0.0364
9100,0.0003964,3.964e-05,3.409e-08,2.9241000000000004e-08,1.3225000000000001e-08,1.7056900000000001e-09,8.2944e-08,0.000171,0.000115,4.13e-05,0.000288,0.0329,0.000637,2.09e-05,0.0001,1.83e-10,0.00888,0.0364
9110,0.0003965,3.965e-05,3.406e-08,2.9241000000000004e-08,1.3225000000000001e-08,1.7056900000000001e-09,8.2944e-08,0.000171,0.000115,4.13e-05,0.000288,0.0329,0.000637,2.09e-05,0.0001,1.64e-10,0.00887,0.0364
9120,0.0003966,3.966e-05,3.404e-08,2.9241000000000004e-08,1.3225000000000001e-08,1.7056900000000001e-09,8.2944e-08,0.000171,0.000115,4.13e-05,0.000288,0.0328,0.000636,2.09e-05,0.0001,1.96e-10,0.00887,0.0364
9130,0.0003967,3.967e-05,3.401e-08,2.9241000000000004e-08,1.3225000000000001e-08,1.7056900000000001e-09,8.236899999999999e-08,0.000171,0.000115,4.13e-05,0.000287,0.0328,0.000636,2.09e-05,0.0001,1.67e-10,0.00886,0.0364
9140,0.0003967,3.968e-05,3.399e-08,2.9241000000000004e-08,1.3225000000000001e-08,1.6974399999999999e-09,8.236899999999999e-08,0.000171,0.000115,4.12e-05,0.000287,0.0328,0.000635,2.09e-05,0.0001,1.53e-10,0.00886,0.0364
9150,0.0003968,3.968e-05,3.396e-08,2.9241000000000004e-08,1.3225000000000001e-08,1.6974399999999999e-09,8.236899999999999e-08,0.000171,0.000115,4.12e-05,0.000287,0.0328,0.000635,2.08e-05,0.0001,1.47e-10,0.00885,0.0364
9160,0.0003969,3.969e-05,3.394e-08,2.8900000000000004e-08,1.3225000000000001e-08,1.6974399999999999e-09,8.236899999999999e-08,0.00017,0.000115,4.12e-05,0.000287,0.0328,0.000635,2.08e-05,0.0001,1.67e-10,0.00884,0.0364
9170,0.000397,3.97e-05,3.392e-08,2.8900000000000004e-08,1.3225000000000001e-08,1.6974399999999999e-09,8.236899999999999e-08,0.00017,0.000115,4.12e-05,0.000287,0.0328,0.000634,2.08e-05,0.0001,1.53e-10,0.00884,0.0364
9180,0.0003971,3.971e-05,3.389e-08,2.8900000000000004e-08,1.2996000000000001e-08,1.6974399999999999e-09,8.236899999999999e-08,0.00017,0.000114,4.12e-05,0.000287,0.0328,0.000634,2.08e-05,0.0001,1.61e-10,0.00883,0.0364
9190,0.0003972,3.972e-05,3.387e-08,2.8900000000000004e-08,1.2996000000000001e-08,1.6892100000000002e-09,8.236899999999999e-08,0.00017,0.000114,4.11e-05,0.000287,0.0327,0.000633,2.07e-05,0.0001,1.75e-10,0.00883,0.0364
9200,0.0003973,3.973e-05,3.384e-08,2.8900000000000004e-08,1.2996000000000001e-08,1.6892100000000002e-09,8.179600000000001e-08,0.00017,0.000114,4.11e-05,0.000286,0.0327,0.000633,2.07e-05,0.0001,1.96e-10,0.00882,0.0364
9210,0.0003973,3.974e-05,3.382e-08,2.8900000000000004e-08,1.2996000000000001e-08,1.6892100000000002e-09,8.179600000000001e-08,0.00017,0.000114,4.11e-05,0.000286,0.0327,0.000633,2.07e-05,0.0001,2.02e-10,0.00882,0.0364
9220,0.0003974,3.974e-05,3.379e-08,2.8900000000000004e-08,1.2996000000000001e-08,1.6892100000000002e-09,8.179600000000001e-08,0.00017,0.000114,4.11e-05,0.000286,0.0327,0.000632,2.07e-05,0.0001,1.85e-10,0.00881,0.0364
9230,0.0003975,3.975e-05,3.377e-08,2.8900000000000004e-08,1.2996000000000001e-08,1.6892100000000002e-09,8.179600000000001e-08,0.00017,0.000114,4.11e-05,0.000286,0.0327,0.000632,2.06e-05,0.0001,1.76e-10,0.00881,0.0364
9240,0.0003976,3.976e-05,3.374e-08,2.8900000000000004e-08,1.2996000000000001e-08,1.681e-09,8.179600000000001e-08,0.00017,0.000114,4.1e-05,0.000286,0.0327,0.000631,2.06e-05,0.0001,1.69e-10,0.0088,0.0364
9250,0.0003977,3.977e-05,3.372e-08,2.8900000000000004e-08,1.2996000000000001e-08,1.681e-09,8.179600000000001e-08,0.00017,0.000114,4.1e-05,0.000286,0.0326,0.000631,2.06e-05,0.0001,1.97e-10,0.0088,0.0364
9260,0.0003978,3.978e-05,3.37e-08,2.8900000000000004e-08,1.2996000000000001e-08,1.681e-09,8.179600000000001e-08,0.00017,0.000114,4.1e-05,0.000286,0.0326,0.000631,2.06e-05,0.0001,2.2e-10,0.00879,0.0364
9270,0.0003979,3.979e-05,3.367e-08,2.8900000000000004e-08,1.2996000000000001e-08,1.681e-09,8.122499999999999e-08,0.00017,0.000114,4.1e-05,0.000285,0.0326,0.00063,2.06e-05,0.0001,2.19e-10,0.00879,0.0364
9280,0.0003979,3.98e-05,3.365e-08,2.8900000000000004e-08,1.2996000000000001e-08,1.67281e-09,8.122499999999999e-08,0.00017,0.000114,4.09e-05,0.000285,0.0326,0.00063,2.05e-05,0.0001,2.32e-10,0.00878,0.0364
9290,0.000398,3.98e-05,3.362e-08,2.8900000000000004e-08,1.2996000000000001e-08,1.67281e-09,8.122499999999999e-08,0.00017,0.000114,4.09e-05,0.000285,0.0326,0.000629,2.05e-05,0.0001,1.82e-10,0.00878,0.0364
9300,0.0003981,3.981e-05,3.36e-08,2.8900000000000004e-08,1.2996000000000001e-08,1.67281e-09,8.122499999999999e-08,0.00017,0.000114,4.09e-05,0.000285,0.0326,0.000629,2.05e-05,0.0001,2.02e-10,0.00877,0.0364
9310,0.0003982,3.982e-05,3.358e-08,2.8900000000000004e-08,1.2768999999999998e-08,1.67281e-09,8.122499999999999e-08,0.00017,0.000113,4.09e-05,0.000285,0.0326,0.000629,2.05e-05,0.0001,1.48e-10,0.00876,0.0364
9320,0.0003983,3.983e-05,3.355e-08,2.8900000000000004e-08,1.2768999999999998e-08,1.67281e-09,8.122499999999999e-08,0.00017,0.000113,4.09e-05,0.000285,0.0325,0.000628,2.04e-05,0.0001,1.57e-10,0.00876,0.0364
9330,0.0003984,3.984e-05,3.353e-08,2.8900000000000004e-08,1.2768999999999998e-08,1.6646400000000002e-09,8.122499999999999e-08,0.00017,0.000113,4.08e-05,0.000285,0.0325,0.000628,2.04e-05,0.0001,2e-10,0.00875,0.0364
9340,0.0003985,3.985e-05,3.35e-08,2.8900000000000004e-08,1.2768999999999998e-08,1.6646400000000002e-09,8.122499999999999e-08,0.00017,0.000113,4.08e-05,0.000285,0.0325,0.000627,2.04e-05,0.0001,1.71e-10,0.00875,0.0364
9350,0.0003986,3.986e-05,3.348e-08,2.8900000000000004e-08,1.2768999999999998e-08,1.6646400000000002e-09,8.0656e-08,0.00017,0.000113,4.08e-05,0.000284,0.0325,0.000627,2.04e-05,0.0001,1.71e-10,0.00874,0.0364
9360,0.0003986,3.986e-05,3.346e-08,2.8900000000000004e-08,1.2768999999999998e-08,1.6646400000000002e-09,8.0656e-08,0.00017,0.000113,4.08e-05,0.000284,0.0325,0.000627,2.04e-05,0.0001,1.51e-10,0.00874,0.0364
9370,0.0003987,3.987e-05,3.343e-08,2.8900000000000004e-08,1.2768999999999998e-08,1.6646400000000002e-09,8.0656e-08,0.00017,0.000113,4.08e-05,0.000284,0.0325,0.000626,2.03e-05,0.0001,1.97e-10,0.00873,0.0364
9380,0.0003988,3.988e-05,3.341e-08,2.8900000000000004e-08,1.2768999999999998e-08,1.65649e-09,8.0656e-08,0.00017,0.000113,4.07e-05,0.000284,0.0324,0.000626,2.03e-05,0.0001,1.67e-10,0.00873,0.0364
9390,0.0003989,3.989e-05,3.338e-08,2.8560999999999997e-08,1.2768999999999998e-08,1.65649e-09,8.0656e-08,0.000169,0.000113,4.07e-05,0.000284,0.0324,0.000625,2.03e-05,0.0001,1.53e-10,0.00872,0.0364
9400,0.000399,3.99e-05,3.336e-08,2.8560999999999997e-08,1.2768999999999998e-08,1.65649e-09,8.0656e-08,0.000169,0.000113,4.07e-05,0.000284,0.0324,0.000625,2.03e-05,0.0001,1.58e-10,0.00872,0.0364
9410,0.0003991,3.991e-05,3.334e-08,2.8560999999999997e-08,1.2768999999999998e-08,1.65649e-09,8.0656e-08,0.000169,0.000113,4.07e-05,0.000284,0.0324,0.000625,2.02e-05,0.0001,1.67e-10,0.00871,0.0364
9420,0.0003992,3.992e-05,3.331e-08,2.8560999999999997e-08,1.2768999999999998e-08,1.65649e-09,8.0089e-08,0.000169,0.000113,4.07e-05,0.000283,0.0324,0.000624,2.02e-05,0.0001,1.54e-10,0.00871,0.0364
9430,0.0003992,3.993e-05,3.329e-08,2.8560999999999997e-08,1.2768999999999998e-08,1.6483599999999999e-09,8.0089e-08,0.000169,0.000113,4.06e-05,0.000283,0.0324,0.000624,2.02e-05,0.0001,1.77e-10,0.0087,0.0364
9440,0.0003993,3.993e-05,3.327e-08,2.8560999999999997e-08,1.2768999999999998e-08,1.6483599999999999e-09,8.0089e-08,0.000169,0.000113,4.06e-05,0.000283,0.0324,0.000624,2.02e-05,0.0001,1.7e-10,0.0087,0.0364
9450,0.0003994,3.994e-05,3.324e-08,2.8560999999999997e-08,1.2544e-08,1.6483599999999999e-09,8.0089e-08,0.000169,0.000112,4.06e-05,0.000283,0.0323,0.000623,2.02e-05,0.0001,1.89e-10,0.00869,0.0364
9460,0.0003995,3.995e-05,3.322e-08,2.8560999999999997e-08,1.2544e-08,1.6483599999999999e-09,8.0089e-08,0.000169,0.000112,4.06e-05,0.000283,0.0323,0.000623,2.01e-05,0.0001,2.05e-10,0.00869,0.0364
9470,0.0003996,3.996e-05,3.32e-08,2.8560999999999997e-08,1.2544e-08,1.6483599999999999e-09,8.0089e-08,0.000169,0.000112,4.06e-05,0.000283,0.0323,0.000622,2.01e-05,0.0001,1.88e-10,0.00868,0.0364
9480,0.0003997,3.997e-05,3.317e-08,2.8560999999999997e-08,1.2544e-08,1.6402500000000002e-09,8.0089e-08,0.000169,0.000112,4.05e-05,0.000283,0.0323,0.000622,2.01e-05,0.0001,1.67e-10,0.00868,0.0364
9490,0.0003998,3.998e-05,3.315e-08,2.8560999999999997e-08,1.2544e-08,1.6402500000000002e-09,7.952400000000002e-08,0.000169,0.000112,4.05e-05,0.000282,0.0323,0.000622,2.01e-05,0.0001,1.8e-10,0.00867,0.0364
9500,0.0003999,3.999e-05,3.313e-08,2.8560999999999997e-08,1.2544e-08,1.6402500000000002e-09,7.952400000000002e-08,0.000169,0.000112,4.05e-05,0.000282,0.0323,0.000621,2e-05,0.0001,1.72e-10,0.00867,0.0364
9510,0.0003999,3.999e-05,3.31e-08,2.8560999999999997e-08,1.2544e-08,1.6402500000000002e-09,7.952400000000002e-08,0.000169,0.000112,4.05e-05,0.000282,0.0323,0.000621,2e-05,0.0001,2.19e-10,0.00866,0.0364
9520,0.0004,4e-05,3.308e-08,2.8560999999999997e-08,1.2544e-08,1.6321599999999999e-09,7.952400000000002e-08,0.000169,0.000112,4.04e-05,0.000282,0.0322,0.00062,2e-05,0.0001,1.39e-10,0.00866,0.0364
9530,0.0004001,4.001e-05,3.306e-08,2.8560999999999997e-08,1.2544e-08,1.6321599999999999e-09,7.952400000000002e-08,0.000169,0.000112,4.04e-05,0.000282,0.0322,0.00062,2e-05,0.0001,2.07e-10,0.00865,0.0364
9540,0.0004002,4.002e-05,3.304e-08,2.8560999999999997e-08,1.2544e-08,1.6321599999999999e-09,7.952400000000002e-08,0.000169,0.000112,4.04e-05,0.000282,0.0322,0.00062,2e-05,0.0001,1.77e-10,0.00865,0.0364
9550,0.0004003,4.003e-05,3.301e-08,2.8560999999999997e-08,1.2544e-08,1.6321599999999999e-09,7.952400000000002e-08,0.000169,0.000112,4.04e-05,0.000282,0.0322,0.000619,1.99e-05,0.0001,2.1e-10,0.00864,0.0364
9560,0.0004004,4.004e-05,3.299e-08,2.8560999999999997e-08,1.2544e-08,1.6321599999999999e-09,7.952400000000002e-08,0.000169,0.000112,4.04e-05,0.000282,0.0322,0.000619,1.99e-05,0.0001,1.52e-10,0.00864,0.0364
9570,0.0004005,4.005e-05,3.297e-08,2.8560999999999997e-08,1.2544e-08,1.6240899999999997e-09,7.8961e-08,0.000169,0.000112,4.03e-05,0.000281,0.0322,0.000619,1.99e-05,0.0001,1.51e-10,0.00863,0.0364
9580,0.0004005,4.006e-05,3.294e-08,2.8560999999999997e-08,1.2544e-08,1.6240899999999997e-09,7.8961e-08,0.000169,0.000112,4.03e-05,0.000281,0.0321,0.000618,1.99e-05,0.0001,1.66e-10,0.00863,0.0364
9590,0.0004006,4.006e-05,3.292e-08,2.8560999999999997e-08,1.2321e-08,1.6240899999999997e-09,7.8961e-08,0.000169,0.000111,4.03e-05,0.000281,0.0321,0.000618,1.98e-05,0.0001,1.79e-10,0.00862,0.0364
9600,0.0004007,4.007e-05,3.29e-08,2.8560999999999997e-08,1.2321e-08,1.6240899999999997e-09,7.8961e-08,0.000169,0.000111,4.03e-05,0.000281,0.0321,0.000617,1.98e-05,0.0001,1.96e-10,0.00862,0.0364
9610,0.0004008,4.008e-05,3.287e-08,2.8560999999999997e-08,1.2321e-08,1.6240899999999997e-09,7.8961e-08,0.000169,0.000111,4.03e-05,0.000281,0.0321,0.000617,1.98e-05,0.0001,2.09e-10,0.00861,0.0364
9620,0.0004009,4.009e-05,3.285e-08,2.8224e-08,1.2321e-08,1.6160400000000001e-09,7.8961e-08,0.000168,0.000111,4.02e-05,0.000281,0.0321,0.000617,1.98e-05,0.0001,1.8e-10,0.00861,0.0364
9630,0.000401,4.01e-05,3.283e-08,2.8224e-08,1.2321e-08,1.6160400000000001e-09,7.8961e-08,0.000168,0.000111,4.02e-05,0.000281,0.0321,0.000616,1.98e-05,0.0001,1.75e-10,0.0086,0.0364
9640,0.0004011,4.011e-05,3.281e-08,2.8224e-08,1.2321e-08,1.6160400000000001e-09,7.839999999999999e-08,0.000168,0.000111,4.02e-05,0.00028,0.0321,0.000616,1.97e-05,0.0001,1.87e-10,0.0086,0.0364
9650,0.0004012,4.012e-05,3.278e-08,2.8224e-08,1.2321e-08,1.6160400000000001e-09,7.839999999999999e-08,0.000168,0.000111,4.02e-05,0.00028,0.032,0.000616,1.97e-05,0.0001,1.8e-10,0.00859,0.0364
9660,0.0004012,4.013e-05,3.276e-08,2.8224e-08,1.2321e-08,1.6160400000000001e-09,7.839999999999999e-08,0.000168,0.000111,4.02e-05,0.00028,0.032,0.000615,1.97e-05,0.0001,1.99e-10,0.00859,0.0364
9670,0.0004013,4.013e-05,3.274e-08,2.8224e-08,1.2321e-08,1.60801e-09,7.839999999999999e-08,0.000168,0.000111,4.01e-05,0.00028,0.032,0.000615,1.97e-05,0.0001,1.69e-10,0.00858,0.0364
9680,0.0004014,4.014e-05,3.272e-08,2.8224e-08,1.2321e-08,1.60801e-09,7.839999999999999e-08,0.000168,0.000111,4.01e-05,0.00028,0.032,0.000614,1.97e-05,0.0001,2.28e-10,0.00858,0.0364
9690,0.0004015,4.015e-05,3.269e-08,2.8224e-08,1.2321e-08,1.60801e-09,7.839999999999999e-08,0.000168,0.000111,4.01e-05,0.00028,0.032,0.000614,1.96e-05,0.0001,1.78e-10,0.00857,0.0364
9700,0.0004016,4.016e-05,3.267e-08,2.8224e-08,1.2321e-08,1.60801e-09,7.839999999999999e-08,0.000168,0.000111,4.01e-05,0.00028,0.032,0.000614,1.96e-05,0.0001,1.86e-10,0.00857,0.0364
9710,0.0004017,4.017e-05,3.265e-08,2.8224e-08,1.2321e-08,1.60801e-09,7.839999999999999e-08,0.000168,0.000111,4.01e-05,0.00028,0.0319,0.000613,1.96e-05,0.0001,1.95e-10,0.00856,0.0364
9720,0.0004018,4.018e-05,3.263e-08,2.8224e-08,1.2321e-08,1.6000000000000003e-09,7.7841e-08,0.000168,0.000111,4e-05,0.000279,0.0319,0.000613,1.96e-05,0.0001,1.96e-10,0.00856,0.0364
9730,0.0004019,4.019e-05,3.261e-08,2.8224e-08,1.2321e-08,1.6000000000000003e-09,7.7841e-08,0.000168,0.000111,4e-05,0.000279,0.0319,0.000613,1.96e-05,0.0001,1.8e-10,0.00855,0.0364
9740,0.0004019,4.02e-05,3.258e-08,2.8224e-08,1.21e-08,1.6000000000000003e-09,7.7841e-08,0.000168,0.00011,4e-05,0.000279,0.0319,0.000612,1.95e-05,0.0001,1.6e-10,0.00855,0.0364
9750,0.000402,4.02e-05,3.256e-08,2.8224e-08,1.21e-08,1.6000000000000003e-09,7.7841e-08,0.000168,0.00011,4e-05,0.000279,0.0319,0.000612,1.95e-05,0.0001,1.95e-10,0.00854,0.0364
9760,0.0004021,4.021e-05,3.254e-08,2.8224e-08,1.21e-08,1.6000000000000003e-09,7.7841e-08,0.000168,0.00011,4e-05,0.000279,0.0319,0.000611,1.95e-05,0.0001,1.86e-10,0.00854,0.0364
9770,0.0004022,4.022e-05,3.252e-08,2.8224e-08,1.21e-08,1.59201e-09,7.7841e-08,0.000168,0.00011,3.99e-05,0.000279,0.0319,0.000611,1.95e-05,0.0001,1.84e-10,0.00853,0.0364
9780,0.0004023,4.023e-05,3.249e-08,2.8224e-08,1.21e-08,1.59201e-09,7.7841e-08,0.000168,0.00011,3.99e-05,0.000279,0.0318,0.000611,1.94e-05,0.0001,1.67e-10,0.00853,0.0364
9790,0.0004024,4.024e-05,3.247e-08,2.8224e-08,1.21e-08,1.59201e-09,7.728399999999999e-08,0.000168,0.00011,3.99e-05,0.000278,0.0318,0.00061,1.94e-05,0.0001,1.86e-10,0.00852,0.0364
9800,0.0004025,4.025e-05,3.245e-08,2.8224e-08,1.21e-08,1.59201e-09,7.728399999999999e-08,0.000168,0.00011,3.99e-05,0.000278,0.0318,0.00061,1.94e-05,0.0001,1.83e-10,0.00852,0.0364
9810,0.0004026,4.026e-05,3.243e-08,2.8224e-08,1.21e-08,1.59201e-09,7.728399999999999e-08,0.000168,0.00011,3.99e-05,0.000278,0.0318,0.00061,1.94e-05,0.0001,1.48e-10,0.00851,0.0364
9820,0.0004026,4.027e-05,3.241e-08,2.8224e-08,1.21e-08,1.5840399999999998e-09,7.728399999999999e-08,0.000168,0.00011,3.98e-05,0.000278,0.0318,0.000609,1.94e-05,0.0001,1.73e-10,0.00851,0.0364
9830,0.0004027,4.027e-05,3.238e-08,2.8224e-08,1.21e-08,1.5840399999999998e-09,7.728399999999999e-08,0.000168,0.00011,3.98e-05,0.000278,0.0318,0.000609,1.93e-05,0.0001,1.49e-10,0.0085,0.0364
9840,0.0004028,4.028e-05,3.236e-08,2.8224e-08,1.21e-08,1.5840399999999998e-09,7.728399999999999e-08,0.000168,0.00011,3.98e-05,0.000278,0.0318,0.000609,1.93e-05,0.0001,1.99e-10,0.0085,0.0364
9850,0.0004029,4.029e-05,3.234e-08,2.8224e-08,1.21e-08,1.5840399999999998e-09,7.728399999999999e-08,0.000168,0.00011,3.98e-05,0.000278,0.0317,0.000608,1.93e-05,0.0001,1.8e-10,0.00849,0.0364
9860,0.000403,4.03e-05,3.232e-08,2.7889e-08,1.21e-08,1.5840399999999998e-09,7.728399999999999e-08,0.000167,0.00011,3.98e-05,0.000278,0.0317,0.000608,1.93e-05,0.0001,1.57e-10,0.00849,0.0364
9870,0.0004031,4.031e-05,3.23e-08,2.7889e-08,1.21e-08,1.5760900000000003e-09,7.672900000000001e-08,0.000167,0.00011,3.97e-05,0.000277,0.0317,0.000607,1.93e-05,0.0001,1.57e-10,0.00848,0.0364
9880,0.0004032,4.032e-05,3.228e-08,2.7889e-08,1.1881e-08,1.5760900000000003e-09,7.672900000000001e-08,0.000167,0.000109,3.97e-05,0.000277,0.0317,0.000607,1.92e-05,0.0001,2.1e-10,0.00848,0.0364
9890,0.0004033,4.033e-05,3.225e-08,2.7889e-08,1.1881e-08,1.5760900000000003e-09,7.672900000000001e-08,0.000167,0.000109,3.97e-05,0.000277,0.0317,0.000607,1.92e-05,0.0001,1.91e-10,0.00847,0.0364
9900,0.0004033,4.034e-05,3.223e-08,2.7889e-08,1.1881e-08,1.5760900000000003e-09,7.672900000000001e-08,0.000167,0.000109,3.97e-05,0.000277,0.0317,0.000606,1.92e-05,0.0001,1.39e-10,0.00847,0.0364
9910,0.0004034,4.034e-05,3.221e-08,2.7889e-08,1.1881e-08,1.5760900000000003e-09,7.672900000000001e-08,0.000167,0.000109,3.97e-05,0.000277,0.0317,0.000606,1.92e-05,0.0001,1.72e-10,0.00846,0.0364
9920,0.0004035,4.035e-05,3.219e-08,2.7889e-08,1.1881e-08,1.56816e-09,7.672900000000001e-08,0.000167,0.000109,3.96e-05,0.000277,0.0316,0.000606,1.92e-05,0.0001,1.46e-10,0.00846,0.0364
9930,0.0004036,4.036e-05,3.217e-08,2.7889e-08,1.1881e-08,1.56816e-09,7.672900000000001e-08,0.000167,0.000109,3.96e-05,0.000277,0.0316,0.000605,1.91e-05,0.0001,1.68e-10,0.00846,0.0364
9940,0.0004037,4.037e-05,3.215e-08,2.7889e-08,1.1881e-08,1.56816e-09,7.672900000000001e-08,0.000167,0.000109,3.96e-05,0.000277,0.0316,0.000605,1.91e-05,0.0001,1.58e-10,0.00845,0.0364
9950,0.0004038,4.038e-05,3.212e-08,2.7889e-08,1.1881e-08,1.56816e-09,7.617599999999999e-08,0.000167,0.000109,3.96e-05,0.000276,0.0316,0.000605,1.91e-05,0.0001,2.09e-10,0.00845,0.0364
9960,0.0004039,4.039e-05,3.21e-08,2.7889e-08,1.1881e-08,1.56816e-09,7.617599999999999e-08,0.000167,0.000109,3.96e-05,0.000276,0.0316,0.000604,1.91e-05,0.0001,1.74e-10,0.00844,0.0364
9970,0.000404,4.04e-05,3.208e-08,2.7889e-08,1.1881e-08,1.56816e-09,7.617599999999999e-08,0.000167,0.000109,3.96e-05,0.000276,0.0316,0.000604,1.91e-05,0.0001,1.55e-10,0.00844,0.0364
9980,0.000404,4.041e-05,3.206e-08,2.7889e-08,1.1881e-08,1.5602499999999999e-09,7.617599999999999e-08,0.000167,0.000109,3.95e-05,0.000276,0.0315,0.000603,1.9e-05,0.0001,2.05e-10,0.00843,0.0364
9990,0.0004041,4.041e-05,3.204e-08,2.7889e-08,1.1881e-08,1.5602499999999999e-09,7.617599999999999e-08,0.000167,0.000109,3.95e-05,0.000276,0.0315,0.000603,1.9e-05,0.0001,1.79e-10,0.00843,0.0364
10000,0.0004042,4.042e-05,3.202e-08,2.7889e-08,1.1881e-08,1.5602499999999999e-09,7.617599999999999e-08,0.000167,0.000109,3.95e-05,0.000276,0.0315,0.000603,1.9e-05,0.0001,1.67e-10,0.00842,0.0364
