iter,obj_mse_weighted,obj_mse,feas_mse,pde_con_mse,bcv_mse,bcd_mse,ic_mse,station,tau,alpha,beta,kkt_res,d_inf,d_l2
10,0.2664,0.026640000000000004,0.2429,0.273529,0.094864,0.1936,0.24009999999999998,5.357,0.4576036,0.00748,0.971,0.46,5.36,28.7
20,0.1912,0.01912,0.176,0.195364,0.07728400000000002,0.12744899999999998,0.18576099999999998,6.166,0.4576036,0.0129,0.944,0.25,6.17,19.6
30,0.1574,0.01574,0.1437,0.16080100000000003,0.06916900000000001,0.0961,0.1444,5.533,0.4576036,0.00943,0.92,0.23,5.53,20.7
40,0.126,0.0126,0.1155,0.131044,0.0576,0.07952399999999998,0.11764900000000002,3.799,0.4576036,0.0148,0.896,0.21,3.8,15.9
50,0.09884,0.009884,0.09163,0.10048900000000001,0.046224999999999995,0.064516,0.096721,5.559,0.4576036,0.00674,0.875,0.24,5.56,22.2
60,0.08403,0.008402999999999999,0.07802,0.08526399999999999,0.043264,0.057121,0.08179599999999998,3.017,0.4576036,0.00876,0.854,0.18,3.02,18.0
70,0.06802,0.006802,0.06289,0.06916900000000001,0.038025,0.045795999999999996,0.064009,3.267,0.4576036,0.0114,0.835,0.16,3.27,14.9
80,0.05227,0.005227,0.04584,0.051984,0.031328999999999996,0.036864,0.046655999999999996,2.297,0.4576036,0.0289,0.817,0.068,2.3,8.96
90,0.04202,0.004202,0.03073,0.034596,0.021315999999999998,0.023409,0.029928999999999997,2.003,0.4576036,0.0234,0.8,0.056,2.0,8.86
100,0.02156,0.002156,0.00774,0.011448999999999999,0.00346921,0.00521284,0.00912025,0.8183,0.4576036,0.128,0.784,0.022,0.818,2.82
110,0.01168,0.001168,7.285e-05,0.00012099999999999999,2.13444e-05,4.58329e-05,3.8808999999999996e-06,0.03858,0.4576036,0.695,0.769,0.0035,0.0386,0.267
120,0.006124,0.0006124,2.149e-07,1.1881000000000001e-06,3.9601000000000005e-08,1.4137599999999998e-07,7.140249999999999e-09,0.01929,0.4576036,0.385,0.754,0.0019,0.0193,0.0759
130,0.005345,0.0005345,3.411e-08,1.07584e-07,5.299839999999999e-09,1.3924e-08,1.764e-09,0.01521,0.4576036,0.16,0.74,0.0017,0.0152,0.0624
140,0.004937,0.0004937,8.568e-09,1.27449e-07,1.82329e-09,4.05769e-09,1.27449e-09,0.01301,0.4576036,0.13,0.727,0.0016,0.013,0.0582
150,0.004627,0.0004627,1.703e-08,1.2960000000000002e-07,9.672099999999998e-10,1.79776e-09,1.14244e-09,0.0115,0.4576036,0.128,0.715,0.0015,0.0115,0.0546
160,0.00437,0.000437,9.077e-09,1.48225e-07,6.451600000000001e-10,1.06276e-09,1.08241e-09,0.01049,0.4576036,0.152,0.703,0.0015,0.0105,0.0505
170,0.004095,0.0004095,1.4e-08,6.75684e-07,5.616900000000001e-10,9.486400000000001e-10,1.0497600000000001e-09,0.009834,0.4576036,0.219,0.691,0.0014,0.00983,0.0474
180,0.003859,0.0003859,6.206e-09,1.16281e-07,4.3264e-10,6.6564e-10,1.0176100000000002e-09,0.008802,0.4576036,0.147,0.68,0.0014,0.0088,0.0448
190,0.00365,0.000365,5.767e-09,6.051600000000001e-08,3.2760999999999997e-10,4.6225000000000003e-10,9.859599999999998e-10,0.007892,0.4576036,0.12,0.67,0.0013,0.00789,0.0433
200,0.003409,0.0003409,8.027e-09,1.2320100000000002e-07,2.9241e-10,4.1616000000000004e-10,9.61e-10,0.007145,0.4576036,0.173,0.66,0.0013,0.00714,0.0405
210,0.003169,0.0003169,7.535e-09,1.7472400000000002e-07,2.8223999999999995e-10,3.7636000000000003e-10,9.3025e-10,0.006484,0.4576036,0.17,0.65,0.0013,0.00648,0.0379
220,0.002975,0.0002975,1.353e-08,1.2816399999999998e-07,2.0735999999999997e-10,2.4648999999999994e-10,9.0601e-10,0.005833,0.4576036,0.203,0.641,0.0012,0.00583,0.036
230,0.002797,0.0002797,1.386e-08,9.120400000000001e-08,1.7689e-10,1.7956000000000002e-10,8.761600000000001e-10,0.005107,0.4576036,0.182,0.632,0.0012,0.00511,0.0343
240,0.002631,0.0002631,1.469e-08,4.2848999999999995e-08,1.6383999999999997e-10,1.4641e-10,8.4681e-10,0.005156,0.4576036,0.163,0.623,0.0011,0.00516,0.0334
250,0.002468,0.00024680000000000004,4.889e-09,3.708809999999999e-07,1.5376e-10,1.2543999999999998e-10,8.1796e-10,0.004954,0.4576036,0.285,0.615,0.0011,0.00495,0.0328
260,0.002303,0.0002303,6.833e-09,4.6225e-08,1.4161e-10,1.1236e-10,7.84e-10,0.004249,0.4576036,0.212,0.607,0.0011,0.00425,0.0286
270,0.002182,0.0002182,3.525e-09,7.182400000000001e-08,1.3456000000000002e-10,9.38961e-11,7.5625e-10,0.004232,0.4576036,0.23,0.599,0.001,0.00423,0.0273
280,0.002044,0.00020439999999999998,1e-08,1.1088900000000001e-07,1.3225e-10,9.12025e-11,7.128899999999999e-10,0.00404,0.4576036,0.227,0.591,0.001,0.00404,0.0278
290,0.00193,0.000193,1.091e-08,7.0225e-08,1.2995999999999998e-10,8.77969e-11,6.812100000000001e-10,0.003417,0.4576036,0.328,0.584,0.00098,0.00342,0.0242
300,0.001807,0.0001807,1.299e-08,1.13569e-07,1.2321e-10,9.13936e-11,6.451600000000001e-10,0.003008,0.4576036,0.392,0.577,0.00094,0.00301,0.0227
310,0.001691,0.0001691,8.498e-09,2.9584000000000002e-08,1.3225e-10,8.911359999999999e-11,6.051600000000001e-10,0.002802,0.4576036,0.32,0.57,0.0009,0.0028,0.0207
320,0.001595,0.0001595,7.484e-09,6.100899999999999e-08,1.2543999999999998e-10,8.987040000000002e-11,5.616900000000001e-10,0.003181,0.4576036,0.383,0.564,0.00087,0.00318,0.0216
330,0.00152,0.000152,6.955e-09,4.84e-08,1.1881000000000003e-10,9.04401e-11,5.29e-10,0.002969,0.4576036,0.313,0.557,0.00084,0.00297,0.0215
340,0.001449,0.0001449,4.488e-09,2.8900000000000004e-08,1.1664e-10,9.409000000000001e-11,5.017599999999999e-10,0.00576,0.4576036,0.144,0.551,0.00082,0.00576,0.0295
350,0.001379,0.0001379,4.772e-09,4.4100000000000004e-08,1.1664e-10,9.682560000000001e-11,4.752400000000001e-10,0.003428,0.4576036,0.37,0.545,0.0008,0.00343,0.0204
360,0.001326,0.0001326,1.203e-08,1.13569e-07,1.1448999999999998e-10,9.662890000000002e-11,4.5368999999999996e-10,0.007229,0.4576036,0.25,0.539,0.00077,0.00723,0.029
370,0.001282,0.0001282,7.561e-09,7.0756e-08,1.1236e-10,9.643239999999999e-11,4.3681e-10,0.006166,0.4576036,0.186,0.533,0.00076,0.00617,0.0302
380,0.001246,0.0001246,1.251e-08,3.8808999999999994e-08,1.1025e-10,9.84064e-11,4.2025e-10,0.00714,0.4576036,0.184,0.528,0.00074,0.00714,0.028
390,0.001205,0.00012049999999999999,4.447e-09,4.8841e-08,9.900249999999999e-11,9.662890000000002e-11,4.0803999999999997e-10,0.002393,0.4576036,0.572,0.523,0.00072,0.00239,0.0151
400,0.001175,0.00011750000000000001,6.229e-09,1.9043999999999998e-08,9.72196e-11,9.23521e-11,3.9600999999999996e-10,0.00247,0.4576036,0.515,0.517,0.00071,0.00247,0.0136
410,0.001123,0.0001123,2.162e-08,1.3225000000000001e-08,9.76144e-11,1.2543999999999998e-10,3.9204e-10,0.00192,0.4576036,0.51,0.512,0.00069,0.00192,0.013
420,0.001088,0.0001088,1.087e-08,6.9696e-08,8.79844e-11,9.74169e-11,3.6481e-10,0.01085,0.4576036,0.11,0.507,0.00068,0.0109,0.0373
430,0.001058,0.0001058,8.907e-09,8.70489e-09,7.956639999999999e-11,8.87364e-11,3.5343999999999997e-10,0.009693,0.4576036,0.0614,0.502,0.00066,0.00969,0.0351
440,0.001039,0.0001039,6.734e-09,2.7225e-08,7.79689e-11,8.81721e-11,3.4969e-10,0.005268,0.4576036,0.338,0.498,0.00065,0.00527,0.0196
450,0.001014,0.0001014,1.56e-08,2.7889e-08,7.638759999999999e-11,1.1881000000000003e-10,3.4969e-10,0.003691,0.4576036,0.491,0.493,0.00064,0.00369,0.0157
460,0.0009928,9.928000000000001e-05,3.904e-09,4.3681000000000006e-08,7.12336e-11,8.335690000000002e-11,3.3123999999999993e-10,0.004885,0.4576036,0.365,0.489,0.00063,0.00489,0.0186
470,0.0009716,9.716e-05,4.051e-09,2.7556e-08,7.293159999999999e-11,1.0404000000000001e-10,3.3123999999999993e-10,0.005383,0.4576036,0.272,0.484,0.00063,0.00538,0.0219
480,0.0009456,9.456e-05,3.614e-09,2.1025e-08,6.67489e-11,8.464e-11,3.24e-10,0.003539,0.4576036,0.434,0.48,0.00062,0.00354,0.0154
490,0.0009244,9.244e-05,8.801e-09,3.0625e-08,6.33616e-11,7.88544e-11,3.1329e-10,0.008944,0.4576036,0.137,0.476,0.00061,0.00894,0.03
500,0.0009079,9.079e-05,2.909e-09,1.3456e-08,6.304360000000001e-11,7.761610000000001e-11,3.0976e-10,0.002308,0.4576036,0.687,0.472,0.0006,0.00231,0.0116
510,0.0008825,8.825e-05,3.678e-09,2.1609e-08,5.67009e-11,8.13604e-11,3.0624999999999995e-10,0.004348,0.4576036,0.423,0.468,0.00059,0.00435,0.0153
520,0.0008571,8.570999999999999e-05,5.073e-09,2.0164e-08,5.7608100000000004e-11,7.656249999999999e-11,2.9929e-10,0.002433,0.4576036,0.676,0.464,0.00058,0.00243,0.0121
530,0.0008219,8.219e-05,8.932e-09,4.2848999999999995e-08,5.314409999999999e-11,7.86769e-11,2.9584000000000004e-10,0.009561,0.4576036,0.121,0.46,0.00058,0.00956,0.0308
540,0.000813,8.13e-05,7.922e-09,1.9881000000000004e-08,5.14089e-11,7.361639999999999e-11,2.89e-10,0.001766,0.4576036,0.885,0.456,0.00057,0.00177,0.00988
550,0.00079,7.9e-05,4.763e-09,2.2200999999999998e-08,5.12656e-11,7.396000000000001e-11,2.8561e-10,0.007781,0.4576036,0.158,0.452,0.00057,0.00778,0.0249
560,0.0007803,7.803000000000001e-05,3.831e-09,1.8225e-08,4.8302500000000006e-11,7.039209999999999e-11,2.8223999999999995e-10,0.002182,0.4576036,0.654,0.449,0.00056,0.00218,0.0111
570,0.0007586,7.586e-05,6.792e-09,1.8768999999999998e-08,4.5427599999999996e-11,6.93889e-11,2.7888999999999995e-10,0.002621,0.4576036,0.785,0.445,0.00055,0.00262,0.00952
580,0.000738,7.38e-05,3.45e-09,1.2321e-08,5.3582400000000006e-11,7.691290000000002e-11,2.7556000000000003e-10,0.001398,0.4576036,0.943,0.442,0.00055,0.0014,0.00776
590,0.0007232,7.232e-05,2.338e-09,2.4963999999999998e-08,4.2380100000000006e-11,6.756839999999999e-11,2.6895999999999997e-10,0.009375,0.4576036,0.139,0.439,0.00055,0.00938,0.0258
600,0.0007046,7.046e-05,8.167e-09,3.6481e-08,4.07044e-11,6.69124e-11,2.6569e-10,0.009054,0.4576036,0.138,0.435,0.00054,0.00905,0.0285
610,0.0006889,6.889e-05,4.198e-09,9.46729e-09,3.893760000000001e-11,6.496360000000001e-11,2.592099999999999e-10,0.005683,0.4576036,0.166,0.432,0.00053,0.00568,0.0198
620,0.0006735,6.735000000000001e-05,2.44e-09,1.3225000000000001e-08,3.83161e-11,6.577210000000001e-11,2.56e-10,0.006493,0.4576036,0.181,0.429,0.00053,0.00649,0.0199
630,0.0006606,6.606e-05,2.678e-09,2.6569e-08,3.81924e-11,6.577210000000001e-11,2.5281000000000003e-10,0.008295,0.4576036,0.123,0.426,0.00053,0.00829,0.0269
640,0.0006482,6.482e-05,7.355e-09,1.7956000000000002e-08,3.6723599999999994e-11,6.304360000000001e-11,2.4648999999999994e-10,0.003083,0.4576036,0.463,0.423,0.00052,0.00308,0.0122
650,0.0006311,6.311e-05,5.809e-09,1.5625e-08,3.52836e-11,6.41601e-11,2.4336e-10,0.006375,0.4576036,0.214,0.42,0.00051,0.00638,0.0182
660,0.0006236,6.235999999999999e-05,4.3e-09,2.0164e-08,3.20356e-11,6.05284e-11,2.3716000000000004e-10,0.003191,0.4576036,0.668,0.417,0.00051,0.00319,0.0105
670,0.0006082,6.0820000000000004e-05,2.879e-09,1.3225000000000001e-08,3.54025e-11,6.115239999999999e-11,2.3408999999999996e-10,0.002845,0.4576036,0.548,0.414,0.0005,0.00285,0.0116
680,0.0005978,5.978e-05,1.241e-09,1.3456e-08,3.62404e-11,5.99076e-11,2.2800999999999997e-10,0.006031,0.4576036,0.254,0.411,0.0005,0.00603,0.0167
690,0.0005943,5.943e-05,2.524e-09,5.944410000000001e-09,3.73321e-11,6.03729e-11,2.2800999999999997e-10,0.001565,0.4576036,0.72,0.408,0.0005,0.00156,0.00869
700,0.0005814,5.814e-05,1.394e-09,2.1904e-08,3.18096e-11,5.80644e-11,2.2201e-10,0.006798,0.4576036,0.228,0.406,0.0005,0.0068,0.0189
710,0.0005724,5.724e-05,1.281e-09,2.3104000000000003e-08,3.1359999999999996e-11,5.79121e-11,2.1904000000000003e-10,0.009769,0.4576036,0.116,0.403,0.0005,0.00977,0.0254
720,0.0005645,5.645e-05,2.682e-09,1.0201e-08,2.916e-11,5.882889999999999e-11,2.1316000000000002e-10,0.003046,0.4576036,0.482,0.4,0.00049,0.00305,0.0102
730,0.0005531,5.531e-05,3.906e-09,1.4161000000000002e-08,2.8515599999999995e-11,5.53536e-11,2.1025e-10,0.0009015,0.4576036,1.03,0.398,0.00048,0.000901,0.00566
740,0.0005458,5.458e-05,4.052e-09,1.4161000000000002e-08,2.704e-11,5.625e-11,2.0449e-10,0.009658,0.4576036,0.104,0.395,0.00048,0.00966,0.0251
750,0.0005379,5.379e-05,1.426e-09,9.409e-09,2.8622499999999996e-11,5.446439999999999e-11,2.0164e-10,0.004969,0.4576036,0.323,0.393,0.00047,0.00497,0.0131
760,0.0005287,5.287e-05,4.286e-09,8.136039999999999e-09,2.6728899999999996e-11,5.34361e-11,1.9881e-10,0.0009325,0.4576036,1.01,0.39,0.00047,0.000933,0.00619
770,0.0005187,5.1869999999999996e-05,6.873e-09,8.100000000000001e-09,2.6832400000000005e-11,5.27076e-11,1.9321000000000002e-10,0.0009299,0.4576036,1.0,0.388,0.00047,0.00093,0.00572
780,0.0005111,5.1110000000000004e-05,1.519e-09,9.486759999999999e-09,2.5704899999999997e-11,5.14089e-11,1.9044e-10,0.005766,0.4576036,0.163,0.385,0.00046,0.00577,0.0175
790,0.0005027,5.0270000000000005e-05,2.382e-09,1.21e-08,2.8729600000000002e-11,5.16961e-11,1.8768999999999997e-10,0.006879,0.4576036,0.147,0.383,0.00046,0.00688,0.0209
800,0.0005016,5.016000000000001e-05,2.972e-09,2.4336e-08,2.970250000000001e-11,5.27076e-11,1.8225e-10,0.003474,0.4576036,0.555,0.381,0.00045,0.00347,0.012
810,0.0004912,4.9120000000000004e-05,2.999e-09,6.2409999999999994e-09,2.64196e-11,5.01264e-11,1.7689e-10,0.003825,0.4576036,0.342,0.378,0.00045,0.00382,0.0118
820,0.0004856,4.8559999999999996e-05,2.425e-09,1.4884e-08,2.4108099999999997e-11,5.0552099999999993e-11,1.7161e-10,0.003547,0.4576036,0.498,0.376,0.00045,0.00355,0.00947
830,0.0004737,4.737e-05,5.941e-09,9.04401e-09,2.29441e-11,4.9e-11,1.6899999999999999e-10,0.0007561,0.4576036,0.965,0.374,0.00044,0.000756,0.00478
840,0.0004689,4.689e-05,9.346e-09,7.920999999999999e-09,2.47009e-11,4.8163599999999996e-11,1.6383999999999997e-10,0.001017,0.4576036,0.96,0.372,0.00044,0.00102,0.00647
850,0.0004616,4.616e-05,3.466e-09,1.0201e-08,2.2372899999999996e-11,4.71969e-11,1.6129000000000002e-10,0.00571,0.4576036,0.172,0.37,0.00044,0.00571,0.0175
860,0.000456,4.5600000000000004e-05,3.154e-09,5.6550399999999995e-09,2.1344399999999998e-11,4.6922499999999994e-11,1.5625e-10,0.003663,0.4576036,0.302,0.368,0.00043,0.00366,0.0109
870,0.000452,4.52e-05,3.386e-09,1.3225000000000001e-08,2.2372899999999996e-11,4.63761e-11,1.5376e-10,0.001547,0.4576036,0.944,0.366,0.00043,0.00155,0.00659
880,0.0004452,4.452e-05,1.207e-09,3.90625e-09,2.1436899999999996e-11,4.66489e-11,1.4884e-10,0.006224,0.4576036,0.0953,0.364,0.00043,0.00622,0.0175
890,0.0004394,4.394e-05,3.293e-09,7.3960000000000005e-09,2.04304e-11,4.61041e-11,1.4641e-10,0.004437,0.4576036,0.223,0.362,0.00043,0.00444,0.0132
900,0.0004337,4.337e-05,1.782e-09,3.95641e-09,2.19961e-11,4.4890000000000006e-11,1.4400000000000002e-10,0.003858,0.4576036,0.296,0.36,0.00042,0.00386,0.0111
910,0.0004318,4.3179999999999997e-05,3.345e-09,4.38244e-09,2.05209e-11,4.4622400000000006e-11,1.4161e-10,0.001525,0.4576036,0.839,0.358,0.00042,0.00152,0.00619
920,0.000426,4.26e-05,2.447e-09,7.90321e-09,2.0070400000000003e-11,4.39569e-11,1.3689e-10,0.002457,0.4576036,0.69,0.356,0.00042,0.00246,0.00746
930,0.00042,4.2000000000000004e-05,3.44e-09,4.019559999999999e-09,2.1436899999999996e-11,4.39569e-11,1.3456000000000002e-10,0.004111,0.4576036,0.352,0.354,0.00041,0.00411,0.0102
940,0.0004187,4.187e-05,5.264e-10,9.37024e-09,2.025e-11,4.3164899999999994e-11,1.3225e-10,0.003442,0.4576036,0.513,0.352,0.00041,0.00344,0.00942
950,0.0004154,4.154e-05,5.861e-09,1.4161000000000002e-08,2.0070400000000003e-11,4.2640900000000003e-11,1.2995999999999998e-10,0.001023,0.4576036,0.904,0.35,0.00041,0.00102,0.00738
960,0.0004074,4.074e-05,8.638e-10,5.184e-09,1.9980900000000004e-11,4.25104e-11,1.2543999999999998e-10,0.005268,0.4576036,0.196,0.348,0.00041,0.00527,0.014
970,0.0004029,4.0289999999999995e-05,1.434e-09,8.70489e-09,1.9891599999999998e-11,4.2380100000000006e-11,1.2321e-10,0.005944,0.4576036,0.133,0.347,0.0004,0.00594,0.0164
980,0.0003974,3.974e-05,4.46e-09,9.216000000000001e-09,1.8490000000000002e-11,4.16025e-11,1.21e-10,0.005314,0.4576036,0.16,0.345,0.0004,0.00531,0.0154
990,0.0003942,3.942e-05,7.062e-10,4.8860100000000006e-09,1.8490000000000002e-11,4.04496e-11,1.1664e-10,0.001961,0.4576036,0.454,0.343,0.0004,0.00196,0.00867
1000,0.0003922,3.922e-05,3.816e-09,4.10881e-09,1.9096899999999998e-11,4.07044e-11,1.1448999999999998e-10,0.001727,0.4576036,0.969,0.341,0.00039,0.00173,0.00542
1010,0.000385,3.85e-05,1.028e-09,3.6723600000000003e-09,1.87489e-11,3.9816099999999996e-11,1.1236e-10,0.002778,0.4576036,0.338,0.34,0.00039,0.00278,0.00976
1020,0.000381,3.81e-05,4.269e-09,5.140889999999999e-09,1.8147599999999998e-11,3.893760000000001e-11,1.1236e-10,0.005682,0.4576036,0.118,0.338,0.00039,0.00568,0.0178
1030,0.0003795,3.795e-05,2.262e-09,7.744e-09,1.79776e-11,3.893760000000001e-11,1.1025e-10,0.002507,0.4576036,0.49,0.336,0.00039,0.00251,0.00852
1040,0.0003747,3.747e-05,1.597e-09,7.327359999999999e-09,1.7639999999999997e-11,3.95641e-11,1.0608999999999999e-10,0.005124,0.4576036,0.155,0.335,0.00039,0.00512,0.0147
1050,0.0003712,3.7120000000000004e-05,2.872e-09,3.4456899999999995e-09,1.8232899999999998e-11,3.80689e-11,1.0608999999999999e-10,0.005757,0.4576036,0.096,0.333,0.00038,0.00576,0.0178
1060,0.0003704,3.704e-05,2.862e-09,5.27076e-09,1.6892099999999997e-11,3.782250000000001e-11,1.0404000000000001e-10,0.001451,0.4576036,0.855,0.331,0.00038,0.00145,0.00606
1070,0.0003643,3.643e-05,3.638e-09,6.130890000000001e-09,1.73056e-11,3.94384e-11,9.980009999999999e-11,0.00719,0.4576036,0.0714,0.33,0.00038,0.00719,0.02
1080,0.0003606,3.606e-05,1.148e-09,6.4641600000000006e-09,1.70569e-11,3.76996e-11,9.920159999999998e-11,0.004452,0.4576036,0.203,0.328,0.00038,0.00445,0.0133
1090,0.0003581,3.581e-05,2.681e-09,6.62596e-09,1.67281e-11,3.6966400000000005e-11,9.74169e-11,0.0007939,0.4576036,1.02,0.327,0.00037,0.000794,0.0041
1100,0.000354,3.54e-05,2.049e-09,4.899999999999999e-09,1.6402500000000002e-11,3.66025e-11,9.52576e-11,0.0007252,0.4576036,1.02,0.325,0.00037,0.000725,0.00424
1110,0.0003506,3.506e-05,4.717e-09,7.02244e-09,1.67281e-11,3.63609e-11,9.409000000000001e-11,0.0005983,0.4576036,1.01,0.324,0.00037,0.000598,0.00367
1120,0.0003517,3.517e-05,1.419e-09,9.682560000000002e-09,1.7556099999999996e-11,3.58801e-11,9.19681e-11,0.001756,0.4576036,0.688,0.322,0.00037,0.00176,0.00746
1130,0.0003443,3.443e-05,1.061e-09,6.115240000000001e-09,1.6402500000000002e-11,3.6000000000000005e-11,8.987040000000002e-11,0.006056,0.4576036,0.123,0.321,0.00037,0.00606,0.017
1140,0.0003433,3.433e-05,1.282e-09,8.37225e-09,1.6240900000000003e-11,3.58801e-11,8.87364e-11,0.006467,0.4576036,0.111,0.319,0.00037,0.00647,0.0177
1150,0.00034,3.4e-05,3.811e-09,9.486759999999999e-09,1.5288099999999998e-11,3.4339599999999996e-11,8.704890000000001e-11,0.005691,0.4576036,0.0917,0.318,0.00036,0.00569,0.0177
1160,0.0003362,3.362e-05,9.302e-10,8.89249e-09,1.67281e-11,3.52836e-11,8.593289999999999e-11,0.004242,0.4576036,0.26,0.317,0.00036,0.00424,0.0111
1170,0.0003347,3.347e-05,1.278e-09,1.0404e-08,1.6892099999999997e-11,3.58801e-11,8.464e-11,0.007316,0.4576036,0.0909,0.315,0.00036,0.00732,0.0216
1180,0.0003305,3.3050000000000004e-05,1.291e-09,1.3225000000000001e-08,1.6646399999999998e-11,3.3756100000000006e-11,8.37225e-11,0.00563,0.4576036,0.146,0.314,0.00036,0.00563,0.0168
1190,0.000331,3.3100000000000005e-05,2.134e-09,5.520490000000001e-09,1.54449e-11,3.3872400000000004e-11,8.20836e-11,0.001008,0.4576036,0.976,0.312,0.00035,0.00101,0.00468
1200,0.0003263,3.2630000000000004e-05,9.005e-10,4.26409e-09,1.51321e-11,3.31776e-11,8.046090000000001e-11,0.003428,0.4576036,0.233,0.311,0.00035,0.00343,0.0111
1210,0.0003243,3.243e-05,7.289e-10,2.61121e-09,1.5523600000000002e-11,3.30625e-11,7.974489999999999e-11,0.002723,0.4576036,0.339,0.31,0.00035,0.00272,0.00851
1220,0.0003216,3.2160000000000004e-05,1.206e-09,2.601e-09,1.5288099999999998e-11,3.2947600000000004e-11,7.83225e-11,0.002655,0.4576036,0.254,0.308,0.00035,0.00265,0.00914
1230,0.0003203,3.2029999999999997e-05,8.387e-10,5.041e-09,1.4364100000000001e-11,3.2832900000000005e-11,7.708840000000001e-11,0.002666,0.4576036,0.448,0.307,0.00035,0.00267,0.00793
1240,0.0003171,3.171e-05,1.617e-09,7.19104e-09,1.45161e-11,3.20356e-11,7.673760000000001e-11,0.005339,0.4576036,0.129,0.306,0.00035,0.00534,0.0163
1250,0.000314,3.14e-05,5.637e-10,2.22784e-09,1.4899600000000003e-11,3.18096e-11,7.48225e-11,0.002904,0.4576036,0.251,0.305,0.00034,0.0029,0.00926
1260,0.0003112,3.112e-05,2.428e-09,4.290250000000001e-09,1.41376e-11,3.1696900000000005e-11,7.396000000000001e-11,0.003559,0.4576036,0.206,0.303,0.00034,0.00356,0.0109
1270,0.0003124,3.124e-05,1.737e-09,3.69664e-09,1.4592399999999997e-11,3.15844e-11,7.293159999999999e-11,0.001704,0.4576036,0.709,0.302,0.00034,0.0017,0.00609
1280,0.0003079,3.079e-05,9.257e-10,3.3408400000000002e-09,1.4364100000000001e-11,3.18096e-11,7.19104e-11,0.004716,0.4576036,0.105,0.301,0.00034,0.00472,0.0136
1290,0.0003102,3.102e-05,3.021e-09,1.6129e-08,1.39876e-11,3.1359999999999996e-11,7.089640000000001e-11,0.002126,0.4576036,0.936,0.3,0.00034,0.00213,0.00623
1300,0.0003026,3.0259999999999998e-05,8.364e-10,6.115240000000001e-09,1.4288399999999999e-11,3.10249e-11,6.972249999999999e-11,0.0031,0.4576036,0.297,0.299,0.00034,0.0031,0.0104
1310,0.000301,3.01e-05,5.247e-10,5.882889999999999e-09,1.3912899999999999e-11,3.025e-11,6.889000000000001e-11,0.002354,0.4576036,0.394,0.297,0.00033,0.00235,0.00861
1320,0.0002986,2.986e-05,6.949e-10,3.4105600000000003e-09,1.41376e-11,3.0913600000000004e-11,6.756839999999999e-11,0.005458,0.4576036,0.0939,0.296,0.00033,0.00546,0.0157
1330,0.0002985,2.985e-05,6.48e-10,4.32964e-09,1.444e-11,3.04704e-11,6.740409999999998e-11,0.001951,0.4576036,0.838,0.295,0.00033,0.00195,0.00559
1340,0.0002927,2.9270000000000003e-05,1.545e-09,4.92804e-09,1.4212899999999999e-11,3.03601e-11,6.60969e-11,0.003951,0.4576036,0.2,0.294,0.00033,0.00395,0.0115
1350,0.0002919,2.919e-05,5.925e-10,1.31769e-09,1.3690000000000002e-11,2.9376399999999996e-11,6.512490000000001e-11,0.003335,0.4576036,0.124,0.293,0.00033,0.00333,0.0111
1360,0.0002896,2.896e-05,1.302e-09,2.08849e-09,1.4212899999999999e-11,2.9484899999999996e-11,6.464159999999999e-11,0.0004359,0.4576036,1.0,0.292,0.00033,0.000436,0.00296
1370,0.0002903,2.903e-05,2.168e-09,4.4488899999999995e-09,1.40625e-11,2.90521e-11,6.4e-11,0.001366,0.4576036,0.998,0.29,0.00033,0.00137,0.0046
1380,0.0002864,2.8640000000000004e-05,2.768e-09,5.372890000000001e-09,1.35424e-11,2.90521e-11,6.304360000000001e-11,0.001204,0.4576036,0.747,0.289,0.00032,0.0012,0.00553
1390,0.0002857,2.857e-05,1.4e-09,6.1622499999999995e-09,1.3764100000000001e-11,2.8944400000000003e-11,6.256810000000001e-11,0.001748,0.4576036,0.9,0.288,0.00032,0.00175,0.00538
1400,0.0002814,2.814e-05,2.122e-09,6.35209e-09,1.49769e-11,2.92681e-11,6.17796e-11,0.001017,0.4576036,0.987,0.287,0.00032,0.00102,0.00492
1410,0.0002802,2.802e-05,5.406e-10,5.700250000000001e-09,1.3616099999999998e-11,2.809e-11,6.09961e-11,0.00468,0.4576036,0.121,0.286,0.00032,0.00468,0.0147
1420,0.0002799,2.7989999999999998e-05,6.985e-10,2.3716899999999997e-09,1.3616099999999998e-11,2.8408899999999997e-11,6.00625e-11,0.001516,0.4576036,0.979,0.285,0.00032,0.00152,0.0043
1430,0.0002768,2.768e-05,6.258e-10,5.89824e-09,1.35424e-11,2.7667599999999997e-11,5.99076e-11,0.005617,0.4576036,0.0991,0.284,0.00032,0.00562,0.0175
1440,0.0002747,2.747e-05,8.297e-10,1.9272100000000004e-09,1.39876e-11,2.8302399999999998e-11,5.867559999999999e-11,0.004965,0.4576036,0.0816,0.283,0.00032,0.00497,0.0144
1450,0.0002736,2.736e-05,1.877e-09,4.94209e-09,1.3764100000000001e-11,2.74576e-11,5.836959999999999e-11,0.0006125,0.4576036,0.969,0.282,0.00032,0.000612,0.00322
1460,0.0002716,2.7159999999999997e-05,1.755e-09,3.1922499999999996e-09,1.3395600000000002e-11,2.704e-11,5.80644e-11,0.005307,0.4576036,0.081,0.281,0.00032,0.00531,0.0166
1470,0.0002696,2.696e-05,9.631e-10,3.6481599999999995e-09,1.3690000000000002e-11,2.6728899999999996e-11,5.7456400000000004e-11,0.004733,0.4576036,0.118,0.28,0.00032,0.00473,0.015
1480,0.0002672,2.6719999999999998e-05,1.072e-09,5.184e-09,1.31769e-11,2.6936100000000004e-11,5.67009e-11,0.0006369,0.4576036,0.958,0.279,0.00031,0.000637,0.00303
1490,0.0002666,2.666e-05,3.83e-10,5.1984100000000005e-09,1.3322500000000001e-11,2.6522499999999998e-11,5.625e-11,0.002358,0.4576036,0.445,0.278,0.00031,0.00236,0.00749
1500,0.0002644,2.6439999999999998e-05,1.034e-09,9.350890000000002e-09,1.45161e-11,2.7772900000000005e-11,5.53536e-11,0.0049,0.4576036,0.129,0.277,0.00031,0.0049,0.0157
1510,0.0002608,2.608e-05,2.07e-09,5.31441e-09,1.3395600000000002e-11,2.63169e-11,5.49081e-11,0.003654,0.4576036,0.206,0.276,0.00031,0.00365,0.0117
1520,0.0002616,2.616e-05,1.894e-09,6.70761e-09,1.31044e-11,2.61121e-11,5.41696e-11,0.00138,0.4576036,0.945,0.275,0.00031,0.00138,0.00447
1530,0.00026,2.6e-05,7.894e-10,4.369209999999999e-09,1.3395600000000002e-11,2.5704899999999997e-11,5.34361e-11,0.001671,0.4576036,0.585,0.274,0.00031,0.00167,0.00629
1540,0.0002561,2.561e-05,1.156e-09,5.8216899999999996e-09,1.31044e-11,2.5502499999999998e-11,5.314409999999999e-11,0.003273,0.4576036,0.299,0.273,0.0003,0.00327,0.00981
1550,0.0002571,2.5710000000000003e-05,1.526e-09,3.136e-09,1.31044e-11,2.54016e-11,5.27076e-11,0.0009055,0.4576036,0.935,0.272,0.0003,0.000905,0.00429
1560,0.0002536,2.5359999999999998e-05,5.366e-10,3.68449e-09,1.34689e-11,2.5603599999999998e-11,5.24176e-11,0.002987,0.4576036,0.203,0.271,0.0003,0.00299,0.00933
1570,0.0002522,2.522e-05,7.287e-10,3.43396e-09,1.32496e-11,2.5000000000000004e-11,5.183999999999999e-11,0.003036,0.4576036,0.184,0.27,0.0003,0.00304,0.0107
1580,0.0002504,2.504e-05,1.038e-09,1.75561e-09,1.31044e-11,2.5200400000000002e-11,5.12656e-11,0.002422,0.4576036,0.295,0.269,0.0003,0.00242,0.00684
1590,0.000249,2.49e-05,8.14e-10,6.17796e-09,1.31044e-11,2.44036e-11,5.09796e-11,0.003436,0.4576036,0.182,0.268,0.0003,0.00344,0.0114
1600,0.0002476,2.476e-05,4.471e-10,3.481e-09,1.34689e-11,2.4900099999999996e-11,5.0552099999999993e-11,0.002205,0.4576036,0.39,0.268,0.0003,0.00221,0.00711
1610,0.0002462,2.462e-05,1.411e-09,7.99236e-09,1.3912899999999999e-11,2.5100100000000002e-11,5.02681e-11,0.005146,0.4576036,0.102,0.267,0.0003,0.00515,0.0161
1620,0.0002461,2.4610000000000003e-05,1.183e-09,3.1584399999999997e-09,1.34689e-11,2.4800399999999996e-11,4.98436e-11,0.004973,0.4576036,0.0843,0.266,0.0003,0.00497,0.0153
1630,0.000244,2.44e-05,8.987e-10,4.39569e-09,1.32496e-11,2.38144e-11,4.956160000000001e-11,0.002534,0.4576036,0.29,0.265,0.0003,0.00253,0.00831
1640,0.0002465,2.4649999999999996e-05,3.567e-09,9.06304e-09,1.3395600000000002e-11,2.38144e-11,4.9280399999999995e-11,0.001386,0.4576036,0.998,0.264,0.00029,0.00139,0.00489
1650,0.0002421,2.421e-05,1.324e-09,3.6360900000000004e-09,1.3690000000000002e-11,2.39121e-11,4.9e-11,0.001283,0.4576036,0.995,0.263,0.00029,0.00128,0.00399
1660,0.0002394,2.3939999999999998e-05,8.73e-10,7.48225e-09,1.31769e-11,2.4009999999999996e-11,4.84416e-11,0.004079,0.4576036,0.162,0.262,0.00029,0.00408,0.0131
1670,0.0002383,2.383e-05,4.836e-10,2.52004e-09,1.31769e-11,2.36196e-11,4.80249e-11,0.002252,0.4576036,0.461,0.262,0.00029,0.00225,0.00637
1680,0.0002367,2.3670000000000002e-05,1.541e-09,3.93129e-09,1.31044e-11,2.3425600000000003e-11,4.78864e-11,0.003178,0.4576036,0.195,0.261,0.00029,0.00318,0.0105
1690,0.000235,2.35e-05,3.064e-09,3.66025e-09,1.2888099999999999e-11,2.3136099999999998e-11,4.71969e-11,0.0009325,0.4576036,0.982,0.26,0.00029,0.000933,0.00338
1700,0.0002336,2.336e-05,3.042e-09,5.372890000000001e-09,1.2959999999999998e-11,2.29441e-11,4.6922499999999994e-11,0.0009875,0.4576036,0.979,0.259,0.00029,0.000987,0.00408
1710,0.0002316,2.316e-05,2.416e-09,8.930250000000001e-09,1.3322500000000001e-11,2.304e-11,4.6922499999999994e-11,0.003621,0.4576036,0.176,0.258,0.00029,0.00362,0.0123
1720,0.0002319,2.319e-05,1.077e-09,2.14369e-09,1.28164e-11,2.2467600000000005e-11,4.63761e-11,0.002538,0.4576036,0.159,0.257,0.00029,0.00254,0.00943
1730,0.0002309,2.309e-05,1.345e-09,3.0691599999999998e-09,1.35424e-11,2.27529e-11,4.61041e-11,0.00275,0.4576036,0.34,0.257,0.00028,0.00275,0.00825
1740,0.0002283,2.283e-05,1.294e-09,2.22784e-09,1.27449e-11,2.2372899999999996e-11,4.5427599999999996e-11,0.000572,0.4576036,0.967,0.256,0.00028,0.000572,0.00254
1750,0.0002305,2.3049999999999998e-05,1.007e-09,5.140889999999999e-09,1.2959999999999998e-11,2.2278399999999997e-11,4.5427599999999996e-11,0.001441,0.4576036,0.964,0.255,0.00028,0.00144,0.0045
1760,0.0002264,2.264e-05,6.108e-10,3.6000000000000004e-09,1.31769e-11,2.2278399999999997e-11,4.5024100000000005e-11,0.002576,0.4576036,0.37,0.254,0.00028,0.00258,0.00768
1770,0.0002258,2.258e-05,1.117e-09,3.05809e-09,1.2673599999999999e-11,2.1622500000000004e-11,4.4756100000000006e-11,0.001697,0.4576036,0.492,0.253,0.00028,0.0017,0.00591
1780,0.0002239,2.239e-05,2.237e-09,6.384010000000001e-09,1.2673599999999999e-11,2.1436899999999996e-11,4.44889e-11,0.004029,0.4576036,0.129,0.253,0.00028,0.00403,0.0135
1790,0.0002243,2.243e-05,3.031e-09,3.918760000000001e-09,1.3032100000000001e-11,2.1529599999999997e-11,4.42225e-11,0.0008836,0.4576036,0.952,0.252,0.00028,0.000884,0.00312
1800,0.0002224,2.224e-05,7.684e-10,7.5625e-10,1.34689e-11,2.1808900000000002e-11,4.3824400000000004e-11,0.00498,0.4576036,0.0409,0.251,0.00028,0.00498,0.0153
1810,0.0002201,2.201e-05,2.489e-10,1.8490000000000001e-09,1.31769e-11,2.10681e-11,4.3692100000000004e-11,0.00155,0.4576036,0.441,0.25,0.00028,0.00155,0.00541
1820,0.0002198,2.198e-05,8.918e-10,2.1252100000000004e-09,1.2959999999999998e-11,2.08849e-11,4.3164899999999994e-11,0.001054,0.4576036,0.78,0.25,0.00028,0.00105,0.00438
1830,0.0002174,2.174e-05,5.128e-10,5.431690000000001e-09,1.2888099999999999e-11,2.0702499999999996e-11,4.3033599999999996e-11,0.002461,0.4576036,0.33,0.249,0.00028,0.00246,0.00866
1840,0.0002172,2.172e-05,7.592e-10,4.34281e-09,1.3032100000000001e-11,2.08849e-11,4.2771600000000004e-11,0.003126,0.4576036,0.169,0.248,0.00028,0.00313,0.01
1850,0.0002155,2.1550000000000002e-05,6.342e-10,2.98116e-09,1.26025e-11,2.025e-11,4.2640900000000003e-11,0.003039,0.4576036,0.204,0.247,0.00028,0.00304,0.00958
1860,0.0002138,2.138e-05,9.34e-10,3.62404e-09,1.2390400000000002e-11,2.01601e-11,4.21201e-11,0.003605,0.4576036,0.152,0.247,0.00028,0.00361,0.0117
1870,0.0002149,2.149e-05,2.147e-09,3.733209999999999e-09,1.27449e-11,2.025e-11,4.19904e-11,0.001547,0.4576036,0.845,0.246,0.00027,0.00155,0.00465
1880,0.0002124,2.124e-05,9.477e-10,3.66025e-09,1.25316e-11,1.9802499999999998e-11,4.16025e-11,0.00275,0.4576036,0.222,0.245,0.00027,0.00275,0.0091
1890,0.0002102,2.102e-05,3.179e-10,1.4899600000000003e-09,1.2673599999999999e-11,1.97136e-11,4.1473600000000004e-11,0.002286,0.4576036,0.221,0.245,0.00027,0.00229,0.0075
1900,0.0002103,2.103e-05,4.056e-10,3.95641e-09,1.25316e-11,1.95364e-11,4.1216400000000004e-11,0.002182,0.4576036,0.43,0.244,0.00027,0.00218,0.00695
1910,0.0002068,2.0680000000000002e-05,2.739e-09,3.5046400000000004e-09,1.2673599999999999e-11,1.94481e-11,4.0959999999999993e-11,0.0006081,0.4576036,1.01,0.243,0.00027,0.000608,0.00258
1920,0.0002071,2.071e-05,3.458e-10,3.844e-09,1.27449e-11,1.9184400000000002e-11,4.05769e-11,0.002198,0.4576036,0.353,0.243,0.00027,0.0022,0.00722
1930,0.0002069,2.069e-05,7.427e-10,2.35225e-09,1.2888099999999999e-11,1.94481e-11,4.05769e-11,0.004313,0.4576036,0.0844,0.242,0.00027,0.00431,0.0137
1940,0.0002057,2.057e-05,1.135e-09,2.6728900000000003e-09,1.27449e-11,1.9096899999999998e-11,4.01956e-11,0.001042,0.4576036,1.0,0.241,0.00027,0.00104,0.00376
1950,0.0002034,2.0340000000000002e-05,1.067e-09,4.25104e-09,1.31769e-11,1.9184400000000002e-11,3.9942399999999996e-11,0.002448,0.4576036,0.319,0.241,0.00027,0.00245,0.00797
1960,0.0002024,2.024e-05,1.26e-09,2.1068099999999997e-09,1.2390400000000002e-11,1.8662400000000003e-11,3.95641e-11,0.0008094,0.4576036,0.997,0.24,0.00026,0.000809,0.00303
1970,0.000202,2.02e-05,4.568e-10,2.28484e-09,1.26025e-11,1.8576100000000003e-11,3.93129e-11,0.001512,0.4576036,0.51,0.239,0.00026,0.00151,0.00511
1980,0.0002,2e-05,2.245e-09,4.03225e-09,1.24609e-11,1.8404099999999997e-11,3.91876e-11,0.0003101,0.4576036,0.992,0.239,0.00026,0.00031,0.00214
1990,0.0002001,2.001e-05,5.667e-10,2.2467600000000002e-09,1.2390400000000002e-11,1.8147599999999998e-11,3.893760000000001e-11,0.001363,0.4576036,0.558,0.238,0.00026,0.00136,0.00525
2000,0.0001982,1.982e-05,1.081e-09,4.719690000000001e-09,1.31769e-11,1.8662400000000003e-11,3.8812899999999993e-11,0.005009,0.4576036,0.0827,0.237,0.00026,0.00501,0.0159
2010,0.0001961,1.961e-05,1.18e-09,2.84089e-09,1.26025e-11,1.79776e-11,3.844e-11,0.0004826,0.4576036,0.983,0.237,0.00026,0.000483,0.00271
2020,0.0001959,1.959e-05,2.543e-10,2.71441e-09,1.26025e-11,1.78084e-11,3.844e-11,0.001868,0.4576036,0.344,0.236,0.00026,0.00187,0.00656
2030,0.000195,1.95e-05,2.36e-09,3.2148900000000003e-09,1.2673599999999999e-11,1.7639999999999997e-11,3.79456e-11,0.0003912,0.4576036,0.978,0.235,0.00026,0.000391,0.00197
2040,0.0001943,1.9430000000000002e-05,7.022e-10,2.8729600000000004e-09,1.26025e-11,1.7556099999999996e-11,3.782250000000001e-11,0.0018,0.4576036,0.501,0.235,0.00026,0.0018,0.00551
2050,0.0001929,1.929e-05,6.871e-10,1.6646400000000002e-09,1.24609e-11,1.7472399999999998e-11,3.76996e-11,0.002832,0.4576036,0.175,0.234,0.00026,0.00283,0.00873
2060,0.0001922,1.9220000000000002e-05,4.072e-10,2.47009e-09,1.2320099999999999e-11,1.70569e-11,3.721e-11,0.002304,0.4576036,0.232,0.233,0.00026,0.0023,0.00777
2070,0.0001914,1.914e-05,1.309e-09,3.39889e-09,1.21801e-11,1.6974400000000004e-11,3.70881e-11,0.0006921,0.4576036,0.968,0.233,0.00026,0.000692,0.00286
2080,0.0001904,1.904e-05,8.082e-10,6.51249e-09,1.21801e-11,1.67281e-11,3.6966400000000005e-11,0.0024,0.4576036,0.338,0.232,0.00026,0.0024,0.00837
2090,0.0001895,1.895e-05,9.261e-10,3.3524099999999996e-09,1.24609e-11,1.6892099999999997e-11,3.6723599999999994e-11,0.002955,0.4576036,0.157,0.232,0.00026,0.00295,0.01
2100,0.0001873,1.873e-05,6.652e-10,2.401e-09,1.21801e-11,1.6646399999999998e-11,3.63609e-11,0.0002525,0.4576036,0.96,0.231,0.00025,0.000253,0.00195
2110,0.0001874,1.874e-05,5.031e-10,3.89376e-09,1.2390400000000002e-11,1.65649e-11,3.64816e-11,0.002173,0.4576036,0.369,0.23,0.00025,0.00217,0.00722
2120,0.0001853,1.853e-05,1.203e-09,7.86769e-09,1.2040899999999999e-11,1.6160399999999997e-11,3.58801e-11,0.003615,0.4576036,0.156,0.23,0.00025,0.00361,0.0124
2130,0.0001854,1.8540000000000002e-05,1.945e-09,2.18089e-09,1.2390400000000002e-11,1.6160399999999997e-11,3.58801e-11,0.0006778,0.4576036,0.953,0.229,0.00025,0.000678,0.0031
2140,0.0001838,1.838e-05,6.779e-10,2.0520900000000005e-09,1.27449e-11,1.63216e-11,3.5760400000000006e-11,0.002872,0.4576036,0.171,0.229,0.00025,0.00287,0.00929
2150,0.0001837,1.837e-05,4.436e-10,4.4089600000000005e-09,1.26025e-11,1.6e-11,3.54025e-11,0.001251,0.4576036,0.589,0.228,0.00025,0.00125,0.0055
2160,0.0001821,1.821e-05,2.062e-09,2.23729e-09,1.2040899999999999e-11,1.56816e-11,3.52836e-11,0.0006168,0.4576036,0.945,0.227,0.00025,0.000617,0.00265
2170,0.000182,1.8200000000000002e-05,1.193e-09,5.1984100000000005e-09,1.2040899999999999e-11,1.56816e-11,3.50464e-11,0.001151,0.4576036,0.943,0.227,0.00025,0.00115,0.00427
2180,0.0001812,1.8120000000000003e-05,7.238e-10,1.95364e-09,1.2320099999999999e-11,1.5602500000000002e-11,3.481e-11,0.0009491,0.4576036,0.777,0.226,0.00025,0.000949,0.00389
2190,0.0001795,1.795e-05,4.812e-10,2.0976400000000002e-09,1.21104e-11,1.521e-11,3.46921e-11,0.00348,0.4576036,0.105,0.226,0.00025,0.00348,0.0116
2200,0.000179,1.7899999999999998e-05,4.432e-10,1.7056900000000001e-09,1.21801e-11,1.521e-11,3.46921e-11,0.001695,0.4576036,0.361,0.225,0.00025,0.00169,0.00599
2210,0.0001784,1.784e-05,1.239e-09,6.7897599999999995e-09,1.3032100000000001e-11,1.5288099999999998e-11,3.46921e-11,0.00452,0.4576036,0.0948,0.225,0.00025,0.00452,0.0157
2220,0.0001799,1.7990000000000002e-05,1.692e-09,7.90321e-09,1.2040899999999999e-11,1.4899600000000003e-11,3.39889e-11,0.001254,0.4576036,0.931,0.224,0.00024,0.00125,0.00514
2230,0.000176,1.76e-05,5.556e-10,1.13569e-09,1.24609e-11,1.50544e-11,3.39889e-11,0.003206,0.4576036,0.104,0.223,0.00025,0.00321,0.0108
2240,0.0001755,1.755e-05,3.866e-10,2.3912100000000005e-09,1.25316e-11,1.4668899999999998e-11,3.3756100000000006e-11,0.001723,0.4576036,0.393,0.223,0.00024,0.00172,0.00618
2250,0.0001753,1.753e-05,1.113e-09,2.1252100000000004e-09,1.2040899999999999e-11,1.4592399999999997e-11,3.3872400000000004e-11,0.0006957,0.4576036,0.924,0.222,0.00024,0.000696,0.00309
2260,0.0001733,1.7330000000000002e-05,6.897e-10,1.8147599999999998e-09,1.18336e-11,1.4364100000000001e-11,3.34084e-11,0.002018,0.4576036,0.243,0.222,0.00024,0.00202,0.00724
2270,0.0001727,1.727e-05,4.899e-10,3.05809e-09,1.19025e-11,1.4212899999999999e-11,3.30625e-11,0.00179,0.4576036,0.429,0.221,0.00024,0.00179,0.00629
2280,0.0001713,1.713e-05,7.85e-10,2.1529600000000004e-09,1.2040899999999999e-11,1.41376e-11,3.2947600000000004e-11,0.0002838,0.4576036,1.01,0.221,0.00024,0.000284,0.00187
2290,0.0001717,1.717e-05,3.851e-10,2.33289e-09,1.19716e-11,1.39876e-11,3.2832900000000005e-11,0.001209,0.4576036,0.757,0.22,0.00024,0.00121,0.00415
2300,0.0001703,1.7029999999999998e-05,7.589e-10,5.535360000000001e-09,1.19716e-11,1.41376e-11,3.2604100000000004e-11,0.003085,0.4576036,0.241,0.22,0.00024,0.00308,0.00903
2310,0.0001684,1.684e-05,1.91e-09,2.14369e-09,1.18336e-11,1.3764100000000001e-11,3.2489999999999996e-11,0.0003883,0.4576036,1.0,0.219,0.00024,0.000388,0.00204
2320,0.0001677,1.677e-05,6.448e-10,2.14369e-09,1.21104e-11,1.38384e-11,3.2262399999999996e-11,0.002605,0.4576036,0.198,0.219,0.00024,0.0026,0.00826
2330,0.0001673,1.673e-05,5.091e-10,4.94209e-09,1.19716e-11,1.3616099999999998e-11,3.21489e-11,0.002282,0.4576036,0.35,0.218,0.00024,0.00228,0.00729
2340,0.0001682,1.6819999999999998e-05,1.288e-09,4.8024900000000004e-09,1.2040899999999999e-11,1.3616099999999998e-11,3.18096e-11,0.001181,0.4576036,0.995,0.218,0.00024,0.00118,0.00347
2350,0.0001664,1.664e-05,1.484e-09,3.5640900000000003e-09,1.2040899999999999e-11,1.3322500000000001e-11,3.18096e-11,0.0008234,0.4576036,0.993,0.217,0.00024,0.000823,0.00359
2360,0.0001654,1.654e-05,1.027e-09,3.29476e-09,1.28164e-11,1.34689e-11,3.15844e-11,0.00209,0.4576036,0.316,0.217,0.00024,0.00209,0.00716
2370,0.000164,1.64e-05,7.119e-10,1.45924e-09,1.156e-11,1.3032100000000001e-11,3.1359999999999996e-11,0.0002953,0.4576036,0.988,0.216,0.00024,0.000295,0.00172
2380,0.0001656,1.6559999999999997e-05,1.796e-09,3.39889e-09,1.19025e-11,1.3032100000000001e-11,3.12481e-11,0.001202,0.4576036,0.986,0.216,0.00023,0.0012,0.00421
2390,0.0001623,1.623e-05,8.674e-10,3.4692100000000003e-09,1.1764900000000001e-11,1.28164e-11,3.10249e-11,0.0002881,0.4576036,0.984,0.215,0.00023,0.000288,0.00182
2400,0.0001631,1.631e-05,2.112e-09,4.34281e-09,1.1696399999999999e-11,1.2673599999999999e-11,3.08025e-11,0.0009201,0.4576036,0.981,0.215,0.00023,0.00092,0.00348
2410,0.000161,1.6100000000000002e-05,9.102e-10,1.9184400000000003e-09,1.16281e-11,1.25316e-11,3.0691600000000005e-11,0.0002856,0.4576036,0.979,0.214,0.00023,0.000286,0.0015
2420,0.0001591,1.591e-05,1.112e-09,1.19716e-09,1.1696399999999999e-11,1.25316e-11,3.05809e-11,0.0002599,0.4576036,0.977,0.214,0.00023,0.00026,0.0015
2430,0.0001584,1.584e-05,1.809e-09,3.43396e-09,1.156e-11,1.2390400000000002e-11,3.04704e-11,0.0008895,0.4576036,0.975,0.213,0.00023,0.000889,0.00296
2440,0.0001586,1.586e-05,1.665e-09,4.596839999999999e-09,1.1696399999999999e-11,1.225e-11,3.025e-11,0.000461,0.4576036,0.972,0.213,0.00023,0.000461,0.00261
2450,0.0001571,1.571e-05,4.267e-10,4.1990400000000004e-09,1.21104e-11,1.21801e-11,3.0030400000000003e-11,0.001714,0.4576036,0.374,0.212,0.00023,0.00171,0.00635
2460,0.0001571,1.571e-05,3.922e-10,2.27529e-09,1.18336e-11,1.21801e-11,3.0030400000000003e-11,0.001712,0.4576036,0.452,0.212,0.00023,0.00171,0.00564
2470,0.0001561,1.561e-05,9.212e-10,3.52836e-09,1.1424399999999998e-11,1.1764900000000001e-11,2.970250000000001e-11,0.00391,0.4576036,0.0891,0.211,0.00023,0.00391,0.0135
2480,0.0001551,1.551e-05,8.776e-10,5.520490000000001e-09,1.156e-11,1.1764900000000001e-11,2.9484899999999996e-11,0.002134,0.4576036,0.338,0.211,0.00023,0.00213,0.00738
2490,0.0001546,1.5459999999999998e-05,5.455e-10,2.5e-09,1.156e-11,1.156e-11,2.9376399999999996e-11,0.002472,0.4576036,0.173,0.21,0.00023,0.00247,0.00856
2500,0.0001538,1.538e-05,1.621e-09,3.969e-09,1.1424399999999998e-11,1.1492100000000001e-11,2.9376399999999996e-11,0.000219,0.4576036,0.959,0.21,0.00023,0.000219,0.00161
2510,0.0001524,1.524e-05,1.51e-09,2.401e-09,1.12896e-11,1.1424399999999998e-11,2.90521e-11,0.000375,0.4576036,0.957,0.209,0.00023,0.000375,0.00258
2520,0.0001523,1.5229999999999998e-05,5.207e-10,1.3104399999999999e-09,1.1696399999999999e-11,1.1492100000000001e-11,2.90521e-11,0.003795,0.4576036,0.0728,0.209,0.00023,0.00379,0.0122
2530,0.0001517,1.517e-05,4.618e-10,3.81924e-09,1.1222500000000002e-11,1.1222500000000002e-11,2.8944400000000003e-11,0.001499,0.4576036,0.489,0.208,0.00022,0.0015,0.00549
2540,0.0001505,1.505e-05,4.746e-10,1.4976899999999998e-09,1.1356899999999999e-11,1.10224e-11,2.8515599999999995e-11,0.003,0.4576036,0.106,0.208,0.00023,0.003,0.0103
2550,0.0001504,1.504e-05,5.317e-10,5.1984100000000005e-09,1.12896e-11,1.1088899999999999e-11,2.8729600000000002e-11,0.002627,0.4576036,0.227,0.208,0.00023,0.00263,0.0087
2560,0.0001498,1.498e-05,1.073e-09,2.28484e-09,1.1222500000000002e-11,1.08241e-11,2.8515599999999995e-11,0.003734,0.4576036,0.0961,0.207,0.00022,0.00373,0.012
2570,0.0001513,1.5129999999999999e-05,1.611e-09,2.916e-09,1.1424399999999998e-11,1.089e-11,2.8302399999999998e-11,0.0009486,0.4576036,0.945,0.207,0.00022,0.000949,0.00358
2580,0.0001501,1.5009999999999999e-05,1.995e-09,3.68449e-09,1.1764900000000001e-11,1.089e-11,2.8302399999999998e-11,0.0008955,0.4576036,0.943,0.206,0.00022,0.000896,0.00387
2590,0.0001479,1.4789999999999999e-05,4.63e-10,3.3292899999999998e-09,1.1155600000000001e-11,1.06929e-11,2.81961e-11,0.001501,0.4576036,0.642,0.206,0.00022,0.0015,0.00479
2600,0.000146,1.4599999999999999e-05,2.035e-09,4.435560000000001e-09,1.1356899999999999e-11,1.0562499999999999e-11,2.79841e-11,0.000354,0.4576036,1.03,0.205,0.00022,0.000354,0.0016
2610,0.0001451,1.451e-05,1.118e-09,1.79776e-09,1.1155600000000001e-11,1.04329e-11,2.7772900000000005e-11,0.003143,0.4576036,0.127,0.205,0.00022,0.00314,0.0101
2620,0.0001459,1.459e-05,7.736e-10,2.49001e-09,1.1155600000000001e-11,1.0368400000000001e-11,2.7878400000000002e-11,0.00268,0.4576036,0.153,0.204,0.00022,0.00268,0.00927
2630,0.0001451,1.451e-05,1.599e-09,4.4089600000000005e-09,1.12896e-11,1.0304100000000001e-11,2.75625e-11,0.0004914,0.4576036,1.03,0.204,0.00022,0.000491,0.00224
2640,0.0001447,1.4469999999999999e-05,9.198e-10,1.25316e-09,1.1356899999999999e-11,1.01761e-11,2.75625e-11,0.0009764,0.4576036,0.769,0.204,0.00022,0.000976,0.00374
2650,0.0001431,1.431e-05,5.594e-10,2.5603599999999996e-09,1.0956100000000001e-11,1.01124e-11,2.74576e-11,0.001464,0.4576036,0.358,0.203,0.00022,0.00146,0.00602
2660,0.0001439,1.439e-05,6.556e-10,5.59504e-09,1.10224e-11,1.00489e-11,2.7352899999999998e-11,0.001799,0.4576036,0.523,0.203,0.00022,0.0018,0.00574
2670,0.0001432,1.4320000000000002e-05,9.527e-10,1.99809e-09,1.089e-11,9.8596e-12,2.71441e-11,0.0005948,0.4576036,0.925,0.202,0.00022,0.000595,0.00293
2680,0.0001418,1.418e-05,4.726e-10,2.86225e-09,1.08241e-11,9.8596e-12,2.704e-11,0.001617,0.4576036,0.431,0.202,0.00022,0.00162,0.00584
2690,0.0001424,1.424e-05,1.335e-09,2.23729e-09,1.1222500000000002e-11,9.7969e-12,2.6832400000000005e-11,0.0008405,0.4576036,0.921,0.201,0.00022,0.000841,0.0032
2700,0.0001399,1.3990000000000002e-05,1.214e-09,7.81456e-09,1.0956100000000001e-11,9.6721e-12,2.6936100000000004e-11,0.002722,0.4576036,0.22,0.201,0.00022,0.00272,0.0094
2710,0.00014,1.3999999999999998e-05,3.719e-10,1.369e-09,1.089e-11,9.5481e-12,2.6728899999999996e-11,0.0009825,0.4576036,0.626,0.201,0.00021,0.000982,0.00401
2720,0.0001391,1.3909999999999999e-05,1.029e-09,1.8490000000000001e-09,1.06929e-11,9.4864e-12,2.6522499999999998e-11,0.00048,0.4576036,1.01,0.2,0.00022,0.00048,0.00252
2730,0.0001385,1.3850000000000001e-05,2.436e-09,7.19104e-09,1.08241e-11,9.3025e-12,2.64196e-11,0.0008966,0.4576036,1.0,0.2,0.00021,0.000897,0.00393
2740,0.0001381,1.381e-05,5.664e-10,1.369e-09,1.06276e-11,9.3025e-12,2.6522499999999998e-11,0.00291,0.4576036,0.102,0.199,0.00021,0.00291,0.0105
2750,0.000137,1.37e-05,4.594e-10,3.49281e-09,1.06929e-11,9.0601e-12,2.6214400000000003e-11,0.003077,0.4576036,0.149,0.199,0.00021,0.00308,0.0101
2760,0.0001363,1.363e-05,2.729e-10,1.5288100000000002e-09,1.0758399999999999e-11,9.1204e-12,2.6010000000000002e-11,0.002199,0.4576036,0.198,0.199,0.00021,0.0022,0.00735
2770,0.0001356,1.3559999999999999e-05,6.219e-10,2.61121e-09,1.0562499999999999e-11,8.940100000000001e-12,2.5908100000000003e-11,0.002503,0.4576036,0.197,0.198,0.00021,0.0025,0.00844
2780,0.0001347,1.347e-05,1.004e-09,1.43641e-09,1.0562499999999999e-11,8.940100000000001e-12,2.6010000000000002e-11,0.0003368,0.4576036,0.995,0.198,0.00021,0.000337,0.00208
2790,0.0001353,1.3530000000000001e-05,6.83e-10,1.89225e-09,1.04976e-11,8.8209e-12,2.5806399999999996e-11,0.001065,0.4576036,0.678,0.197,0.00021,0.00106,0.00406
2800,0.0001342,1.342e-05,2.691e-10,1.9009600000000004e-09,1.0758399999999999e-11,8.7616e-12,2.5704899999999997e-11,0.001488,0.4576036,0.42,0.197,0.00021,0.00149,0.00522
2810,0.0001335,1.335e-05,1.201e-09,4.7609999999999996e-09,1.06929e-11,8.8804e-12,2.5806399999999996e-11,0.003666,0.4576036,0.134,0.197,0.00021,0.00367,0.0115
2820,0.0001337,1.3369999999999999e-05,9.996e-10,2.94849e-09,1.04329e-11,8.584899999999999e-12,2.5502499999999998e-11,0.0006334,0.4576036,0.987,0.196,0.00021,0.000633,0.00264
2830,0.0001322,1.3219999999999999e-05,1.38e-09,2.8196100000000004e-09,1.04976e-11,8.5264e-12,2.54016e-11,0.000448,0.4576036,0.985,0.196,0.00021,0.000448,0.00187
2840,0.0001321,1.321e-05,1.082e-09,2.78784e-09,1.04976e-11,8.410000000000002e-12,2.5300900000000002e-11,0.0005815,0.4576036,0.983,0.195,0.00021,0.000581,0.00231
2850,0.0001315,1.315e-05,4.919e-10,5.09796e-09,1.04329e-11,8.3521e-12,2.5200400000000002e-11,0.001728,0.4576036,0.416,0.195,0.00021,0.00173,0.00606
2860,0.0001306,1.306e-05,2.12e-10,3.01401e-09,1.06276e-11,8.3521e-12,2.5000000000000004e-11,0.001641,0.4576036,0.312,0.195,0.00021,0.00164,0.00601
2870,0.0001312,1.312e-05,3.922e-10,2.77729e-09,1.0304100000000001e-11,8.236900000000001e-12,2.5100100000000002e-11,0.001407,0.4576036,0.667,0.194,0.00021,0.00141,0.00464
2880,0.0001287,1.287e-05,2.203e-09,5.85225e-09,1.0304100000000001e-11,8.179600000000001e-12,2.4900099999999996e-11,0.0003861,0.4576036,0.975,0.194,0.00021,0.000386,0.00163
2890,0.0001298,1.2980000000000001e-05,8.51e-10,3.0030399999999996e-09,1.06929e-11,8.2944e-12,2.4900099999999996e-11,0.00408,0.4576036,0.0817,0.193,0.00021,0.00408,0.0132
2900,0.0001285,1.285e-05,9.648e-10,1.45924e-09,1.0304100000000001e-11,8.065599999999999e-12,2.4800399999999996e-11,0.0008452,0.4576036,0.971,0.193,0.00021,0.000845,0.00268
2910,0.0001295,1.295e-05,8.538e-10,3.6481599999999995e-09,1.01124e-11,7.8961e-12,2.47009e-11,0.0008787,0.4576036,0.969,0.193,0.0002,0.000879,0.00307
2920,0.0001276,1.2760000000000001e-05,7.863e-10,1.3912899999999999e-09,1.0239999999999998e-11,7.839999999999999e-12,2.46016e-11,0.0002379,0.4576036,0.968,0.192,0.0002,0.000238,0.00147
2930,0.0001276,1.2760000000000001e-05,5.691e-10,2.32324e-09,1.01761e-11,7.7841e-12,2.46016e-11,0.0009211,0.4576036,0.878,0.192,0.0002,0.000921,0.00336
2940,0.0001265,1.2650000000000001e-05,4.772e-10,1.72225e-09,1.04329e-11,7.7841e-12,2.44036e-11,0.0002124,0.4576036,0.964,0.192,0.0002,0.000212,0.00144
2950,0.0001267,1.2669999999999999e-05,4.98e-10,5.35824e-09,1.01761e-11,7.672900000000001e-12,2.44036e-11,0.001407,0.4576036,0.543,0.191,0.0002,0.00141,0.00557
2960,0.0001273,1.273e-05,7.409e-10,6.480250000000001e-09,1.00489e-11,7.6176e-12,2.43049e-11,0.00121,0.4576036,0.721,0.191,0.0002,0.00121,0.00459
2970,0.0001241,1.2410000000000001e-05,1.315e-09,2.18089e-09,1.00489e-11,7.507600000000001e-12,2.4009999999999996e-11,0.0003395,0.4576036,0.958,0.191,0.0002,0.00034,0.00212
2980,0.0001247,1.247e-05,3.725e-10,2.0793599999999997e-09,1.01124e-11,7.398399999999999e-12,2.4108099999999997e-11,0.0005537,0.4576036,0.957,0.19,0.0002,0.000554,0.00205
2990,0.0001237,1.237e-05,3.809e-10,1.4899600000000003e-09,9.9225e-12,7.344099999999999e-12,2.4009999999999996e-11,0.001994,0.4576036,0.208,0.19,0.0002,0.00199,0.00691
3000,0.0001231,1.231e-05,7.136e-10,1.73056e-09,1.00489e-11,7.344099999999999e-12,2.39121e-11,0.0003719,0.4576036,0.953,0.189,0.0002,0.000372,0.0022
3010,0.0001229,1.2290000000000001e-05,3.199e-10,1.6240899999999997e-09,9.9225e-12,7.236100000000001e-12,2.38144e-11,0.002996,0.4576036,0.117,0.189,0.0002,0.003,0.00985
3020,0.0001223,1.223e-05,6.906e-10,1.97136e-09,9.985599999999999e-12,7.236100000000001e-12,2.38144e-11,0.0003134,0.4576036,0.949,0.189,0.0002,0.000313,0.00191
3030,0.0001231,1.231e-05,9.834e-10,2.0793599999999997e-09,1.01761e-11,7.29e-12,2.38144e-11,0.0008634,0.4576036,0.948,0.188,0.0002,0.000863,0.00345
3040,0.0001208,1.208e-05,1.102e-09,3.2148900000000003e-09,9.7969e-12,7.1824000000000006e-12,2.38144e-11,0.0002508,0.4576036,0.946,0.188,0.0002,0.000251,0.00145
3050,0.000121,1.21e-05,1.109e-09,1.764e-09,9.7969e-12,7.0225e-12,2.3522500000000002e-11,0.002281,0.4576036,0.17,0.188,0.0002,0.00228,0.00793
3060,0.000121,1.21e-05,5.4e-10,4.0449600000000005e-09,9.7969e-12,6.9696000000000005e-12,2.3425600000000003e-11,0.001295,0.4576036,0.644,0.187,0.0002,0.00129,0.00465
3070,0.0001204,1.204e-05,5.542e-10,3.16969e-09,9.7969e-12,6.916899999999999e-12,2.3328900000000003e-11,0.001146,0.4576036,0.531,0.187,0.0002,0.00115,0.00451
3080,0.0001202,1.202e-05,6.806e-10,3.025e-09,9.734400000000002e-12,6.8644e-12,2.3522500000000002e-11,0.00131,0.4576036,0.53,0.187,0.0002,0.00131,0.00472
3090,0.0001196,1.1959999999999999e-05,1.018e-09,1.65649e-09,9.61e-12,6.76e-12,2.3425600000000003e-11,0.0008006,0.4576036,0.937,0.186,0.0002,0.000801,0.00299
3100,0.0001189,1.189e-05,4.21e-10,2.07025e-09,9.61e-12,6.656399999999999e-12,2.3232399999999996e-11,0.001146,0.4576036,0.639,0.186,0.0002,0.00115,0.00413
3110,0.0001184,1.184e-05,2.53e-10,2.57049e-09,9.5481e-12,6.656399999999999e-12,2.3232399999999996e-11,0.00145,0.4576036,0.396,0.186,0.0002,0.00145,0.0053
3120,0.0001177,1.177e-05,1.8e-10,2.14369e-09,9.61e-12,6.656399999999999e-12,2.304e-11,0.001834,0.4576036,0.203,0.185,0.0002,0.00183,0.00648
3130,0.0001174,1.174e-05,3.332e-10,3.11364e-09,9.734400000000002e-12,6.656399999999999e-12,2.304e-11,0.002668,0.4576036,0.126,0.185,0.0002,0.00267,0.00905
3140,0.0001167,1.167e-05,9.125e-10,4.4488899999999995e-09,9.5481e-12,6.502500000000001e-12,2.304e-11,0.003147,0.4576036,0.152,0.185,0.0002,0.00315,0.0103
3150,0.0001173,1.1730000000000001e-05,1.084e-09,3.20356e-09,9.4864e-12,6.451599999999999e-12,2.29441e-11,0.0007483,0.4576036,0.927,0.184,0.00019,0.000748,0.0029
3160,0.0001159,1.1589999999999999e-05,2.78e-10,5.616900000000001e-10,9.6721e-12,6.451599999999999e-12,2.28484e-11,0.00172,0.4576036,0.201,0.184,0.00019,0.00172,0.00557
3170,0.0001161,1.161e-05,5.61e-10,2.61121e-09,9.5481e-12,6.451599999999999e-12,2.27529e-11,0.003789,0.4576036,0.0705,0.184,0.00019,0.00379,0.0126
3180,0.0001151,1.151e-05,6.686e-10,4.7334400000000006e-09,9.3636e-12,6.250000000000001e-12,2.27529e-11,0.001556,0.4576036,0.573,0.183,0.00019,0.00156,0.00529
3190,0.000115,1.15e-05,5.13e-10,3.08025e-09,9.3025e-12,6.200099999999999e-12,2.2657600000000003e-11,0.001246,0.4576036,0.629,0.183,0.00019,0.00125,0.00427
3200,0.0001139,1.1390000000000001e-05,5.317e-10,4.1990400000000004e-09,9.3636e-12,6.1504e-12,2.2562500000000003e-11,0.002816,0.4576036,0.165,0.183,0.00019,0.00282,0.0094
3210,0.0001139,1.1390000000000001e-05,3.844e-10,2.7667599999999997e-09,9.180899999999999e-12,6.1504e-12,2.2467600000000005e-11,0.001618,0.4576036,0.428,0.182,0.00019,0.00162,0.00535
3220,0.0001128,1.128e-05,5.526e-10,2.2467600000000002e-09,9.4249e-12,6.1009e-12,2.2562500000000003e-11,0.001267,0.4576036,0.427,0.182,0.00019,0.00127,0.00501
3230,0.0001133,1.133e-05,6.622e-10,1.45924e-09,9.3025e-12,6.0516000000000006e-12,2.2562500000000003e-11,0.0004594,0.4576036,1.01,0.182,0.00019,0.000459,0.00227
3240,0.0001122,1.1220000000000001e-05,1.305e-09,1.35424e-09,9.3025e-12,6.002499999999999e-12,2.2562500000000003e-11,0.0003941,0.4576036,1.0,0.181,0.00019,0.000394,0.00222
3250,0.0001123,1.1230000000000001e-05,5.674e-10,2.6214399999999996e-09,9.1204e-12,5.9536e-12,2.2467600000000005e-11,0.001204,0.4576036,0.622,0.181,0.00019,0.0012,0.00429
3260,0.0001116,1.116e-05,3.842e-10,1.54449e-09,9.3636e-12,5.9049e-12,2.2372899999999996e-11,0.003635,0.4576036,0.0694,0.181,0.00019,0.00363,0.0118
3270,0.0001123,1.1230000000000001e-05,5.337e-10,3.81924e-09,9.180899999999999e-12,5.856400000000001e-12,2.2278399999999997e-11,0.001228,0.4576036,0.825,0.18,0.00019,0.00123,0.00399
3280,0.000111,1.11e-05,1.799e-09,1.9184400000000003e-09,9.241600000000001e-12,5.856400000000001e-12,2.21841e-11,0.0005725,0.4576036,0.997,0.18,0.00019,0.000572,0.00198
3290,0.0001102,1.102e-05,4.982e-10,2.61121e-09,8.940100000000001e-12,5.7121e-12,2.21841e-11,0.001707,0.4576036,0.317,0.18,0.00019,0.00171,0.00597
3300,0.0001104,1.104e-05,8.559e-10,1.2816400000000001e-09,9.000000000000001e-12,5.7121e-12,2.2089999999999998e-11,0.001087,0.4576036,0.617,0.18,0.00019,0.00109,0.0037
3310,0.0001094,1.094e-05,1.423e-09,1.0112400000000001e-09,9.000000000000001e-12,5.664400000000001e-12,2.19961e-11,0.002696,0.4576036,0.111,0.179,0.00019,0.0027,0.00913
3320,0.000109,1.09e-05,6.525e-10,3.20356e-09,9.0601e-12,5.616900000000001e-12,2.19961e-11,0.003187,0.4576036,0.134,0.179,0.00019,0.00319,0.0101
3330,0.0001101,1.1010000000000001e-05,7.563e-10,3.4692100000000003e-09,8.8209e-12,5.7121e-12,2.2089999999999998e-11,0.0006981,0.4576036,0.898,0.179,0.00019,0.000698,0.0038
3340,0.0001081,1.081e-05,1.11e-09,1.6646400000000002e-09,8.8209e-12,5.5224999999999995e-12,2.19961e-11,0.0002633,0.4576036,0.987,0.178,0.00019,0.000263,0.00159
3350,0.0001077,1.077e-05,2.424e-10,1.7388899999999998e-09,9.000000000000001e-12,5.5224999999999995e-12,2.1808900000000002e-11,0.002537,0.4576036,0.11,0.178,0.00019,0.00254,0.00878
3360,0.0001076,1.076e-05,2.287e-10,1.3032100000000003e-09,8.940100000000001e-12,5.4756e-12,2.19961e-11,0.00261,0.4576036,0.11,0.178,0.00019,0.00261,0.00857
3370,0.0001067,1.0670000000000001e-05,8.604e-10,4.26409e-09,8.8804e-12,5.428900000000001e-12,2.1622500000000004e-11,0.0024,0.4576036,0.194,0.177,0.00019,0.0024,0.00828
3380,0.0001068,1.068e-05,6.412e-10,1.89225e-09,8.7616e-12,5.382399999999999e-12,2.1808900000000002e-11,0.002745,0.4576036,0.109,0.177,0.00019,0.00275,0.00917
3390,0.0001062,1.062e-05,5.189e-10,2.54016e-09,8.7616e-12,5.3360999999999994e-12,2.1715600000000003e-11,0.001919,0.4576036,0.312,0.177,0.00018,0.00192,0.00587
3400,0.0001056,1.056e-05,3.345e-10,1.26025e-09,8.7025e-12,5.428900000000001e-12,2.1715600000000003e-11,0.001877,0.4576036,0.234,0.177,0.00018,0.00188,0.00618
3410,0.0001054,1.054e-05,2.572e-10,2.2089999999999997e-09,8.8209e-12,5.29e-12,2.1622500000000004e-11,0.001632,0.4576036,0.311,0.176,0.00018,0.00163,0.00553
3420,0.0001051,1.051e-05,9.46e-10,1.8576099999999998e-09,8.7616e-12,5.198400000000001e-12,2.1529599999999997e-11,0.0003866,0.4576036,0.973,0.176,0.00018,0.000387,0.00179
3430,0.000106,1.06e-05,8.818e-10,3.93129e-09,8.5264e-12,5.152899999999999e-12,2.1436899999999996e-11,0.0009314,0.4576036,0.972,0.176,0.00018,0.000931,0.00317
3440,0.0001044,1.044e-05,4.532e-10,1.75561e-09,8.584899999999999e-12,5.198400000000001e-12,2.1622500000000004e-11,0.003042,0.4576036,0.0896,0.175,0.00018,0.00304,0.0104
3450,0.0001041,1.041e-05,3.637e-10,3.3524099999999996e-09,8.584899999999999e-12,5.152899999999999e-12,2.1529599999999997e-11,0.001788,0.4576036,0.309,0.175,0.00018,0.00179,0.00613
3460,0.0001058,1.058e-05,1.153e-09,6.09961e-09,8.3521e-12,5.1076e-12,2.1344399999999998e-11,0.001162,0.4576036,0.879,0.175,0.00018,0.00116,0.00422
3470,0.0001034,1.0340000000000001e-05,2.376e-10,1.3249599999999997e-09,8.584899999999999e-12,5.0625e-12,2.1436899999999996e-11,0.001594,0.4576036,0.28,0.175,0.00018,0.00159,0.00546
3480,0.0001032,1.032e-05,2.754e-10,7.0756e-10,8.6436e-12,5.0625e-12,2.1344399999999998e-11,0.0003489,0.4576036,0.964,0.174,0.00018,0.000349,0.00127
3490,0.0001043,1.043e-05,9.947e-10,2.116e-09,8.410000000000002e-12,4.9284e-12,2.1252099999999998e-11,0.0009321,0.4576036,0.875,0.174,0.00018,0.000932,0.00335
3500,0.0001025,1.025e-05,7.309e-10,2.77729e-09,8.5264e-12,4.9284e-12,2.116e-11,0.002644,0.4576036,0.143,0.174,0.00018,0.00264,0.00898
3510,0.0001019,1.0189999999999999e-05,7.221e-10,2.16225e-09,8.3521e-12,5.017600000000001e-12,2.1344399999999998e-11,0.0004128,0.4576036,0.959,0.173,0.00018,0.000413,0.0023
3520,0.0001028,1.028e-05,5.866e-10,3.7699600000000005e-09,8.3521e-12,4.8841e-12,2.1252099999999998e-11,0.001318,0.4576036,0.654,0.173,0.00018,0.00132,0.00434
3530,0.000102,1.02e-05,1.776e-09,1.90969e-09,8.410000000000002e-12,4.9284e-12,2.10681e-11,0.0007396,0.4576036,0.956,0.173,0.00018,0.00074,0.00252
3540,0.000101,1.01e-05,2.875e-10,7.29e-10,8.236900000000001e-12,4.7961000000000005e-12,2.116e-11,0.002051,0.4576036,0.142,0.173,0.00018,0.00205,0.00656
3550,0.0001009,1.009e-05,1.13e-09,2.71441e-09,8.2944e-12,4.7961000000000005e-12,2.10681e-11,0.00242,0.4576036,0.189,0.172,0.00018,0.00242,0.00766
3560,0.0001005,1.005e-05,6.214e-10,3.1922499999999996e-09,8.122499999999999e-12,4.7089e-12,2.10681e-11,0.001712,0.4576036,0.404,0.172,0.00018,0.00171,0.00518
3570,0.0001007,1.007e-05,7.366e-10,1.39876e-09,8.179600000000001e-12,4.665600000000001e-12,2.09764e-11,0.0009389,0.4576036,0.864,0.172,0.00018,0.000939,0.00317
3580,9.978e-05,9.978e-06,4.835e-10,3.2148900000000003e-09,8.122499999999999e-12,4.665600000000001e-12,2.09764e-11,0.0005673,0.4576036,0.949,0.171,0.00018,0.000567,0.00346
3590,9.922e-05,9.922000000000001e-06,1.01e-09,2.45025e-09,8.179600000000001e-12,4.6225000000000005e-12,2.08849e-11,0.001079,0.4576036,0.647,0.171,0.00018,0.00108,0.00405
3600,9.945e-05,9.945e-06,6.237e-10,3.75769e-09,8.2944e-12,4.6225000000000005e-12,2.08849e-11,0.001557,0.4576036,0.485,0.171,0.00018,0.00156,0.00517
3610,9.845e-05,9.845e-06,5.855e-10,1.5366399999999998e-09,8.0089e-12,4.5795999999999996e-12,2.08849e-11,0.0002692,0.4576036,0.944,0.171,0.00018,0.000269,0.00169
3620,9.827e-05,9.827000000000001e-06,3.629e-10,3.969e-09,8.065599999999999e-12,4.5795999999999996e-12,2.08849e-11,0.001429,0.4576036,0.4,0.17,0.00018,0.00143,0.00527
3630,9.759e-05,9.759000000000001e-06,6.048e-10,2.68324e-09,7.9524e-12,4.4944e-12,2.0793600000000004e-11,0.000257,0.4576036,0.941,0.17,0.00018,0.000257,0.00166
3640,9.761e-05,9.761e-06,7.199e-10,1.5760900000000003e-09,8.065599999999999e-12,4.536899999999999e-12,2.0793600000000004e-11,0.001205,0.4576036,0.53,0.17,0.00017,0.0012,0.0042
3650,9.682e-05,9.682e-06,6.463e-10,3.68449e-09,7.9524e-12,4.4521e-12,2.0702499999999996e-11,0.002295,0.4576036,0.204,0.17,0.00018,0.00229,0.00776
3660,9.655e-05,9.655e-06,3.771e-10,1.3032100000000003e-09,7.839999999999999e-12,4.409999999999999e-12,2.0702499999999996e-11,0.001782,0.4576036,0.224,0.169,0.00017,0.00178,0.00603
3670,9.701e-05,9.700999999999999e-06,9.959e-10,1.89225e-09,8.0089e-12,4.4944e-12,2.0611599999999997e-11,0.0006942,0.4576036,0.935,0.169,0.00017,0.000694,0.00263
3680,9.665e-05,9.665e-06,5.611e-10,2.23729e-09,7.7841e-12,4.3680999999999995e-12,2.0702499999999996e-11,0.0009249,0.4576036,0.849,0.169,0.00017,0.000925,0.00348
3690,9.519e-05,9.519e-06,5.983e-10,2.1715600000000003e-09,7.9524e-12,4.4521e-12,2.0611599999999997e-11,0.002036,0.4576036,0.203,0.169,0.00017,0.00204,0.00689
3700,9.621e-05,9.621e-06,3.994e-10,3.0360099999999997e-09,7.7841e-12,4.3264e-12,2.05209e-11,0.0007748,0.4576036,0.931,0.168,0.00017,0.000775,0.00298
3710,9.542e-05,9.542000000000001e-06,8.845e-10,1.7808400000000002e-09,7.7841e-12,4.2849e-12,2.0611599999999997e-11,0.0003783,0.4576036,1.02,0.168,0.00017,0.000378,0.00172
3720,9.499e-05,9.499e-06,9.889e-10,2.49001e-09,7.839999999999999e-12,4.2849e-12,2.04304e-11,0.0006034,0.4576036,0.928,0.168,0.00017,0.000603,0.00266
3730,9.457e-05,9.457e-06,8.681e-10,1.5523600000000002e-09,7.672900000000001e-12,4.2849e-12,2.05209e-11,0.0004237,0.4576036,1.02,0.167,0.00017,0.000424,0.00178
3740,9.488e-05,9.488e-06,4.216e-10,1.2460899999999998e-09,7.6176e-12,4.243600000000001e-12,2.04304e-11,0.001077,0.4576036,0.522,0.167,0.00017,0.00108,0.004
3750,9.413e-05,9.413e-06,3.762e-10,1.17649e-09,7.672900000000001e-12,4.243600000000001e-12,2.04304e-11,0.0005285,0.4576036,0.924,0.167,0.00017,0.000529,0.00236
3760,9.547e-05,9.547e-06,9.673e-10,4.529289999999999e-09,7.672900000000001e-12,4.2024999999999995e-12,2.03401e-11,0.001205,0.4576036,0.839,0.167,0.00017,0.0012,0.00412
3770,9.348e-05,9.348000000000001e-06,5.43e-10,2.7352899999999996e-09,7.5625e-12,4.243600000000001e-12,2.05209e-11,0.002048,0.4576036,0.2,0.166,0.00017,0.00205,0.00718
3780,9.353e-05,9.353e-06,3.669e-10,1.4137599999999999e-09,7.672900000000001e-12,4.1615999999999996e-12,2.03401e-11,0.001082,0.4576036,0.691,0.166,0.00017,0.00108,0.00352
3790,9.334e-05,9.333999999999999e-06,5.003e-10,1.5523600000000002e-09,7.398399999999999e-12,4.0804e-12,2.03401e-11,0.0007571,0.4576036,0.918,0.166,0.00017,0.000757,0.00268
3800,9.235e-05,9.234999999999999e-06,5.824e-10,1.5602499999999999e-09,7.5625e-12,4.1209e-12,2.03401e-11,0.00176,0.4576036,0.219,0.166,0.00017,0.00176,0.00599
3810,9.213e-05,9.213e-06,2.426e-10,1.79776e-09,7.5625e-12,4.1209e-12,2.025e-11,0.00249,0.4576036,0.136,0.165,0.00017,0.00249,0.00825
3820,9.168e-05,9.168000000000001e-06,7.131e-10,5.062500000000001e-10,7.398399999999999e-12,4.0804e-12,2.025e-11,0.002743,0.4576036,0.0697,0.165,0.00017,0.00274,0.00914
3830,9.278e-05,9.278e-06,7.267e-10,2.0340099999999997e-09,7.452900000000001e-12,4.040099999999999e-12,2.01601e-11,0.0007145,0.4576036,1.0,0.165,0.00017,0.000715,0.0025
3840,9.213e-05,9.213e-06,1.762e-09,1.9184400000000003e-09,7.507600000000001e-12,4.0804e-12,2.025e-11,0.0006752,0.4576036,1.0,0.165,0.00017,0.000675,0.00267
3850,9.324e-05,9.324e-06,1.51e-09,4.651240000000001e-09,7.5625e-12,4.040099999999999e-12,2.025e-11,0.0008584,0.4576036,1.0,0.164,0.00017,0.000858,0.00349
3860,9.083e-05,9.083e-06,4.026e-10,6.200099999999999e-10,7.344099999999999e-12,4e-12,2.025e-11,0.0003052,0.4576036,1.0,0.164,0.00017,0.000305,0.00134
3870,9.1e-05,9.100000000000001e-06,1.061e-09,3.0913600000000004e-09,7.398399999999999e-12,3.9601e-12,2.01601e-11,0.0005028,0.4576036,0.998,0.164,0.00017,0.000503,0.00309
3880,9.016e-05,9.016e-06,6.779e-10,1.2816400000000001e-09,7.452900000000001e-12,4.040099999999999e-12,2.01601e-11,0.0001927,0.4576036,0.997,0.164,0.00017,0.000193,0.00129
3890,8.992e-05,8.992000000000001e-06,3.772e-10,2.45025e-09,7.344099999999999e-12,4e-12,2.025e-11,0.001888,0.4576036,0.262,0.164,0.00017,0.00189,0.00633
3900,9.04e-05,9.04e-06,2.607e-10,1.9009600000000004e-09,7.1824000000000006e-12,3.9204e-12,2.01601e-11,0.001029,0.4576036,0.679,0.163,0.00017,0.00103,0.0036
3910,9.011e-05,9.011e-06,5.063e-10,1.56816e-09,7.128899999999999e-12,3.841599999999999e-12,2.0070400000000003e-11,0.001053,0.4576036,0.616,0.163,0.00017,0.00105,0.00363
3920,8.95e-05,8.949999999999999e-06,9.53e-10,3.0691599999999998e-09,7.29e-12,4.040099999999999e-12,2.01601e-11,0.00362,0.4576036,0.0687,0.163,0.00017,0.00362,0.0122
3930,8.959e-05,8.959e-06,4.29e-10,3.88129e-09,7.0755999999999995e-12,3.8025e-12,2.0070400000000003e-11,0.0009768,0.4576036,0.676,0.163,0.00017,0.000977,0.00409
3940,8.864e-05,8.864e-06,1.024e-09,1.9184400000000003e-09,7.0755999999999995e-12,3.8025e-12,1.9980900000000004e-11,0.0004859,0.4576036,0.988,0.162,0.00017,0.000486,0.00278
3950,8.828e-05,8.828000000000001e-06,3.825e-10,1.25316e-09,7.128899999999999e-12,3.9204e-12,2.0070400000000003e-11,0.00213,0.4576036,0.147,0.162,0.00017,0.00213,0.00762
3960,8.857e-05,8.857e-06,4.56e-10,1.6483599999999999e-09,7.0755999999999995e-12,3.8025e-12,1.9980900000000004e-11,0.003526,0.4576036,0.0683,0.162,0.00017,0.00353,0.0118
3970,8.873e-05,8.873e-06,5.101e-10,2.90521e-09,6.9696000000000005e-12,3.7636e-12,2.0070400000000003e-11,0.001093,0.4576036,0.739,0.162,0.00016,0.00109,0.00378
3980,8.739e-05,8.739e-06,1.833e-10,1.90969e-09,7.0755999999999995e-12,3.8025e-12,1.9891599999999998e-11,0.002039,0.4576036,0.194,0.161,0.00016,0.00204,0.00689
3990,8.713e-05,8.713e-06,4.511e-10,1.4440000000000002e-09,7.0755999999999995e-12,3.8025e-12,1.9980900000000004e-11,0.002386,0.4576036,0.146,0.161,0.00017,0.00239,0.00773
4000,8.723e-05,8.723000000000001e-06,9.744e-10,1.9009600000000004e-09,7.0225e-12,3.7636e-12,1.9980900000000004e-11,0.0001752,0.4576036,0.979,0.161,0.00016,0.000175,0.00117
4010,8.672e-05,8.672e-06,1.494e-10,1.8835599999999996e-09,6.8644e-12,3.686399999999999e-12,1.9891599999999998e-11,0.002398,0.4576036,0.132,0.161,0.00016,0.0024,0.00814
4020,8.612e-05,8.612e-06,1.055e-09,8.53776e-09,7.0225e-12,3.724900000000001e-12,1.9802499999999998e-11,0.00217,0.4576036,0.257,0.16,0.00016,0.00217,0.00782
4030,8.635e-05,8.635e-06,1.472e-10,8.41e-10,6.916899999999999e-12,3.686399999999999e-12,1.9891599999999998e-11,0.0009854,0.4576036,0.414,0.16,0.00016,0.000985,0.00404
4040,8.647e-05,8.647e-06,4.169e-10,3.23761e-09,6.916899999999999e-12,3.7636e-12,1.9802499999999998e-11,0.003729,0.4576036,0.0675,0.16,0.00017,0.00373,0.0124
4050,8.562e-05,8.562e-06,5.335e-10,3.5164899999999997e-09,6.8644e-12,3.724900000000001e-12,1.9802499999999998e-11,0.002379,0.4576036,0.159,0.16,0.00016,0.00238,0.00803
4060,8.548e-05,8.548e-06,4.171e-10,2.2562500000000004e-09,6.8644e-12,3.724900000000001e-12,1.9802499999999998e-11,0.001858,0.4576036,0.232,0.16,0.00016,0.00186,0.00615
4070,8.553e-05,8.553000000000001e-06,2.187e-09,2.5e-09,6.76e-12,3.61e-12,1.97136e-11,0.0005892,0.4576036,0.97,0.159,0.00016,0.000589,0.00201
4080,8.509e-05,8.509e-06,4.561e-10,1.33225e-09,6.8121e-12,3.61e-12,1.97136e-11,0.001367,0.4576036,0.309,0.159,0.00016,0.00137,0.00485
4090,8.48e-05,8.48e-06,5.655e-10,2.401e-09,6.656399999999999e-12,3.5720999999999997e-12,1.96249e-11,0.0001778,0.4576036,0.967,0.159,0.00016,0.000178,0.00105
4100,8.471e-05,8.470999999999999e-06,6.99e-10,3.1024899999999997e-09,6.708100000000001e-12,3.5344e-12,1.97136e-11,0.001792,0.4576036,0.372,0.159,0.00016,0.00179,0.00564
4110,8.466e-05,8.466e-06,4.215e-10,2.5603599999999996e-09,6.656399999999999e-12,3.5720999999999997e-12,1.97136e-11,0.0009241,0.4576036,0.45,0.158,0.00016,0.000924,0.00471
4120,8.415e-05,8.415e-06,2.587e-10,3.733209999999999e-09,6.708100000000001e-12,3.5720999999999997e-12,1.96249e-11,0.001859,0.4576036,0.279,0.158,0.00016,0.00186,0.00619
4130,8.419e-05,8.419e-06,7.638e-10,1.73056e-09,6.76e-12,3.5720999999999997e-12,1.97136e-11,0.003274,0.4576036,0.0734,0.158,0.00016,0.00327,0.0105
4140,8.368e-05,8.368e-06,1.602e-10,1.1222500000000001e-09,6.708100000000001e-12,3.61e-12,1.97136e-11,0.001523,0.4576036,0.306,0.158,0.00016,0.00152,0.00501
4150,8.344e-05,8.344e-06,5.725e-10,1.5760900000000003e-09,6.656399999999999e-12,3.5344e-12,1.96249e-11,0.0004769,0.4576036,0.959,0.158,0.00016,0.000477,0.00287
4160,8.414e-05,8.414000000000001e-06,6.558e-10,1.2816400000000001e-09,6.656399999999999e-12,3.5344e-12,1.96249e-11,0.0009038,0.4576036,0.72,0.157,0.00016,0.000904,0.00344
4170,8.408e-05,8.408e-06,6.913e-10,2.71441e-09,6.553600000000001e-12,3.4969e-12,1.96249e-11,0.0006767,0.4576036,0.956,0.157,0.00016,0.000677,0.0027
4180,8.298e-05,8.298e-06,7.648e-10,1.9802499999999996e-09,6.451599999999999e-12,3.5720999999999997e-12,1.95364e-11,0.0002501,0.4576036,0.955,0.157,0.00016,0.00025,0.00158
4190,8.247e-05,8.247e-06,4.106e-10,2.2562500000000004e-09,6.553600000000001e-12,3.4969e-12,1.96249e-11,0.003004,0.4576036,0.0968,0.157,0.00016,0.003,0.00964
4200,8.308e-05,8.307999999999999e-06,8.694e-10,1.5760900000000003e-09,6.451599999999999e-12,3.4596e-12,1.95364e-11,0.0007478,0.4576036,0.953,0.157,0.00016,0.000748,0.00256
4210,8.222e-05,8.222e-06,6.332e-10,5.904900000000001e-10,6.502500000000001e-12,3.4596e-12,1.95364e-11,0.001486,0.4576036,0.25,0.156,0.00016,0.00149,0.00496
4220,8.207e-05,8.207000000000001e-06,1.1e-09,9.9225e-10,6.3504e-12,3.4596e-12,1.95364e-11,0.001207,0.4576036,0.366,0.156,0.00016,0.00121,0.00416
4230,8.187e-05,8.187e-06,7.786e-10,3.42225e-09,6.3504e-12,3.3856e-12,1.94481e-11,0.00172,0.4576036,0.302,0.156,0.00016,0.00172,0.006
4240,8.251e-05,8.251e-06,3.436e-10,1.60801e-09,6.553600000000001e-12,3.5344e-12,1.95364e-11,0.0008222,0.4576036,0.783,0.156,0.00016,0.000822,0.00326
4250,8.116e-05,8.116e-06,4.182e-10,1.1492099999999998e-09,6.451599999999999e-12,3.4596e-12,1.94481e-11,0.0001774,0.4576036,0.946,0.155,0.00016,0.000177,0.00109
4260,8.166e-05,8.166e-06,1.122e-09,2.19024e-09,6.3504e-12,3.4225000000000004e-12,1.94481e-11,0.0007389,0.4576036,0.945,0.155,0.00016,0.000739,0.00244
4270,8.093e-05,8.093e-06,1.517e-10,2.1068099999999997e-09,6.4008999999999995e-12,3.4225000000000004e-12,1.95364e-11,0.001666,0.4576036,0.226,0.155,0.00016,0.00167,0.00579
4280,8.085e-05,8.085e-06,1.668e-10,1.72225e-09,6.200099999999999e-12,3.3856e-12,1.94481e-11,0.001428,0.4576036,0.3,0.155,0.00016,0.00143,0.00527
4290,8.033e-05,8.032999999999999e-06,6.719e-10,2.01601e-09,6.200099999999999e-12,3.3489000000000004e-12,1.94481e-11,0.0004048,0.4576036,0.941,0.155,0.00016,0.000405,0.00176
4300,8e-05,8.000000000000001e-06,1.094e-09,2.61121e-09,6.1504e-12,3.3489000000000004e-12,1.936e-11,0.0007677,0.4576036,0.94,0.154,0.00016,0.000768,0.00266
4310,8.014e-05,8.014e-06,4.502e-10,9.363599999999999e-10,6.3001000000000006e-12,3.4225000000000004e-12,1.936e-11,0.002547,0.4576036,0.105,0.154,0.00016,0.00255,0.00849
4320,7.969e-05,7.969000000000001e-06,6.573e-10,2.2089999999999997e-09,6.200099999999999e-12,3.3124e-12,1.94481e-11,0.001772,0.4576036,0.271,0.154,0.00016,0.00177,0.00599
4330,8.011e-05,8.011e-06,6.774e-10,2.8196100000000004e-09,6.200099999999999e-12,3.3856e-12,1.936e-11,0.0006459,0.4576036,0.936,0.154,0.00015,0.000646,0.00249
4340,7.951e-05,7.951e-06,2.649e-10,1.6646400000000002e-09,6.0516000000000006e-12,3.2761e-12,1.936e-11,0.0003667,0.4576036,0.935,0.154,0.00015,0.000367,0.00165
4350,7.912e-05,7.912e-06,7.891e-10,1.75561e-09,6.0516000000000006e-12,3.2761e-12,1.936e-11,0.0001473,0.4576036,0.934,0.153,0.00015,0.000147,0.000976
4360,7.975e-05,7.975e-06,4.48e-10,3.61201e-09,6.1009e-12,3.3489000000000004e-12,1.9272100000000002e-11,0.001253,0.4576036,0.637,0.153,0.00015,0.00125,0.00433
4370,7.935e-05,7.935000000000001e-06,7.199e-10,1.936e-09,6.0516000000000006e-12,3.3124e-12,1.9184400000000002e-11,0.0005187,0.4576036,0.931,0.153,0.00015,0.000519,0.00245
4380,7.881e-05,7.881e-06,2.648e-10,5.3361e-10,5.9536e-12,3.2761e-12,1.9272100000000002e-11,0.002296,0.4576036,0.0944,0.153,0.00015,0.0023,0.00771
4390,7.876e-05,7.876e-06,1.006e-09,3.2148900000000003e-09,6.0516000000000006e-12,3.2399999999999995e-12,1.936e-11,0.0005797,0.4576036,0.929,0.153,0.00015,0.00058,0.00281
4400,7.797e-05,7.797e-06,4.44e-10,2.0793599999999997e-09,5.9536e-12,3.2399999999999995e-12,1.936e-11,0.002019,0.4576036,0.202,0.152,0.00015,0.00202,0.00696
4410,7.827e-05,7.827e-06,2.057e-10,9.0601e-10,5.9049e-12,3.2041e-12,1.9184400000000002e-11,0.001361,0.4576036,0.325,0.152,0.00015,0.00136,0.00471
4420,7.823e-05,7.823e-06,5.255e-10,2.23729e-09,5.856400000000001e-12,3.2041e-12,1.9184400000000002e-11,0.000367,0.4576036,1.02,0.152,0.00015,0.000367,0.00157
4430,7.785e-05,7.785e-06,2.217e-10,2.2089999999999997e-09,6.002499999999999e-12,3.2041e-12,1.9272100000000002e-11,0.001458,0.4576036,0.356,0.152,0.00015,0.00146,0.00509
4440,7.748e-05,7.748e-06,2.154e-10,1.1289599999999998e-09,5.9536e-12,3.2399999999999995e-12,1.9184400000000002e-11,0.001773,0.4576036,0.201,0.152,0.00015,0.00177,0.00595
4450,7.745e-05,7.745e-06,8.979e-10,2.1252100000000004e-09,5.856400000000001e-12,3.2041e-12,1.9096899999999998e-11,0.0001907,0.4576036,1.01,0.151,0.00015,0.000191,0.00123
4460,7.674e-05,7.674e-06,1.157e-09,1.98916e-09,5.856400000000001e-12,3.2041e-12,1.9096899999999998e-11,0.001844,0.4576036,0.22,0.151,0.00015,0.00184,0.00671
4470,7.702e-05,7.702e-06,8.328e-10,3.2832899999999997e-09,5.808099999999999e-12,3.2041e-12,1.9272100000000002e-11,0.00249,0.4576036,0.124,0.151,0.00015,0.00249,0.0089
4480,7.697e-05,7.697000000000001e-06,6.737e-10,7.182400000000001e-10,5.7121e-12,3.1329e-12,1.9184400000000002e-11,0.00227,0.4576036,0.103,0.151,0.00015,0.00227,0.00756
4490,7.692e-05,7.692e-06,4.856e-10,3.481e-09,5.7121e-12,3.1329e-12,1.9272100000000002e-11,0.001801,0.4576036,0.266,0.151,0.00015,0.0018,0.00638
4500,7.651e-05,7.651e-06,7.347e-10,3.16969e-09,5.808099999999999e-12,3.2041e-12,1.9184400000000002e-11,0.002505,0.4576036,0.112,0.15,0.00015,0.0025,0.00904
4510,7.618e-05,7.618000000000001e-06,2.896e-10,5.35824e-09,5.664400000000001e-12,3.1683999999999997e-12,1.9096899999999998e-11,0.002636,0.4576036,0.136,0.15,0.00015,0.00264,0.00944
4520,7.633e-05,7.633e-06,1.044e-09,1.6240899999999997e-09,5.808099999999999e-12,3.2761e-12,1.9184400000000002e-11,0.0003399,0.4576036,1.0,0.15,0.00015,0.00034,0.00161
4530,7.609e-05,7.6089999999999995e-06,3.568e-10,1.47456e-09,5.7121e-12,3.1683999999999997e-12,1.9096899999999998e-11,0.002631,0.4576036,0.0926,0.15,0.00015,0.00263,0.00903
4540,7.587e-05,7.587e-06,4.395e-10,2.1715600000000003e-09,5.808099999999999e-12,3.1683999999999997e-12,1.9184400000000002e-11,0.001785,0.4576036,0.29,0.15,0.00015,0.00178,0.00581
4550,7.654e-05,7.654e-06,8.711e-10,1.6974399999999999e-09,5.76e-12,3.2041e-12,1.9184400000000002e-11,0.0008134,0.4576036,1.0,0.149,0.00015,0.000813,0.00274
4560,7.588e-05,7.588e-06,2.416e-10,9.2416e-10,5.616900000000001e-12,3.1329e-12,1.9096899999999998e-11,0.00284,0.4576036,0.0693,0.149,0.00015,0.00284,0.00961
4570,7.585e-05,7.585e-06,3.993e-10,2.1529600000000004e-09,5.616900000000001e-12,3.0625e-12,1.9184400000000002e-11,0.0005183,0.4576036,0.998,0.149,0.00015,0.000518,0.00224
4580,7.49e-05,7.49e-06,1.104e-09,2.7248400000000003e-09,5.569599999999999e-12,3.1329e-12,1.90096e-11,0.0003749,0.4576036,0.997,0.149,0.00015,0.000375,0.00217
4590,7.522e-05,7.522e-06,7.045e-10,9.7344e-10,5.5224999999999995e-12,3.0276e-12,1.9184400000000002e-11,0.001251,0.4576036,0.422,0.149,0.00015,0.00125,0.0042
4600,7.452e-05,7.452e-06,2.99e-10,7.672899999999999e-10,5.5224999999999995e-12,3.0976000000000005e-12,1.9096899999999998e-11,0.0002492,0.4576036,0.994,0.149,0.00015,0.000249,0.00143
4610,7.45e-05,7.45e-06,4.68e-10,1.1492099999999998e-09,5.5224999999999995e-12,3.0625e-12,1.90096e-11,0.0004542,0.4576036,0.993,0.148,0.00015,0.000454,0.0014
4620,7.47e-05,7.47e-06,4.827e-10,1.56816e-09,5.616900000000001e-12,3.1329e-12,1.90096e-11,0.0008495,0.4576036,0.616,0.148,0.00015,0.00085,0.00345
4630,7.442e-05,7.441999999999999e-06,2.839e-10,1.5366399999999998e-09,5.428900000000001e-12,3.0625e-12,1.90096e-11,0.001387,0.4576036,0.42,0.148,0.00015,0.00139,0.00434
4640,7.418e-05,7.418e-06,4.934e-10,1.5602499999999999e-09,5.29e-12,3.0625e-12,1.90096e-11,0.0005035,0.4576036,0.99,0.148,0.00015,0.000503,0.00245
4650,7.464e-05,7.464e-06,4.681e-10,5.34361e-09,5.4756e-12,3.0625e-12,1.90096e-11,0.001343,0.4576036,0.614,0.148,0.00015,0.00134,0.00438
4660,7.439e-05,7.438999999999999e-06,2.32e-10,1.94481e-09,5.3360999999999994e-12,2.9929e-12,1.89225e-11,0.001057,0.4576036,0.674,0.147,0.00015,0.00106,0.00333
4670,7.361e-05,7.3609999999999995e-06,4.068e-10,1.19716e-09,5.428900000000001e-12,3.0625e-12,1.9096899999999998e-11,0.0003388,0.4576036,0.986,0.147,0.00015,0.000339,0.00201
4680,7.444e-05,7.444e-06,8.384e-10,1.79776e-09,5.3360999999999994e-12,2.9929e-12,1.89225e-11,0.0006245,0.4576036,0.985,0.147,0.00015,0.000625,0.00267
4690,7.291e-05,7.291e-06,6.315e-10,1.74724e-09,5.4756e-12,3.0976000000000005e-12,1.90096e-11,0.002097,0.4576036,0.177,0.147,0.00015,0.0021,0.00704
4700,7.322e-05,7.3219999999999995e-06,1.909e-10,1.73056e-09,5.382399999999999e-12,3.0976000000000005e-12,1.89225e-11,0.001366,0.4576036,0.344,0.147,0.00015,0.00137,0.0049
4710,7.296e-05,7.296000000000001e-06,7.335e-10,8.1796e-10,5.616900000000001e-12,3.0976000000000005e-12,1.89225e-11,0.002031,0.4576036,0.146,0.147,0.00015,0.00203,0.00691
4720,7.33e-05,7.330000000000001e-06,6.914e-10,3.2148900000000003e-09,5.2441e-12,2.9584e-12,1.88356e-11,0.0006035,0.4576036,0.98,0.146,0.00015,0.000604,0.00217
4730,7.26e-05,7.26e-06,7.103e-10,6.336159999999999e-09,5.2441e-12,3.0625e-12,1.90096e-11,0.003402,0.4576036,0.0994,0.146,0.00015,0.0034,0.0112
4740,7.234e-05,7.2340000000000005e-06,2.687e-10,8.2369e-10,5.2441e-12,2.9929e-12,1.89225e-11,0.001233,0.4576036,0.283,0.146,0.00015,0.00123,0.00425
4750,7.241e-05,7.241000000000001e-06,3.549e-10,2.5100099999999997e-09,5.29e-12,3.0625e-12,1.90096e-11,0.001404,0.4576036,0.376,0.146,0.00015,0.0014,0.00501
4760,7.18e-05,7.18e-06,5.767e-10,2.98116e-09,5.198400000000001e-12,2.9584e-12,1.88356e-11,0.0002727,0.4576036,0.975,0.146,0.00014,0.000273,0.00143
4770,7.217e-05,7.217e-06,2.023e-10,1.43641e-09,5.152899999999999e-12,2.9929e-12,1.88356e-11,0.001106,0.4576036,0.454,0.145,0.00014,0.00111,0.00403
4780,7.199e-05,7.198999999999999e-06,1.03e-09,2.98116e-09,5.428900000000001e-12,3.1683999999999997e-12,1.90096e-11,0.003158,0.4576036,0.0816,0.145,0.00015,0.00316,0.011
4790,7.171e-05,7.1710000000000005e-06,4.356e-10,2.22784e-09,5.152899999999999e-12,2.9240999999999996e-12,1.87489e-11,0.0003806,0.4576036,0.972,0.145,0.00014,0.000381,0.00225
4800,7.15e-05,7.15e-06,4.795e-10,1.23904e-09,5.1076e-12,2.9929e-12,1.89225e-11,0.001783,0.4576036,0.175,0.145,0.00014,0.00178,0.00624
4810,7.199e-05,7.198999999999999e-06,1.419e-09,1.37641e-09,5.1076e-12,2.9584e-12,1.87489e-11,0.0008136,0.4576036,0.881,0.145,0.00014,0.000814,0.00284
4820,7.183e-05,7.183e-06,1.402e-09,1.8576099999999998e-09,5.0625e-12,3.0276e-12,1.88356e-11,0.003935,0.4576036,0.0504,0.145,0.00015,0.00394,0.0132
4830,7.139e-05,7.139000000000001e-06,5.676e-10,1.6402500000000002e-09,5.017600000000001e-12,2.9240999999999996e-12,1.88356e-11,0.0005513,0.4576036,0.967,0.144,0.00014,0.000551,0.00239
4840,7.14e-05,7.14e-06,1.303e-09,2.0793599999999997e-09,5.0625e-12,2.9584e-12,1.88356e-11,0.0006136,0.4576036,0.966,0.144,0.00014,0.000614,0.00219
4850,7.114e-05,7.114e-06,9.352e-10,1.521e-09,5.0625e-12,2.9240999999999996e-12,1.89225e-11,0.0005899,0.4576036,0.965,0.144,0.00014,0.00059,0.00223
4860,7.092e-05,7.092000000000001e-06,4.361e-10,3.43396e-09,5.1076e-12,3.0276e-12,1.88356e-11,0.003564,0.4576036,0.0735,0.144,0.00015,0.00356,0.0118
4870,7.132e-05,7.1320000000000005e-06,1.049e-09,2.2467600000000002e-09,4.9728999999999995e-12,2.9240999999999996e-12,1.87489e-11,0.0007697,0.4576036,0.795,0.144,0.00014,0.00077,0.00315
4880,7.019e-05,7.019e-06,3.847e-10,1.35424e-09,4.9728999999999995e-12,2.9584e-12,1.88356e-11,0.001858,0.4576036,0.209,0.144,0.00014,0.00186,0.00615
4890,7.013e-05,7.013e-06,2.786e-10,1.03041e-09,4.8841e-12,2.89e-12,1.88356e-11,0.001274,0.4576036,0.278,0.143,0.00014,0.00127,0.00496
4900,7.016e-05,7.016e-06,4.511e-10,7.9524e-10,4.9728999999999995e-12,2.9240999999999996e-12,1.87489e-11,0.0005026,0.4576036,0.959,0.143,0.00014,0.000503,0.00205
4910,6.996e-05,6.9960000000000004e-06,8.346e-10,3.4456899999999995e-09,4.8841e-12,2.9584e-12,1.87489e-11,0.0002818,0.4576036,0.958,0.143,0.00014,0.000282,0.00149
4920,7.056e-05,7.056e-06,5.392e-10,2.78784e-09,4.84e-12,2.8560999999999995e-12,1.88356e-11,0.0007045,0.4576036,0.957,0.143,0.00014,0.000704,0.00266
4930,6.951e-05,6.951e-06,2.837e-10,1.75561e-09,4.8841e-12,2.89e-12,1.87489e-11,0.002343,0.4576036,0.129,0.143,0.00014,0.00234,0.00786
4940,6.942e-05,6.942e-06,3.463e-10,4.2380099999999995e-09,4.7961000000000005e-12,2.8560999999999995e-12,1.8662400000000003e-11,0.001816,0.4576036,0.228,0.143,0.00014,0.00182,0.00695
4950,6.979e-05,6.979e-06,3.863e-10,1.1902499999999999e-09,5.017600000000001e-12,2.9240999999999996e-12,1.87489e-11,0.003116,0.4576036,0.0601,0.142,0.00014,0.00312,0.0111
4960,6.916e-05,6.9159999999999995e-06,1.377e-10,2.16225e-09,4.7961000000000005e-12,2.89e-12,1.8662400000000003e-11,0.001205,0.4576036,0.404,0.142,0.00014,0.0012,0.00437
4970,6.938e-05,6.938e-06,5.904e-10,3.6481599999999995e-09,4.84e-12,2.8224e-12,1.8576100000000003e-11,0.0006463,0.4576036,0.951,0.142,0.00014,0.000646,0.00256
4980,6.88e-05,6.88e-06,6.292e-10,2.68324e-09,4.7524e-12,2.8224e-12,1.87489e-11,0.001445,0.4576036,0.333,0.142,0.00014,0.00145,0.00525
4990,6.887e-05,6.8869999999999995e-06,1.674e-09,2.2562500000000004e-09,4.7089e-12,2.8224e-12,1.87489e-11,0.0002831,0.4576036,0.949,0.142,0.00014,0.000283,0.0018
5000,6.86e-05,6.86e-06,3.083e-10,1.13569e-09,4.7961000000000005e-12,2.89e-12,1.8662400000000003e-11,0.001412,0.4576036,0.302,0.142,0.00014,0.00141,0.0048
5010,6.903e-05,6.903e-06,4.335e-10,9.985600000000001e-10,4.84e-12,2.89e-12,1.87489e-11,0.003204,0.4576036,0.0493,0.141,0.00014,0.0032,0.0113
5020,6.851e-05,6.851000000000001e-06,2.128e-10,1.03041e-09,4.7089e-12,2.8560999999999995e-12,1.8662400000000003e-11,0.0008038,0.4576036,0.71,0.141,0.00014,0.000804,0.00295
5030,6.808e-05,6.808e-06,8.682e-10,2.2944099999999997e-09,4.7961000000000005e-12,2.89e-12,1.8662400000000003e-11,0.0002758,0.4576036,0.945,0.141,0.00014,0.000276,0.00125
5040,6.871e-05,6.871e-06,1.223e-09,2.95936e-09,4.9728999999999995e-12,2.9584e-12,1.87489e-11,0.003817,0.4576036,0.0541,0.141,0.00014,0.00382,0.0129
5050,6.852e-05,6.852e-06,5.276e-10,1.97136e-09,4.6225000000000005e-12,2.7889000000000004e-12,1.8662400000000003e-11,0.0009759,0.4576036,0.585,0.141,0.00014,0.000976,0.00387
5060,6.776e-05,6.776e-06,1.614e-10,1.6321599999999999e-09,4.6225000000000005e-12,2.7889000000000004e-12,1.8662400000000003e-11,0.002223,0.4576036,0.116,0.141,0.00014,0.00222,0.00747
5070,6.77e-05,6.77e-06,4.512e-10,9.61e-10,4.6225000000000005e-12,2.8224e-12,1.8662400000000003e-11,0.0002134,0.4576036,0.94,0.14,0.00014,0.000213,0.00108
5080,6.752e-05,6.752000000000001e-06,6.132e-10,1.78929e-09,4.5795999999999996e-12,2.8224e-12,1.8576100000000003e-11,0.002605,0.4576036,0.105,0.14,0.00014,0.00261,0.00878
5090,6.765e-05,6.7650000000000005e-06,4.519e-10,2.71441e-09,4.665600000000001e-12,2.8224e-12,1.8662400000000003e-11,0.003012,0.4576036,0.0651,0.14,0.00014,0.00301,0.0107
5100,6.725e-05,6.724999999999999e-06,3.338e-10,1.8147599999999998e-09,4.665600000000001e-12,2.89e-12,1.87489e-11,0.001417,0.4576036,0.271,0.14,0.00014,0.00142,0.00529
5110,6.731e-05,6.7310000000000004e-06,4.614e-10,1.6321599999999999e-09,4.4944e-12,2.7889000000000004e-12,1.8662400000000003e-11,0.001185,0.4576036,0.48,0.14,0.00014,0.00118,0.00389
5120,6.758e-05,6.758e-06,6.86e-10,1.3912899999999999e-09,4.6225000000000005e-12,2.8560999999999995e-12,1.8662400000000003e-11,0.000805,0.4576036,0.639,0.14,0.00014,0.000805,0.00331
5130,6.691e-05,6.690999999999999e-06,7.503e-10,2.6214399999999996e-09,4.4944e-12,2.8224e-12,1.8576100000000003e-11,0.0007099,0.4576036,0.772,0.14,0.00014,0.00071,0.00315
5140,6.703e-05,6.703e-06,9.503e-10,3.3062500000000002e-09,4.536899999999999e-12,2.8224e-12,1.8576100000000003e-11,0.0005533,0.4576036,0.933,0.139,0.00014,0.000553,0.00242
5150,6.673e-05,6.673e-06,8.546e-10,1.2673599999999999e-09,4.4521e-12,2.7889000000000004e-12,1.8576100000000003e-11,0.001771,0.4576036,0.152,0.139,0.00014,0.00177,0.00699
5160,6.643e-05,6.643e-06,6.765e-10,1.521e-09,4.4521e-12,2.7556e-12,1.8576100000000003e-11,0.001212,0.4576036,0.395,0.139,0.00014,0.00121,0.0042
5170,6.69e-05,6.69e-06,8.281e-10,2.5603599999999996e-09,4.3680999999999995e-12,2.7889000000000004e-12,1.8576100000000003e-11,0.0004378,0.4576036,0.93,0.139,0.00014,0.000438,0.00184
5180,6.617e-05,6.6169999999999995e-06,2.499e-10,3.794560000000001e-09,4.5795999999999996e-12,2.8224e-12,1.8576100000000003e-11,0.00275,0.4576036,0.114,0.139,0.00014,0.00275,0.00962
5190,6.637e-05,6.637e-06,2.156e-10,3.95641e-09,4.4944e-12,2.8560999999999995e-12,1.8576100000000003e-11,0.001318,0.4576036,0.358,0.139,0.00014,0.00132,0.00507
5200,6.642e-05,6.642e-06,3.569e-10,1.3912899999999999e-09,4.409999999999999e-12,2.7556e-12,1.8576100000000003e-11,0.0007222,0.4576036,0.696,0.138,0.00014,0.000722,0.00323
5210,6.585e-05,6.5850000000000005e-06,4.105e-10,9e-10,4.409999999999999e-12,2.7556e-12,1.8662400000000003e-11,0.00205,0.4576036,0.125,0.138,0.00014,0.00205,0.00693
5220,6.58e-05,6.58e-06,2.233e-10,2.52004e-09,4.3680999999999995e-12,2.7889000000000004e-12,1.8576100000000003e-11,0.00129,0.4576036,0.392,0.138,0.00014,0.00129,0.00449
5230,6.594e-05,6.594e-06,3.899e-10,3.0030399999999996e-09,4.3680999999999995e-12,2.8224e-12,1.8576100000000003e-11,0.001158,0.4576036,0.521,0.138,0.00014,0.00116,0.00412
5240,6.536e-05,6.536e-06,6.746e-10,9.859599999999998e-10,4.3264e-12,2.7225e-12,1.8490000000000002e-11,0.0002705,0.4576036,1.01,0.138,0.00014,0.000271,0.00161
5250,6.644e-05,6.643999999999999e-06,4.886e-10,1.8835599999999996e-09,4.3680999999999995e-12,2.7889000000000004e-12,1.8576100000000003e-11,0.0005879,0.4576036,0.922,0.138,0.00014,0.000588,0.00245
5260,6.518e-05,6.517999999999999e-06,1.597e-09,2.1715600000000003e-09,4.409999999999999e-12,2.7889000000000004e-12,1.8404099999999997e-11,0.000138,0.4576036,1.01,0.137,0.00013,0.000138,0.000835
5270,6.526e-05,6.526e-06,4.861e-10,1.2040900000000001e-09,4.3680999999999995e-12,2.7556e-12,1.8662400000000003e-11,0.001062,0.4576036,0.39,0.137,0.00014,0.00106,0.00397
5280,6.627e-05,6.627e-06,1.397e-09,3.3408400000000002e-09,4.2849e-12,2.7556e-12,1.8576100000000003e-11,0.0007198,0.4576036,1.01,0.137,0.00013,0.00072,0.00243
5290,6.493e-05,6.493e-06,3.315e-10,9.363599999999999e-10,4.243600000000001e-12,2.7556e-12,1.8490000000000002e-11,0.001435,0.4576036,0.182,0.137,0.00014,0.00144,0.00546
5300,6.511e-05,6.511000000000001e-06,3.616e-10,1.6646400000000002e-09,4.3680999999999995e-12,2.7556e-12,1.8490000000000002e-11,0.003044,0.4576036,0.0636,0.137,0.00014,0.00304,0.0105
5310,6.478e-05,6.478e-06,3.984e-10,8.5849e-10,4.2024999999999995e-12,2.7225e-12,1.8576100000000003e-11,0.00224,0.4576036,0.0929,0.137,0.00014,0.00224,0.00816
5320,6.496e-05,6.496e-06,4.63e-10,1.2673599999999999e-09,4.2849e-12,2.7556e-12,1.8490000000000002e-11,0.0005187,0.4576036,1.01,0.137,0.00013,0.000519,0.00236
5330,6.459e-05,6.459e-06,3.928e-10,2.21841e-09,4.2849e-12,2.7225e-12,1.8490000000000002e-11,0.000289,0.4576036,1.0,0.136,0.00013,0.000289,0.00129
5340,6.447e-05,6.4469999999999994e-06,2.987e-10,9.796900000000002e-10,4.1615999999999996e-12,2.6895999999999998e-12,1.8576100000000003e-11,0.00238,0.4576036,0.0926,0.136,0.00014,0.00238,0.0081
5350,6.414e-05,6.414000000000001e-06,3.549e-10,7.128899999999999e-10,4.1209e-12,2.6569e-12,1.8576100000000003e-11,0.00143,0.4576036,0.218,0.136,0.00013,0.00143,0.005
5360,6.455e-05,6.455e-06,3.885e-10,2.99209e-09,4.1615999999999996e-12,2.6895999999999998e-12,1.8576100000000003e-11,0.003155,0.4576036,0.0764,0.136,0.00014,0.00315,0.0112
5370,6.407e-05,6.407e-06,5.894e-10,1.35424e-09,4.0804e-12,2.7225e-12,1.87489e-11,0.001879,0.4576036,0.164,0.136,0.00013,0.00188,0.00645
5380,6.393e-05,6.3930000000000005e-06,3.865e-10,1.2816400000000001e-09,4.1615999999999996e-12,2.7556e-12,1.8576100000000003e-11,0.001695,0.4576036,0.18,0.136,0.00013,0.00169,0.00612
5390,6.372e-05,6.372000000000001e-06,2.078e-10,1.26025e-09,4.1209e-12,2.7225e-12,1.8576100000000003e-11,0.001791,0.4576036,0.18,0.136,0.00013,0.00179,0.00628
5400,6.414e-05,6.414000000000001e-06,1.816e-09,1.90969e-09,4.1209e-12,2.7556e-12,1.8576100000000003e-11,0.0006199,0.4576036,0.997,0.135,0.00013,0.00062,0.00226
5410,6.448e-05,6.448000000000001e-06,5.454e-10,9.5481e-10,4e-12,2.7225e-12,1.8576100000000003e-11,0.0006129,0.4576036,0.996,0.135,0.00013,0.000613,0.00236
5420,6.353e-05,6.353e-06,3.881e-10,2.32324e-09,4.1615999999999996e-12,2.7225e-12,1.8490000000000002e-11,0.001056,0.4576036,0.384,0.135,0.00013,0.00106,0.0046
5430,6.352e-05,6.352e-06,5.798e-11,1.8490000000000001e-09,3.9601e-12,2.6569e-12,1.8576100000000003e-11,0.001343,0.4576036,0.348,0.135,0.00013,0.00134,0.00464
5440,6.388e-05,6.3880000000000005e-06,4.602e-10,1.6402500000000002e-09,4.040099999999999e-12,2.6895999999999998e-12,1.8576100000000003e-11,0.0007962,0.4576036,0.678,0.135,0.00013,0.000796,0.00321
5450,6.33e-05,6.3299999999999995e-06,5.476e-10,3.136e-09,4.040099999999999e-12,2.6569e-12,1.8576100000000003e-11,0.001594,0.4576036,0.216,0.135,0.00013,0.00159,0.00607
5460,6.314e-05,6.313999999999999e-06,4.014e-10,2.4108100000000003e-09,4.040099999999999e-12,2.6569e-12,1.8490000000000002e-11,0.002236,0.4576036,0.122,0.135,0.00013,0.00224,0.00791
5470,6.292e-05,6.292e-06,8.776e-10,1.33225e-09,3.9601e-12,2.6569e-12,1.8576100000000003e-11,0.002192,0.4576036,0.122,0.134,0.00013,0.00219,0.00793
5480,6.284e-05,6.284e-06,1.631e-10,1.0692900000000001e-09,3.9204e-12,2.6895999999999998e-12,1.8490000000000002e-11,0.001802,0.4576036,0.147,0.134,0.00013,0.0018,0.00652
5490,6.395e-05,6.395e-06,1.195e-09,3.04704e-09,4e-12,2.6569e-12,1.8490000000000002e-11,0.0008669,0.4576036,0.816,0.134,0.00013,0.000867,0.00335
5500,6.259e-05,6.259e-06,6.815e-10,1.0048899999999998e-09,4e-12,2.6895999999999998e-12,1.8490000000000002e-11,0.0002409,0.4576036,0.987,0.134,0.00013,0.000241,0.00108
5510,6.266e-05,6.266e-06,5.575e-10,1.4212900000000002e-09,3.8809000000000006e-12,2.6569e-12,1.8490000000000002e-11,0.001937,0.4576036,0.177,0.134,0.00013,0.00194,0.00652
5520,6.242e-05,6.2420000000000005e-06,1.713e-10,7.6176e-10,4.1615999999999996e-12,2.7225e-12,1.8576100000000003e-11,0.001957,0.4576036,0.121,0.134,0.00013,0.00196,0.00656
5530,6.222e-05,6.222e-06,2.502e-10,2.6214399999999996e-09,3.9204e-12,2.6569e-12,1.8576100000000003e-11,0.001647,0.4576036,0.235,0.134,0.00013,0.00165,0.00592
5540,6.294e-05,6.294e-06,7.008e-10,1.5523600000000002e-09,3.9204e-12,2.6569e-12,1.8576100000000003e-11,0.0004891,0.4576036,0.983,0.133,0.00013,0.000489,0.00198
5550,6.241e-05,6.240999999999999e-06,2.693e-10,1.72225e-09,3.8809000000000006e-12,2.5921000000000002e-12,1.8490000000000002e-11,0.0007307,0.4576036,0.737,0.133,0.00013,0.000731,0.00331
5560,6.196e-05,6.196e-06,3.004e-10,2.13444e-09,4e-12,2.6569e-12,1.8490000000000002e-11,0.001808,0.4576036,0.194,0.133,0.00013,0.00181,0.00643
5570,6.21e-05,6.210000000000001e-06,3.895e-10,2.18089e-09,3.8025e-12,2.5921000000000002e-12,1.8576100000000003e-11,0.001153,0.4576036,0.503,0.133,0.00013,0.00115,0.00425
5580,6.167e-05,6.1669999999999996e-06,4.818e-10,2.68324e-09,3.841599999999999e-12,2.6244e-12,1.8404099999999997e-11,0.002219,0.4576036,0.145,0.133,0.00013,0.00222,0.00788
5590,6.165e-05,6.164999999999999e-06,3.365e-10,2.86225e-09,3.8025e-12,2.6244e-12,1.8490000000000002e-11,0.002257,0.4576036,0.12,0.133,0.00013,0.00226,0.00768
5600,6.154e-05,6.154e-06,1.356e-10,1.2888099999999998e-09,3.9601e-12,2.6895999999999998e-12,1.8576100000000003e-11,0.001524,0.4576036,0.213,0.133,0.00013,0.00152,0.00539
5610,6.193e-05,6.193e-06,9.312e-10,2.5908099999999997e-09,3.8025e-12,2.6244e-12,1.8490000000000002e-11,0.0004687,0.4576036,0.976,0.132,0.00013,0.000469,0.00196
5620,6.144e-05,6.143999999999999e-06,3.567e-10,2.7562500000000003e-09,3.7636e-12,2.5921000000000002e-12,1.8490000000000002e-11,0.002022,0.4576036,0.175,0.132,0.00013,0.00202,0.00726
5630,6.149e-05,6.149e-06,6.249e-10,1.1833600000000001e-09,3.724900000000001e-12,2.5921000000000002e-12,1.8490000000000002e-11,0.0004587,0.4576036,0.973,0.132,0.00013,0.000459,0.00186
5640,6.127e-05,6.127e-06,3.338e-10,3.27184e-09,3.841599999999999e-12,2.6569e-12,1.8490000000000002e-11,0.001417,0.4576036,0.412,0.132,0.00013,0.00142,0.00465
5650,6.128e-05,6.128e-06,3.827e-10,2.0976400000000002e-09,3.841599999999999e-12,2.6244e-12,1.8490000000000002e-11,0.002764,0.4576036,0.0815,0.132,0.00013,0.00276,0.00965
5660,6.128e-05,6.128e-06,4.747e-10,8.0656e-10,3.724900000000001e-12,2.6244e-12,1.8490000000000002e-11,0.0004413,0.4576036,0.971,0.132,0.00013,0.000441,0.00221
5670,6.106e-05,6.1060000000000005e-06,2.438e-10,1.5840399999999998e-09,3.686399999999999e-12,2.6244e-12,1.8404099999999997e-11,0.002366,0.4576036,0.0895,0.132,0.00013,0.00237,0.00865
5680,6.088e-05,6.088e-06,1.746e-10,6.451600000000001e-10,3.724900000000001e-12,2.6244e-12,1.8490000000000002e-11,0.0009246,0.4576036,0.373,0.132,0.00013,0.000925,0.00387
5690,6.085e-05,6.085e-06,4.03e-10,2.61121e-09,3.686399999999999e-12,2.5921000000000002e-12,1.8490000000000002e-11,0.00255,0.4576036,0.0893,0.131,0.00013,0.00255,0.00893
5700,6.049e-05,6.049e-06,7.896e-10,2.26576e-09,3.686399999999999e-12,2.5599999999999996e-12,1.8576100000000003e-11,0.0002675,0.4576036,0.967,0.131,0.00013,0.000268,0.00123
5710,6.1e-05,6.1e-06,5.657e-10,1.19716e-09,3.724900000000001e-12,2.6244e-12,1.8490000000000002e-11,0.0009089,0.4576036,0.6,0.131,0.00013,0.000909,0.00304
5720,6.041e-05,6.041e-06,3.197e-10,1.72225e-09,3.648099999999999e-12,2.5599999999999996e-12,1.8490000000000002e-11,0.0003561,0.4576036,0.965,0.131,0.00013,0.000356,0.00122
5730,6.065e-05,6.0649999999999995e-06,8.194e-10,2.0520900000000005e-09,3.61e-12,2.5599999999999996e-12,1.8404099999999997e-11,0.0004348,0.4576036,0.964,0.131,0.00013,0.000435,0.00173
5740,6.054e-05,6.054e-06,1.824e-10,1.1222500000000001e-09,3.724900000000001e-12,2.6244e-12,1.8490000000000002e-11,0.0007814,0.4576036,0.543,0.131,0.00013,0.000781,0.00329
5750,6.022e-05,6.022e-06,3.963e-10,2.27529e-09,3.724900000000001e-12,2.6244e-12,1.8490000000000002e-11,0.002176,0.4576036,0.118,0.131,0.00013,0.00218,0.00776
5760,6.022e-05,6.022e-06,4.346e-10,1.82329e-09,3.648099999999999e-12,2.5921000000000002e-12,1.8490000000000002e-11,0.001757,0.4576036,0.209,0.13,0.00013,0.00176,0.00636
5770,5.994e-05,5.994e-06,1.895e-10,2.7248400000000003e-09,3.648099999999999e-12,2.5599999999999996e-12,1.8404099999999997e-11,0.001712,0.4576036,0.253,0.13,0.00013,0.00171,0.00597
5780,6.032e-05,6.032e-06,2.836e-10,1.27449e-09,3.5720999999999997e-12,2.5921000000000002e-12,1.8576100000000003e-11,0.002838,0.4576036,0.0604,0.13,0.00013,0.00284,0.0104
5790,5.974e-05,5.974e-06,3.902e-10,1.45161e-09,3.5720999999999997e-12,2.5921000000000002e-12,1.8404099999999997e-11,0.001987,0.4576036,0.129,0.13,0.00013,0.00199,0.00724
5800,5.964e-05,5.964e-06,8.271e-10,2.8515599999999996e-09,3.8809000000000006e-12,2.6895999999999998e-12,1.8490000000000002e-11,0.002449,0.4576036,0.142,0.13,0.00013,0.00245,0.0087
5810,5.979e-05,5.979e-06,4.048e-10,1.7056900000000001e-09,3.4969e-12,2.5599999999999996e-12,1.8490000000000002e-11,0.0009074,0.4576036,0.54,0.13,0.00013,0.000907,0.00349
5820,5.974e-05,5.974e-06,6.574e-10,3.3524099999999996e-09,3.4969e-12,2.5281e-12,1.8490000000000002e-11,0.002279,0.4576036,0.142,0.13,0.00013,0.00228,0.00831
5830,5.986e-05,5.986e-06,4.215e-10,6.451600000000001e-10,3.4596e-12,2.5281e-12,1.8490000000000002e-11,0.0004751,0.4576036,0.954,0.13,0.00013,0.000475,0.00196
5840,5.936e-05,5.9360000000000004e-06,8.841e-10,1.4440000000000002e-09,3.61e-12,2.5599999999999996e-12,1.8490000000000002e-11,0.001987,0.4576036,0.129,0.129,0.00013,0.00199,0.00743
5850,5.929e-05,5.929e-06,4.926e-10,1.6402500000000002e-09,3.4969e-12,2.4963999999999997e-12,1.8490000000000002e-11,0.0003017,0.4576036,0.952,0.129,0.00013,0.000302,0.00118
5860,5.925e-05,5.925e-06,6.445e-10,2.46016e-09,3.4596e-12,2.5599999999999996e-12,1.8490000000000002e-11,0.00163,0.4576036,0.207,0.129,0.00013,0.00163,0.00611
5870,6.023e-05,6.023e-06,4.081e-10,1.74724e-09,3.5344e-12,2.5599999999999996e-12,1.8490000000000002e-11,0.0006581,0.4576036,0.95,0.129,0.00013,0.000658,0.00268
5880,5.954e-05,5.954e-06,1.813e-10,2.49001e-09,3.4969e-12,2.5921000000000002e-12,1.8490000000000002e-11,0.001067,0.4576036,0.536,0.129,0.00013,0.00107,0.00387
5890,5.926e-05,5.926e-06,6.705e-10,1.369e-09,3.4596e-12,2.5281e-12,1.8404099999999997e-11,0.002699,0.4576036,0.0723,0.129,0.00013,0.0027,0.00985
5900,5.927e-05,5.927e-06,2.008e-10,1.9272100000000004e-09,3.4969e-12,2.5599999999999996e-12,1.8404099999999997e-11,0.0009586,0.4576036,0.535,0.129,0.00013,0.000959,0.00356
5910,5.882e-05,5.882000000000001e-06,4.72e-10,1.77241e-09,3.4969e-12,2.5599999999999996e-12,1.8576100000000003e-11,0.002009,0.4576036,0.141,0.129,0.00013,0.00201,0.00704
5920,5.876e-05,5.876e-06,4.918e-10,1.89225e-09,3.4225000000000004e-12,2.5599999999999996e-12,1.8490000000000002e-11,0.002459,0.4576036,0.096,0.128,0.00013,0.00246,0.00899
5930,5.851e-05,5.851e-06,2.998e-10,7.0225e-10,3.5344e-12,2.5921000000000002e-12,1.8490000000000002e-11,0.001432,0.4576036,0.187,0.128,0.00013,0.00143,0.00532
5940,5.909e-05,5.909e-06,5.963e-10,1.156e-09,3.4596e-12,2.5281e-12,1.8490000000000002e-11,0.000543,0.4576036,0.944,0.128,0.00013,0.000543,0.00247
5950,5.844e-05,5.844e-06,2.512e-10,9.796900000000002e-10,3.3856e-12,2.4963999999999997e-12,1.8404099999999997e-11,0.002084,0.4576036,0.0957,0.128,0.00013,0.00208,0.0078
5960,5.843e-05,5.843e-06,1.429e-09,2.5908099999999997e-09,3.3856e-12,2.5599999999999996e-12,1.8404099999999997e-11,0.0001869,0.4576036,0.942,0.128,0.00012,0.000187,0.00122
5970,5.868e-05,5.868e-06,3.182e-10,1.4899600000000003e-09,3.3856e-12,2.4963999999999997e-12,1.8490000000000002e-11,0.0008837,0.4576036,0.531,0.128,0.00012,0.000884,0.00382
5980,5.83e-05,5.83e-06,1.489e-09,1.98916e-09,3.3489000000000004e-12,2.5599999999999996e-12,1.8576100000000003e-11,0.002302,0.4576036,0.0868,0.128,0.00013,0.0023,0.00861
5990,5.871e-05,5.871e-06,2.897e-10,9.859599999999998e-10,3.3124e-12,2.4963999999999997e-12,1.8490000000000002e-11,0.0005942,0.4576036,0.776,0.128,0.00012,0.000594,0.00275
6000,5.914e-05,5.914e-06,5.383e-10,1.5523600000000002e-09,3.3489000000000004e-12,2.5281e-12,1.8490000000000002e-11,0.000761,0.4576036,0.775,0.127,0.00012,0.000761,0.00303
6010,5.799e-05,5.799e-06,1.647e-10,1.089e-09,3.3124e-12,2.5281e-12,1.8490000000000002e-11,0.001101,0.4576036,0.398,0.127,0.00012,0.0011,0.00391
6020,5.78e-05,5.7800000000000006e-06,2.42e-10,1.0758399999999999e-09,3.3489000000000004e-12,2.4963999999999997e-12,1.8490000000000002e-11,0.00133,0.4576036,0.247,0.127,0.00012,0.00133,0.00471
6030,5.827e-05,5.827e-06,7.288e-10,6.759999999999999e-10,3.4225000000000004e-12,2.5281e-12,1.8490000000000002e-11,0.0006034,0.4576036,0.85,0.127,0.00012,0.000603,0.0024
6040,5.779e-05,5.779e-06,3.805e-10,2.3716899999999997e-09,3.3124e-12,2.4963999999999997e-12,1.8490000000000002e-11,0.002206,0.4576036,0.115,0.127,0.00013,0.00221,0.0081
6050,5.76e-05,5.76e-06,4.475e-10,1.8147599999999998e-09,3.3489000000000004e-12,2.5281e-12,1.8490000000000002e-11,0.001889,0.4576036,0.139,0.127,0.00013,0.00189,0.00685
6060,5.763e-05,5.7630000000000006e-06,2.461e-10,1.3616100000000002e-09,3.3124e-12,2.5281e-12,1.8490000000000002e-11,0.002087,0.4576036,0.104,0.127,0.00013,0.00209,0.00779
6070,5.735e-05,5.735e-06,1.374e-09,3.6481599999999995e-09,3.4596e-12,2.5599999999999996e-12,1.8576100000000003e-11,0.0002493,0.4576036,0.932,0.127,0.00012,0.000249,0.00156
6080,5.724e-05,5.724e-06,2.48e-10,1.9802499999999996e-09,3.2399999999999995e-12,2.4649e-12,1.8490000000000002e-11,0.0001378,0.4576036,1.02,0.126,0.00012,0.000138,0.000921
6090,5.731e-05,5.731e-06,5.873e-10,1.21801e-09,3.2761e-12,2.5281e-12,1.8490000000000002e-11,0.002546,0.4576036,0.078,0.126,0.00013,0.00255,0.00913
6100,5.714e-05,5.714e-06,4.598e-10,2.1252100000000004e-09,3.2041e-12,2.4649e-12,1.8490000000000002e-11,0.001403,0.4576036,0.269,0.126,0.00012,0.0014,0.00548
6110,5.719e-05,5.719e-06,2.026e-10,1.72225e-09,3.3124e-12,2.5281e-12,1.8490000000000002e-11,0.001014,0.4576036,0.433,0.126,0.00012,0.00101,0.00379
6120,5.737e-05,5.737e-06,6.491e-10,2.14369e-09,3.2041e-12,2.4649e-12,1.8490000000000002e-11,0.001069,0.4576036,0.476,0.126,0.00012,0.00107,0.00417
6130,5.688e-05,5.688e-06,1.077e-09,1.4212900000000002e-09,3.2761e-12,2.4963999999999997e-12,1.8490000000000002e-11,0.0001057,0.4576036,1.02,0.126,0.00012,0.000106,0.00073
6140,5.684e-05,5.684e-06,1.723e-10,9.7344e-10,3.2399999999999995e-12,2.4963999999999997e-12,1.8576100000000003e-11,0.0017,0.4576036,0.151,0.126,0.00012,0.0017,0.00617
6150,5.685e-05,5.685e-06,8.034e-10,1.37641e-09,3.2761e-12,2.5281e-12,1.8490000000000002e-11,0.00189,0.4576036,0.125,0.126,0.00012,0.00189,0.00737
6160,5.749e-05,5.749e-06,5.393e-10,2.0250000000000003e-09,3.2041e-12,2.4963999999999997e-12,1.8490000000000002e-11,0.0008848,0.4576036,0.694,0.125,0.00012,0.000885,0.00319
6170,5.68e-05,5.68e-06,3.635e-10,1.16964e-09,3.2041e-12,2.4963999999999997e-12,1.8490000000000002e-11,0.002056,0.4576036,0.103,0.125,0.00012,0.00206,0.00778
6180,5.655e-05,5.655e-06,2.016e-10,1.5523600000000002e-09,3.2041e-12,2.4649e-12,1.8490000000000002e-11,0.002143,0.4576036,0.103,0.125,0.00012,0.00214,0.00794
6190,5.658e-05,5.658e-06,7.761e-10,1.72225e-09,3.1329e-12,2.4649e-12,1.8490000000000002e-11,0.0001286,0.4576036,1.01,0.125,0.00012,0.000129,0.000956
6200,5.623e-05,5.623e-06,1.299e-09,3.05809e-09,3.1329e-12,2.4336000000000005e-12,1.8490000000000002e-11,0.0003298,0.4576036,1.01,0.125,0.00012,0.00033,0.00129
6210,5.716e-05,5.716e-06,7.566e-10,2.23729e-09,3.0976000000000005e-12,2.4649e-12,1.8576100000000003e-11,0.0007598,0.4576036,0.836,0.125,0.00012,0.00076,0.003
6220,5.625e-05,5.6249999999999995e-06,3.332e-10,1.8147599999999998e-09,3.1683999999999997e-12,2.4963999999999997e-12,1.8490000000000002e-11,0.001801,0.4576036,0.15,0.125,0.00012,0.0018,0.00679
6230,5.619e-05,5.619e-06,4.02e-10,2.1715600000000003e-09,3.2399999999999995e-12,2.4963999999999997e-12,1.8490000000000002e-11,0.002292,0.4576036,0.113,0.125,0.00012,0.00229,0.00846
6240,5.597e-05,5.597e-06,6.057e-10,1.3468899999999999e-09,3.0976000000000005e-12,2.4336000000000005e-12,1.8490000000000002e-11,0.0001725,0.4576036,1.01,0.125,0.00012,0.000172,0.000925
6250,5.646e-05,5.646e-06,4.264e-10,1.2040900000000001e-09,3.0976000000000005e-12,2.4649e-12,1.8490000000000002e-11,0.0007318,0.4576036,0.757,0.124,0.00012,0.000732,0.00277
6260,5.615e-05,5.6150000000000005e-06,8.275e-10,2.43049e-09,3.0625e-12,2.4649e-12,1.8576100000000003e-11,0.0004786,0.4576036,0.915,0.124,0.00012,0.000479,0.0023
6270,5.589e-05,5.589e-06,6.325e-10,1.9802499999999996e-09,3.0976000000000005e-12,2.4336000000000005e-12,1.8576100000000003e-11,0.001729,0.4576036,0.199,0.124,0.00012,0.00173,0.00626
6280,5.592e-05,5.592e-06,3.619e-10,1.25316e-09,3.0625e-12,2.4649e-12,1.8490000000000002e-11,0.001078,0.4576036,0.352,0.124,0.00012,0.00108,0.0042
6290,5.569e-05,5.5689999999999995e-06,3.21e-10,1.35424e-09,3.0976000000000005e-12,2.4649e-12,1.8490000000000002e-11,0.001066,0.4576036,0.387,0.124,0.00012,0.00107,0.004
6300,5.606e-05,5.606e-06,8.237e-10,2.3912100000000005e-09,3.1683999999999997e-12,2.5281e-12,1.8576100000000003e-11,0.002905,0.4576036,0.0632,0.124,0.00012,0.0029,0.011
6310,5.589e-05,5.589e-06,3.347e-10,1.99809e-09,3.0625e-12,2.4649e-12,1.8490000000000002e-11,0.0009251,0.4576036,0.566,0.124,0.00012,0.000925,0.00351
6320,5.549e-05,5.549e-06,9.241e-11,1.21801e-09,3.0625e-12,2.4649e-12,1.8662400000000003e-11,0.001733,0.4576036,0.123,0.124,0.00012,0.00173,0.00683
6330,5.685e-05,5.685e-06,9.751e-10,1.936e-09,3.0276e-12,2.4336000000000005e-12,1.8576100000000003e-11,0.0006238,0.4576036,1.0,0.124,0.00012,0.000624,0.00257
6340,5.554e-05,5.554e-06,6.455e-10,1.65649e-09,3.0625e-12,2.4336000000000005e-12,1.8490000000000002e-11,0.0002818,0.4576036,0.999,0.123,0.00012,0.000282,0.00123
6350,5.52e-05,5.52e-06,9.312e-11,1.0562499999999997e-09,3.0625e-12,2.4649e-12,1.8576100000000003e-11,0.001364,0.4576036,0.217,0.123,0.00012,0.00136,0.00494
6360,5.516e-05,5.516e-06,5.697e-10,2.4206400000000004e-09,2.9929e-12,2.4336000000000005e-12,1.8576100000000003e-11,0.001687,0.4576036,0.217,0.123,0.00012,0.00169,0.00615
6370,5.517e-05,5.517e-06,1.777e-10,1.98916e-09,3.0276e-12,2.4649e-12,1.8576100000000003e-11,0.001363,0.4576036,0.289,0.123,0.00012,0.00136,0.00515
6380,5.53e-05,5.53e-06,3.699e-10,1.60801e-09,2.9929e-12,2.4336000000000005e-12,1.8490000000000002e-11,0.00103,0.4576036,0.384,0.123,0.00012,0.00103,0.00415
6390,5.484e-05,5.4839999999999995e-06,4.402e-10,2.3912100000000005e-09,3.0625e-12,2.4649e-12,1.8576100000000003e-11,0.001799,0.4576036,0.163,0.123,0.00012,0.0018,0.0065
6400,5.51e-05,5.51e-06,1.917e-10,1.156e-09,3.0276e-12,2.4336000000000005e-12,1.8576100000000003e-11,0.001012,0.4576036,0.422,0.123,0.00012,0.00101,0.00375
6410,5.486e-05,5.486e-06,5.003e-10,1.6240899999999997e-09,3.0276e-12,2.4336000000000005e-12,1.8576100000000003e-11,0.002217,0.4576036,0.111,0.123,0.00012,0.00222,0.0079
6420,5.469e-05,5.469e-06,7.696e-10,1.6240899999999997e-09,2.9240999999999996e-12,2.4336000000000005e-12,1.8490000000000002e-11,0.001558,0.4576036,0.196,0.122,0.00012,0.00156,0.00577
6430,5.479e-05,5.479e-06,1.048e-09,2.7667599999999997e-09,2.9584e-12,2.4025e-12,1.8490000000000002e-11,0.0004433,0.4576036,0.991,0.122,0.00012,0.000443,0.00161
6440,5.48e-05,5.48e-06,2.997e-10,1.33956e-09,2.9584e-12,2.4336000000000005e-12,1.8576100000000003e-11,0.002448,0.4576036,0.0755,0.122,0.00012,0.00245,0.00895
6450,5.453e-05,5.453e-06,4.286e-10,2.1529600000000004e-09,2.89e-12,2.4025e-12,1.8576100000000003e-11,0.001812,0.4576036,0.178,0.122,0.00012,0.00181,0.00629
6460,5.542e-05,5.5420000000000005e-06,5.209e-10,2.44036e-09,2.9240999999999996e-12,2.4025e-12,1.8576100000000003e-11,0.000532,0.4576036,0.989,0.122,0.00012,0.000532,0.00247
6470,5.5e-05,5.5e-06,2.699e-10,7.896099999999999e-10,2.9240999999999996e-12,2.4336000000000005e-12,1.8576100000000003e-11,0.0006882,0.4576036,0.742,0.122,0.00012,0.000688,0.00268
6480,5.468e-05,5.468e-06,4.842e-10,3.3177599999999995e-09,2.9240999999999996e-12,2.4649e-12,1.8490000000000002e-11,0.002952,0.4576036,0.0684,0.122,0.00012,0.00295,0.0112
6490,5.434e-05,5.434e-06,4.107e-10,1.7139599999999997e-09,2.89e-12,2.3716e-12,1.8490000000000002e-11,0.0006355,0.4576036,0.741,0.122,0.00012,0.000635,0.00303
6500,5.419e-05,5.419e-06,4.173e-10,2.08849e-09,3.0625e-12,2.4963999999999997e-12,1.8576100000000003e-11,0.001577,0.4576036,0.236,0.122,0.00012,0.00158,0.00593
6510,5.425e-05,5.425e-06,2.04e-10,9e-10,2.89e-12,2.4336000000000005e-12,1.8490000000000002e-11,0.00178,0.4576036,0.11,0.122,0.00012,0.00178,0.00671
6520,5.4e-05,5.4e-06,2.083e-10,2.401e-09,3.0276e-12,2.4649e-12,1.8576100000000003e-11,0.001742,0.4576036,0.214,0.121,0.00012,0.00174,0.00627
6530,5.417e-05,5.417e-06,1.832e-10,1.5523600000000002e-09,2.9584e-12,2.4336000000000005e-12,1.8576100000000003e-11,0.0008985,0.4576036,0.417,0.121,0.00012,0.000899,0.00373
6540,5.431e-05,5.431e-06,8.004e-10,1.03041e-09,2.89e-12,2.4025e-12,1.8490000000000002e-11,0.0006697,0.4576036,0.554,0.121,0.00012,0.00067,0.00306
6550,5.44e-05,5.4400000000000004e-06,8.373e-10,2.916e-09,2.89e-12,2.4025e-12,1.8490000000000002e-11,0.000501,0.4576036,0.981,0.121,0.00012,0.000501,0.00236
6560,5.375e-05,5.375e-06,4.897e-10,2.1715600000000003e-09,2.8224e-12,2.4336000000000005e-12,1.8576100000000003e-11,0.001255,0.4576036,0.312,0.121,0.00012,0.00126,0.00465
6570,5.389e-05,5.389e-06,3.943e-10,1.0048899999999998e-09,2.8560999999999995e-12,2.4336000000000005e-12,1.8490000000000002e-11,0.0007993,0.4576036,0.502,0.121,0.00012,0.000799,0.00318
6580,5.396e-05,5.396e-06,1.387e-10,1.74724e-09,2.8560999999999995e-12,2.4336000000000005e-12,1.8576100000000003e-11,0.002433,0.4576036,0.0678,0.121,0.00012,0.00243,0.00918
6590,5.373e-05,5.373e-06,3.454e-10,4.03225e-09,2.9584e-12,2.4336000000000005e-12,1.8576100000000003e-11,0.001488,0.4576036,0.311,0.121,0.00012,0.00149,0.00532
6600,5.381e-05,5.381e-06,7.699e-10,1.6240899999999997e-09,2.8224e-12,2.3716e-12,1.8576100000000003e-11,0.0008253,0.4576036,0.606,0.121,0.00012,0.000825,0.00316
6610,5.403e-05,5.403000000000001e-06,4.793e-10,1.27449e-09,2.8224e-12,2.3716e-12,1.8662400000000003e-11,0.0007527,0.4576036,0.666,0.12,0.00012,0.000753,0.00322
6620,5.357e-05,5.357e-06,2.694e-10,5.9536e-10,2.89e-12,2.4336000000000005e-12,1.8576100000000003e-11,0.000355,0.4576036,0.975,0.12,0.00012,0.000355,0.0019
6630,5.352e-05,5.352000000000001e-06,1.168e-09,3.16969e-09,2.8224e-12,2.3716e-12,1.8576100000000003e-11,0.0004367,0.4576036,0.974,0.12,0.00012,0.000437,0.00171
6640,5.382e-05,5.382e-06,4.978e-10,1.681e-09,2.7889000000000004e-12,2.4025e-12,1.8576100000000003e-11,0.000457,0.4576036,0.973,0.12,0.00012,0.000457,0.00198
6650,5.333e-05,5.333e-06,2.062e-10,9.7344e-10,2.8224e-12,2.4336000000000005e-12,1.8576100000000003e-11,0.0008542,0.4576036,0.453,0.12,0.00012,0.000854,0.00343
6660,5.422e-05,5.422e-06,7.755e-10,1.4212900000000002e-09,2.7889000000000004e-12,2.4025e-12,1.8576100000000003e-11,0.0005265,0.4576036,0.971,0.12,0.00012,0.000526,0.00233
6670,5.3e-05,5.3e-06,2.474e-10,2.45025e-09,2.7556e-12,2.4025e-12,1.8662400000000003e-11,0.001526,0.4576036,0.175,0.12,0.00012,0.00153,0.00617
6680,5.299e-05,5.299e-06,1.333e-10,1.74724e-09,2.8224e-12,2.4336000000000005e-12,1.8576100000000003e-11,0.001835,0.4576036,0.131,0.12,0.00012,0.00184,0.00697
6690,5.29e-05,5.29e-06,5.205e-10,3.1922499999999996e-09,2.7556e-12,2.4025e-12,1.8662400000000003e-11,0.001619,0.4576036,0.211,0.12,0.00012,0.00162,0.00601
6700,5.367e-05,5.367e-06,1.784e-10,1.1628100000000002e-09,2.7556e-12,2.3716e-12,1.8576100000000003e-11,0.0006368,0.4576036,0.8,0.119,0.00012,0.000637,0.00281
6710,5.285e-05,5.284999999999999e-06,3.36e-10,1.2816400000000001e-09,2.7556e-12,2.4336000000000005e-12,1.8576100000000003e-11,0.001878,0.4576036,0.0982,0.119,0.00012,0.00188,0.00741
6720,5.313e-05,5.313e-06,5.282e-10,2.74576e-09,2.7556e-12,2.4336000000000005e-12,1.8576100000000003e-11,0.002883,0.4576036,0.067,0.119,0.00012,0.00288,0.0107
6730,5.263e-05,5.263e-06,8.586e-10,1.6321599999999999e-09,2.8560999999999995e-12,2.4336000000000005e-12,1.8490000000000002e-11,0.001746,0.4576036,0.13,0.119,0.00012,0.00175,0.00675
6740,5.293e-05,5.293e-06,2.75e-10,1.03041e-09,2.7556e-12,2.4025e-12,1.8576100000000003e-11,0.002293,0.4576036,0.0669,0.119,0.00012,0.00229,0.00912
6750,5.247e-05,5.247e-06,4.207e-10,1.3104399999999999e-09,2.7889000000000004e-12,2.4025e-12,1.8576100000000003e-11,0.001686,0.4576036,0.143,0.119,0.00012,0.00169,0.00649
6760,5.253e-05,5.253e-06,3.702e-10,9.486400000000001e-10,2.7556e-12,2.4336000000000005e-12,1.8662400000000003e-11,0.0003373,0.4576036,0.963,0.119,0.00012,0.000337,0.00145
6770,5.259e-05,5.259e-06,9.532e-10,1.95364e-09,2.7225e-12,2.4025e-12,1.8662400000000003e-11,0.0002758,0.4576036,0.962,0.119,0.00012,0.000276,0.00132
6780,5.246e-05,5.246e-06,6.013e-10,2.38144e-09,2.6569e-12,2.4025e-12,1.87489e-11,0.001441,0.4576036,0.19,0.119,0.00012,0.00144,0.00591
6790,5.243e-05,5.243e-06,2.501e-10,1.0562499999999997e-09,2.7556e-12,2.4025e-12,1.8662400000000003e-11,0.00214,0.4576036,0.0806,0.119,0.00012,0.00214,0.008
6800,5.228e-05,5.228e-06,3.021e-10,2.04304e-09,2.7225e-12,2.4025e-12,1.87489e-11,0.001992,0.4576036,0.13,0.118,0.00012,0.00199,0.00769
6810,5.218e-05,5.218e-06,1.622e-10,1.5523600000000002e-09,2.7225e-12,2.4025e-12,1.8662400000000003e-11,0.00154,0.4576036,0.157,0.118,0.00012,0.00154,0.00627
6820,5.236e-05,5.236e-06,2.238e-10,1.4212900000000002e-09,2.6895999999999998e-12,2.4025e-12,1.87489e-11,0.0008193,0.4576036,0.492,0.118,0.00012,0.000819,0.00346
6830,5.242e-05,5.242e-06,4.258e-10,1.17649e-09,2.7889000000000004e-12,2.4025e-12,1.8576100000000003e-11,0.0003507,0.4576036,0.957,0.118,0.00012,0.000351,0.00184
6840,5.288e-05,5.288e-06,8.292e-10,3.20356e-09,2.6569e-12,2.3716e-12,1.8490000000000002e-11,0.0006243,0.4576036,0.956,0.118,0.00012,0.000624,0.00254
6850,5.249e-05,5.249e-06,3.8e-10,2.6419600000000003e-09,2.6244e-12,2.3716e-12,1.8662400000000003e-11,0.001176,0.4576036,0.539,0.118,0.00012,0.00118,0.00395
6860,5.192e-05,5.192e-06,4.806e-10,2.18089e-09,2.6895999999999998e-12,2.3716e-12,1.8490000000000002e-11,0.001525,0.4576036,0.229,0.118,0.00012,0.00153,0.00588
6870,5.188e-05,5.188e-06,2.535e-10,3.3408400000000002e-09,2.6569e-12,2.3716e-12,1.8662400000000003e-11,0.0005739,0.4576036,0.954,0.118,0.00012,0.000574,0.00248
6880,5.206e-05,5.206e-06,4.337e-10,1.2040900000000001e-09,2.6569e-12,2.3716e-12,1.8662400000000003e-11,0.002374,0.4576036,0.0601,0.118,0.00012,0.00237,0.00914
6890,5.18e-05,5.1799999999999995e-06,7.095e-10,2.31361e-09,2.6895999999999998e-12,2.3716e-12,1.8576100000000003e-11,0.002133,0.4576036,0.0879,0.118,0.00012,0.00213,0.00813
6900,5.153e-05,5.1530000000000005e-06,4.119e-10,2.1252100000000004e-09,2.6895999999999998e-12,2.3716e-12,1.8576100000000003e-11,0.001707,0.4576036,0.141,0.117,0.00012,0.00171,0.00659
6910,5.175e-05,5.175e-06,1.166e-09,2.6728900000000003e-09,2.6895999999999998e-12,2.4025e-12,1.87489e-11,0.0003096,0.4576036,0.951,0.117,0.00012,0.00031,0.00121
6920,5.167e-05,5.167e-06,4.019e-10,2.04304e-09,2.5921000000000002e-12,2.3409e-12,1.8576100000000003e-11,0.0003755,0.4576036,0.95,0.117,0.00011,0.000376,0.00169
6930,5.141e-05,5.1409999999999996e-06,5.147e-10,1.5054400000000001e-09,2.5599999999999996e-12,2.3409e-12,1.8662400000000003e-11,0.001442,0.4576036,0.188,0.117,0.00012,0.00144,0.00583
6940,5.152e-05,5.152e-06,5.185e-10,9.985600000000001e-10,2.6569e-12,2.4025e-12,1.8662400000000003e-11,0.001842,0.4576036,0.106,0.117,0.00012,0.00184,0.00687
6950,5.143e-05,5.143e-06,6.696e-10,1.09561e-09,2.6244e-12,2.4025e-12,1.8662400000000003e-11,0.000331,0.4576036,0.947,0.117,0.00011,0.000331,0.00147
6960,5.131e-05,5.1310000000000005e-06,3.998e-10,1.2460899999999998e-09,2.6244e-12,2.3716e-12,1.8662400000000003e-11,0.0001545,0.4576036,0.947,0.117,0.00011,0.000155,0.00105
6970,5.152e-05,5.152e-06,2.869e-10,1.2249999999999998e-09,2.5921000000000002e-12,2.3409e-12,1.8662400000000003e-11,0.0009047,0.4576036,0.534,0.117,0.00011,0.000905,0.00326
6980,5.108e-05,5.108e-06,6.671e-10,1.95364e-09,2.6244e-12,2.4336000000000005e-12,1.8576100000000003e-11,0.00177,0.4576036,0.128,0.117,0.00012,0.00177,0.0068
6990,5.113e-05,5.113e-06,4.784e-10,1.0758399999999999e-09,2.5921000000000002e-12,2.3716e-12,1.8662400000000003e-11,0.0002599,0.4576036,0.944,0.117,0.00011,0.00026,0.00118
7000,5.164e-05,5.164e-06,3.735e-10,1.95364e-09,2.5921000000000002e-12,2.3409e-12,1.8662400000000003e-11,0.0008224,0.4576036,0.78,0.116,0.00011,0.000822,0.00293
7010,5.133e-05,5.133e-06,6.391e-10,1.74724e-09,2.5921000000000002e-12,2.3716e-12,1.8662400000000003e-11,0.0004181,0.4576036,0.943,0.116,0.00011,0.000418,0.0018
7020,5.073e-05,5.0729999999999995e-06,3.048e-10,7.29e-10,2.6244e-12,2.3409e-12,1.8662400000000003e-11,0.001298,0.4576036,0.186,0.116,0.00011,0.0013,0.00498
7030,5.127e-05,5.127e-06,7.5e-10,1.7139599999999997e-09,2.5921000000000002e-12,2.4025e-12,1.8576100000000003e-11,0.0004323,0.4576036,0.941,0.116,0.00011,0.000432,0.00228
7040,5.071e-05,5.071e-06,2.522e-10,4.4944e-10,2.5281e-12,2.4025e-12,1.88356e-11,0.000937,0.4576036,0.3,0.116,0.00011,0.000937,0.00347
7050,5.086e-05,5.086e-06,3.036e-10,1.9009600000000004e-09,2.5921000000000002e-12,2.3716e-12,1.8576100000000003e-11,0.0009207,0.4576036,0.329,0.116,0.00011,0.000921,0.004
7060,5.072e-05,5.072e-06,1.6e-10,1.6892100000000002e-09,2.5599999999999996e-12,2.3716e-12,1.8662400000000003e-11,0.001797,0.4576036,0.105,0.116,0.00012,0.0018,0.00749
7070,5.055e-05,5.055e-06,1.65e-10,1.2816400000000001e-09,2.6244e-12,2.4025e-12,1.8576100000000003e-11,0.001535,0.4576036,0.139,0.116,0.00011,0.00153,0.00608
7080,5.084e-05,5.084e-06,7.776e-10,2.3040000000000003e-09,2.6569e-12,2.3716e-12,1.8576100000000003e-11,0.000423,0.4576036,0.937,0.116,0.00011,0.000423,0.0017
7090,5.042e-05,5.042e-06,6.11e-10,1.2249999999999998e-09,2.5281e-12,2.3716e-12,1.8662400000000003e-11,0.0001441,0.4576036,0.936,0.116,0.00011,0.000144,0.00085
7100,5.073e-05,5.0729999999999995e-06,3.432e-10,1.09561e-09,2.5281e-12,2.3104000000000003e-12,1.8662400000000003e-11,0.0005225,0.4576036,0.773,0.116,0.00011,0.000522,0.00264
7110,5.031e-05,5.031e-06,1.057e-10,1.1022400000000001e-09,2.5599999999999996e-12,2.3716e-12,1.87489e-11,0.0009548,0.4576036,0.271,0.115,0.00011,0.000955,0.00397
7120,5.028e-05,5.028e-06,1.056e-09,3.81924e-09,2.4963999999999997e-12,2.3409e-12,1.8662400000000003e-11,0.001874,0.4576036,0.153,0.115,0.00011,0.00187,0.00714
7130,5.019e-05,5.019e-06,3.931e-10,9e-10,2.5281e-12,2.3409e-12,1.8662400000000003e-11,0.0001782,0.4576036,0.933,0.115,0.00011,0.000178,0.00123
7140,5.093e-05,5.093e-06,4.484e-10,1.82329e-09,2.5599999999999996e-12,2.3716e-12,1.8662400000000003e-11,0.0005542,0.4576036,0.933,0.115,0.00011,0.000554,0.00221
7150,5.019e-05,5.019e-06,1.456e-10,1.8062500000000003e-09,2.4963999999999997e-12,2.3409e-12,1.87489e-11,0.0009992,0.4576036,0.297,0.115,0.00011,0.000999,0.00432
7160,5.018e-05,5.018e-06,5.065e-10,1.7139599999999997e-09,2.5281e-12,2.3716e-12,1.87489e-11,0.001902,0.4576036,0.114,0.115,0.00011,0.0019,0.00732
7170,5.056e-05,5.0559999999999995e-06,4.135e-10,2.21841e-09,2.4649e-12,2.3409e-12,1.87489e-11,0.0009204,0.4576036,0.525,0.115,0.00011,0.00092,0.00382
7180,4.996e-05,4.996e-06,2.366e-10,4.9284e-10,2.4963999999999997e-12,2.4336000000000005e-12,1.87489e-11,0.001098,0.4576036,0.202,0.115,0.00011,0.0011,0.00438
7190,5.039e-05,5.0389999999999995e-06,4.868e-10,1.764e-09,2.5281e-12,2.3716e-12,1.87489e-11,0.0007508,0.4576036,0.634,0.115,0.00011,0.000751,0.00304
7200,5.037e-05,5.037e-06,6.349e-10,1.77241e-09,2.4963999999999997e-12,2.3716e-12,1.8662400000000003e-11,0.0005493,0.4576036,0.844,0.115,0.00011,0.000549,0.00255
7210,4.976e-05,4.9759999999999995e-06,1.551e-10,6.1009e-10,2.5281e-12,2.3716e-12,1.8662400000000003e-11,0.001023,0.4576036,0.244,0.114,0.00011,0.00102,0.00448
7220,5.007e-05,5.007e-06,4.558e-10,2.77729e-09,2.4649e-12,2.3409e-12,1.8662400000000003e-11,0.001059,0.4576036,0.393,0.114,0.00011,0.00106,0.00443
7230,5.056e-05,5.0559999999999995e-06,2.298e-10,1.1289599999999998e-09,2.4336000000000005e-12,2.3409e-12,1.8662400000000003e-11,0.0005945,0.4576036,0.926,0.114,0.00011,0.000594,0.00233
7240,4.96e-05,4.96e-06,2.991e-10,7.84e-10,2.4649e-12,2.3409e-12,1.8662400000000003e-11,0.000265,0.4576036,0.925,0.114,0.00011,0.000265,0.0015
7250,4.964e-05,4.964e-06,9.258e-10,2.3716899999999997e-09,2.4649e-12,2.3409e-12,1.87489e-11,0.0006235,0.4576036,0.924,0.114,0.00011,0.000623,0.00254
7260,4.981e-05,4.981e-06,8.495e-11,2.1715600000000003e-09,2.4649e-12,2.3409e-12,1.87489e-11,0.0008815,0.4576036,0.474,0.114,0.00011,0.000882,0.00365
7270,4.968e-05,4.968e-06,3.205e-10,1.0176100000000002e-09,2.4649e-12,2.3716e-12,1.8662400000000003e-11,0.000292,0.4576036,1.02,0.114,0.00011,0.000292,0.00143
7280,4.945e-05,4.945e-06,1.549e-09,2.33289e-09,2.4963999999999997e-12,2.3716e-12,1.8662400000000003e-11,0.0002911,0.4576036,1.01,0.114,0.00011,0.000291,0.00112
7290,4.958e-05,4.958000000000001e-06,3.215e-10,1.2816400000000001e-09,2.4025e-12,2.3104000000000003e-12,1.87489e-11,0.000683,0.4576036,0.572,0.114,0.00011,0.000683,0.00306
7300,5.055e-05,5.055e-06,2.726e-10,4.17316e-09,2.4025e-12,2.3409e-12,1.8662400000000003e-11,0.0007884,0.4576036,0.837,0.114,0.00011,0.000788,0.00322
7310,5.02e-05,5.02e-06,9.202e-10,1.9272100000000004e-09,2.4336000000000005e-12,2.3409e-12,1.8662400000000003e-11,0.0005524,0.4576036,0.92,0.114,0.00011,0.000552,0.00254
7320,4.947e-05,4.947e-06,2.844e-10,1.156e-09,2.4649e-12,2.4025e-12,1.8576100000000003e-11,0.002282,0.4576036,0.0637,0.113,0.00011,0.00228,0.00912
7330,4.92e-05,4.92e-06,6.157e-10,1.7139599999999997e-09,2.4025e-12,2.3716e-12,1.8662400000000003e-11,0.001988,0.4576036,0.0848,0.113,0.00011,0.00199,0.00825
7340,4.913e-05,4.913e-06,1.999e-10,1.09561e-09,2.4336000000000005e-12,2.3716e-12,1.8662400000000003e-11,0.0009989,0.4576036,0.354,0.113,0.00011,0.000999,0.00399
7350,4.947e-05,4.947e-06,6.895e-10,1.3616100000000002e-09,2.4336000000000005e-12,2.3409e-12,1.87489e-11,0.0004592,0.4576036,0.917,0.113,0.00011,0.000459,0.00213
7360,4.961e-05,4.9610000000000004e-06,6.904e-10,8.1796e-10,2.4649e-12,2.3409e-12,1.87489e-11,0.002545,0.4576036,0.0434,0.113,0.00011,0.00255,0.0101
7370,4.924e-05,4.924000000000001e-06,2.362e-10,1.77241e-09,2.4025e-12,2.3409e-12,1.87489e-11,0.0007388,0.4576036,0.625,0.113,0.00011,0.000739,0.00307
7380,4.909e-05,4.909e-06,7.164e-10,1.4976899999999998e-09,2.4649e-12,2.3716e-12,1.8576100000000003e-11,0.0002818,0.4576036,1.01,0.113,0.00011,0.000282,0.00148
7390,4.876e-05,4.876e-06,1.784e-10,1.1628100000000002e-09,2.4025e-12,2.3716e-12,1.87489e-11,0.00131,0.4576036,0.181,0.113,0.00011,0.00131,0.00521
7400,4.887e-05,4.887e-06,1.898e-10,1.33956e-09,2.4025e-12,2.3409e-12,1.8662400000000003e-11,0.00196,0.4576036,0.102,0.113,0.00011,0.00196,0.00746
7410,4.884e-05,4.884e-06,1.017e-10,2.31361e-09,2.4336000000000005e-12,2.3716e-12,1.87489e-11,0.001053,0.4576036,0.352,0.113,0.00011,0.00105,0.00421
7420,4.876e-05,4.876e-06,5.226e-10,2.54016e-09,2.3716e-12,2.3409e-12,1.87489e-11,0.001562,0.4576036,0.164,0.113,0.00011,0.00156,0.00643
7430,4.86e-05,4.86e-06,2.293e-10,7.9524e-10,2.3716e-12,2.3409e-12,1.87489e-11,0.001226,0.4576036,0.198,0.112,0.00011,0.00123,0.00483
7440,4.87e-05,4.87e-06,6.977e-10,1.0176100000000002e-09,2.4025e-12,2.3409e-12,1.87489e-11,0.0003936,0.4576036,1.0,0.112,0.00011,0.000394,0.00195
7450,4.842e-05,4.842e-06,2.309e-10,1.77241e-09,2.4336000000000005e-12,2.3716e-12,1.87489e-11,0.001133,0.4576036,0.264,0.112,0.00011,0.00113,0.0046
7460,4.86e-05,4.86e-06,1.483e-10,1.59201e-09,2.3716e-12,2.3409e-12,1.8662400000000003e-11,0.001903,0.4576036,0.0923,0.112,0.00011,0.0019,0.00757
7470,4.852e-05,4.852e-06,8.746e-11,8.2369e-10,2.4025e-12,2.3716e-12,1.8662400000000003e-11,0.0007635,0.4576036,0.424,0.112,0.00011,0.000764,0.00313
7480,4.84e-05,4.839999999999999e-06,3.252e-10,1.77241e-09,2.3716e-12,2.3409e-12,1.87489e-11,0.001928,0.4576036,0.101,0.112,0.00011,0.00193,0.00804
7490,4.842e-05,4.842e-06,3.05e-10,1.5760900000000003e-09,2.3716e-12,2.3716e-12,1.88356e-11,0.002063,0.4576036,0.0921,0.112,0.00011,0.00206,0.00801
7500,4.868e-05,4.868e-06,2.706e-10,2.7562500000000003e-09,2.3409e-12,2.3716e-12,1.8662400000000003e-11,0.000839,0.4576036,0.563,0.112,0.00011,0.000839,0.00342
7510,4.877e-05,4.877e-06,1.143e-09,1.99809e-09,2.3409e-12,2.3104000000000003e-12,1.87489e-11,0.0003716,0.4576036,0.996,0.112,0.00011,0.000372,0.00185
7520,4.837e-05,4.837e-06,4.805e-10,1.09561e-09,2.3716e-12,2.3409e-12,1.8662400000000003e-11,0.0004091,0.4576036,0.995,0.112,0.00011,0.000409,0.00201
7530,4.816e-05,4.816e-06,2.52e-10,1.6892100000000002e-09,2.3409e-12,2.3104000000000003e-12,1.87489e-11,0.000954,0.4576036,0.349,0.112,0.00011,0.000954,0.00383
7540,4.827e-05,4.827e-06,5.745e-10,5.382400000000001e-10,2.3716e-12,2.3409e-12,1.88356e-11,0.0002625,0.4576036,0.994,0.112,0.00011,0.000262,0.00115
7550,4.834e-05,4.834e-06,2.432e-10,8.526400000000001e-10,2.3409e-12,2.3716e-12,1.8662400000000003e-11,0.0003315,0.4576036,0.993,0.111,0.00011,0.000332,0.0016
7560,4.832e-05,4.832e-06,1.102e-09,2.27529e-09,2.3409e-12,2.3409e-12,1.8662400000000003e-11,0.0003392,0.4576036,0.992,0.111,0.00011,0.000339,0.00174
7570,4.815e-05,4.815e-06,2.459e-10,9.7344e-10,2.3409e-12,2.3409e-12,1.87489e-11,0.0007273,0.4576036,0.56,0.111,0.00011,0.000727,0.00282
7580,4.819e-05,4.819e-06,3.238e-10,1.0562499999999997e-09,2.3409e-12,2.3716e-12,1.87489e-11,0.0006681,0.4576036,0.677,0.111,0.00011,0.000668,0.00278
7590,4.777e-05,4.777e-06,7.657e-10,1.4440000000000002e-09,2.3409e-12,2.3409e-12,1.87489e-11,0.0001464,0.4576036,0.99,0.111,0.00011,0.000146,0.000918
7600,4.808e-05,4.808e-06,8.274e-10,2.2467600000000002e-09,2.3409e-12,2.3409e-12,1.87489e-11,0.0004181,0.4576036,0.989,0.111,0.00011,0.000418,0.00223
7610,4.776e-05,4.776e-06,4.27e-10,1.024e-09,2.3409e-12,2.3409e-12,1.8662400000000003e-11,0.0007547,0.4576036,0.558,0.111,0.00011,0.000755,0.00276
7620,4.77e-05,4.77e-06,1.049e-10,1.3249599999999997e-09,2.2801e-12,2.3409e-12,1.87489e-11,0.0008751,0.4576036,0.419,0.111,0.00011,0.000875,0.0037
7630,4.754e-05,4.7540000000000006e-06,3.151e-10,9.61e-10,2.3716e-12,2.3716e-12,1.87489e-11,0.0002248,0.4576036,0.987,0.111,0.00011,0.000225,0.00141
7640,4.816e-05,4.816e-06,1.288e-10,1.97136e-09,2.3104000000000003e-12,2.3409e-12,1.87489e-11,0.0007235,0.4576036,0.674,0.111,0.00011,0.000724,0.003
7650,4.779e-05,4.779e-06,3.494e-10,2.32324e-09,2.2801e-12,2.3104000000000003e-12,1.87489e-11,0.000949,0.4576036,0.46,0.111,0.00011,0.000949,0.00385
7660,4.804e-05,4.804e-06,4.382e-10,1.0758399999999999e-09,2.2801e-12,2.3104000000000003e-12,1.87489e-11,0.0005888,0.4576036,0.74,0.111,0.00011,0.000589,0.00244
7670,4.732e-05,4.732e-06,1.687e-10,2.2467600000000002e-09,2.2500000000000003e-12,2.3716e-12,1.8662400000000003e-11,0.001447,0.4576036,0.161,0.11,0.00011,0.00145,0.00595
7680,4.733e-05,4.733e-06,3.038e-10,1.97136e-09,2.3104000000000003e-12,2.3409e-12,1.88356e-11,0.002004,0.4576036,0.0998,0.11,0.00011,0.002,0.00808
7690,4.763e-05,4.763e-06,1.213e-10,8.7025e-10,2.2500000000000003e-12,2.3104000000000003e-12,1.88356e-11,0.0006082,0.4576036,0.61,0.11,0.00011,0.000608,0.00266
7700,4.736e-05,4.736e-06,5.124e-10,1.5054400000000001e-09,2.2500000000000003e-12,2.3104000000000003e-12,1.87489e-11,0.0002721,0.4576036,0.982,0.11,0.00011,0.000272,0.00101
7710,4.733e-05,4.733e-06,4.232e-10,2.2944099999999997e-09,2.2500000000000003e-12,2.3409e-12,1.87489e-11,0.00211,0.4576036,0.0996,0.11,0.00011,0.00211,0.00806
7720,4.74e-05,4.74e-06,8.177e-10,1.2816400000000001e-09,2.2500000000000003e-12,2.3409e-12,1.88356e-11,0.002429,0.4576036,0.0618,0.11,0.00011,0.00243,0.00967
7730,4.708e-05,4.7080000000000005e-06,6.356e-11,7.4529e-10,2.3104000000000003e-12,2.3409e-12,1.87489e-11,0.001603,0.4576036,0.109,0.11,0.00011,0.0016,0.00661
7740,4.69e-05,4.69e-06,7.262e-10,2.1529600000000004e-09,2.2500000000000003e-12,2.3104000000000003e-12,1.87489e-11,0.0003124,0.4576036,0.979,0.11,0.00011,0.000312,0.00114
7750,4.715e-05,4.715e-06,4.578e-10,1.4062499999999998e-09,2.3409e-12,2.3716e-12,1.88356e-11,0.0008205,0.4576036,0.552,0.11,0.00011,0.00082,0.00316
7760,4.692e-05,4.692e-06,5.871e-10,2.0520900000000005e-09,2.2500000000000003e-12,2.3104000000000003e-12,1.88356e-11,0.001089,0.4576036,0.257,0.11,0.00011,0.00109,0.00491
7770,4.7e-05,4.7e-06,2.717e-10,3.8068899999999995e-09,2.2500000000000003e-12,2.3716e-12,1.87489e-11,0.001102,0.4576036,0.311,0.11,0.00011,0.0011,0.00509
7780,4.712e-05,4.712e-06,2.993e-10,9.363599999999999e-10,2.2500000000000003e-12,2.3409e-12,1.87489e-11,0.002211,0.4576036,0.0677,0.11,0.00011,0.00221,0.00862
7790,4.663e-05,4.663e-06,5.855e-10,2.31361e-09,2.3104000000000003e-12,2.3409e-12,1.88356e-11,0.001367,0.4576036,0.212,0.109,0.00011,0.00137,0.00568
7800,4.67e-05,4.669999999999999e-06,3.943e-10,6.451600000000001e-10,2.2500000000000003e-12,2.3409e-12,1.8662400000000003e-11,0.001165,0.4576036,0.233,0.109,0.00011,0.00117,0.00457
7810,4.684e-05,4.6839999999999995e-06,8.903e-10,1.8062500000000003e-09,2.2801e-12,2.3716e-12,1.88356e-11,0.002081,0.4576036,0.0817,0.109,0.00011,0.00208,0.00868
7820,4.672e-05,4.672e-06,1.635e-10,1.681e-09,2.2500000000000003e-12,2.3716e-12,1.87489e-11,0.001033,0.4576036,0.375,0.109,0.00011,0.00103,0.00396
7830,4.659e-05,4.659e-06,2.092e-10,1.2888099999999998e-09,2.2201e-12,2.3409e-12,1.88356e-11,0.0005107,0.4576036,0.803,0.109,0.00011,0.000511,0.00252
7840,4.713e-05,4.713e-06,1.96e-10,1.89225e-09,2.2500000000000003e-12,2.3409e-12,1.8662400000000003e-11,0.0007068,0.4576036,0.73,0.109,0.00011,0.000707,0.00286
7850,4.649e-05,4.649e-06,1.72e-10,1.8576099999999998e-09,2.2201e-12,2.3716e-12,1.88356e-11,0.001412,0.4576036,0.131,0.109,0.00011,0.00141,0.00635
7860,4.648e-05,4.648e-06,2.758e-10,1.0112400000000001e-09,2.2500000000000003e-12,2.3409e-12,1.88356e-11,0.001581,0.4576036,0.119,0.109,0.00011,0.00158,0.00628
7870,4.649e-05,4.649e-06,3.816e-10,9.5481e-10,2.2500000000000003e-12,2.3716e-12,1.88356e-11,0.001813,0.4576036,0.0894,0.109,0.00011,0.00181,0.0074
7880,4.711e-05,4.711e-06,4.341e-10,4.03225e-09,2.1904e-12,2.3104000000000003e-12,1.87489e-11,0.0006534,0.4576036,0.728,0.109,0.00011,0.000653,0.00323
7890,4.641e-05,4.641e-06,2.76e-10,1.08241e-09,2.2801e-12,2.3409e-12,1.88356e-11,0.002126,0.4576036,0.0893,0.109,0.00011,0.00213,0.00792
7900,4.656e-05,4.656e-06,5.402e-10,1.9009600000000004e-09,2.1904e-12,2.3104000000000003e-12,1.88356e-11,0.0009719,0.4576036,0.41,0.109,0.00011,0.000972,0.00392
7910,4.616e-05,4.6159999999999995e-06,3.624e-10,1.0562499999999997e-09,2.2201e-12,2.3409e-12,1.8662400000000003e-11,0.0009138,0.4576036,0.28,0.108,0.00011,0.000914,0.00417
7920,4.673e-05,4.673e-06,2.252e-10,1.33956e-09,2.2201e-12,2.3409e-12,1.8662400000000003e-11,0.0006016,0.4576036,0.725,0.108,0.00011,0.000602,0.00257
7930,4.622e-05,4.622e-06,6.411e-10,1.98916e-09,2.1904e-12,2.3409e-12,1.88356e-11,0.0002631,0.4576036,0.965,0.108,0.00011,0.000263,0.00165
7940,4.639e-05,4.639e-06,5.626e-10,7.29e-10,2.2201e-12,2.3409e-12,1.88356e-11,0.0003967,0.4576036,0.964,0.108,0.00011,0.000397,0.0016
7950,4.587e-05,4.587e-06,4.835e-10,2.0250000000000003e-09,2.1609e-12,2.3409e-12,1.88356e-11,0.0002902,0.4576036,0.963,0.108,0.00011,0.00029,0.00133
7960,4.615e-05,4.615e-06,6.67e-10,1.89225e-09,2.1904e-12,2.3409e-12,1.88356e-11,0.002026,0.4576036,0.0889,0.108,0.00011,0.00203,0.00824
7970,4.605e-05,4.605e-06,6.677e-10,1.7139599999999997e-09,2.2201e-12,2.3409e-12,1.88356e-11,0.001934,0.4576036,0.0977,0.108,0.00011,0.00193,0.00779
7980,4.572e-05,4.5720000000000004e-06,3.17e-10,1.4062499999999998e-09,2.1609e-12,2.3716e-12,1.88356e-11,0.001298,0.4576036,0.19,0.108,0.00011,0.0013,0.00528
7990,4.583e-05,4.583e-06,6.102e-10,1.43641e-09,2.1904e-12,2.3409e-12,1.87489e-11,9.473e-05,0.4576036,0.961,0.108,0.00011,9.47e-05,0.000696
8000,4.571e-05,4.571e-06,4.665e-10,9.0601e-10,2.1904e-12,2.3409e-12,1.88356e-11,0.0009919,0.4576036,0.278,0.108,0.00011,0.000992,0.00408
8010,4.606e-05,4.6060000000000005e-06,5.641e-10,3.6723600000000003e-09,2.1904e-12,2.3409e-12,1.88356e-11,0.002579,0.4576036,0.0732,0.108,0.00011,0.00258,0.00967
8020,4.6e-05,4.6e-06,6.957e-10,1.2249999999999998e-09,2.1904e-12,2.3716e-12,1.88356e-11,0.0004639,0.4576036,0.959,0.108,0.00011,0.000464,0.00223
8030,4.606e-05,4.6060000000000005e-06,2.714e-10,1.77241e-09,2.1609e-12,2.3409e-12,1.88356e-11,0.0007615,0.4576036,0.541,0.107,0.00011,0.000761,0.00316
8040,4.557e-05,4.557e-06,6.624e-10,8.352100000000001e-10,2.1609e-12,2.3409e-12,1.8576100000000003e-11,0.0002825,0.4576036,0.957,0.107,0.00011,0.000282,0.00118
8050,4.566e-05,4.566e-06,2.658e-10,1.23904e-09,2.1609e-12,2.3409e-12,1.88356e-11,0.0002111,0.4576036,0.956,0.107,0.00011,0.000211,0.0011
8060,4.551e-05,4.551e-06,2.442e-10,3.868839999999999e-09,2.1609e-12,2.3409e-12,1.87489e-11,0.001106,0.4576036,0.305,0.107,0.00011,0.00111,0.00463
8070,4.55e-05,4.5500000000000005e-06,6.622e-10,1.06276e-09,2.1609e-12,2.3409e-12,1.88356e-11,0.001056,0.4576036,0.335,0.107,0.00011,0.00106,0.00407
8080,4.534e-05,4.534e-06,1.851e-10,2.7039999999999998e-09,2.1904e-12,2.3409e-12,1.87489e-11,0.001585,0.4576036,0.172,0.107,0.00011,0.00159,0.00638
8090,4.539e-05,4.539e-06,2.512e-10,4.0000000000000007e-10,2.1316e-12,2.3409e-12,1.88356e-11,0.0001154,0.4576036,0.954,0.107,0.00011,0.000115,0.000699
8100,4.541e-05,4.541e-06,3.316e-10,1.37641e-09,2.1609e-12,2.3409e-12,1.88356e-11,0.000915,0.4576036,0.334,0.107,0.00011,0.000915,0.0039
8110,4.535e-05,4.535e-06,5.195e-10,1.9272100000000004e-09,2.1609e-12,2.3409e-12,1.88356e-11,0.001273,0.4576036,0.251,0.107,0.00011,0.00127,0.00508
8120,4.557e-05,4.557e-06,1.608e-10,1.82329e-09,2.1904e-12,2.3716e-12,1.88356e-11,0.002178,0.4576036,0.0726,0.107,0.00011,0.00218,0.00912
8130,4.565e-05,4.5649999999999995e-06,7.787e-10,2.19961e-09,2.1316e-12,2.3716e-12,1.88356e-11,0.002446,0.4576036,0.0599,0.107,0.00011,0.00245,0.0104
8140,4.549e-05,4.549e-06,3.151e-10,1.67281e-09,2.1316e-12,2.3104000000000003e-12,1.88356e-11,0.0007485,0.4576036,0.536,0.107,0.00011,0.000749,0.00328
8150,4.514e-05,4.5139999999999995e-06,1.278e-10,1.17649e-09,2.1316e-12,2.3409e-12,1.88356e-11,0.0009911,0.4576036,0.275,0.107,0.00011,0.000991,0.00426
8160,4.548e-05,4.5479999999999995e-06,4.652e-10,2.45025e-09,2.1025000000000004e-12,2.3409e-12,1.87489e-11,0.0006997,0.4576036,0.589,0.106,0.00011,0.0007,0.00312
8170,4.53e-05,4.530000000000001e-06,1.628e-10,1.6974399999999999e-09,2.1609e-12,2.3409e-12,1.87489e-11,0.0008281,0.4576036,0.442,0.106,0.00011,0.000828,0.00352
8180,4.491e-05,4.491e-06,5.027e-10,7.0756e-10,2.1025000000000004e-12,2.3409e-12,1.88356e-11,0.001079,0.4576036,0.187,0.106,0.00011,0.00108,0.00479
8190,4.498e-05,4.498e-06,1.675e-10,4.84e-10,2.1316e-12,2.3409e-12,1.87489e-11,0.0008754,0.4576036,0.274,0.106,0.00011,0.000875,0.00372
8200,4.49e-05,4.49e-06,1.419e-10,1.94481e-09,2.1609e-12,2.3716e-12,1.88356e-11,0.001095,0.4576036,0.274,0.106,0.00011,0.00109,0.00459
8210,4.495e-05,4.495e-06,1.994e-10,1.296e-09,2.1316e-12,2.3716e-12,1.88356e-11,0.0007483,0.4576036,0.401,0.106,0.00011,0.000748,0.00356
8220,4.471e-05,4.471e-06,9.52e-10,9.7344e-10,2.1316e-12,2.3409e-12,1.88356e-11,0.0002338,0.4576036,0.945,0.106,0.00011,0.000234,0.00106
8230,4.477e-05,4.477e-06,1.873e-10,1.4137599999999999e-09,2.1025000000000004e-12,2.3409e-12,1.88356e-11,0.001094,0.4576036,0.249,0.106,0.00011,0.00109,0.00479
8240,4.476e-05,4.476e-06,1.935e-10,1.156e-09,2.1316e-12,2.3716e-12,1.88356e-11,0.001329,0.4576036,0.17,0.106,0.00011,0.00133,0.00561
8250,4.462e-05,4.462000000000001e-06,2.694e-10,1.2673599999999999e-09,2.1316e-12,2.3409e-12,1.88356e-11,0.001577,0.4576036,0.127,0.106,0.00011,0.00158,0.00658
8260,4.47e-05,4.47e-06,2.798e-10,1.47456e-09,2.1609e-12,2.3716e-12,1.87489e-11,0.0009626,0.4576036,0.3,0.106,0.00011,0.000963,0.00417
8270,4.483e-05,4.483e-06,2.491e-10,1.4899600000000003e-09,2.1025000000000004e-12,2.3409e-12,1.88356e-11,0.0004798,0.4576036,0.941,0.106,0.00011,0.00048,0.00201
8280,4.494e-05,4.494e-06,6.457e-10,9.486400000000001e-10,2.1025000000000004e-12,2.3409e-12,1.8662400000000003e-11,0.0004142,0.4576036,0.941,0.106,0.00011,0.000414,0.00181
8290,4.46e-05,4.46e-06,6.253e-10,2.2467600000000002e-09,2.1609e-12,2.3716e-12,1.87489e-11,0.00199,0.4576036,0.0868,0.106,0.00011,0.00199,0.00821
8300,4.484e-05,4.484e-06,6.927e-10,1.45161e-09,2.1316e-12,2.3716e-12,1.88356e-11,0.002163,0.4576036,0.0538,0.105,0.00011,0.00216,0.00905
8310,4.438e-05,4.438e-06,3.157e-10,9.180900000000001e-10,2.1025000000000004e-12,2.3716e-12,1.87489e-11,0.001157,0.4576036,0.204,0.105,0.00011,0.00116,0.00459
8320,4.469e-05,4.469e-06,1e-09,2.7039999999999998e-09,2.1609e-12,2.4025e-12,1.88356e-11,0.002305,0.4576036,0.0716,0.105,0.00011,0.0023,0.00992
8330,4.439e-05,4.439e-06,1.921e-10,1.31769e-09,2.1025000000000004e-12,2.3716e-12,1.88356e-11,0.001276,0.4576036,0.169,0.105,0.00011,0.00128,0.0054
8340,4.429e-05,4.4289999999999994e-06,3.455e-10,1.7056900000000001e-09,2.0736e-12,2.3409e-12,1.88356e-11,0.0003259,0.4576036,0.937,0.105,0.00011,0.000326,0.00213
8350,4.446e-05,4.4459999999999994e-06,8.093e-11,1.1902499999999999e-09,2.0736e-12,2.3409e-12,1.88356e-11,0.0007868,0.4576036,0.437,0.105,0.00011,0.000787,0.00337
8360,4.456e-05,4.456e-06,6.039e-10,1.9272100000000004e-09,2.0736e-12,2.3409e-12,1.88356e-11,0.0004956,0.4576036,0.935,0.105,0.00011,0.000496,0.00207
8370,4.413e-05,4.413e-06,3.668e-10,7.896099999999999e-10,2.1025000000000004e-12,2.3409e-12,1.87489e-11,0.001101,0.4576036,0.224,0.105,0.00011,0.0011,0.00443
8380,4.428e-05,4.428000000000001e-06,3.811e-10,1.1222500000000001e-09,2.0736e-12,2.3409e-12,1.87489e-11,0.0002487,0.4576036,0.934,0.105,0.0001,0.000249,0.0013
8390,4.425e-05,4.425e-06,3.915e-10,2.27529e-09,2.1025000000000004e-12,2.4025e-12,1.88356e-11,0.001961,0.4576036,0.0948,0.105,0.00011,0.00196,0.00818
8400,4.404e-05,4.404e-06,4.09e-10,8.0656e-10,2.0736e-12,2.3409e-12,1.88356e-11,0.001422,0.4576036,0.126,0.105,0.00011,0.00142,0.00603
8410,4.402e-05,4.402e-06,2.087e-10,1.16964e-09,2.0736e-12,2.3716e-12,1.87489e-11,0.001094,0.4576036,0.223,0.105,0.00011,0.00109,0.00465
8420,4.401e-05,4.401e-06,5.016e-10,1.06276e-09,2.0736e-12,2.3409e-12,1.88356e-11,0.0001743,0.4576036,0.932,0.105,0.0001,0.000174,0.000949
8430,4.441e-05,4.4409999999999995e-06,9.451e-10,1.54449e-09,2.1316e-12,2.3716e-12,1.88356e-11,0.0004068,0.4576036,0.931,0.104,0.0001,0.000407,0.00196
8440,4.384e-05,4.384e-06,3.873e-10,1.14244e-09,2.1025000000000004e-12,2.3409e-12,1.88356e-11,0.001088,0.4576036,0.245,0.104,0.00011,0.00109,0.00446
8450,4.396e-05,4.396e-06,1.952e-10,2.07025e-09,2.1025000000000004e-12,2.3716e-12,1.88356e-11,0.000862,0.4576036,0.434,0.104,0.0001,0.000862,0.00375
8460,4.437e-05,4.437e-06,5.868e-10,8.352100000000001e-10,2.1025000000000004e-12,2.4025e-12,1.88356e-11,0.0004422,0.4576036,0.929,0.104,0.0001,0.000442,0.00192
8470,4.403e-05,4.403e-06,5.045e-10,7.728400000000001e-10,2.0449000000000003e-12,2.3716e-12,1.88356e-11,0.0004744,0.4576036,0.697,0.104,0.0001,0.000474,0.00249
8480,4.369e-05,4.369e-06,2.516e-10,9.5481e-10,2.1025000000000004e-12,2.3716e-12,1.88356e-11,0.0009812,0.4576036,0.269,0.104,0.0001,0.000981,0.00399
8490,4.404e-05,4.404e-06,6.323e-10,2.68324e-09,2.0449000000000003e-12,2.3716e-12,1.88356e-11,0.0004419,0.4576036,0.927,0.104,0.0001,0.000442,0.00196
8500,4.369e-05,4.369e-06,2.96e-10,5.198399999999999e-10,2.1025000000000004e-12,2.3716e-12,1.88356e-11,0.0002587,0.4576036,0.926,0.104,0.0001,0.000259,0.0012
8510,4.354e-05,4.354e-06,3.343e-10,4.0000000000000007e-10,2.0449000000000003e-12,2.3716e-12,1.88356e-11,0.0002603,0.4576036,0.926,0.104,0.0001,0.00026,0.00127
8520,4.38e-05,4.38e-06,1.891e-10,5.5696e-10,2.0449000000000003e-12,2.3716e-12,1.88356e-11,0.0005672,0.4576036,0.574,0.104,0.0001,0.000567,0.00252
8530,4.351e-05,4.351e-06,3.107e-10,1.7388899999999998e-09,2.0449000000000003e-12,2.3716e-12,1.88356e-11,0.001073,0.4576036,0.268,0.104,0.0001,0.00107,0.00465
8540,4.353e-05,4.353e-06,2.205e-10,7.7841e-10,2.1025000000000004e-12,2.3716e-12,1.87489e-11,0.001599,0.4576036,0.0938,0.104,0.00011,0.0016,0.00692
8550,4.344e-05,4.343999999999999e-06,2.305e-10,6.051600000000001e-10,2.0449000000000003e-12,2.3716e-12,1.88356e-11,0.0007585,0.4576036,0.324,0.104,0.0001,0.000759,0.00339
8560,4.368e-05,4.368e-06,2.46e-10,1.0758399999999999e-09,2.0449000000000003e-12,2.3716e-12,1.88356e-11,0.0005852,0.4576036,0.693,0.104,0.0001,0.000585,0.00266
8570,4.326e-05,4.326000000000001e-06,5.346e-10,1.0562499999999997e-09,2.0449000000000003e-12,2.3716e-12,1.88356e-11,0.0001494,0.4576036,1.01,0.103,0.0001,0.000149,0.00104
8580,4.375e-05,4.375e-06,1.591e-10,6.8644e-10,2.0449000000000003e-12,2.3716e-12,1.88356e-11,0.0004439,0.4576036,0.921,0.103,0.0001,0.000444,0.00197
8590,4.338e-05,4.338e-06,3.396e-10,2.6419600000000003e-09,2.0449000000000003e-12,2.3716e-12,1.88356e-11,0.0004043,0.4576036,0.921,0.103,0.0001,0.000404,0.002
8600,4.371e-05,4.371e-06,2.795e-10,1.35424e-09,2.0736e-12,2.3716e-12,1.87489e-11,0.0006405,0.4576036,0.628,0.103,0.0001,0.000641,0.00282
8610,4.31e-05,4.309999999999999e-06,1.33e-10,6.916899999999999e-10,2.0449000000000003e-12,2.3716e-12,1.87489e-11,0.0009704,0.4576036,0.242,0.103,0.0001,0.00097,0.00418
8620,4.322e-05,4.322e-06,2.777e-10,5.29e-10,2.0449000000000003e-12,2.3716e-12,1.87489e-11,0.0008371,0.4576036,0.354,0.103,0.0001,0.000837,0.00322
8630,4.342e-05,4.342e-06,1.597e-10,9e-10,2.1025000000000004e-12,2.3716e-12,1.87489e-11,0.0004555,0.4576036,0.759,0.103,0.0001,0.000455,0.00229
8640,4.312e-05,4.312e-06,1.929e-10,5.428900000000001e-10,2.0449000000000003e-12,2.4025e-12,1.88356e-11,0.001494,0.4576036,0.0847,0.103,0.0001,0.00149,0.00651
8650,4.298e-05,4.298e-06,3.907e-10,9.9225e-10,2.0163999999999998e-12,2.3716e-12,1.88356e-11,0.001324,0.4576036,0.136,0.103,0.0001,0.00132,0.00577
8660,4.305e-05,4.305e-06,4.137e-10,2.19024e-09,2.0736e-12,2.4025e-12,1.87489e-11,0.002048,0.4576036,0.0846,0.103,0.00011,0.00205,0.00828
8670,4.297e-05,4.297e-06,1.726e-10,2.86225e-09,2.0449000000000003e-12,2.4025e-12,1.87489e-11,0.0009947,0.4576036,0.321,0.103,0.0001,0.000995,0.00451
8680,4.311e-05,4.311e-06,6.361e-10,1.47456e-09,2.0449000000000003e-12,2.3716e-12,1.88356e-11,0.0003961,0.4576036,0.915,0.103,0.0001,0.000396,0.00229
8690,4.279e-05,4.279e-06,2.339e-10,9.5481e-10,2.0163999999999998e-12,2.3716e-12,1.88356e-11,0.001174,0.4576036,0.15,0.103,0.0001,0.00117,0.00525
8700,4.317e-05,4.317e-06,2.543e-10,1.0112400000000001e-09,2.0449000000000003e-12,2.3716e-12,1.88356e-11,0.000403,0.4576036,1.01,0.103,0.0001,0.000403,0.00178
8710,4.318e-05,4.318e-06,3.807e-10,1.4668900000000003e-09,2.0449000000000003e-12,2.3716e-12,1.88356e-11,0.0006065,0.4576036,0.624,0.102,0.0001,0.000607,0.00283
8720,4.322e-05,4.322e-06,3.636e-10,2.0793599999999997e-09,2.0449000000000003e-12,2.3716e-12,1.87489e-11,0.0006787,0.4576036,0.686,0.102,0.0001,0.000679,0.00294
8730,4.279e-05,4.279e-06,2.226e-10,1.13569e-09,2.0163999999999998e-12,2.3716e-12,1.87489e-11,0.001252,0.4576036,0.164,0.102,0.0001,0.00125,0.00547
8740,4.27e-05,4.27e-06,4.588e-10,1.21801e-09,2.0163999999999998e-12,2.3716e-12,1.88356e-11,0.001132,0.4576036,0.218,0.102,0.0001,0.00113,0.00477
8750,4.258e-05,4.2580000000000006e-06,1.81e-10,1.9184400000000003e-09,2.0163999999999998e-12,2.3716e-12,1.87489e-11,0.001196,0.4576036,0.218,0.102,0.0001,0.0012,0.00496
8760,4.259e-05,4.258999999999999e-06,1.271e-10,7.182400000000001e-10,2.0163999999999998e-12,2.4025e-12,1.88356e-11,0.0009452,0.4576036,0.24,0.102,0.0001,0.000945,0.00402
8770,4.258e-05,4.2580000000000006e-06,3.465e-10,1.5602499999999999e-09,2.0449000000000003e-12,2.4025e-12,1.87489e-11,0.000897,0.4576036,0.386,0.102,0.0001,0.000897,0.0037
8780,4.252e-05,4.252e-06,4.231e-10,1.17649e-09,2.0736e-12,2.4025e-12,1.87489e-11,0.001171,0.4576036,0.198,0.102,0.0001,0.00117,0.00491
8790,4.253e-05,4.253e-06,4.113e-10,4.5368999999999996e-10,1.9881e-12,2.3716e-12,1.88356e-11,0.0005412,0.4576036,0.513,0.102,0.0001,0.000541,0.00262
8800,4.302e-05,4.302e-06,7.64e-10,2.1715600000000003e-09,2.0163999999999998e-12,2.3716e-12,1.88356e-11,0.0005195,0.4576036,0.999,0.102,0.0001,0.000519,0.00185
8810,4.286e-05,4.286e-06,6.286e-10,2.07025e-09,2.0449000000000003e-12,2.4336000000000005e-12,1.88356e-11,0.0004068,0.4576036,0.998,0.102,0.0001,0.000407,0.00169
8820,4.26e-05,4.26e-06,8.753e-11,6.1504e-10,2.0163999999999998e-12,2.3716e-12,1.87489e-11,0.0006752,0.4576036,0.563,0.102,0.0001,0.000675,0.00267
8830,4.228e-05,4.228e-06,4.266e-10,1.74724e-09,1.9881e-12,2.3716e-12,1.88356e-11,0.0002493,0.4576036,0.997,0.102,0.0001,0.000249,0.00144
8840,4.224e-05,4.2240000000000006e-06,3.364e-10,1.0562499999999997e-09,1.9881e-12,2.3716e-12,1.88356e-11,0.0001378,0.4576036,0.996,0.102,0.0001,0.000138,0.000847
8850,4.225e-05,4.224999999999999e-06,2.441e-10,7.3984e-10,1.9881e-12,2.3716e-12,1.88356e-11,0.001244,0.4576036,0.122,0.102,0.0001,0.00124,0.00541
8860,4.219e-05,4.219e-06,1.811e-10,7.2361e-10,2.0163999999999998e-12,2.4025e-12,1.88356e-11,0.001024,0.4576036,0.216,0.101,0.0001,0.00102,0.00424
8870,4.223e-05,4.223e-06,4.705e-10,1.5840399999999998e-09,1.9881e-12,2.4025e-12,1.88356e-11,0.001521,0.4576036,0.122,0.101,0.0001,0.00152,0.00663
8880,4.21e-05,4.21e-06,1.908e-10,1.0176100000000002e-09,2.0449000000000003e-12,2.4025e-12,1.87489e-11,0.001588,0.4576036,0.122,0.101,0.0001,0.00159,0.00649
8890,4.194e-05,4.194e-06,8.451e-10,1.26025e-09,2.0163999999999998e-12,2.4025e-12,1.87489e-11,0.0001925,0.4576036,0.993,0.101,0.0001,0.000192,0.00111
8900,4.194e-05,4.194e-06,2.481e-10,1.2816400000000001e-09,1.9881e-12,2.4025e-12,1.88356e-11,0.001092,0.4576036,0.178,0.101,0.0001,0.00109,0.00486
8910,4.191e-05,4.190999999999999e-06,3.123e-10,1.3032100000000003e-09,1.9881e-12,2.4025e-12,1.87489e-11,0.001508,0.4576036,0.122,0.101,0.0001,0.00151,0.00623
8920,4.218e-05,4.218e-06,5.816e-10,8.0656e-10,2.0163999999999998e-12,2.3716e-12,1.88356e-11,0.000478,0.4576036,0.677,0.101,0.0001,0.000478,0.00234
8930,4.178e-05,4.1780000000000005e-06,4.79e-10,1.5132099999999998e-09,2.0163999999999998e-12,2.4025e-12,1.87489e-11,0.001435,0.4576036,0.162,0.101,0.0001,0.00144,0.00588
8940,4.223e-05,4.223e-06,2.475e-10,2.0976400000000002e-09,1.9599999999999997e-12,2.3716e-12,1.88356e-11,0.0006221,0.4576036,0.676,0.101,0.0001,0.000622,0.00301
8950,4.181e-05,4.181e-06,1.652e-10,7.9524e-10,2.0163999999999998e-12,2.4025e-12,1.88356e-11,0.001049,0.4576036,0.196,0.101,0.0001,0.00105,0.00443
8960,4.171e-05,4.1709999999999995e-06,3.409e-10,1.3616100000000002e-09,1.9881e-12,2.4025e-12,1.87489e-11,0.001219,0.4576036,0.162,0.101,0.0001,0.00122,0.00508
8970,4.186e-05,4.186e-06,1.828e-10,2.14369e-09,1.9599999999999997e-12,2.4336000000000005e-12,1.88356e-11,0.00176,0.4576036,0.1,0.101,0.0001,0.00176,0.00759
8980,4.174e-05,4.173999999999999e-06,6.507e-10,7.29e-10,1.9599999999999997e-12,2.4025e-12,1.87489e-11,0.0003831,0.4576036,0.987,0.101,0.0001,0.000383,0.00141
8990,4.162e-05,4.162e-06,3.684e-10,6.0025e-10,1.9599999999999997e-12,2.3716e-12,1.87489e-11,0.0006311,0.4576036,0.46,0.101,0.0001,0.000631,0.00265
9000,4.159e-05,4.159e-06,2.128e-10,1.3249599999999997e-09,1.9599999999999997e-12,2.4025e-12,1.89225e-11,0.0009071,0.4576036,0.26,0.101,0.0001,0.000907,0.00414
9010,4.152e-05,4.152e-06,2.508e-10,2.98116e-09,1.9881e-12,2.4336000000000005e-12,1.88356e-11,0.001116,0.4576036,0.259,0.1,0.0001,0.00112,0.00486
9020,4.176e-05,4.176e-06,4.656e-10,1.9802499999999996e-09,1.9599999999999997e-12,2.4025e-12,1.87489e-11,0.002241,0.4576036,0.0826,0.1,0.0001,0.00224,0.00867
9030,4.16e-05,4.16e-06,3.416e-10,2.19961e-09,1.9599999999999997e-12,2.3716e-12,1.88356e-11,0.001058,0.4576036,0.379,0.1,0.0001,0.00106,0.0042
9040,4.164e-05,4.164e-06,7.178e-10,9e-10,1.9599999999999997e-12,2.3716e-12,1.87489e-11,0.0005152,0.4576036,0.894,0.1,0.0001,0.000515,0.00234
9050,4.189e-05,4.189e-06,3.979e-10,9.0601e-10,1.9881e-12,2.4025e-12,1.88356e-11,0.0005833,0.4576036,0.671,0.1,0.0001,0.000583,0.00255
9060,4.155e-05,4.155e-06,1.242e-10,5.428900000000001e-10,1.9881e-12,2.4025e-12,1.89225e-11,0.0005868,0.4576036,0.61,0.1,0.0001,0.000587,0.0025
9070,4.194e-05,4.194e-06,7.896e-10,1.2673599999999999e-09,1.9881e-12,2.4336000000000005e-12,1.87489e-11,0.0005389,0.4576036,0.981,0.1,0.0001,0.000539,0.002
9080,4.13e-05,4.13e-06,2.559e-10,1.0368399999999997e-09,1.9599999999999997e-12,2.4025e-12,1.87489e-11,0.0003066,0.4576036,0.98,0.1,0.0001,0.000307,0.00172
9090,4.152e-05,4.152e-06,4.04e-10,2.22784e-09,1.9599999999999997e-12,2.4025e-12,1.87489e-11,0.0009288,0.4576036,0.415,0.1,0.0001,0.000929,0.00395
9100,4.12e-05,4.1199999999999995e-06,3.646e-10,1.96249e-09,1.9599999999999997e-12,2.4025e-12,1.87489e-11,0.001338,0.4576036,0.16,0.0999,0.0001,0.00134,0.00587
9110,4.128e-05,4.128e-06,3.697e-10,8.8804e-10,1.9599999999999997e-12,2.4025e-12,1.88356e-11,0.0006752,0.4576036,0.502,0.0998,0.0001,0.000675,0.00279
9120,4.112e-05,4.112e-06,5.762e-10,1.4976899999999998e-09,1.9321000000000002e-12,2.4025e-12,1.87489e-11,0.001342,0.4576036,0.16,0.0998,0.0001,0.00134,0.00569
9130,4.15e-05,4.15e-06,9.126e-10,8.1796e-10,1.9321000000000002e-12,2.4025e-12,1.87489e-11,0.0003493,0.4576036,0.977,0.0997,0.0001,0.000349,0.0018
9140,4.095e-05,4.095e-06,7.644e-10,8.8804e-10,1.9599999999999997e-12,2.4336000000000005e-12,1.88356e-11,0.0001974,0.4576036,0.977,0.0996,0.0001,0.000197,0.00117
9150,4.099e-05,4.099e-06,1.595e-10,1.6402500000000002e-09,1.9599999999999997e-12,2.4025e-12,1.88356e-11,0.001142,0.4576036,0.193,0.0996,0.0001,0.00114,0.00488
9160,4.096e-05,4.096e-06,3.656e-10,1.3249599999999997e-09,1.9599999999999997e-12,2.4025e-12,1.8662400000000003e-11,0.0001905,0.4576036,0.975,0.0995,0.0001,0.000191,0.00112
9170,4.095e-05,4.095e-06,5.311e-10,2.04304e-09,1.9881e-12,2.4336000000000005e-12,1.88356e-11,0.001389,0.4576036,0.159,0.0994,0.0001,0.00139,0.00588
9180,4.119e-05,4.119e-06,3.918e-10,5.6644e-10,1.9599999999999997e-12,2.4336000000000005e-12,1.87489e-11,0.0003844,0.4576036,0.974,0.0994,0.0001,0.000384,0.0018
9190,4.115e-05,4.1149999999999996e-06,2.977e-10,1.1628100000000002e-09,1.9321000000000002e-12,2.4025e-12,1.88356e-11,0.0003607,0.4576036,0.973,0.0993,0.0001,0.000361,0.00166
9200,4.091e-05,4.091e-06,1.502e-10,1.17649e-09,1.9321000000000002e-12,2.4025e-12,1.87489e-11,0.0008473,0.4576036,0.341,0.0993,0.0001,0.000847,0.00363
9210,4.084e-05,4.084e-06,9.872e-11,1.8318399999999997e-09,1.9599999999999997e-12,2.4336000000000005e-12,1.88356e-11,0.0008853,0.4576036,0.31,0.0992,0.0001,0.000885,0.00418
9220,4.114e-05,4.114e-06,3.258e-10,8.0656e-10,1.9881e-12,2.4336000000000005e-12,1.87489e-11,0.0005368,0.4576036,0.73,0.0991,0.0001,0.000537,0.0023
9230,4.096e-05,4.096e-06,7.497e-10,1.089e-09,1.9321000000000002e-12,2.4025e-12,1.87489e-11,0.000421,0.4576036,0.971,0.0991,0.0001,0.000421,0.00181
9240,4.102e-05,4.102e-06,7.064e-10,2.0976400000000002e-09,1.9599999999999997e-12,2.4649e-12,1.87489e-11,0.0004228,0.4576036,0.97,0.099,0.0001,0.000423,0.00193
9250,4.06e-05,4.06e-06,3.683e-10,1.5760900000000003e-09,1.9321000000000002e-12,2.4025e-12,1.88356e-11,0.001147,0.4576036,0.232,0.0989,0.0001,0.00115,0.00472
9260,4.102e-05,4.102e-06,2.226e-10,1.3616100000000002e-09,1.9599999999999997e-12,2.4336000000000005e-12,1.87489e-11,0.0003267,0.4576036,0.969,0.0989,0.0001,0.000327,0.00152
9270,4.084e-05,4.084e-06,3.356e-10,6.553599999999999e-10,1.9321000000000002e-12,2.4025e-12,1.88356e-11,0.00036,0.4576036,0.969,0.0988,0.0001,0.00036,0.00141
9280,4.064e-05,4.0639999999999995e-06,6.594e-10,2.26576e-09,1.9599999999999997e-12,2.4336000000000005e-12,1.87489e-11,0.001778,0.4576036,0.108,0.0987,0.0001,0.00178,0.00754
9290,4.038e-05,4.038e-06,6.109e-10,7.0756e-10,1.9599999999999997e-12,2.4336000000000005e-12,1.87489e-11,0.001039,0.4576036,0.191,0.0987,0.0001,0.00104,0.00456
9300,4.085e-05,4.085e-06,4.015e-10,7.29e-10,1.9321000000000002e-12,2.4336000000000005e-12,1.8662400000000003e-11,0.0004612,0.4576036,0.879,0.0986,0.0001,0.000461,0.00212
9310,4.085e-05,4.085e-06,5.616e-10,1.936e-09,1.9321000000000002e-12,2.4336000000000005e-12,1.87489e-11,0.0005615,0.4576036,0.966,0.0986,0.0001,0.000562,0.0023
9320,4.091e-05,4.091e-06,8.536e-10,1.7808400000000002e-09,1.9321000000000002e-12,2.4336000000000005e-12,1.87489e-11,0.00244,0.4576036,0.0503,0.0985,0.0001,0.00244,0.00997
9330,4.045e-05,4.045e-06,5.065e-10,8.0656e-10,1.9881e-12,2.4649e-12,1.8662400000000003e-11,0.0005369,0.4576036,0.599,0.0984,0.0001,0.000537,0.00245
9340,4.07e-05,4.07e-06,3.254e-10,1.5054400000000001e-09,1.9321000000000002e-12,2.4336000000000005e-12,1.8662400000000003e-11,0.0006923,0.4576036,0.599,0.0984,0.0001,0.000692,0.00284
9350,4.025e-05,4.0250000000000004e-06,1.347e-10,2.2089999999999997e-09,1.9321000000000002e-12,2.4336000000000005e-12,1.87489e-11,0.001194,0.4576036,0.21,0.0983,0.0001,0.00119,0.00522
9360,4.069e-05,4.0689999999999995e-06,3.437e-10,9.424900000000001e-10,1.9044e-12,2.4025e-12,1.88356e-11,0.0006514,0.4576036,0.598,0.0983,0.0001,0.000651,0.00267
9370,4.091e-05,4.091e-06,2.731e-10,2.0520900000000005e-09,1.9044e-12,2.4336000000000005e-12,1.87489e-11,0.0005343,0.4576036,0.962,0.0982,0.0001,0.000534,0.00232
9380,4.015e-05,4.015e-06,1.193e-10,1.8490000000000001e-09,1.9321000000000002e-12,2.4336000000000005e-12,1.8662400000000003e-11,0.001264,0.4576036,0.19,0.0981,0.0001,0.00126,0.00519
9390,4.02e-05,4.0200000000000005e-06,1.449e-10,1.90969e-09,1.9599999999999997e-12,2.4649e-12,1.87489e-11,0.001443,0.4576036,0.13,0.0981,0.0001,0.00144,0.00629
9400,4.024e-05,4.024e-06,6.163e-10,6.200099999999999e-10,1.9321000000000002e-12,2.4336000000000005e-12,1.87489e-11,0.000147,0.4576036,0.961,0.098,0.0001,0.000147,0.000869
9410,4.02e-05,4.0200000000000005e-06,6.741e-10,1.1628100000000002e-09,1.9321000000000002e-12,2.4336000000000005e-12,1.87489e-11,0.000295,0.4576036,0.96,0.0979,0.0001,0.000295,0.00159
9420,4.007e-05,4.007e-06,1.945e-10,9.120399999999999e-10,1.9321000000000002e-12,2.4649e-12,1.88356e-11,0.001226,0.4576036,0.13,0.0979,0.0001,0.00123,0.00541
9430,4.033e-05,4.033e-06,1.03e-09,1.4440000000000002e-09,1.9599999999999997e-12,2.4649e-12,1.8662400000000003e-11,0.0003537,0.4576036,0.959,0.0978,0.0001,0.000354,0.00175
9440,3.994e-05,3.994e-06,2.264e-10,5.9536e-10,1.9599999999999997e-12,2.4649e-12,1.87489e-11,0.0007257,0.4576036,0.305,0.0978,0.0001,0.000726,0.00324
9450,3.998e-05,3.998e-06,2.052e-10,1.8062500000000003e-09,1.9599999999999997e-12,2.4649e-12,1.88356e-11,0.0008559,0.4576036,0.336,0.0977,0.0001,0.000856,0.00362
9460,3.987e-05,3.987e-06,7.342e-10,1.3032100000000003e-09,1.9044e-12,2.4336000000000005e-12,1.88356e-11,0.0004804,0.4576036,0.957,0.0976,0.0001,0.00048,0.00197
9470,4.051e-05,4.051e-06,1.124e-09,1.43641e-09,1.9044e-12,2.4336000000000005e-12,1.87489e-11,0.0005606,0.4576036,0.869,0.0976,0.0001,0.000561,0.00238
9480,3.996e-05,3.9959999999999995e-06,3.499e-10,1.54449e-09,1.9044e-12,2.4336000000000005e-12,1.88356e-11,0.0008727,0.4576036,0.335,0.0975,0.0001,0.000873,0.00361
9490,3.992e-05,3.992e-06,3.425e-10,2.78784e-09,1.9599999999999997e-12,2.4649e-12,1.87489e-11,0.001848,0.4576036,0.097,0.0975,0.0001,0.00185,0.00797
9500,3.986e-05,3.9860000000000005e-06,1.205e-10,8.4681e-10,1.9044e-12,2.4649e-12,1.87489e-11,0.0006401,0.4576036,0.405,0.0974,0.0001,0.00064,0.00306
9510,3.982e-05,3.982e-06,5.716e-10,6.553599999999999e-10,1.9044e-12,2.4336000000000005e-12,1.87489e-11,0.001473,0.4576036,0.117,0.0973,0.0001,0.00147,0.00601
9520,4.029e-05,4.029e-06,5.335e-10,1.0048899999999998e-09,1.9044e-12,2.4649e-12,1.87489e-11,0.0004457,0.4576036,0.953,0.0973,0.0001,0.000446,0.00198
9530,4.008e-05,4.008e-06,2.78e-10,1.6321599999999999e-09,1.9044e-12,2.4336000000000005e-12,1.8662400000000003e-11,0.0006338,0.4576036,0.716,0.0972,0.0001,0.000634,0.00264
9540,3.979e-05,3.9789999999999995e-06,2.623e-10,2.46016e-09,1.9044e-12,2.4649e-12,1.8662400000000003e-11,0.0007233,0.4576036,0.489,0.0972,0.0001,0.000723,0.00332
9550,3.965e-05,3.965e-06,5.075e-10,2.26576e-09,1.9044e-12,2.4649e-12,1.8662400000000003e-11,0.0004382,0.4576036,0.952,0.0971,0.0001,0.000438,0.00147
9560,3.952e-05,3.9520000000000004e-06,5.306e-10,1.33956e-09,1.9044e-12,2.4649e-12,1.87489e-11,0.00119,0.4576036,0.188,0.097,0.0001,0.00119,0.00492
9570,3.951e-05,3.951e-06,1.445e-10,1.024e-09,1.9044e-12,2.4649e-12,1.88356e-11,0.0007494,0.4576036,0.333,0.097,0.0001,0.000749,0.00326
9580,3.949e-05,3.949000000000001e-06,1.485e-10,1.9802499999999996e-09,1.9044e-12,2.4336000000000005e-12,1.87489e-11,0.001582,0.4576036,0.128,0.0969,0.0001,0.00158,0.00622
9590,3.994e-05,3.994e-06,3.299e-10,1.25316e-09,1.9044e-12,2.4649e-12,1.8576100000000003e-11,0.0005135,0.4576036,0.785,0.0969,0.0001,0.000514,0.00232
9600,3.997e-05,3.997e-06,3.062e-10,7.9524e-10,1.9599999999999997e-12,2.4649e-12,1.8662400000000003e-11,0.0003995,0.4576036,0.949,0.0968,9.9e-05,0.0004,0.00201
9610,3.939e-05,3.939e-06,2.185e-10,6.812100000000001e-10,1.9321000000000002e-12,2.4649e-12,1.8662400000000003e-11,0.0009749,0.4576036,0.206,0.0967,0.0001,0.000975,0.00419
9620,3.935e-05,3.9350000000000004e-06,2.101e-10,1.54449e-09,1.8769000000000002e-12,2.4649e-12,1.87489e-11,0.0009511,0.4576036,0.274,0.0967,0.0001,0.000951,0.00406
9630,4.002e-05,4.002e-06,3.519e-10,1.8062500000000003e-09,1.8769000000000002e-12,2.4336000000000005e-12,1.87489e-11,0.0005415,0.4576036,0.947,0.0966,9.9e-05,0.000541,0.00221
9640,3.926e-05,3.926e-06,3.327e-10,9.180900000000001e-10,1.9321000000000002e-12,2.4649e-12,1.8662400000000003e-11,8.735e-05,0.4576036,0.946,0.0966,9.9e-05,8.73e-05,0.000607
9650,3.923e-05,3.923e-06,5.314e-11,6.3001e-10,1.9044e-12,2.4649e-12,1.87489e-11,0.0009165,0.4576036,0.206,0.0965,0.0001,0.000917,0.00405
9660,3.916e-05,3.9159999999999994e-06,3.252e-10,1.47456e-09,1.9044e-12,2.4649e-12,1.87489e-11,0.0002051,0.4576036,0.945,0.0964,9.9e-05,0.000205,0.00115
9670,3.953e-05,3.953e-06,4.889e-10,5.4756e-10,1.9044e-12,2.4649e-12,1.87489e-11,0.0003775,0.4576036,0.945,0.0964,9.9e-05,0.000378,0.00154
9680,3.926e-05,3.926e-06,9.163e-11,6.200099999999999e-10,1.9044e-12,2.4649e-12,1.87489e-11,0.00146,0.4576036,0.0792,0.0963,0.0001,0.00146,0.00636
9690,3.908e-05,3.908e-06,2.398e-10,1.13569e-09,1.9599999999999997e-12,2.4649e-12,1.88356e-11,0.001034,0.4576036,0.226,0.0963,0.0001,0.00103,0.0045
9700,3.927e-05,3.927e-06,7.786e-10,2.32324e-09,1.9881e-12,2.4963999999999997e-12,1.8576100000000003e-11,0.0003717,0.4576036,0.943,0.0962,9.9e-05,0.000372,0.00156
9710,3.932e-05,3.932000000000001e-06,6.07e-10,1.296e-09,1.8769000000000002e-12,2.4649e-12,1.8662400000000003e-11,0.0003798,0.4576036,0.942,0.0962,9.9e-05,0.00038,0.0016
9720,3.893e-05,3.893e-06,2.752e-10,1.13569e-09,1.8769000000000002e-12,2.4649e-12,1.88356e-11,0.001144,0.4576036,0.169,0.0961,0.0001,0.00114,0.00478
9730,3.894e-05,3.894e-06,2.581e-10,1.2040900000000001e-09,1.9044e-12,2.4649e-12,1.8662400000000003e-11,0.0007773,0.4576036,0.363,0.096,9.9e-05,0.000777,0.00324
9740,3.889e-05,3.889e-06,1.903e-10,1.1022400000000001e-09,1.8769000000000002e-12,2.4649e-12,1.87489e-11,0.0009778,0.4576036,0.248,0.096,0.0001,0.000978,0.00431
9750,3.955e-05,3.955e-06,5.201e-10,3.68449e-09,1.8769000000000002e-12,2.4649e-12,1.8662400000000003e-11,0.0004542,0.4576036,0.94,0.0959,9.9e-05,0.000454,0.00188
9760,3.886e-05,3.886e-06,2.117e-10,1.3616100000000002e-09,1.9044e-12,2.4649e-12,1.8662400000000003e-11,0.00157,0.4576036,0.127,0.0959,0.0001,0.00157,0.00627
9770,3.921e-05,3.921e-06,3.243e-10,1.04329e-09,1.8769000000000002e-12,2.4649e-12,1.8662400000000003e-11,0.0004984,0.4576036,0.939,0.0958,9.9e-05,0.000498,0.00192
9780,3.903e-05,3.903e-06,1.079e-10,2.1068099999999997e-09,1.8769000000000002e-12,2.4649e-12,1.87489e-11,0.0005384,0.4576036,0.705,0.0958,9.9e-05,0.000538,0.00274
9790,3.881e-05,3.881000000000001e-06,2.229e-10,6.451600000000001e-10,1.8769000000000002e-12,2.4649e-12,1.8662400000000003e-11,0.00139,0.4576036,0.115,0.0957,9.9e-05,0.00139,0.00553
9800,3.868e-05,3.868e-06,1.522e-10,2.22784e-09,1.8769000000000002e-12,2.4649e-12,1.87489e-11,0.0009833,0.4576036,0.247,0.0956,9.9e-05,0.000983,0.00467
9810,3.888e-05,3.888e-06,2.774e-10,1.5760900000000003e-09,1.8769000000000002e-12,2.4963999999999997e-12,1.8662400000000003e-11,0.0007,0.4576036,0.437,0.0956,9.9e-05,0.0007,0.00331
9820,3.861e-05,3.861e-06,6.647e-11,5.6644e-10,1.9044e-12,2.4649e-12,1.88356e-11,0.0008339,0.4576036,0.224,0.0955,9.9e-05,0.000834,0.00366
9830,3.857e-05,3.857e-06,4.942e-10,2.26576e-09,1.9044e-12,2.4649e-12,1.8662400000000003e-11,0.0001351,0.4576036,0.936,0.0955,9.9e-05,0.000135,0.000928
9840,3.877e-05,3.877e-06,6.297e-10,1.3616100000000002e-09,1.8495999999999997e-12,2.4649e-12,1.87489e-11,0.0007575,0.4576036,0.436,0.0954,9.9e-05,0.000757,0.00319
9850,3.875e-05,3.875e-06,3.488e-10,9e-10,1.9044e-12,2.4649e-12,1.8662400000000003e-11,0.001929,0.4576036,0.0648,0.0953,0.0001,0.00193,0.00805
9860,3.907e-05,3.907e-06,5.279e-10,8.4681e-10,1.8769000000000002e-12,2.4649e-12,1.8662400000000003e-11,0.0004948,0.4576036,0.934,0.0953,9.9e-05,0.000495,0.00208
9870,3.848e-05,3.847999999999999e-06,2.209e-10,8.7025e-10,1.8769000000000002e-12,2.4649e-12,1.8662400000000003e-11,0.0001155,0.4576036,0.933,0.0952,9.8e-05,0.000116,0.000871
9880,3.848e-05,3.847999999999999e-06,2.562e-10,5.5696e-10,1.8769000000000002e-12,2.4649e-12,1.87489e-11,0.0003254,0.4576036,0.933,0.0952,9.9e-05,0.000325,0.0015
9890,3.845e-05,3.845e-06,1.632e-10,1.0497600000000001e-09,1.8769000000000002e-12,2.4963999999999997e-12,1.87489e-11,0.001154,0.4576036,0.168,0.0951,9.9e-05,0.00115,0.00506
9900,3.838e-05,3.838e-06,4.399e-10,1.31769e-09,1.8769000000000002e-12,2.4963999999999997e-12,1.87489e-11,0.0009303,0.4576036,0.27,0.0951,9.9e-05,0.00093,0.004
9910,3.862e-05,3.862e-06,5.005e-10,1.4440000000000002e-09,1.8769000000000002e-12,2.4649e-12,1.8662400000000003e-11,0.0002296,0.4576036,0.931,0.095,9.8e-05,0.00023,0.00118
9920,3.856e-05,3.856e-06,6.852e-10,1.6402500000000002e-09,1.8769000000000002e-12,2.4649e-12,1.87489e-11,0.0002529,0.4576036,0.931,0.095,9.8e-05,0.000253,0.00151
9930,3.833e-05,3.833e-06,4.528e-10,1.89225e-09,1.9044e-12,2.4963999999999997e-12,1.8662400000000003e-11,0.001363,0.4576036,0.167,0.0949,9.9e-05,0.00136,0.00568
9940,3.84e-05,3.84e-06,6.336e-10,4.3264e-10,1.9599999999999997e-12,2.4963999999999997e-12,1.8576100000000003e-11,0.001241,0.4576036,0.104,0.0948,9.9e-05,0.00124,0.00557
9950,3.842e-05,3.842e-06,2.713e-10,2.06116e-09,1.9044e-12,2.4963999999999997e-12,1.8662400000000003e-11,0.0008236,0.4576036,0.477,0.0948,9.8e-05,0.000824,0.00347
9960,3.817e-05,3.817e-06,2.912e-10,5.6644e-10,1.9044e-12,2.4963999999999997e-12,1.8662400000000003e-11,0.0009711,0.4576036,0.202,0.0947,9.9e-05,0.000971,0.00419
9970,3.838e-05,3.838e-06,3.244e-10,8.8209e-10,1.8769000000000002e-12,2.4963999999999997e-12,1.8662400000000003e-11,0.001812,0.4576036,0.0708,0.0947,0.0001,0.00181,0.00748
9980,3.851e-05,3.851e-06,2.363e-10,7.3984e-10,1.8495999999999997e-12,2.4963999999999997e-12,1.8662400000000003e-11,0.0003499,0.4576036,0.927,0.0946,9.8e-05,0.00035,0.00168
9990,3.814e-05,3.814e-06,1.422e-10,1.4137599999999999e-09,1.8769000000000002e-12,2.4963999999999997e-12,1.8490000000000002e-11,0.0008815,0.4576036,0.295,0.0946,9.8e-05,0.000882,0.00382
10000,3.812e-05,3.812e-06,1.89e-10,1.5602499999999999e-09,1.9044e-12,2.4963999999999997e-12,1.87489e-11,0.001397,0.4576036,0.138,0.0945,9.9e-05,0.0014,0.00589
