iter,obj_mse_weighted,obj_mse,feas_mse,pde_con_mse,bcv_mse,bcd_mse,ic_mse,station,tau,alpha,beta,kkt_res,d_inf,d_l2
10,0.2693,0.02693,0.2442,0.27457600000000004,0.096721,0.192721,0.239121,5.095,0.4538431,0.00744,0.971,0.45,5.1,28.3
20,0.1943,0.01943,0.1776,0.19980900000000001,0.08643599999999999,0.13322499999999998,0.17892899999999998,5.924,0.4538431,0.0141,0.944,0.24,5.92,18.8
30,0.1539,0.015390000000000001,0.1404,0.156816,0.07562500000000001,0.096721,0.139129,5.454,0.4538431,0.0103,0.92,0.22,5.45,20.1
40,0.1246,0.01246,0.1131,0.128164,0.063504,0.07562500000000001,0.109561,4.378,0.4538431,0.0122,0.896,0.21,4.38,17.8
50,0.09943,0.009943,0.09012,0.099856,0.051529000000000005,0.059049,0.088804,5.517,0.4538431,0.00892,0.875,0.26,5.52,19.4
60,0.08868,0.008868,0.07879,0.088209,0.042849,0.049729,0.07617600000000001,4.097,0.4538431,0.00792,0.854,0.21,4.1,19.3
70,0.06854,0.006854000000000001,0.05387,0.064009,0.030624999999999996,0.035344,0.059049,2.323,0.4538431,0.0356,0.835,0.074,2.32,8.31
80,0.07124,0.007124,0.03193,0.036481,0.015625,0.016384,0.034225,1.77,0.4538431,0.0179,0.817,0.093,1.77,10.2
90,0.08272,0.008272,0.02508,0.029241000000000003,0.011663999999999999,0.011024999999999998,0.024336,2.014,0.4538431,0.0159,0.8,0.078,2.01,10.2
100,0.1043,0.01043,0.01504,0.018769000000000004,0.006691239999999999,0.00614656,0.013923999999999999,0.733,0.4538431,0.0651,0.784,0.034,0.733,4.34
110,0.1391,0.01391,0.0003,0.00058081,1.4668900000000001e-05,0.00011448999999999998,0.00038416,0.124,0.4538431,0.22,0.769,0.0061,0.124,0.815
120,0.1061,0.01061,3.299e-05,5.01264e-05,9.54529e-07,1.1492099999999998e-05,1.10224e-05,0.1059,0.4538431,0.111,0.754,0.0051,0.106,0.558
130,0.08373,0.008373,1.406e-05,2.1252100000000003e-05,1.89225e-07,3.2761e-06,1.8225000000000001e-06,0.1044,0.4538431,0.0744,0.74,0.0046,0.104,0.496
140,0.07004,0.007004000000000001,6.52e-06,9.8596e-06,5.9536e-08,1.1236e-06,5.476e-07,0.116,0.4538431,0.0499,0.727,0.0044,0.116,0.472
150,0.06103,0.006103,3.44e-06,5.198399999999999e-06,2.8224e-08,5.05521e-07,2.4403599999999995e-07,0.1364,0.4538431,0.0368,0.715,0.0042,0.136,0.471
160,0.05473,0.0054730000000000004,1.709e-06,2.5921e-06,1.7161000000000004e-08,2.6010000000000006e-07,1.3322499999999998e-07,0.1113,0.4538431,0.0299,0.703,0.004,0.111,0.433
170,0.05005,0.005005,9.007e-07,1.3456e-06,1.2321e-08,1.5523599999999997e-07,8.236899999999999e-08,0.1055,0.4538431,0.0243,0.691,0.0038,0.105,0.417
180,0.0463,0.0046300000000000004,5.676e-07,8.262809999999999e-07,9.33156e-09,1.04329e-07,5.7600000000000006e-08,0.113,0.4538431,0.0198,0.68,0.0038,0.113,0.416
190,0.04311,0.004311000000000001,4.007e-07,5.791209999999999e-07,7.344489999999999e-09,7.617599999999999e-08,4.3681000000000006e-08,0.1209,0.4538431,0.0177,0.67,0.0037,0.121,0.418
200,0.04032,0.004032,3.037e-07,4.3428099999999997e-07,5.9290000000000005e-09,5.8564e-08,3.5343999999999995e-08,0.1267,0.4538431,0.0144,0.66,0.0037,0.127,0.42
210,0.03784,0.003784,2.426e-07,3.4456899999999994e-07,4.914009999999999e-09,4.6656e-08,3.0276e-08,0.1293,0.4538431,0.0129,0.65,0.0036,0.129,0.42
220,0.03563,0.003563,2.027e-07,2.8729600000000003e-07,4.147359999999999e-09,3.8025e-08,2.6569e-08,0.1285,0.4538431,0.0116,0.641,0.0036,0.128,0.418
230,0.03364,0.0033640000000000002,1.766e-07,2.49001e-07,3.5760399999999996e-09,3.2040999999999996e-08,2.4025e-08,0.1239,0.4538431,0.0114,0.632,0.0036,0.124,0.414
240,0.03178,0.0031780000000000003,1.601e-07,2.2467599999999997e-07,3.11364e-09,2.7225e-08,2.1904e-08,0.1142,0.4538431,0.0102,0.623,0.0035,0.114,0.405
250,0.03019,0.003019,1.497e-07,2.0976400000000002e-07,2.7667599999999997e-09,2.3409e-08,2.0449000000000003e-08,0.09979,0.4538431,0.0101,0.615,0.0034,0.0998,0.39
260,0.0287,0.00287,1.43e-07,2.00704e-07,2.46016e-09,2.0449000000000003e-08,1.9043999999999998e-08,0.08037,0.4538431,0.011,0.607,0.0034,0.0804,0.367
270,0.02739,0.002739,1.369e-07,1.92721e-07,2.19024e-09,1.7424e-08,1.7689e-08,0.06346,0.4538431,0.0108,0.599,0.0033,0.0635,0.337
280,0.02625,0.0026249999999999997,1.294e-07,1.8232900000000002e-07,1.936e-09,1.4641e-08,1.6384e-08,0.05343,0.4538431,0.0118,0.591,0.0032,0.0534,0.308
290,0.02529,0.002529,1.199e-07,1.69744e-07,1.72225e-09,1.2321e-08,1.5376e-08,0.05168,0.4538431,0.0128,0.584,0.0031,0.0517,0.283
300,0.02442,0.002442,1.099e-07,1.56025e-07,1.5366399999999998e-09,1e-08,1.4161000000000002e-08,0.04972,0.4538431,0.0126,0.577,0.003,0.0497,0.264
310,0.02367,0.002367,9.966e-08,1.4137599999999998e-07,1.3838400000000003e-09,8.190250000000001e-09,1.3456e-08,0.04744,0.4538431,0.0125,0.57,0.003,0.0474,0.25
320,0.023,0.0023,8.988e-08,1.27449e-07,1.2673599999999999e-09,6.62596e-09,1.2768999999999998e-08,0.04511,0.4538431,0.0123,0.564,0.0029,0.0451,0.239
330,0.0224,0.00224,8.094e-08,1.14921e-07,1.17649e-09,5.372890000000001e-09,1.21e-08,0.04292,0.4538431,0.0111,0.557,0.0029,0.0429,0.231
340,0.02188,0.002188,7.294e-08,1.03041e-07,1.1155599999999998e-09,4.42225e-09,1.1664e-08,0.04105,0.4538431,0.011,0.551,0.0029,0.0411,0.225
350,0.0214,0.00214,6.591e-08,9.302499999999999e-08,1.0692900000000001e-09,3.6481599999999995e-09,1.1025000000000001e-08,0.04029,0.4538431,0.0108,0.545,0.0029,0.0403,0.219
360,0.02095,0.002095,5.979e-08,8.41e-08,1.03041e-09,3.01401e-09,1.0815999999999999e-08,0.03988,0.4538431,0.00974,0.539,0.0028,0.0399,0.215
370,0.02055,0.002055,5.447e-08,7.672900000000001e-08,9.985600000000001e-10,2.54016e-09,1.0404e-08,0.03959,0.4538431,0.00964,0.533,0.0028,0.0396,0.211
380,0.02016,0.002016,4.983e-08,7.0225e-08,9.796900000000002e-10,2.14369e-09,1.0201e-08,0.03937,0.4538431,0.00954,0.528,0.0028,0.0394,0.208
390,0.01981,0.001981,4.58e-08,6.400900000000001e-08,9.61e-10,1.8318399999999997e-09,9.84064e-09,0.03921,0.4538431,0.00858,0.523,0.0028,0.0392,0.205
400,0.01949,0.001949,4.228e-08,5.9049e-08,9.486400000000001e-10,1.5840399999999998e-09,9.604e-09,0.03912,0.4538431,0.0085,0.517,0.0028,0.0391,0.203
410,0.01917,0.0019169999999999999,3.918e-08,5.4756e-08,9.363599999999999e-10,1.37641e-09,9.37024e-09,0.03908,0.4538431,0.00841,0.512,0.0028,0.0391,0.201
420,0.01888,0.0018880000000000001,3.647e-08,5.0625e-08,9.2416e-10,1.2040900000000001e-09,9.177639999999999e-09,0.03908,0.4538431,0.00757,0.507,0.0028,0.0391,0.199
430,0.0186,0.0018599999999999999,3.406e-08,4.7524e-08,9.180900000000001e-10,1.0692900000000001e-09,9.006010000000001e-09,0.03912,0.4538431,0.0075,0.502,0.0027,0.0391,0.197
440,0.01833,0.001833,3.192e-08,4.4100000000000004e-08,9.0601e-10,9.5481e-10,8.835999999999999e-09,0.03919,0.4538431,0.00743,0.498,0.0027,0.0392,0.196
450,0.01809,0.0018089999999999998,3.002e-08,4.1616e-08,9e-10,8.5849e-10,8.686240000000001e-09,0.03929,0.4538431,0.00669,0.493,0.0027,0.0393,0.195
460,0.01785,0.0017850000000000001,2.832e-08,3.9204e-08,8.940099999999999e-10,7.7841e-10,8.53776e-09,0.03942,0.4538431,0.00663,0.489,0.0027,0.0394,0.194
470,0.01761,0.001761,2.679e-08,3.6864000000000005e-08,8.940099999999999e-10,7.0756e-10,8.40889e-09,0.03957,0.4538431,0.00657,0.484,0.0027,0.0396,0.194
480,0.01738,0.001738,2.541e-08,3.4968999999999994e-08,8.8804e-10,6.451600000000001e-10,8.281e-09,0.03974,0.4538431,0.00592,0.48,0.0027,0.0397,0.193
490,0.01717,0.0017170000000000002,2.417e-08,3.3124e-08,8.8209e-10,6.0025e-10,8.17216e-09,0.03992,0.4538431,0.00587,0.476,0.0027,0.0399,0.193
500,0.01696,0.001696,2.305e-08,3.1328999999999996e-08,8.761600000000001e-10,5.5696e-10,8.06404e-09,0.04011,0.4538431,0.00582,0.472,0.0027,0.0401,0.193
510,0.01676,0.001676,2.202e-08,2.9929e-08,8.761600000000001e-10,5.198399999999999e-10,7.97449e-09,0.04032,0.4538431,0.00577,0.468,0.0027,0.0403,0.193
520,0.01655,0.0016549999999999998,2.109e-08,2.8560999999999997e-08,8.7025e-10,4.84e-10,7.88544e-09,0.04053,0.4538431,0.0052,0.464,0.0027,0.0405,0.193
530,0.01637,0.001637,2.024e-08,2.7556e-08,8.7025e-10,4.5795999999999994e-10,7.796890000000002e-09,0.04073,0.4538431,0.00516,0.46,0.0027,0.0407,0.194
540,0.01618,0.001618,1.947e-08,2.6244000000000003e-08,8.6436e-10,4.3264e-10,7.726409999999999e-09,0.04093,0.4538431,0.00512,0.456,0.0027,0.0409,0.194
550,0.01599,0.0015990000000000002,1.876e-08,2.5280999999999997e-08,8.6436e-10,4.1208999999999997e-10,7.63876e-09,0.04112,0.4538431,0.00508,0.452,0.0027,0.0411,0.195
560,0.0158,0.0015800000000000002,1.81e-08,2.4336e-08,8.5849e-10,3.9204e-10,7.569e-09,0.04131,0.4538431,0.00504,0.449,0.0027,0.0413,0.196
570,0.01562,0.001562,1.751e-08,2.3716000000000002e-08,8.5849e-10,3.7636000000000003e-10,7.499560000000001e-09,0.04147,0.4538431,0.00454,0.445,0.0027,0.0415,0.196
580,0.01545,0.001545,1.696e-08,2.2801000000000003e-08,8.526400000000001e-10,3.6100000000000005e-10,7.4476899999999995e-09,0.04159,0.4538431,0.00451,0.442,0.0027,0.0416,0.197
590,0.01527,0.0015270000000000001,1.645e-08,2.2200999999999998e-08,8.526400000000001e-10,3.4969e-10,7.3960000000000005e-09,0.04169,0.4538431,0.00447,0.439,0.0027,0.0417,0.199
600,0.0151,0.00151,1.599e-08,2.1316e-08,8.526400000000001e-10,3.3489e-10,7.327359999999999e-09,0.04175,0.4538431,0.00444,0.435,0.0027,0.0418,0.2
610,0.01492,0.0014919999999999998,1.556e-08,2.0736e-08,8.4681e-10,3.24e-10,7.27609e-09,0.04176,0.4538431,0.00441,0.432,0.0027,0.0418,0.201
620,0.01475,0.001475,1.517e-08,2.0164e-08,8.4681e-10,3.1683999999999996e-10,7.225000000000001e-09,0.0417,0.4538431,0.00398,0.429,0.0027,0.0417,0.203
630,0.01459,0.001459,1.481e-08,1.9599999999999997e-08,8.4681e-10,3.0976e-10,7.19104e-09,0.04159,0.4538431,0.00395,0.426,0.0027,0.0416,0.204
640,0.01442,0.0014420000000000001,1.448e-08,1.9320999999999998e-08,8.41e-10,2.9929e-10,7.140249999999999e-09,0.04139,0.4538431,0.00392,0.423,0.0027,0.0414,0.206
650,0.01425,0.001425,1.418e-08,1.8768999999999998e-08,8.41e-10,2.9241e-10,7.106490000000001e-09,0.04111,0.4538431,0.00389,0.42,0.0027,0.0411,0.207
660,0.01408,0.001408,1.39e-08,1.8496e-08,8.41e-10,2.89e-10,7.056e-09,0.04073,0.4538431,0.00386,0.417,0.0027,0.0407,0.209
670,0.01391,0.001391,1.365e-08,1.7956000000000002e-08,8.352100000000001e-10,2.8223999999999995e-10,7.02244e-09,0.04022,0.4538431,0.00384,0.414,0.0027,0.0402,0.211
680,0.01375,0.001375,1.342e-08,1.7689e-08,8.352100000000001e-10,2.7888999999999995e-10,6.98896e-09,0.03963,0.4538431,0.00347,0.411,0.0027,0.0396,0.212
690,0.01359,0.001359,1.32e-08,1.7424e-08,8.352100000000001e-10,2.7225e-10,6.955559999999999e-09,0.03894,0.4538431,0.00344,0.408,0.0027,0.0389,0.214
700,0.01343,0.001343,1.3e-08,1.7161000000000004e-08,8.352100000000001e-10,2.6895999999999997e-10,6.92224e-09,0.03811,0.4538431,0.00342,0.406,0.0027,0.0381,0.216
710,0.01326,0.001326,1.283e-08,1.6899999999999996e-08,8.294399999999999e-10,2.6569e-10,6.90561e-09,0.03784,0.4538431,0.0034,0.403,0.0027,0.0378,0.217
720,0.0131,0.00131,1.267e-08,1.6640999999999997e-08,8.294399999999999e-10,2.6244000000000003e-10,6.8724099999999994e-09,0.03834,0.4538431,0.00337,0.4,0.0027,0.0383,0.219
730,0.01293,0.001293,1.252e-08,1.6384e-08,8.294399999999999e-10,2.6244000000000003e-10,6.839290000000001e-09,0.03884,0.4538431,0.00335,0.398,0.0027,0.0388,0.22
740,0.01276,0.001276,1.239e-08,1.6384e-08,8.294399999999999e-10,2.592099999999999e-10,6.80625e-09,0.03933,0.4538431,0.00333,0.395,0.0027,0.0393,0.222
750,0.0126,0.00126,1.227e-08,1.6129e-08,8.2369e-10,2.56e-10,6.7897599999999995e-09,0.03981,0.4538431,0.00331,0.393,0.0027,0.0398,0.223
760,0.01244,0.0012439999999999999,1.214e-08,1.5876e-08,8.2369e-10,2.56e-10,6.756840000000001e-09,0.04024,0.4538431,0.00299,0.39,0.0027,0.0402,0.224
770,0.01229,0.001229,1.202e-08,1.5876e-08,8.2369e-10,2.5281000000000003e-10,6.74041e-09,0.04064,0.4538431,0.00297,0.388,0.0027,0.0406,0.225
780,0.01213,0.001213,1.191e-08,1.5625e-08,8.2369e-10,2.5281000000000003e-10,6.70761e-09,0.04102,0.4538431,0.00295,0.385,0.0027,0.041,0.226
790,0.01198,0.0011979999999999998,1.18e-08,1.5376e-08,8.1796e-10,2.5281000000000003e-10,6.69124e-09,0.04136,0.4538431,0.00294,0.383,0.0027,0.0414,0.226
800,0.01183,0.001183,1.169e-08,1.5376e-08,8.1796e-10,2.5281000000000003e-10,6.658560000000001e-09,0.04168,0.4538431,0.00292,0.381,0.0027,0.0417,0.226
810,0.01167,0.001167,1.159e-08,1.5129000000000003e-08,8.1796e-10,2.4964000000000003e-10,6.64225e-09,0.04195,0.4538431,0.0029,0.378,0.0027,0.0419,0.226
820,0.01152,0.001152,1.148e-08,1.5129000000000003e-08,8.122500000000001e-10,2.4964000000000003e-10,6.60969e-09,0.04218,0.4538431,0.00288,0.376,0.0027,0.0422,0.226
830,0.01137,0.001137,1.137e-08,1.4884e-08,8.122500000000001e-10,2.4964000000000003e-10,6.5934399999999995e-09,0.04237,0.4538431,0.00287,0.374,0.0027,0.0424,0.226
840,0.01123,0.001123,1.127e-08,1.4641e-08,8.122500000000001e-10,2.4964000000000003e-10,6.561000000000001e-09,0.04251,0.4538431,0.00285,0.372,0.0027,0.0425,0.225
850,0.01108,0.001108,1.115e-08,1.4641e-08,8.122500000000001e-10,2.4964000000000003e-10,6.54481e-09,0.0426,0.4538431,0.00283,0.37,0.0027,0.0426,0.224
860,0.01094,0.001094,1.104e-08,1.4400000000000002e-08,8.0656e-10,2.4964000000000003e-10,6.5286399999999995e-09,0.04265,0.4538431,0.00282,0.368,0.0027,0.0427,0.223
870,0.0108,0.00108,1.092e-08,1.4161000000000002e-08,8.0656e-10,2.5281000000000003e-10,6.496359999999999e-09,0.04266,0.4538431,0.0028,0.366,0.0027,0.0427,0.222
880,0.01066,0.0010659999999999999,1.08e-08,1.4161000000000002e-08,8.0656e-10,2.5281000000000003e-10,6.4641600000000006e-09,0.04262,0.4538431,0.00279,0.364,0.0027,0.0426,0.221
890,0.01052,0.001052,1.067e-08,1.3924e-08,8.0089e-10,2.5281000000000003e-10,6.44809e-09,0.04254,0.4538431,0.00277,0.362,0.0027,0.0425,0.219
900,0.01039,0.001039,1.054e-08,1.3689e-08,8.0089e-10,2.5281000000000003e-10,6.416009999999999e-09,0.04242,0.4538431,0.00276,0.36,0.0026,0.0424,0.218
910,0.01026,0.001026,1.041e-08,1.3456e-08,8.0089e-10,2.5281000000000003e-10,6.400000000000001e-09,0.04227,0.4538431,0.00274,0.358,0.0026,0.0423,0.216
920,0.01013,0.001013,1.028e-08,1.3225000000000001e-08,7.9524e-10,2.56e-10,6.36804e-09,0.04208,0.4538431,0.00273,0.356,0.0026,0.0421,0.214
930,0.01001,0.001001,1.014e-08,1.3225000000000001e-08,7.9524e-10,2.56e-10,6.35209e-09,0.04186,0.4538431,0.00271,0.354,0.0026,0.0419,0.212
940,0.009891,0.0009891000000000001,1e-08,1.2996000000000001e-08,7.896099999999999e-10,2.56e-10,6.320249999999999e-09,0.04162,0.4538431,0.0027,0.352,0.0026,0.0416,0.211
950,0.009773,0.0009773,9.866e-09,1.2768999999999998e-08,7.896099999999999e-10,2.56e-10,6.304360000000001e-09,0.04135,0.4538431,0.00268,0.35,0.0026,0.0413,0.209
960,0.009659,0.0009658999999999999,9.727e-09,1.2544e-08,7.896099999999999e-10,2.592099999999999e-10,6.27264e-09,0.04105,0.4538431,0.00267,0.348,0.0026,0.0411,0.207
970,0.009548,0.0009547999999999999,9.589e-09,1.2321e-08,7.84e-10,2.592099999999999e-10,6.25681e-09,0.04074,0.4538431,0.00266,0.347,0.0026,0.0407,0.205
980,0.00944,0.0009440000000000001,9.451e-09,1.21e-08,7.84e-10,2.592099999999999e-10,6.225209999999999e-09,0.04041,0.4538431,0.00264,0.345,0.0026,0.0404,0.203
990,0.009335,0.0009335,9.314e-09,1.1881e-08,7.7841e-10,2.6244000000000003e-10,6.19369e-09,0.04007,0.4538431,0.00263,0.343,0.0026,0.0401,0.201
1000,0.009233,0.0009232999999999999,9.179e-09,1.1881e-08,7.7841e-10,2.6244000000000003e-10,6.17796e-09,0.03971,0.4538431,0.00262,0.341,0.0026,0.0397,0.198
1010,0.009134,0.0009134,9.045e-09,1.1664e-08,7.728400000000001e-10,2.6244000000000003e-10,6.146559999999999e-09,0.03935,0.4538431,0.0026,0.34,0.0026,0.0393,0.196
1020,0.009037,0.0009037,8.913e-09,1.1449e-08,7.728400000000001e-10,2.6244000000000003e-10,6.130890000000001e-09,0.03897,0.4538431,0.00259,0.338,0.0026,0.039,0.195
1030,0.008943,0.0008943,8.784e-09,1.1236e-08,7.728400000000001e-10,2.6569e-10,6.09961e-09,0.03858,0.4538431,0.00258,0.336,0.0026,0.0386,0.193
1040,0.008852,0.0008852,8.658e-09,1.1025000000000001e-08,7.672899999999999e-10,2.6569e-10,6.084e-09,0.03819,0.4538431,0.00256,0.335,0.0026,0.0382,0.191
1050,0.008763,0.0008763,8.534e-09,1.0815999999999999e-08,7.672899999999999e-10,2.6569e-10,6.052839999999999e-09,0.03779,0.4538431,0.00255,0.333,0.0026,0.0378,0.189
1060,0.008677,0.0008677000000000001,8.412e-09,1.0815999999999999e-08,7.6176e-10,2.6569e-10,6.03729e-09,0.03739,0.4538431,0.00254,0.331,0.0026,0.0374,0.187
1070,0.008593,0.0008593,8.294e-09,1.0609e-08,7.6176e-10,2.6895999999999997e-10,6.00625e-09,0.03698,0.4538431,0.00253,0.33,0.0025,0.037,0.185
1080,0.008511,0.0008510999999999999,8.179e-09,1.0404e-08,7.5625e-10,2.6895999999999997e-10,5.990759999999999e-09,0.03657,0.4538431,0.00252,0.328,0.0025,0.0366,0.183
1090,0.008431,0.0008431,8.066e-09,1.0201e-08,7.5625e-10,2.6895999999999997e-10,5.9752899999999995e-09,0.03617,0.4538431,0.0025,0.327,0.0025,0.0362,0.181
1100,0.008354,0.0008354,7.957e-09,1e-08,7.507599999999999e-10,2.6895999999999997e-10,5.944410000000001e-09,0.03575,0.4538431,0.00249,0.325,0.0025,0.0358,0.18
1110,0.008278,0.0008278000000000001,7.851e-09,9.920159999999999e-09,7.4529e-10,2.6895999999999997e-10,5.9290000000000005e-09,0.03535,0.4538431,0.00248,0.324,0.0025,0.0353,0.178
1120,0.008205,0.0008205,7.747e-09,9.78121e-09,7.4529e-10,2.7225e-10,5.89824e-09,0.03494,0.4538431,0.00247,0.322,0.0025,0.0349,0.176
1130,0.008128,0.0008128,7.643e-09,9.643240000000001e-09,7.3984e-10,2.7225e-10,5.882889999999999e-09,0.03451,0.4538431,0.0027,0.321,0.0025,0.0345,0.174
1140,0.008052,0.0008052000000000001,7.539e-09,9.486759999999999e-09,7.3984e-10,2.7225e-10,5.85225e-09,0.03406,0.4538431,0.00269,0.319,0.0025,0.0341,0.173
1150,0.007977,0.0007976999999999999,7.438e-09,9.350890000000002e-09,7.344100000000001e-10,2.7225e-10,5.83696e-09,0.03362,0.4538431,0.00268,0.318,0.0025,0.0336,0.171
1160,0.007905,0.0007905000000000001,7.341e-09,9.216000000000001e-09,7.344100000000001e-10,2.7225e-10,5.80644e-09,0.03318,0.4538431,0.00267,0.317,0.0025,0.0332,0.169
1170,0.007834,0.0007834000000000001,7.247e-09,9.08209e-09,7.29e-10,2.7556000000000003e-10,5.791210000000001e-09,0.03275,0.4538431,0.00266,0.315,0.0025,0.0328,0.167
1180,0.007766,0.0007766,7.155e-09,8.94916e-09,7.2361e-10,2.7556000000000003e-10,5.776000000000001e-09,0.03233,0.4538431,0.00265,0.314,0.0025,0.0323,0.166
1190,0.007699,0.0007699,7.067e-09,8.835999999999999e-09,7.2361e-10,2.7556000000000003e-10,5.74564e-09,0.03191,0.4538431,0.00263,0.312,0.0025,0.0319,0.164
1200,0.007634,0.0007634,6.982e-09,8.72356e-09,7.182400000000001e-10,2.7556000000000003e-10,5.73049e-09,0.0315,0.4538431,0.00262,0.311,0.0025,0.0315,0.163
1210,0.00757,0.0007570000000000001,6.899e-09,8.593290000000001e-09,7.182400000000001e-10,2.7556000000000003e-10,5.700250000000001e-09,0.0311,0.4538431,0.00261,0.31,0.0025,0.0311,0.161
1220,0.007508,0.0007508,6.819e-09,8.482410000000001e-09,7.128899999999999e-10,2.7556000000000003e-10,5.685160000000001e-09,0.0307,0.4538431,0.0026,0.308,0.0025,0.0307,0.16
1230,0.007447,0.0007446999999999999,6.741e-09,8.37225e-09,7.0756e-10,2.7556000000000003e-10,5.67009e-09,0.03032,0.4538431,0.00259,0.307,0.0025,0.0303,0.159
1240,0.007388,0.0007388,6.667e-09,8.281e-09,7.0756e-10,2.7888999999999995e-10,5.6400099999999994e-09,0.02994,0.4538431,0.00258,0.306,0.0025,0.0299,0.157
1250,0.00733,0.0007329999999999999,6.594e-09,8.17216e-09,7.0225e-10,2.7888999999999995e-10,5.624999999999999e-09,0.02958,0.4538431,0.00257,0.305,0.0025,0.0296,0.156
1260,0.007274,0.0007274,6.524e-09,8.08201e-09,6.9696e-10,2.7888999999999995e-10,5.610010000000001e-09,0.02922,0.4538431,0.00256,0.303,0.0025,0.0292,0.155
1270,0.007219,0.0007218999999999999,6.457e-09,7.99236e-09,6.9696e-10,2.7888999999999995e-10,5.59504e-09,0.02888,0.4538431,0.00255,0.302,0.0025,0.0289,0.153
1280,0.007165,0.0007165,6.391e-09,7.90321e-09,6.916899999999999e-10,2.7888999999999995e-10,5.5651599999999994e-09,0.02854,0.4538431,0.00254,0.301,0.0024,0.0285,0.152
1290,0.007112,0.0007112,6.328e-09,7.81456e-09,6.8644e-10,2.7888999999999995e-10,5.5502499999999995e-09,0.02822,0.4538431,0.00253,0.3,0.0024,0.0282,0.151
1300,0.00706,0.000706,6.267e-09,7.726409999999999e-09,6.8644e-10,2.7888999999999995e-10,5.535360000000001e-09,0.02791,0.4538431,0.00252,0.299,0.0024,0.0279,0.15
1310,0.007009,0.0007009,6.208e-09,7.63876e-09,6.812100000000001e-10,2.7888999999999995e-10,5.520490000000001e-09,0.02761,0.4538431,0.00251,0.297,0.0024,0.0276,0.149
1320,0.006959,0.0006959,6.15e-09,7.569e-09,6.759999999999999e-10,2.7888999999999995e-10,5.50564e-09,0.02732,0.4538431,0.0025,0.296,0.0024,0.0273,0.148
1330,0.006911,0.0006910999999999999,6.095e-09,7.48225e-09,6.759999999999999e-10,2.8223999999999995e-10,5.49081e-09,0.02704,0.4538431,0.00249,0.295,0.0024,0.027,0.147
1340,0.006863,0.0006863,6.041e-09,7.413210000000001e-09,6.7081e-10,2.8223999999999995e-10,5.461209999999999e-09,0.02678,0.4538431,0.00248,0.294,0.0024,0.0268,0.146
1350,0.006815,0.0006815,5.99e-09,7.344489999999999e-09,6.6564e-10,2.8223999999999995e-10,5.446440000000001e-09,0.02653,0.4538431,0.00247,0.293,0.0024,0.0265,0.145
1360,0.006769,0.0006769,5.94e-09,7.27609e-09,6.6564e-10,2.8223999999999995e-10,5.431690000000001e-09,0.02629,0.4538431,0.00246,0.292,0.0024,0.0263,0.144
1370,0.006724,0.0006724,5.891e-09,7.208010000000001e-09,6.604900000000001e-10,2.8223999999999995e-10,5.41696e-09,0.02606,0.4538431,0.00245,0.29,0.0024,0.0261,0.144
1380,0.006679,0.0006679,5.844e-09,7.140249999999999e-09,6.553599999999999e-10,2.8223999999999995e-10,5.40225e-09,0.02585,0.4538431,0.00244,0.289,0.0024,0.0259,0.143
1390,0.006635,0.0006635,5.799e-09,7.08964e-09,6.553599999999999e-10,2.8223999999999995e-10,5.3875599999999995e-09,0.02565,0.4538431,0.00243,0.288,0.0024,0.0256,0.142
1400,0.006591,0.0006590999999999999,5.755e-09,7.02244e-09,6.5025e-10,2.8223999999999995e-10,5.372890000000001e-09,0.02546,0.4538431,0.00242,0.287,0.0024,0.0255,0.141
1410,0.006548,0.0006548,5.713e-09,6.97225e-09,6.451600000000001e-10,2.8223999999999995e-10,5.35824e-09,0.02528,0.4538431,0.00241,0.286,0.0024,0.0253,0.141
1420,0.006506,0.0006506,5.671e-09,6.90561e-09,6.451600000000001e-10,2.8223999999999995e-10,5.34361e-09,0.02512,0.4538431,0.0024,0.285,0.0024,0.0251,0.14
1430,0.006464,0.0006464,5.632e-09,6.855839999999999e-09,6.400899999999999e-10,2.8223999999999995e-10,5.329e-09,0.02497,0.4538431,0.00239,0.284,0.0024,0.025,0.14
1440,0.006423,0.0006422999999999999,5.593e-09,6.80625e-09,6.3504e-10,2.8561e-10,5.31441e-09,0.02483,0.4538431,0.00238,0.283,0.0024,0.0248,0.139
1450,0.006383,0.0006383,5.556e-09,6.756840000000001e-09,6.3504e-10,2.8561e-10,5.31441e-09,0.0247,0.4538431,0.00238,0.282,0.0024,0.0247,0.138
1460,0.006342,0.0006342,5.519e-09,6.70761e-09,6.3001e-10,2.8561e-10,5.299839999999999e-09,0.02458,0.4538431,0.00237,0.281,0.0024,0.0246,0.138
1470,0.006303,0.0006303,5.484e-09,6.658560000000001e-09,6.25e-10,2.8561e-10,5.2852900000000005e-09,0.02447,0.4538431,0.00236,0.28,0.0024,0.0245,0.137
1480,0.006264,0.0006263999999999999,5.45e-09,6.60969e-09,6.25e-10,2.8561e-10,5.27076e-09,0.02437,0.4538431,0.00235,0.279,0.0024,0.0244,0.137
1490,0.006225,0.0006225,5.417e-09,6.561000000000001e-09,6.200099999999999e-10,2.8561e-10,5.25625e-09,0.02428,0.4538431,0.00234,0.278,0.0024,0.0243,0.136
1500,0.006187,0.0006187,5.385e-09,6.51249e-09,6.1504e-10,2.8561e-10,5.2417599999999995e-09,0.0242,0.4538431,0.00233,0.277,0.0024,0.0242,0.136
1510,0.006149,0.0006149,5.354e-09,6.480250000000001e-09,6.1504e-10,2.8561e-10,5.227289999999999e-09,0.02413,0.4538431,0.00233,0.276,0.0024,0.0241,0.135
1520,0.006111,0.0006111000000000001,5.324e-09,6.43204e-09,6.1009e-10,2.8561e-10,5.227289999999999e-09,0.02407,0.4538431,0.00232,0.275,0.0024,0.0241,0.135
1530,0.006074,0.0006074,5.294e-09,6.400000000000001e-09,6.1009e-10,2.8561e-10,5.212840000000001e-09,0.02401,0.4538431,0.00231,0.274,0.0024,0.024,0.135
1540,0.006037,0.0006037,5.266e-09,6.35209e-09,6.051600000000001e-10,2.8561e-10,5.1984100000000005e-09,0.02396,0.4538431,0.0023,0.273,0.0024,0.024,0.134
1550,0.006001,0.0006001,5.238e-09,6.320249999999999e-09,6.0025e-10,2.8561e-10,5.184e-09,0.02392,0.4538431,0.00229,0.272,0.0024,0.0239,0.134
1560,0.005965,0.0005965,5.211e-09,6.2884900000000005e-09,6.0025e-10,2.89e-10,5.184e-09,0.02388,0.4538431,0.00229,0.271,0.0023,0.0239,0.133
1570,0.005929,0.0005929,5.185e-09,6.2409999999999994e-09,5.9536e-10,2.89e-10,5.16961e-09,0.02384,0.4538431,0.00228,0.27,0.0023,0.0238,0.133
1580,0.005894,0.0005894,5.159e-09,6.209440000000001e-09,5.904900000000001e-10,2.89e-10,5.155239999999999e-09,0.02381,0.4538431,0.00227,0.269,0.0023,0.0238,0.133
1590,0.005859,0.0005859,5.134e-09,6.17796e-09,5.904900000000001e-10,2.89e-10,5.140889999999999e-09,0.02378,0.4538431,0.00226,0.268,0.0023,0.0238,0.132
1600,0.005824,0.0005824000000000001,5.11e-09,6.146559999999999e-09,5.8564e-10,2.89e-10,5.140889999999999e-09,0.02376,0.4538431,0.00226,0.268,0.0023,0.0238,0.132
1610,0.00579,0.000579,5.086e-09,6.115240000000001e-09,5.8081e-10,2.89e-10,5.1265600000000005e-09,0.02373,0.4538431,0.00225,0.267,0.0023,0.0237,0.131
1620,0.005756,0.0005756,5.063e-09,6.084e-09,5.8081e-10,2.89e-10,5.112250000000001e-09,0.02371,0.4538431,0.00224,0.266,0.0023,0.0237,0.131
1630,0.005723,0.0005723,5.04e-09,6.052839999999999e-09,5.760000000000001e-10,2.89e-10,5.112250000000001e-09,0.02369,0.4538431,0.00223,0.265,0.0023,0.0237,0.131
1640,0.00569,0.000569,5.018e-09,6.0217600000000005e-09,5.760000000000001e-10,2.89e-10,5.09796e-09,0.02366,0.4538431,0.00223,0.264,0.0023,0.0237,0.13
1650,0.005657,0.0005656999999999999,4.996e-09,5.990759999999999e-09,5.7121e-10,2.89e-10,5.08369e-09,0.02364,0.4538431,0.00222,0.263,0.0023,0.0236,0.13
1660,0.005625,0.0005625,4.975e-09,5.959840000000001e-09,5.6644e-10,2.89e-10,5.08369e-09,0.02361,0.4538431,0.00221,0.262,0.0023,0.0236,0.129
1670,0.005593,0.0005593,4.954e-09,5.944410000000001e-09,5.6644e-10,2.9241e-10,5.069439999999999e-09,0.02359,0.4538431,0.0022,0.262,0.0023,0.0236,0.129
1680,0.005561,0.0005561,4.933e-09,5.91361e-09,5.616900000000001e-10,2.9241e-10,5.055209999999999e-09,0.02356,0.4538431,0.0022,0.261,0.0023,0.0236,0.128
1690,0.00553,0.000553,4.913e-09,5.882889999999999e-09,5.616900000000001e-10,2.9241e-10,5.055209999999999e-09,0.02352,0.4538431,0.00219,0.26,0.0023,0.0235,0.128
1700,0.005499,0.0005499000000000001,4.893e-09,5.85225e-09,5.5696e-10,2.9241e-10,5.041e-09,0.02349,0.4538431,0.00218,0.259,0.0023,0.0235,0.127
1710,0.005469,0.0005469,4.873e-09,5.83696e-09,5.5696e-10,2.9241e-10,5.041e-09,0.02345,0.4538431,0.00218,0.258,0.0023,0.0234,0.127
1720,0.005439,0.0005439,4.854e-09,5.80644e-09,5.522499999999999e-10,2.9241e-10,5.02681e-09,0.0234,0.4538431,0.00217,0.257,0.0023,0.0234,0.126
1730,0.005409,0.0005409,4.835e-09,5.776000000000001e-09,5.4756e-10,2.9241e-10,5.01264e-09,0.02335,0.4538431,0.00216,0.257,0.0023,0.0234,0.125
1740,0.00538,0.0005380000000000001,4.816e-09,5.76081e-09,5.4756e-10,2.9241e-10,5.01264e-09,0.0233,0.4538431,0.00216,0.256,0.0023,0.0233,0.125
1750,0.005351,0.0005350999999999999,4.797e-09,5.73049e-09,5.428900000000001e-10,2.9241e-10,4.998489999999999e-09,0.02324,0.4538431,0.00215,0.255,0.0023,0.0232,0.124
1760,0.005323,0.0005323,4.779e-09,5.700250000000001e-09,5.428900000000001e-10,2.9241e-10,4.984359999999999e-09,0.02318,0.4538431,0.00214,0.254,0.0023,0.0232,0.124
1770,0.005295,0.0005295,4.761e-09,5.685160000000001e-09,5.382400000000001e-10,2.9241e-10,4.984359999999999e-09,0.02311,0.4538431,0.00214,0.253,0.0023,0.0231,0.123
1780,0.005268,0.0005268,4.743e-09,5.6550399999999995e-09,5.382400000000001e-10,2.9241e-10,4.970250000000001e-09,0.02304,0.4538431,0.00213,0.253,0.0023,0.023,0.122
1790,0.005241,0.0005241,4.725e-09,5.6400099999999994e-09,5.3361e-10,2.9241e-10,4.970250000000001e-09,0.02296,0.4538431,0.00212,0.252,0.0023,0.023,0.122
1800,0.005215,0.0005215,4.707e-09,5.610010000000001e-09,5.29e-10,2.9584000000000004e-10,4.95616e-09,0.02287,0.4538431,0.00212,0.251,0.0023,0.0229,0.121
1810,0.005189,0.0005189,4.69e-09,5.58009e-09,5.29e-10,2.9584000000000004e-10,4.94209e-09,0.02278,0.4538431,0.00211,0.25,0.0023,0.0228,0.12
1820,0.005163,0.0005163,4.673e-09,5.5651599999999994e-09,5.244100000000001e-10,2.9584000000000004e-10,4.94209e-09,0.02268,0.4538431,0.0021,0.25,0.0023,0.0227,0.119
1830,0.005138,0.0005138,4.655e-09,5.535360000000001e-09,5.244100000000001e-10,2.9584000000000004e-10,4.92804e-09,0.02258,0.4538431,0.0021,0.249,0.0023,0.0226,0.119
1840,0.005114,0.0005114,4.638e-09,5.520490000000001e-09,5.198399999999999e-10,2.9584000000000004e-10,4.92804e-09,0.02247,0.4538431,0.00209,0.248,0.0023,0.0225,0.118
1850,0.00509,0.000509,4.621e-09,5.49081e-09,5.198399999999999e-10,2.9584000000000004e-10,4.914009999999999e-09,0.02235,0.4538431,0.00209,0.247,0.0022,0.0224,0.117
1860,0.005066,0.0005066000000000001,4.604e-09,5.476e-09,5.1529e-10,2.9584000000000004e-10,4.914009999999999e-09,0.02223,0.4538431,0.00208,0.247,0.0022,0.0222,0.116
1870,0.005043,0.0005043,4.587e-09,5.446440000000001e-09,5.1529e-10,2.9584000000000004e-10,4.899999999999999e-09,0.0221,0.4538431,0.00207,0.246,0.0022,0.0221,0.115
1880,0.005021,0.0005021,4.571e-09,5.431690000000001e-09,5.1076e-10,2.9584000000000004e-10,4.8860100000000006e-09,0.02197,0.4538431,0.00207,0.245,0.0022,0.022,0.114
1890,0.004999,0.0004999,4.554e-09,5.40225e-09,5.1076e-10,2.9584000000000004e-10,4.8860100000000006e-09,0.02183,0.4538431,0.00206,0.245,0.0022,0.0218,0.114
1900,0.004977,0.0004977,4.537e-09,5.3875599999999995e-09,5.062500000000001e-10,2.9584000000000004e-10,4.87204e-09,0.02169,0.4538431,0.00206,0.244,0.0022,0.0217,0.113
1910,0.004956,0.0004956,4.521e-09,5.35824e-09,5.062500000000001e-10,2.9584000000000004e-10,4.87204e-09,0.02154,0.4538431,0.00205,0.243,0.0022,0.0215,0.112
1920,0.004935,0.0004935,4.505e-09,5.34361e-09,5.017599999999999e-10,2.9584000000000004e-10,4.85809e-09,0.02138,0.4538431,0.00204,0.243,0.0022,0.0214,0.111
1930,0.004914,0.0004914,4.488e-09,5.31441e-09,4.9729e-10,2.9584000000000004e-10,4.84416e-09,0.02122,0.4538431,0.00224,0.242,0.0022,0.0212,0.11
1940,0.004892,0.0004892,4.47e-09,5.299839999999999e-09,4.9729e-10,2.9584000000000004e-10,4.84416e-09,0.02104,0.4538431,0.00224,0.241,0.0022,0.021,0.109
1950,0.004871,0.0004871,4.453e-09,5.27076e-09,4.9284e-10,2.9584000000000004e-10,4.8302499999999995e-09,0.02085,0.4538431,0.00223,0.241,0.0022,0.0209,0.108
1960,0.00485,0.000485,4.436e-09,5.25625e-09,4.9284e-10,2.9584000000000004e-10,4.8302499999999995e-09,0.02066,0.4538431,0.00222,0.24,0.0022,0.0207,0.107
1970,0.00483,0.00048300000000000003,4.419e-09,5.227289999999999e-09,4.8841e-10,2.9584000000000004e-10,4.8163600000000005e-09,0.02047,0.4538431,0.00222,0.239,0.0022,0.0205,0.106
1980,0.004811,0.00048110000000000004,4.402e-09,5.212840000000001e-09,4.8841e-10,2.9584000000000004e-10,4.8024900000000004e-09,0.02027,0.4538431,0.00221,0.239,0.0022,0.0203,0.105
1990,0.004792,0.00047920000000000005,4.385e-09,5.184e-09,4.84e-10,2.9584000000000004e-10,4.8024900000000004e-09,0.02007,0.4538431,0.00221,0.238,0.0022,0.0201,0.104
2000,0.004774,0.00047739999999999995,4.368e-09,5.155239999999999e-09,4.84e-10,2.9929e-10,4.78864e-09,0.01987,0.4538431,0.0022,0.237,0.0022,0.0199,0.103
2010,0.004756,0.00047559999999999996,4.351e-09,5.140889999999999e-09,4.796100000000001e-10,2.9929e-10,4.7748099999999996e-09,0.01966,0.4538431,0.00219,0.237,0.0022,0.0197,0.102
2020,0.004738,0.0004738,4.335e-09,5.112250000000001e-09,4.796100000000001e-10,2.9929e-10,4.7748099999999996e-09,0.01946,0.4538431,0.00219,0.236,0.0022,0.0195,0.102
2030,0.004721,0.00047210000000000004,4.318e-09,5.09796e-09,4.752400000000001e-10,2.9929e-10,4.7609999999999996e-09,0.01925,0.4538431,0.00218,0.235,0.0022,0.0192,0.101
2040,0.004705,0.0004705,4.302e-09,5.069439999999999e-09,4.752400000000001e-10,2.9929e-10,4.747209999999999e-09,0.01904,0.4538431,0.00218,0.235,0.0022,0.019,0.0997
2050,0.004689,0.00046889999999999996,4.285e-09,5.055209999999999e-09,4.708899999999999e-10,2.9929e-10,4.747209999999999e-09,0.01882,0.4538431,0.00217,0.234,0.0022,0.0188,0.0988
2060,0.004673,0.00046730000000000003,4.269e-09,5.02681e-09,4.708899999999999e-10,2.9929e-10,4.7334400000000006e-09,0.01861,0.4538431,0.00216,0.233,0.0022,0.0186,0.0979
2070,0.004658,0.0004658,4.253e-09,5.01264e-09,4.6656e-10,2.9929e-10,4.7334400000000006e-09,0.0184,0.4538431,0.00216,0.233,0.0022,0.0184,0.097
2080,0.004643,0.00046430000000000006,4.237e-09,4.984359999999999e-09,4.6656e-10,2.9929e-10,4.719690000000001e-09,0.01819,0.4538431,0.00215,0.232,0.0022,0.0182,0.0961
2090,0.004629,0.00046290000000000003,4.222e-09,4.970250000000001e-09,4.6225000000000003e-10,2.9929e-10,4.70596e-09,0.01798,0.4538431,0.00215,0.232,0.0022,0.018,0.0953
2100,0.004615,0.0004615,4.206e-09,4.95616e-09,4.6225000000000003e-10,2.9929e-10,4.70596e-09,0.01776,0.4538431,0.00214,0.231,0.0022,0.0178,0.0944
2110,0.004601,0.0004601,4.19e-09,4.92804e-09,4.5795999999999994e-10,2.9929e-10,4.692249999999999e-09,0.01755,0.4538431,0.00235,0.23,0.0022,0.0175,0.0936
2120,0.004586,0.0004586,4.174e-09,4.914009999999999e-09,4.5368999999999996e-10,2.9929e-10,4.692249999999999e-09,0.01732,0.4538431,0.00234,0.23,0.0022,0.0173,0.0927
2130,0.004572,0.00045719999999999995,4.157e-09,4.8860100000000006e-09,4.5368999999999996e-10,2.9929e-10,4.67856e-09,0.01709,0.4538431,0.00234,0.229,0.0022,0.0171,0.0919
2140,0.004558,0.0004558,4.141e-09,4.87204e-09,4.4944e-10,2.9929e-10,4.664890000000001e-09,0.01686,0.4538431,0.00233,0.229,0.0022,0.0169,0.091
2150,0.004545,0.00045450000000000004,4.125e-09,4.84416e-09,4.4944e-10,2.9929e-10,4.664890000000001e-09,0.01664,0.4538431,0.00233,0.228,0.0022,0.0166,0.0902
2160,0.004532,0.00045319999999999996,4.11e-09,4.8302499999999995e-09,4.4521000000000006e-10,2.9929e-10,4.651240000000001e-09,0.01642,0.4538431,0.00232,0.227,0.0021,0.0164,0.0894
2170,0.004519,0.0004519,4.094e-09,4.8024900000000004e-09,4.4521000000000006e-10,2.9929e-10,4.6376100000000005e-09,0.0162,0.4538431,0.00231,0.227,0.0021,0.0162,0.0886
2180,0.004507,0.00045069999999999995,4.079e-09,4.78864e-09,4.41e-10,2.9929e-10,4.6376100000000005e-09,0.01599,0.4538431,0.00231,0.226,0.0021,0.016,0.0878
2190,0.004495,0.0004495,4.063e-09,4.7609999999999996e-09,4.41e-10,2.9929e-10,4.624e-09,0.01578,0.4538431,0.0023,0.226,0.0021,0.0158,0.0871
2200,0.004483,0.0004483,4.048e-09,4.747209999999999e-09,4.3681e-10,2.9929e-10,4.61041e-09,0.01557,0.4538431,0.0023,0.225,0.0021,0.0156,0.0864
2210,0.004472,0.00044720000000000003,4.033e-09,4.719690000000001e-09,4.3681e-10,2.9929e-10,4.61041e-09,0.01537,0.4538431,0.00229,0.225,0.0021,0.0154,0.0857
2220,0.004461,0.00044609999999999995,4.019e-09,4.70596e-09,4.3264e-10,2.9929e-10,4.596839999999999e-09,0.01517,0.4538431,0.00229,0.224,0.0021,0.0152,0.085
2230,0.00445,0.000445,4.004e-09,4.692249999999999e-09,4.3264e-10,2.9929e-10,4.583290000000001e-09,0.01497,0.4538431,0.00228,0.223,0.0021,0.015,0.0843
2240,0.004439,0.0004439,3.99e-09,4.664890000000001e-09,4.2848999999999993e-10,2.9929e-10,4.583290000000001e-09,0.01478,0.4538431,0.00227,0.223,0.0021,0.0148,0.0837
2250,0.004429,0.0004429,3.976e-09,4.651240000000001e-09,4.2848999999999993e-10,2.9929e-10,4.56976e-09,0.01462,0.4538431,0.00227,0.222,0.0021,0.0146,0.0831
2260,0.004419,0.0004419,3.962e-09,4.6376100000000005e-09,4.2435999999999997e-10,2.9929e-10,4.55625e-09,0.01459,0.4538431,0.00226,0.222,0.0021,0.0146,0.0825
2270,0.004409,0.0004409,3.949e-09,4.61041e-09,4.2435999999999997e-10,2.9929e-10,4.55625e-09,0.01455,0.4538431,0.00226,0.221,0.0021,0.0145,0.0819
2280,0.0044,0.00044,3.935e-09,4.596839999999999e-09,4.2025e-10,2.9929e-10,4.54276e-09,0.01451,0.4538431,0.00225,0.221,0.0021,0.0145,0.0813
2290,0.00439,0.000439,3.922e-09,4.583290000000001e-09,4.2025e-10,2.9929e-10,4.54276e-09,0.01448,0.4538431,0.00225,0.22,0.0021,0.0145,0.0808
2300,0.00438,0.000438,3.908e-09,4.55625e-09,4.2025e-10,2.9929e-10,4.529289999999999e-09,0.01444,0.4538431,0.00246,0.22,0.0021,0.0144,0.0802
2310,0.00437,0.000437,3.894e-09,4.54276e-09,4.1616000000000004e-10,2.9929e-10,4.515839999999999e-09,0.01441,0.4538431,0.00246,0.219,0.0021,0.0144,0.0797
2320,0.004361,0.00043610000000000003,3.88e-09,4.529289999999999e-09,4.1616000000000004e-10,2.9929e-10,4.515839999999999e-09,0.01437,0.4538431,0.00245,0.219,0.0021,0.0144,0.0791
2330,0.004351,0.0004351,3.866e-09,4.50241e-09,4.1208999999999997e-10,2.9929e-10,4.50241e-09,0.01434,0.4538431,0.00245,0.218,0.0021,0.0143,0.0786
2340,0.004342,0.00043420000000000004,3.853e-09,4.4890000000000005e-09,4.1208999999999997e-10,2.9929e-10,4.4890000000000005e-09,0.01431,0.4538431,0.00244,0.218,0.0021,0.0143,0.0781
2350,0.004333,0.0004333,3.84e-09,4.47561e-09,4.0803999999999997e-10,2.9929e-10,4.47561e-09,0.01427,0.4538431,0.00244,0.217,0.0021,0.0143,0.0776
2360,0.004324,0.0004324,3.826e-09,4.462239999999999e-09,4.0803999999999997e-10,2.9929e-10,4.47561e-09,0.01424,0.4538431,0.00243,0.217,0.0021,0.0142,0.0771
2370,0.004315,0.0004315,3.814e-09,4.435560000000001e-09,4.0401000000000003e-10,2.9929e-10,4.462239999999999e-09,0.01421,0.4538431,0.00242,0.216,0.0021,0.0142,0.0766
2380,0.004307,0.0004307,3.801e-09,4.42225e-09,4.0401000000000003e-10,2.9929e-10,4.462239999999999e-09,0.01418,0.4538431,0.00242,0.216,0.0021,0.0142,0.0762
2390,0.004298,0.0004298,3.788e-09,4.4089600000000005e-09,4.0000000000000007e-10,2.9929e-10,4.4488899999999995e-09,0.01415,0.4538431,0.00241,0.215,0.0021,0.0141,0.0757
2400,0.00429,0.000429,3.776e-09,4.39569e-09,4.0000000000000007e-10,2.9929e-10,4.435560000000001e-09,0.01411,0.4538431,0.00241,0.215,0.0021,0.0141,0.0753
2410,0.004282,0.0004282,3.764e-09,4.38244e-09,3.9600999999999996e-10,2.9929e-10,4.435560000000001e-09,0.01408,0.4538431,0.0024,0.214,0.0021,0.0141,0.0749
2420,0.004274,0.0004274,3.752e-09,4.369209999999999e-09,3.9600999999999996e-10,2.9929e-10,4.42225e-09,0.01405,0.4538431,0.0024,0.214,0.0021,0.0141,0.0745
2430,0.004266,0.00042659999999999996,3.74e-09,4.34281e-09,3.9204e-10,2.9929e-10,4.4089600000000005e-09,0.01403,0.4538431,0.00239,0.213,0.0021,0.014,0.0741
2440,0.004258,0.00042579999999999994,3.729e-09,4.32964e-09,3.9204e-10,2.9929e-10,4.4089600000000005e-09,0.014,0.4538431,0.00239,0.213,0.0021,0.014,0.0738
2450,0.004251,0.0004251,3.717e-09,4.3164899999999994e-09,3.9204e-10,2.9929e-10,4.39569e-09,0.01397,0.4538431,0.00238,0.212,0.0021,0.014,0.0734
2460,0.004243,0.0004243,3.706e-09,4.3033599999999995e-09,3.8809000000000005e-10,2.9929e-10,4.38244e-09,0.01394,0.4538431,0.00237,0.212,0.0021,0.0139,0.073
2470,0.004236,0.0004236,3.695e-09,4.290250000000001e-09,3.8809000000000005e-10,2.9929e-10,4.38244e-09,0.01391,0.4538431,0.00237,0.211,0.0021,0.0139,0.0727
2480,0.004229,0.00042290000000000003,3.684e-09,4.2771600000000006e-09,3.8415999999999994e-10,2.9929e-10,4.369209999999999e-09,0.01388,0.4538431,0.00236,0.211,0.0021,0.0139,0.0724
2490,0.004222,0.0004222,3.673e-09,4.26409e-09,3.8415999999999994e-10,2.9929e-10,4.356e-09,0.01385,0.4538431,0.00236,0.21,0.0021,0.0139,0.072
2500,0.004215,0.0004215,3.662e-09,4.25104e-09,3.8025e-10,2.9929e-10,4.356e-09,0.01383,0.4538431,0.00235,0.21,0.0021,0.0138,0.0717
2510,0.004208,0.0004208,3.651e-09,4.2380099999999995e-09,3.8025e-10,2.9929e-10,4.34281e-09,0.0138,0.4538431,0.00235,0.209,0.0021,0.0138,0.0714
2520,0.004201,0.00042009999999999997,3.641e-09,4.224999999999999e-09,3.8025e-10,2.9929e-10,4.34281e-09,0.01377,0.4538431,0.00234,0.209,0.0021,0.0138,0.0711
2530,0.004194,0.0004194,3.631e-09,4.212010000000001e-09,3.7636000000000003e-10,2.9929e-10,4.32964e-09,0.01374,0.4538431,0.00234,0.208,0.0021,0.0137,0.0708
2540,0.004187,0.0004187,3.621e-09,4.1990400000000004e-09,3.7636000000000003e-10,2.9929e-10,4.3164899999999994e-09,0.01372,0.4538431,0.00233,0.208,0.0021,0.0137,0.0705
2550,0.004181,0.00041809999999999997,3.61e-09,4.18609e-09,3.724900000000001e-10,2.9929e-10,4.3164899999999994e-09,0.01369,0.4538431,0.00233,0.208,0.0021,0.0137,0.0702
2560,0.004174,0.00041739999999999995,3.601e-09,4.17316e-09,3.724900000000001e-10,2.9584000000000004e-10,4.3033599999999995e-09,0.01366,0.4538431,0.00232,0.207,0.002,0.0137,0.07
2570,0.004168,0.0004168,3.591e-09,4.160249999999999e-09,3.724900000000001e-10,2.9584000000000004e-10,4.3033599999999995e-09,0.01364,0.4538431,0.00232,0.207,0.002,0.0136,0.0697
2580,0.004161,0.0004161,3.581e-09,4.147359999999999e-09,3.6864e-10,2.9584000000000004e-10,4.290250000000001e-09,0.01361,0.4538431,0.00231,0.206,0.002,0.0136,0.0694
2590,0.004155,0.00041549999999999996,3.572e-09,4.134490000000001e-09,3.6864e-10,2.9584000000000004e-10,4.2771600000000006e-09,0.01358,0.4538431,0.00231,0.206,0.002,0.0136,0.0692
2600,0.004149,0.0004149,3.562e-09,4.12164e-09,3.6481e-10,2.9584000000000004e-10,4.2771600000000006e-09,0.01356,0.4538431,0.0023,0.205,0.002,0.0136,0.0689
2610,0.004142,0.0004142,3.553e-09,4.10881e-09,3.6481e-10,2.9584000000000004e-10,4.26409e-09,0.01353,0.4538431,0.0023,0.205,0.002,0.0135,0.0687
2620,0.004136,0.00041359999999999997,3.544e-09,4.096e-09,3.6481e-10,2.9584000000000004e-10,4.26409e-09,0.0135,0.4538431,0.00229,0.204,0.002,0.0135,0.0685
2630,0.00413,0.000413,3.534e-09,4.096e-09,3.6100000000000005e-10,2.9584000000000004e-10,4.25104e-09,0.01348,0.4538431,0.00229,0.204,0.002,0.0135,0.0682
2640,0.004124,0.0004124,3.525e-09,4.083209999999999e-09,3.6100000000000005e-10,2.9584000000000004e-10,4.2380099999999995e-09,0.01345,0.4538431,0.00228,0.204,0.002,0.0134,0.068
2650,0.004118,0.00041180000000000003,3.516e-09,4.070440000000001e-09,3.6100000000000005e-10,2.9584000000000004e-10,4.2380099999999995e-09,0.01342,0.4538431,0.00228,0.203,0.002,0.0134,0.0678
2660,0.004112,0.0004112,3.508e-09,4.05769e-09,3.5720999999999995e-10,2.9584000000000004e-10,4.224999999999999e-09,0.0134,0.4538431,0.00227,0.203,0.002,0.0134,0.0675
2670,0.004107,0.00041070000000000006,3.499e-09,4.0449600000000005e-09,3.5720999999999995e-10,2.9584000000000004e-10,4.224999999999999e-09,0.01337,0.4538431,0.00227,0.202,0.002,0.0134,0.0673
2680,0.004101,0.00041009999999999994,3.49e-09,4.03225e-09,3.5343999999999997e-10,2.9584000000000004e-10,4.212010000000001e-09,0.01334,0.4538431,0.00226,0.202,0.002,0.0133,0.0671
2690,0.004095,0.0004095,3.482e-09,4.019559999999999e-09,3.5343999999999997e-10,2.9584000000000004e-10,4.1990400000000004e-09,0.01332,0.4538431,0.00226,0.201,0.002,0.0133,0.0669
2700,0.004089,0.00040889999999999996,3.473e-09,4.019559999999999e-09,3.5343999999999997e-10,2.9584000000000004e-10,4.1990400000000004e-09,0.01329,0.4538431,0.00225,0.201,0.002,0.0133,0.0667
2710,0.004084,0.0004084,3.465e-09,4.00689e-09,3.4969e-10,2.9584000000000004e-10,4.18609e-09,0.01327,0.4538431,0.00225,0.201,0.002,0.0133,0.0665
2720,0.004078,0.0004078,3.457e-09,3.9942400000000005e-09,3.4969e-10,2.9584000000000004e-10,4.18609e-09,0.01324,0.4538431,0.00225,0.2,0.002,0.0132,0.0663
2730,0.004073,0.00040730000000000003,3.448e-09,3.98161e-09,3.4969e-10,2.9584000000000004e-10,4.17316e-09,0.01321,0.4538431,0.00224,0.2,0.002,0.0132,0.0661
2740,0.004067,0.0004067,3.44e-09,3.969e-09,3.4596000000000006e-10,2.9584000000000004e-10,4.17316e-09,0.01319,0.4538431,0.00224,0.199,0.002,0.0132,0.0659
2750,0.004062,0.00040619999999999995,3.432e-09,3.969e-09,3.4596000000000006e-10,2.9584000000000004e-10,4.160249999999999e-09,0.01316,0.4538431,0.00223,0.199,0.002,0.0132,0.0657
2760,0.004057,0.0004057,3.424e-09,3.95641e-09,3.4596000000000006e-10,2.9584000000000004e-10,4.147359999999999e-09,0.01314,0.4538431,0.00223,0.199,0.002,0.0131,0.0655
2770,0.004051,0.0004051,3.416e-09,3.943839999999999e-09,3.4225e-10,2.9584000000000004e-10,4.147359999999999e-09,0.01311,0.4538431,0.00222,0.198,0.002,0.0131,0.0653
2780,0.004046,0.0004046,3.409e-09,3.93129e-09,3.4225e-10,2.9584000000000004e-10,4.134490000000001e-09,0.01309,0.4538431,0.00222,0.198,0.002,0.0131,0.0651
2790,0.004041,0.0004041,3.401e-09,3.93129e-09,3.4225e-10,2.9584000000000004e-10,4.134490000000001e-09,0.01306,0.4538431,0.00221,0.197,0.002,0.0131,0.065
2800,0.004036,0.00040359999999999994,3.393e-09,3.918760000000001e-09,3.3856e-10,2.9584000000000004e-10,4.12164e-09,0.01303,0.4538431,0.00221,0.197,0.002,0.013,0.0648
2810,0.00403,0.000403,3.386e-09,3.90625e-09,3.3856e-10,2.9584000000000004e-10,4.12164e-09,0.01301,0.4538431,0.00221,0.197,0.002,0.013,0.0646
2820,0.004025,0.00040249999999999997,3.378e-09,3.89376e-09,3.3856e-10,2.9584000000000004e-10,4.10881e-09,0.01298,0.4538431,0.0022,0.196,0.002,0.013,0.0644
2830,0.00402,0.000402,3.371e-09,3.89376e-09,3.3489e-10,2.9584000000000004e-10,4.10881e-09,0.01296,0.4538431,0.0022,0.196,0.002,0.013,0.0643
2840,0.004015,0.00040150000000000006,3.363e-09,3.88129e-09,3.3489e-10,2.9584000000000004e-10,4.096e-09,0.01293,0.4538431,0.00219,0.195,0.002,0.0129,0.0641
2850,0.00401,0.000401,3.356e-09,3.868839999999999e-09,3.3489e-10,2.9584000000000004e-10,4.096e-09,0.01291,0.4538431,0.00219,0.195,0.002,0.0129,0.0639
2860,0.004005,0.0004005,3.349e-09,3.856410000000001e-09,3.3489e-10,2.9584000000000004e-10,4.083209999999999e-09,0.01288,0.4538431,0.00218,0.195,0.002,0.0129,0.0638
2870,0.004,0.0004,3.342e-09,3.856410000000001e-09,3.3123999999999993e-10,2.9584000000000004e-10,4.070440000000001e-09,0.01286,0.4538431,0.00218,0.194,0.002,0.0129,0.0636
2880,0.003996,0.00039960000000000006,3.335e-09,3.844e-09,3.3123999999999993e-10,2.9584000000000004e-10,4.070440000000001e-09,0.01283,0.4538431,0.00217,0.194,0.002,0.0128,0.0634
2890,0.003991,0.0003991,3.327e-09,3.83161e-09,3.3123999999999993e-10,2.9584000000000004e-10,4.05769e-09,0.01281,0.4538431,0.00217,0.193,0.002,0.0128,0.0633
2900,0.003986,0.0003986,3.32e-09,3.83161e-09,3.2760999999999997e-10,2.9584000000000004e-10,4.05769e-09,0.01278,0.4538431,0.00217,0.193,0.002,0.0128,0.0631
2910,0.003981,0.00039810000000000003,3.314e-09,3.81924e-09,3.2760999999999997e-10,2.9584000000000004e-10,4.0449600000000005e-09,0.01276,0.4538431,0.00216,0.193,0.002,0.0128,0.063
2920,0.003976,0.0003976,3.307e-09,3.8068899999999995e-09,3.2760999999999997e-10,2.9241e-10,4.0449600000000005e-09,0.01273,0.4538431,0.00216,0.192,0.002,0.0127,0.0628
2930,0.003972,0.0003972,3.3e-09,3.8068899999999995e-09,3.24e-10,2.9241e-10,4.03225e-09,0.01271,0.4538431,0.00215,0.192,0.002,0.0127,0.0627
2940,0.003967,0.0003967,3.293e-09,3.794560000000001e-09,3.24e-10,2.9241e-10,4.03225e-09,0.01268,0.4538431,0.00215,0.192,0.002,0.0127,0.0625
2950,0.003962,0.00039620000000000004,3.286e-09,3.782250000000001e-09,3.24e-10,2.9241e-10,4.019559999999999e-09,0.01266,0.4538431,0.00215,0.191,0.002,0.0127,0.0624
2960,0.003958,0.00039579999999999997,3.28e-09,3.782250000000001e-09,3.24e-10,2.9241e-10,4.019559999999999e-09,0.01263,0.4538431,0.00214,0.191,0.002,0.0126,0.0622
2970,0.003953,0.0003953,3.273e-09,3.7699600000000005e-09,3.2041000000000003e-10,2.9241e-10,4.00689e-09,0.01261,0.4538431,0.00214,0.191,0.002,0.0126,0.0621
2980,0.003949,0.0003949,3.266e-09,3.75769e-09,3.2041000000000003e-10,2.9241e-10,4.00689e-09,0.01258,0.4538431,0.00213,0.19,0.002,0.0126,0.0619
2990,0.003944,0.00039439999999999994,3.26e-09,3.75769e-09,3.2041000000000003e-10,2.9241e-10,3.9942400000000005e-09,0.01256,0.4538431,0.00213,0.19,0.002,0.0126,0.0618
3000,0.00394,0.000394,3.254e-09,3.7454399999999994e-09,3.1683999999999996e-10,2.9241e-10,3.9942400000000005e-09,0.01253,0.4538431,0.00213,0.189,0.002,0.0125,0.0617
3010,0.003935,0.0003935,3.247e-09,3.7454399999999994e-09,3.1683999999999996e-10,2.9241e-10,3.98161e-09,0.01251,0.4538431,0.00212,0.189,0.002,0.0125,0.0615
3020,0.003931,0.00039309999999999996,3.241e-09,3.733209999999999e-09,3.1683999999999996e-10,2.9241e-10,3.98161e-09,0.01249,0.4538431,0.00212,0.189,0.002,0.0125,0.0614
3030,0.003926,0.0003926,3.234e-09,3.721e-09,3.1683999999999996e-10,2.9241e-10,3.969e-09,0.01246,0.4538431,0.00211,0.188,0.002,0.0125,0.0612
3040,0.003922,0.0003922,3.228e-09,3.721e-09,3.1329e-10,2.9241e-10,3.969e-09,0.01244,0.4538431,0.00211,0.188,0.002,0.0124,0.0611
3050,0.003917,0.00039170000000000003,3.222e-09,3.7088100000000006e-09,3.1329e-10,2.9241e-10,3.95641e-09,0.01241,0.4538431,0.00211,0.188,0.002,0.0124,0.061
3060,0.003913,0.00039129999999999997,3.216e-09,3.69664e-09,3.1329e-10,2.9241e-10,3.95641e-09,0.01239,0.4538431,0.0021,0.187,0.002,0.0124,0.0609
3070,0.003909,0.0003909,3.21e-09,3.69664e-09,3.1329e-10,2.9241e-10,3.943839999999999e-09,0.01237,0.4538431,0.0021,0.187,0.002,0.0124,0.0607
3080,0.003905,0.0003905,3.204e-09,3.68449e-09,3.0976e-10,2.9241e-10,3.943839999999999e-09,0.01234,0.4538431,0.00209,0.187,0.002,0.0123,0.0606
3090,0.0039,0.00039,3.198e-09,3.68449e-09,3.0976e-10,2.9241e-10,3.93129e-09,0.01232,0.4538431,0.00209,0.186,0.002,0.0123,0.0605
3100,0.003896,0.00038960000000000004,3.192e-09,3.6723600000000003e-09,3.0976e-10,2.9241e-10,3.93129e-09,0.0123,0.4538431,0.00209,0.186,0.0019,0.0123,0.0603
3110,0.003892,0.00038920000000000003,3.186e-09,3.66025e-09,3.0976e-10,2.9241e-10,3.918760000000001e-09,0.01227,0.4538431,0.00208,0.186,0.0019,0.0123,0.0602
3120,0.003888,0.0003888,3.18e-09,3.66025e-09,3.0624999999999995e-10,2.9241e-10,3.918760000000001e-09,0.01225,0.4538431,0.00208,0.185,0.0019,0.0122,0.0601
3130,0.003884,0.0003884,3.174e-09,3.6481599999999995e-09,3.0624999999999995e-10,2.9241e-10,3.90625e-09,0.01223,0.4538431,0.00208,0.185,0.0019,0.0122,0.06
3140,0.003879,0.0003879,3.168e-09,3.6481599999999995e-09,3.0624999999999995e-10,2.9241e-10,3.90625e-09,0.0122,0.4538431,0.00207,0.185,0.0019,0.0122,0.0598
3150,0.003875,0.0003875,3.162e-09,3.6360900000000004e-09,3.0624999999999995e-10,2.9241e-10,3.89376e-09,0.01218,0.4538431,0.00207,0.184,0.0019,0.0122,0.0597
3160,0.003871,0.0003871,3.156e-09,3.6360900000000004e-09,3.0276e-10,2.9241e-10,3.89376e-09,0.01216,0.4538431,0.00206,0.184,0.0019,0.0122,0.0596
3170,0.003867,0.0003867,3.151e-09,3.62404e-09,3.0276e-10,2.9241e-10,3.88129e-09,0.01213,0.4538431,0.00206,0.184,0.0019,0.0121,0.0595
3180,0.003863,0.0003863,3.145e-09,3.61201e-09,3.0276e-10,2.89e-10,3.88129e-09,0.01211,0.4538431,0.00206,0.183,0.0019,0.0121,0.0594
3190,0.003859,0.0003859,3.139e-09,3.61201e-09,3.0276e-10,2.89e-10,3.868839999999999e-09,0.01209,0.4538431,0.00205,0.183,0.0019,0.0121,0.0593
3200,0.003855,0.0003855,3.134e-09,3.6000000000000004e-09,2.9929e-10,2.89e-10,3.868839999999999e-09,0.01207,0.4538431,0.00205,0.183,0.0019,0.0121,0.0591
3210,0.003851,0.0003851,3.128e-09,3.6000000000000004e-09,2.9929e-10,2.89e-10,3.856410000000001e-09,0.01204,0.4538431,0.00205,0.182,0.0019,0.012,0.059
3220,0.003847,0.0003847,3.123e-09,3.58801e-09,2.9929e-10,2.89e-10,3.856410000000001e-09,0.01202,0.4538431,0.00204,0.182,0.0019,0.012,0.0589
3230,0.003843,0.0003843,3.117e-09,3.58801e-09,2.9929e-10,2.89e-10,3.844e-09,0.012,0.4538431,0.00204,0.182,0.0019,0.012,0.0588
3240,0.00384,0.000384,3.112e-09,3.5760399999999996e-09,2.9584000000000004e-10,2.89e-10,3.844e-09,0.01198,0.4538431,0.00204,0.181,0.0019,0.012,0.0587
3250,0.003836,0.0003836,3.106e-09,3.5760399999999996e-09,2.9584000000000004e-10,2.89e-10,3.83161e-09,0.01195,0.4538431,0.00203,0.181,0.0019,0.012,0.0586
3260,0.003832,0.0003832,3.101e-09,3.5640900000000003e-09,2.9584000000000004e-10,2.89e-10,3.83161e-09,0.01193,0.4538431,0.00203,0.181,0.0019,0.0119,0.0585
3270,0.003828,0.0003828,3.096e-09,3.5640900000000003e-09,2.9584000000000004e-10,2.89e-10,3.81924e-09,0.01191,0.4538431,0.00202,0.18,0.0019,0.0119,0.0584
3280,0.003824,0.0003824,3.09e-09,3.55216e-09,2.9241e-10,2.89e-10,3.81924e-09,0.01189,0.4538431,0.00202,0.18,0.0019,0.0119,0.0583
3290,0.00382,0.000382,3.085e-09,3.55216e-09,2.9241e-10,2.89e-10,3.8068899999999995e-09,0.01187,0.4538431,0.00202,0.18,0.0019,0.0119,0.0582
3300,0.003817,0.0003817,3.08e-09,3.5402500000000005e-09,2.9241e-10,2.89e-10,3.8068899999999995e-09,0.01185,0.4538431,0.00201,0.18,0.0019,0.0118,0.058
3310,0.003813,0.0003813,3.074e-09,3.52836e-09,2.9241e-10,2.89e-10,3.8068899999999995e-09,0.01182,0.4538431,0.00201,0.179,0.0019,0.0118,0.0579
3320,0.003809,0.0003809,3.069e-09,3.52836e-09,2.9241e-10,2.89e-10,3.794560000000001e-09,0.0118,0.4538431,0.00201,0.179,0.0019,0.0118,0.0578
3330,0.003805,0.0003805,3.064e-09,3.5164899999999997e-09,2.89e-10,2.89e-10,3.794560000000001e-09,0.01178,0.4538431,0.002,0.179,0.0019,0.0118,0.0577
3340,0.003802,0.00038019999999999997,3.059e-09,3.5164899999999997e-09,2.89e-10,2.89e-10,3.782250000000001e-09,0.01176,0.4538431,0.002,0.178,0.0019,0.0118,0.0576
3350,0.003798,0.0003798,3.054e-09,3.5046400000000004e-09,2.89e-10,2.89e-10,3.782250000000001e-09,0.01174,0.4538431,0.002,0.178,0.0019,0.0117,0.0575
3360,0.003794,0.0003794,3.049e-09,3.5046400000000004e-09,2.89e-10,2.89e-10,3.7699600000000005e-09,0.01172,0.4538431,0.00199,0.178,0.0019,0.0117,0.0574
3370,0.003791,0.0003791,3.044e-09,3.49281e-09,2.89e-10,2.89e-10,3.7699600000000005e-09,0.0117,0.4538431,0.00199,0.177,0.0019,0.0117,0.0573
3380,0.003787,0.0003787,3.039e-09,3.49281e-09,2.8561e-10,2.89e-10,3.75769e-09,0.01168,0.4538431,0.00199,0.177,0.0019,0.0117,0.0572
3390,0.003784,0.0003784,3.034e-09,3.481e-09,2.8561e-10,2.89e-10,3.75769e-09,0.01165,0.4538431,0.00198,0.177,0.0019,0.0117,0.0571
3400,0.00378,0.00037799999999999997,3.029e-09,3.481e-09,2.8561e-10,2.89e-10,3.7454399999999994e-09,0.01163,0.4538431,0.00198,0.177,0.0019,0.0116,0.057
3410,0.003776,0.00037759999999999996,3.024e-09,3.4692100000000003e-09,2.8561e-10,2.8561e-10,3.7454399999999994e-09,0.01161,0.4538431,0.00198,0.176,0.0019,0.0116,0.0569
3420,0.003773,0.0003773,3.019e-09,3.4692100000000003e-09,2.8223999999999995e-10,2.8561e-10,3.7454399999999994e-09,0.01159,0.4538431,0.00197,0.176,0.0019,0.0116,0.0568
3430,0.003769,0.0003769,3.014e-09,3.45744e-09,2.8223999999999995e-10,2.8561e-10,3.733209999999999e-09,0.01157,0.4538431,0.00197,0.176,0.0019,0.0116,0.0567
3440,0.003766,0.0003766,3.009e-09,3.45744e-09,2.8223999999999995e-10,2.8561e-10,3.733209999999999e-09,0.01155,0.4538431,0.00197,0.175,0.0019,0.0116,0.0566
3450,0.003762,0.00037620000000000004,3.005e-09,3.4456899999999995e-09,2.8223999999999995e-10,2.8561e-10,3.721e-09,0.01153,0.4538431,0.00196,0.175,0.0019,0.0115,0.0566
3460,0.003759,0.00037590000000000003,3e-09,3.4456899999999995e-09,2.8223999999999995e-10,2.8561e-10,3.721e-09,0.01151,0.4538431,0.00196,0.175,0.0019,0.0115,0.0565
3470,0.003755,0.0003755,2.995e-09,3.4456899999999995e-09,2.7888999999999995e-10,2.8561e-10,3.7088100000000006e-09,0.01149,0.4538431,0.00196,0.175,0.0019,0.0115,0.0564
3480,0.003752,0.0003752,2.99e-09,3.43396e-09,2.7888999999999995e-10,2.8561e-10,3.7088100000000006e-09,0.01147,0.4538431,0.00195,0.174,0.0019,0.0115,0.0563
3490,0.003748,0.0003748,2.986e-09,3.43396e-09,2.7888999999999995e-10,2.8561e-10,3.69664e-09,0.01145,0.4538431,0.00195,0.174,0.0019,0.0115,0.0562
3500,0.003745,0.0003745,2.981e-09,3.42225e-09,2.7888999999999995e-10,2.8561e-10,3.69664e-09,0.01143,0.4538431,0.00195,0.174,0.0019,0.0114,0.0561
3510,0.003742,0.0003742,2.976e-09,3.42225e-09,2.7888999999999995e-10,2.8561e-10,3.69664e-09,0.01141,0.4538431,0.00195,0.173,0.0019,0.0114,0.056
3520,0.003738,0.0003738,2.972e-09,3.4105600000000003e-09,2.7556000000000003e-10,2.8561e-10,3.68449e-09,0.01139,0.4538431,0.00194,0.173,0.0019,0.0114,0.0559
3530,0.003735,0.0003735,2.967e-09,3.4105600000000003e-09,2.7556000000000003e-10,2.8561e-10,3.68449e-09,0.01137,0.4538431,0.00194,0.173,0.0019,0.0114,0.0558
3540,0.003732,0.0003732,2.962e-09,3.39889e-09,2.7556000000000003e-10,2.8561e-10,3.6723600000000003e-09,0.01135,0.4538431,0.00194,0.173,0.0019,0.0114,0.0557
3550,0.003728,0.0003728,2.958e-09,3.39889e-09,2.7556000000000003e-10,2.8561e-10,3.6723600000000003e-09,0.01133,0.4538431,0.00193,0.172,0.0019,0.0113,0.0556
3560,0.003725,0.0003725,2.953e-09,3.38724e-09,2.7556000000000003e-10,2.8561e-10,3.66025e-09,0.01131,0.4538431,0.00193,0.172,0.0019,0.0113,0.0556
3570,0.003722,0.0003722,2.949e-09,3.38724e-09,2.7556000000000003e-10,2.8561e-10,3.66025e-09,0.0113,0.4538431,0.00193,0.172,0.0019,0.0113,0.0555
3580,0.003718,0.0003718,2.944e-09,3.3756100000000005e-09,2.7225e-10,2.8561e-10,3.66025e-09,0.01128,0.4538431,0.00192,0.171,0.0019,0.0113,0.0554
3590,0.003715,0.0003715,2.94e-09,3.3756100000000005e-09,2.7225e-10,2.8561e-10,3.6481599999999995e-09,0.01126,0.4538431,0.00192,0.171,0.0019,0.0113,0.0553
3600,0.003712,0.0003712,2.936e-09,3.3756100000000005e-09,2.7225e-10,2.8561e-10,3.6481599999999995e-09,0.01124,0.4538431,0.00192,0.171,0.0019,0.0112,0.0552
3610,0.003709,0.0003709,2.931e-09,3.364e-09,2.7225e-10,2.8561e-10,3.6360900000000004e-09,0.01122,0.4538431,0.00191,0.171,0.0019,0.0112,0.0551
3620,0.003705,0.0003705,2.927e-09,3.364e-09,2.7225e-10,2.8561e-10,3.6360900000000004e-09,0.0112,0.4538431,0.00191,0.17,0.0019,0.0112,0.0551
3630,0.003702,0.0003702,2.922e-09,3.3524099999999996e-09,2.6895999999999997e-10,2.8561e-10,3.62404e-09,0.01118,0.4538431,0.00191,0.17,0.0019,0.0112,0.055
3640,0.003699,0.0003699,2.918e-09,3.3524099999999996e-09,2.6895999999999997e-10,2.8223999999999995e-10,3.62404e-09,0.01116,0.4538431,0.00191,0.17,0.0019,0.0112,0.0549
3650,0.003696,0.0003696,2.914e-09,3.3408400000000002e-09,2.6895999999999997e-10,2.8223999999999995e-10,3.62404e-09,0.01114,0.4538431,0.0019,0.17,0.0019,0.0111,0.0548
3660,0.003693,0.00036930000000000003,2.909e-09,3.3408400000000002e-09,2.6895999999999997e-10,2.8223999999999995e-10,3.61201e-09,0.01113,0.4538431,0.0019,0.169,0.0019,0.0111,0.0547
3670,0.003689,0.0003689,2.905e-09,3.3292899999999998e-09,2.6895999999999997e-10,2.8223999999999995e-10,3.61201e-09,0.01111,0.4538431,0.0019,0.169,0.0019,0.0111,0.0546
3680,0.003686,0.0003686,2.901e-09,3.3292899999999998e-09,2.6569e-10,2.8223999999999995e-10,3.6000000000000004e-09,0.01109,0.4538431,0.00189,0.169,0.0019,0.0111,0.0546
3690,0.003683,0.0003683,2.897e-09,3.3292899999999998e-09,2.6569e-10,2.8223999999999995e-10,3.6000000000000004e-09,0.01107,0.4538431,0.00189,0.169,0.0019,0.0111,0.0545
3700,0.00368,0.000368,2.893e-09,3.3177599999999995e-09,2.6569e-10,2.8223999999999995e-10,3.6000000000000004e-09,0.01105,0.4538431,0.00189,0.168,0.0019,0.0111,0.0544
3710,0.003677,0.0003677,2.888e-09,3.3177599999999995e-09,2.6569e-10,2.8223999999999995e-10,3.58801e-09,0.01104,0.4538431,0.00188,0.168,0.0019,0.011,0.0543
3720,0.003674,0.00036740000000000004,2.884e-09,3.3062500000000002e-09,2.6569e-10,2.8223999999999995e-10,3.58801e-09,0.01102,0.4538431,0.00188,0.168,0.0019,0.011,0.0542
3730,0.003671,0.0003671,2.88e-09,3.3062500000000002e-09,2.6569e-10,2.8223999999999995e-10,3.5760399999999996e-09,0.011,0.4538431,0.00188,0.167,0.0019,0.011,0.0542
3740,0.003668,0.00036679999999999997,2.876e-09,3.3062500000000002e-09,2.6244000000000003e-10,2.8223999999999995e-10,3.5760399999999996e-09,0.01098,0.4538431,0.00188,0.167,0.0019,0.011,0.0541
3750,0.003665,0.00036649999999999996,2.872e-09,3.29476e-09,2.6244000000000003e-10,2.8223999999999995e-10,3.5760399999999996e-09,0.01096,0.4538431,0.00187,0.167,0.0019,0.011,0.054
3760,0.003662,0.0003662,2.868e-09,3.29476e-09,2.6244000000000003e-10,2.8223999999999995e-10,3.5640900000000003e-09,0.01095,0.4538431,0.00187,0.167,0.0019,0.0109,0.0539
3770,0.003658,0.0003658,2.864e-09,3.2832899999999997e-09,2.6244000000000003e-10,2.8223999999999995e-10,3.5640900000000003e-09,0.01093,0.4538431,0.00187,0.166,0.0019,0.0109,0.0539
3780,0.003655,0.0003655,2.86e-09,3.2832899999999997e-09,2.6244000000000003e-10,2.8223999999999995e-10,3.55216e-09,0.01091,0.4538431,0.00186,0.166,0.0019,0.0109,0.0538
3790,0.003652,0.0003652,2.856e-09,3.27184e-09,2.6244000000000003e-10,2.8223999999999995e-10,3.55216e-09,0.01089,0.4538431,0.00186,0.166,0.0019,0.0109,0.0537
3800,0.003649,0.0003649,2.852e-09,3.27184e-09,2.592099999999999e-10,2.8223999999999995e-10,3.55216e-09,0.01088,0.4538431,0.00186,0.166,0.0019,0.0109,0.0536
3810,0.003646,0.00036459999999999997,2.848e-09,3.27184e-09,2.592099999999999e-10,2.8223999999999995e-10,3.5402500000000005e-09,0.01086,0.4538431,0.00186,0.165,0.0019,0.0109,0.0536
3820,0.003644,0.0003644,2.844e-09,3.26041e-09,2.592099999999999e-10,2.8223999999999995e-10,3.5402500000000005e-09,0.01084,0.4538431,0.00185,0.165,0.0019,0.0108,0.0535
3830,0.003641,0.0003641,2.84e-09,3.26041e-09,2.592099999999999e-10,2.8223999999999995e-10,3.52836e-09,0.01082,0.4538431,0.00185,0.165,0.0019,0.0108,0.0534
3840,0.003638,0.0003638,2.836e-09,3.2490000000000003e-09,2.592099999999999e-10,2.8223999999999995e-10,3.52836e-09,0.01081,0.4538431,0.00185,0.165,0.0019,0.0108,0.0533
3850,0.003635,0.0003635,2.832e-09,3.2490000000000003e-09,2.592099999999999e-10,2.8223999999999995e-10,3.52836e-09,0.01079,0.4538431,0.00185,0.164,0.0018,0.0108,0.0533
3860,0.003632,0.0003632,2.828e-09,3.2490000000000003e-09,2.56e-10,2.8223999999999995e-10,3.5164899999999997e-09,0.01077,0.4538431,0.00184,0.164,0.0018,0.0108,0.0532
3870,0.003629,0.0003629,2.824e-09,3.23761e-09,2.56e-10,2.8223999999999995e-10,3.5164899999999997e-09,0.01076,0.4538431,0.00184,0.164,0.0018,0.0108,0.0531
3880,0.003626,0.0003626,2.82e-09,3.23761e-09,2.56e-10,2.7888999999999995e-10,3.5046400000000004e-09,0.01074,0.4538431,0.00184,0.164,0.0018,0.0107,0.053
3890,0.003623,0.00036229999999999997,2.816e-09,3.22624e-09,2.56e-10,2.7888999999999995e-10,3.5046400000000004e-09,0.01072,0.4538431,0.00183,0.164,0.0018,0.0107,0.053
3900,0.00362,0.000362,2.813e-09,3.22624e-09,2.56e-10,2.7888999999999995e-10,3.5046400000000004e-09,0.01071,0.4538431,0.00183,0.163,0.0018,0.0107,0.0529
3910,0.003617,0.0003617,2.809e-09,3.22624e-09,2.56e-10,2.7888999999999995e-10,3.49281e-09,0.01069,0.4538431,0.00183,0.163,0.0018,0.0107,0.0528
3920,0.003615,0.0003615,2.805e-09,3.2148900000000003e-09,2.5281000000000003e-10,2.7888999999999995e-10,3.49281e-09,0.01067,0.4538431,0.00183,0.163,0.0018,0.0107,0.0528
3930,0.003612,0.0003612,2.801e-09,3.2148900000000003e-09,2.5281000000000003e-10,2.7888999999999995e-10,3.481e-09,0.01066,0.4538431,0.00182,0.163,0.0018,0.0107,0.0527
3940,0.003609,0.0003609,2.797e-09,3.2148900000000003e-09,2.5281000000000003e-10,2.7888999999999995e-10,3.481e-09,0.01064,0.4538431,0.00182,0.162,0.0018,0.0106,0.0526
3950,0.003606,0.0003606,2.794e-09,3.20356e-09,2.5281000000000003e-10,2.7888999999999995e-10,3.481e-09,0.01062,0.4538431,0.00182,0.162,0.0018,0.0106,0.0526
3960,0.003603,0.0003603,2.79e-09,3.20356e-09,2.5281000000000003e-10,2.7888999999999995e-10,3.4692100000000003e-09,0.01061,0.4538431,0.00182,0.162,0.0018,0.0106,0.0525
3970,0.0036,0.00035999999999999997,2.786e-09,3.1922499999999996e-09,2.5281000000000003e-10,2.7888999999999995e-10,3.4692100000000003e-09,0.01059,0.4538431,0.00181,0.162,0.0018,0.0106,0.0524
3980,0.003598,0.0003598,2.783e-09,3.1922499999999996e-09,2.5281000000000003e-10,2.7888999999999995e-10,3.4692100000000003e-09,0.01058,0.4538431,0.00181,0.161,0.0018,0.0106,0.0523
3990,0.003595,0.0003595,2.779e-09,3.1922499999999996e-09,2.4964000000000003e-10,2.7888999999999995e-10,3.45744e-09,0.01056,0.4538431,0.00181,0.161,0.0018,0.0106,0.0523
4000,0.003592,0.0003592,2.775e-09,3.18096e-09,2.4964000000000003e-10,2.7888999999999995e-10,3.45744e-09,0.01054,0.4538431,0.00181,0.161,0.0018,0.0105,0.0522
4010,0.003589,0.0003589,2.772e-09,3.18096e-09,2.4964000000000003e-10,2.7888999999999995e-10,3.4456899999999995e-09,0.01053,0.4538431,0.0018,0.161,0.0018,0.0105,0.0521
4020,0.003587,0.0003587,2.768e-09,3.18096e-09,2.4964000000000003e-10,2.7888999999999995e-10,3.4456899999999995e-09,0.01051,0.4538431,0.0018,0.16,0.0018,0.0105,0.0521
4030,0.003584,0.0003584,2.764e-09,3.16969e-09,2.4964000000000003e-10,2.7888999999999995e-10,3.4456899999999995e-09,0.0105,0.4538431,0.0018,0.16,0.0018,0.0105,0.052
4040,0.003581,0.0003581,2.761e-09,3.16969e-09,2.4964000000000003e-10,2.7888999999999995e-10,3.43396e-09,0.01048,0.4538431,0.0018,0.16,0.0018,0.0105,0.052
4050,0.003578,0.0003578,2.757e-09,3.1584399999999997e-09,2.4964000000000003e-10,2.7888999999999995e-10,3.43396e-09,0.01047,0.4538431,0.00179,0.16,0.0018,0.0105,0.0519
4060,0.003576,0.0003576,2.754e-09,3.1584399999999997e-09,2.4648999999999994e-10,2.7888999999999995e-10,3.42225e-09,0.01045,0.4538431,0.00179,0.16,0.0018,0.0105,0.0518
4070,0.003573,0.00035729999999999996,2.75e-09,3.1584399999999997e-09,2.4648999999999994e-10,2.7888999999999995e-10,3.42225e-09,0.01044,0.4538431,0.00179,0.159,0.0018,0.0104,0.0518
4080,0.00357,0.000357,2.747e-09,3.1472100000000003e-09,2.4648999999999994e-10,2.7888999999999995e-10,3.42225e-09,0.01042,0.4538431,0.00179,0.159,0.0018,0.0104,0.0517
4090,0.003568,0.0003568,2.743e-09,3.1472100000000003e-09,2.4648999999999994e-10,2.7888999999999995e-10,3.4105600000000003e-09,0.0104,0.4538431,0.00178,0.159,0.0018,0.0104,0.0516
4100,0.003565,0.0003565,2.74e-09,3.1472100000000003e-09,2.4648999999999994e-10,2.7888999999999995e-10,3.4105600000000003e-09,0.01039,0.4538431,0.00178,0.159,0.0018,0.0104,0.0516
4110,0.003562,0.0003562,2.736e-09,3.136e-09,2.4648999999999994e-10,2.7888999999999995e-10,3.4105600000000003e-09,0.01037,0.4538431,0.00178,0.158,0.0018,0.0104,0.0515
4120,0.00356,0.000356,2.733e-09,3.136e-09,2.4648999999999994e-10,2.7556000000000003e-10,3.39889e-09,0.01036,0.4538431,0.00178,0.158,0.0018,0.0104,0.0514
4130,0.003557,0.00035569999999999997,2.729e-09,3.136e-09,2.4336e-10,2.7556000000000003e-10,3.39889e-09,0.01034,0.4538431,0.00177,0.158,0.0018,0.0103,0.0514
4140,0.003554,0.00035539999999999997,2.726e-09,3.1248099999999997e-09,2.4336e-10,2.7556000000000003e-10,3.39889e-09,0.01033,0.4538431,0.00177,0.158,0.0018,0.0103,0.0513
4150,0.003552,0.0003552,2.722e-09,3.1248099999999997e-09,2.4336e-10,2.7556000000000003e-10,3.38724e-09,0.01031,0.4538431,0.00177,0.158,0.0018,0.0103,0.0513
4160,0.003549,0.0003549,2.719e-09,3.1248099999999997e-09,2.4336e-10,2.7556000000000003e-10,3.38724e-09,0.0103,0.4538431,0.00177,0.157,0.0018,0.0103,0.0512
4170,0.003547,0.0003547,2.716e-09,3.11364e-09,2.4336e-10,2.7556000000000003e-10,3.3756100000000005e-09,0.01028,0.4538431,0.00176,0.157,0.0018,0.0103,0.0511
4180,0.003544,0.0003544,2.712e-09,3.11364e-09,2.4336e-10,2.7556000000000003e-10,3.3756100000000005e-09,0.01027,0.4538431,0.00176,0.157,0.0018,0.0103,0.0511
4190,0.003542,0.0003542,2.709e-09,3.1024899999999997e-09,2.4336e-10,2.7556000000000003e-10,3.3756100000000005e-09,0.01025,0.4538431,0.00176,0.157,0.0018,0.0103,0.051
4200,0.003539,0.0003539,2.706e-09,3.1024899999999997e-09,2.4025e-10,2.7556000000000003e-10,3.364e-09,0.01024,0.4538431,0.00176,0.157,0.0018,0.0102,0.0509
4210,0.003536,0.00035360000000000003,2.702e-09,3.1024899999999997e-09,2.4025e-10,2.7556000000000003e-10,3.364e-09,0.01023,0.4538431,0.00175,0.156,0.0018,0.0102,0.0509
4220,0.003534,0.00035339999999999997,2.699e-09,3.0913600000000004e-09,2.4025e-10,2.7556000000000003e-10,3.364e-09,0.01021,0.4538431,0.00175,0.156,0.0018,0.0102,0.0508
4230,0.003531,0.00035309999999999996,2.696e-09,3.0913600000000004e-09,2.4025e-10,2.7556000000000003e-10,3.3524099999999996e-09,0.0102,0.4538431,0.00175,0.156,0.0018,0.0102,0.0508
4240,0.003529,0.0003529,2.692e-09,3.0913600000000004e-09,2.4025e-10,2.7556000000000003e-10,3.3524099999999996e-09,0.01018,0.4538431,0.00175,0.156,0.0018,0.0102,0.0507
4250,0.003526,0.0003526,2.689e-09,3.08025e-09,2.4025e-10,2.7556000000000003e-10,3.3524099999999996e-09,0.01017,0.4538431,0.00174,0.155,0.0018,0.0102,0.0506
4260,0.003524,0.0003524,2.686e-09,3.08025e-09,2.4025e-10,2.7556000000000003e-10,3.3408400000000002e-09,0.01015,0.4538431,0.00174,0.155,0.0018,0.0102,0.0506
4270,0.003521,0.0003521,2.682e-09,3.08025e-09,2.3716000000000004e-10,2.7556000000000003e-10,3.3408400000000002e-09,0.01014,0.4538431,0.00174,0.155,0.0018,0.0101,0.0505
4280,0.003519,0.0003519,2.679e-09,3.0691599999999998e-09,2.3716000000000004e-10,2.7556000000000003e-10,3.3408400000000002e-09,0.01013,0.4538431,0.00174,0.155,0.0018,0.0101,0.0505
4290,0.003516,0.0003516,2.676e-09,3.0691599999999998e-09,2.3716000000000004e-10,2.7556000000000003e-10,3.3292899999999998e-09,0.01011,0.4538431,0.00173,0.155,0.0018,0.0101,0.0504
4300,0.003514,0.00035140000000000003,2.673e-09,3.0691599999999998e-09,2.3716000000000004e-10,2.7556000000000003e-10,3.3292899999999998e-09,0.0101,0.4538431,0.00173,0.154,0.0018,0.0101,0.0504
4310,0.003511,0.00035109999999999997,2.67e-09,3.05809e-09,2.3716000000000004e-10,2.7556000000000003e-10,3.3177599999999995e-09,0.01008,0.4538431,0.00173,0.154,0.0018,0.0101,0.0503
4320,0.003509,0.0003509,2.666e-09,3.05809e-09,2.3716000000000004e-10,2.7556000000000003e-10,3.3177599999999995e-09,0.01007,0.4538431,0.00173,0.154,0.0018,0.0101,0.0502
4330,0.003506,0.0003506,2.663e-09,3.05809e-09,2.3716000000000004e-10,2.7556000000000003e-10,3.3177599999999995e-09,0.01006,0.4538431,0.00173,0.154,0.0018,0.0101,0.0502
4340,0.003504,0.0003504,2.66e-09,3.04704e-09,2.3716000000000004e-10,2.7556000000000003e-10,3.3062500000000002e-09,0.01004,0.4538431,0.00172,0.154,0.0018,0.01,0.0501
4350,0.003501,0.0003501,2.657e-09,3.04704e-09,2.3408999999999996e-10,2.7556000000000003e-10,3.3062500000000002e-09,0.01003,0.4538431,0.00172,0.153,0.0018,0.01,0.0501
4360,0.003499,0.0003499,2.654e-09,3.04704e-09,2.3408999999999996e-10,2.7556000000000003e-10,3.3062500000000002e-09,0.01001,0.4538431,0.00172,0.153,0.0018,0.01,0.05
4370,0.003497,0.0003497,2.651e-09,3.0360099999999997e-09,2.3408999999999996e-10,2.7556000000000003e-10,3.29476e-09,0.01,0.4538431,0.00172,0.153,0.0018,0.01,0.05
4380,0.003494,0.00034940000000000004,2.648e-09,3.0360099999999997e-09,2.3408999999999996e-10,2.7225e-10,3.29476e-09,0.009987,0.4538431,0.00171,0.153,0.0018,0.00999,0.0499
4390,0.003492,0.0003492,2.644e-09,3.0360099999999997e-09,2.3408999999999996e-10,2.7225e-10,3.29476e-09,0.009973,0.4538431,0.00171,0.153,0.0018,0.00997,0.0498
4400,0.003489,0.00034889999999999997,2.641e-09,3.025e-09,2.3408999999999996e-10,2.7225e-10,3.2832899999999997e-09,0.009959,0.4538431,0.00171,0.152,0.0018,0.00996,0.0498
4410,0.003487,0.0003487,2.638e-09,3.025e-09,2.3408999999999996e-10,2.7225e-10,3.2832899999999997e-09,0.009946,0.4538431,0.00171,0.152,0.0018,0.00995,0.0497
4420,0.003485,0.00034849999999999996,2.635e-09,3.025e-09,2.3408999999999996e-10,2.7225e-10,3.2832899999999997e-09,0.009933,0.4538431,0.00171,0.152,0.0018,0.00993,0.0497
4430,0.003482,0.0003482,2.632e-09,3.025e-09,2.3104e-10,2.7225e-10,3.27184e-09,0.009919,0.4538431,0.0017,0.152,0.0018,0.00992,0.0496
4440,0.00348,0.000348,2.629e-09,3.01401e-09,2.3104e-10,2.7225e-10,3.27184e-09,0.009906,0.4538431,0.0017,0.152,0.0018,0.00991,0.0496
4450,0.003478,0.0003478,2.626e-09,3.01401e-09,2.3104e-10,2.7225e-10,3.27184e-09,0.009893,0.4538431,0.0017,0.151,0.0018,0.00989,0.0495
4460,0.003475,0.0003475,2.623e-09,3.01401e-09,2.3104e-10,2.7225e-10,3.26041e-09,0.009879,0.4538431,0.0017,0.151,0.0018,0.00988,0.0495
4470,0.003473,0.0003473,2.62e-09,3.0030399999999996e-09,2.3104e-10,2.7225e-10,3.26041e-09,0.009866,0.4538431,0.00169,0.151,0.0018,0.00987,0.0494
4480,0.003471,0.00034710000000000003,2.617e-09,3.0030399999999996e-09,2.3104e-10,2.7225e-10,3.26041e-09,0.009853,0.4538431,0.00169,0.151,0.0018,0.00985,0.0494
4490,0.003468,0.0003468,2.614e-09,3.0030399999999996e-09,2.3104e-10,2.7225e-10,3.2490000000000003e-09,0.00984,0.4538431,0.00169,0.151,0.0018,0.00984,0.0493
4500,0.003466,0.00034659999999999997,2.611e-09,2.99209e-09,2.3104e-10,2.7225e-10,3.2490000000000003e-09,0.009827,0.4538431,0.00169,0.15,0.0018,0.00983,0.0493
4510,0.003464,0.0003464,2.608e-09,2.99209e-09,2.2800999999999997e-10,2.7225e-10,3.2490000000000003e-09,0.009814,0.4538431,0.00169,0.15,0.0018,0.00981,0.0492
4520,0.003461,0.0003461,2.605e-09,2.99209e-09,2.2800999999999997e-10,2.7225e-10,3.23761e-09,0.009801,0.4538431,0.00168,0.15,0.0018,0.0098,0.0491
4530,0.003459,0.0003459,2.602e-09,2.98116e-09,2.2800999999999997e-10,2.7225e-10,3.23761e-09,0.009788,0.4538431,0.00168,0.15,0.0018,0.00979,0.0491
4540,0.003457,0.0003457,2.599e-09,2.98116e-09,2.2800999999999997e-10,2.7225e-10,3.23761e-09,0.009776,0.4538431,0.00168,0.15,0.0018,0.00978,0.049
4550,0.003454,0.0003454,2.596e-09,2.98116e-09,2.2800999999999997e-10,2.7225e-10,3.22624e-09,0.009763,0.4538431,0.00168,0.149,0.0018,0.00976,0.049
4560,0.003452,0.00034520000000000004,2.593e-09,2.97025e-09,2.2800999999999997e-10,2.7225e-10,3.22624e-09,0.00975,0.4538431,0.00167,0.149,0.0018,0.00975,0.0489
4570,0.00345,0.000345,2.591e-09,2.97025e-09,2.2800999999999997e-10,2.7225e-10,3.22624e-09,0.009737,0.4538431,0.00167,0.149,0.0018,0.00974,0.0489
4580,0.003448,0.00034480000000000003,2.588e-09,2.97025e-09,2.2800999999999997e-10,2.7225e-10,3.2148900000000003e-09,0.009725,0.4538431,0.00167,0.149,0.0018,0.00972,0.0488
4590,0.003445,0.0003445,2.585e-09,2.97025e-09,2.2800999999999997e-10,2.7225e-10,3.2148900000000003e-09,0.009712,0.4538431,0.00167,0.149,0.0018,0.00971,0.0488
4600,0.003443,0.00034429999999999997,2.582e-09,2.95936e-09,2.25e-10,2.7225e-10,3.2148900000000003e-09,0.0097,0.4538431,0.00167,0.149,0.0018,0.0097,0.0487
4610,0.003441,0.0003441,2.579e-09,2.95936e-09,2.25e-10,2.7225e-10,3.20356e-09,0.009687,0.4538431,0.00166,0.148,0.0018,0.00969,0.0487
4620,0.003439,0.0003439,2.576e-09,2.95936e-09,2.25e-10,2.7225e-10,3.20356e-09,0.009675,0.4538431,0.00151,0.148,0.0018,0.00967,0.0486
4630,0.003437,0.0003437,2.574e-09,2.94849e-09,2.25e-10,2.7225e-10,3.20356e-09,0.009663,0.4538431,0.00151,0.148,0.0018,0.00966,0.0486
4640,0.003435,0.0003435,2.571e-09,2.94849e-09,2.25e-10,2.7225e-10,3.1922499999999996e-09,0.009652,0.4538431,0.00151,0.148,0.0018,0.00965,0.0485
4650,0.003433,0.0003433,2.569e-09,2.94849e-09,2.25e-10,2.7225e-10,3.1922499999999996e-09,0.009641,0.4538431,0.00151,0.148,0.0018,0.00964,0.0485
4660,0.003431,0.0003431,2.566e-09,2.94849e-09,2.25e-10,2.6895999999999997e-10,3.1922499999999996e-09,0.00963,0.4538431,0.0015,0.147,0.0018,0.00963,0.0485
4670,0.003429,0.00034290000000000004,2.563e-09,2.9376400000000002e-09,2.25e-10,2.6895999999999997e-10,3.1922499999999996e-09,0.009619,0.4538431,0.0015,0.147,0.0018,0.00962,0.0484
4680,0.003427,0.0003427,2.561e-09,2.9376400000000002e-09,2.25e-10,2.6895999999999997e-10,3.18096e-09,0.009608,0.4538431,0.0015,0.147,0.0018,0.00961,0.0484
4690,0.003425,0.00034250000000000003,2.558e-09,2.9376400000000002e-09,2.2201e-10,2.6895999999999997e-10,3.18096e-09,0.009597,0.4538431,0.0015,0.147,0.0018,0.0096,0.0483
4700,0.003423,0.00034229999999999997,2.556e-09,2.9376400000000002e-09,2.2201e-10,2.6895999999999997e-10,3.18096e-09,0.009586,0.4538431,0.0015,0.147,0.0018,0.00959,0.0483
4710,0.003421,0.0003421,2.553e-09,2.92681e-09,2.2201e-10,2.6895999999999997e-10,3.16969e-09,0.009575,0.4538431,0.00149,0.147,0.0018,0.00957,0.0482
4720,0.003419,0.0003419,2.551e-09,2.92681e-09,2.2201e-10,2.6895999999999997e-10,3.16969e-09,0.009564,0.4538431,0.00149,0.146,0.0018,0.00956,0.0482
4730,0.003417,0.0003417,2.548e-09,2.92681e-09,2.2201e-10,2.6895999999999997e-10,3.16969e-09,0.009553,0.4538431,0.00149,0.146,0.0018,0.00955,0.0481
4740,0.003415,0.0003415,2.546e-09,2.916e-09,2.2201e-10,2.6895999999999997e-10,3.16969e-09,0.009542,0.4538431,0.00149,0.146,0.0018,0.00954,0.0481
4750,0.003413,0.0003413,2.543e-09,2.916e-09,2.2201e-10,2.6895999999999997e-10,3.1584399999999997e-09,0.009531,0.4538431,0.00149,0.146,0.0018,0.00953,0.0481
4760,0.003411,0.0003411,2.541e-09,2.916e-09,2.2201e-10,2.6895999999999997e-10,3.1584399999999997e-09,0.00952,0.4538431,0.00149,0.146,0.0018,0.00952,0.048
4770,0.003409,0.0003409,2.539e-09,2.916e-09,2.2201e-10,2.6895999999999997e-10,3.1584399999999997e-09,0.00951,0.4538431,0.00148,0.145,0.0018,0.00951,0.048
4780,0.003407,0.0003407,2.536e-09,2.90521e-09,2.2201e-10,2.6895999999999997e-10,3.1472100000000003e-09,0.009499,0.4538431,0.00148,0.145,0.0018,0.0095,0.0479
4790,0.003405,0.0003405,2.534e-09,2.90521e-09,2.1904000000000003e-10,2.6895999999999997e-10,3.1472100000000003e-09,0.009488,0.4538431,0.00148,0.145,0.0018,0.00949,0.0479
4800,0.003403,0.00034030000000000003,2.531e-09,2.90521e-09,2.1904000000000003e-10,2.6895999999999997e-10,3.1472100000000003e-09,0.009478,0.4538431,0.00148,0.145,0.0018,0.00948,0.0478
4810,0.003401,0.00034009999999999997,2.529e-09,2.90521e-09,2.1904000000000003e-10,2.6895999999999997e-10,3.1472100000000003e-09,0.009467,0.4538431,0.00148,0.145,0.0018,0.00947,0.0478
4820,0.003399,0.0003399,2.526e-09,2.89444e-09,2.1904000000000003e-10,2.6895999999999997e-10,3.136e-09,0.009456,0.4538431,0.00147,0.145,0.0018,0.00946,0.0478
4830,0.003397,0.00033969999999999996,2.524e-09,2.89444e-09,2.1904000000000003e-10,2.6895999999999997e-10,3.136e-09,0.009446,0.4538431,0.00147,0.144,0.0018,0.00945,0.0477
4840,0.003396,0.0003396,2.522e-09,2.89444e-09,2.1904000000000003e-10,2.6895999999999997e-10,3.136e-09,0.009435,0.4538431,0.00147,0.144,0.0018,0.00944,0.0477
4850,0.003394,0.0003394,2.519e-09,2.89444e-09,2.1904000000000003e-10,2.6895999999999997e-10,3.1248099999999997e-09,0.009425,0.4538431,0.00147,0.144,0.0018,0.00942,0.0476
4860,0.003392,0.0003392,2.517e-09,2.8836899999999996e-09,2.1904000000000003e-10,2.6895999999999997e-10,3.1248099999999997e-09,0.009414,0.4538431,0.00147,0.144,0.0018,0.00941,0.0476
4870,0.00339,0.000339,2.514e-09,2.8836899999999996e-09,2.1904000000000003e-10,2.6895999999999997e-10,3.1248099999999997e-09,0.009404,0.4538431,0.00147,0.144,0.0018,0.0094,0.0475
4880,0.003388,0.0003388,2.512e-09,2.8836899999999996e-09,2.1904000000000003e-10,2.6895999999999997e-10,3.1248099999999997e-09,0.009394,0.4538431,0.00146,0.144,0.0018,0.00939,0.0475
4890,0.003386,0.0003386,2.51e-09,2.8836899999999996e-09,2.1609e-10,2.6895999999999997e-10,3.11364e-09,0.009383,0.4538431,0.00146,0.143,0.0017,0.00938,0.0475
4900,0.003384,0.0003384,2.507e-09,2.8729600000000004e-09,2.1609e-10,2.6895999999999997e-10,3.11364e-09,0.009373,0.4538431,0.00146,0.143,0.0017,0.00937,0.0474
4910,0.003382,0.0003382,2.505e-09,2.8729600000000004e-09,2.1609e-10,2.6895999999999997e-10,3.11364e-09,0.009363,0.4538431,0.00146,0.143,0.0017,0.00936,0.0474
4920,0.003381,0.0003381,2.503e-09,2.8729600000000004e-09,2.1609e-10,2.6895999999999997e-10,3.11364e-09,0.009352,0.4538431,0.00146,0.143,0.0017,0.00935,0.0473
4930,0.003379,0.00033790000000000003,2.5e-09,2.8729600000000004e-09,2.1609e-10,2.6895999999999997e-10,3.1024899999999997e-09,0.009342,0.4538431,0.00146,0.143,0.0017,0.00934,0.0473
4940,0.003377,0.00033769999999999997,2.498e-09,2.86225e-09,2.1609e-10,2.6895999999999997e-10,3.1024899999999997e-09,0.009332,0.4538431,0.00145,0.143,0.0017,0.00933,0.0473
4950,0.003375,0.0003375,2.496e-09,2.86225e-09,2.1609e-10,2.6895999999999997e-10,3.1024899999999997e-09,0.009322,0.4538431,0.00145,0.142,0.0017,0.00932,0.0472
4960,0.003373,0.0003373,2.493e-09,2.86225e-09,2.1609e-10,2.6895999999999997e-10,3.0913600000000004e-09,0.009312,0.4538431,0.00145,0.142,0.0017,0.00931,0.0472
4970,0.003371,0.0003371,2.491e-09,2.86225e-09,2.1609e-10,2.6895999999999997e-10,3.0913600000000004e-09,0.009302,0.4538431,0.00145,0.142,0.0017,0.0093,0.0471
4980,0.00337,0.000337,2.489e-09,2.8515599999999996e-09,2.1609e-10,2.6895999999999997e-10,3.0913600000000004e-09,0.009292,0.4538431,0.00145,0.142,0.0017,0.00929,0.0471
4990,0.003368,0.0003368,2.486e-09,2.8515599999999996e-09,2.1609e-10,2.6569e-10,3.0913600000000004e-09,0.009282,0.4538431,0.00145,0.142,0.0017,0.00928,0.0471
5000,0.003366,0.0003366,2.484e-09,2.8515599999999996e-09,2.1316000000000002e-10,2.6569e-10,3.08025e-09,0.009272,0.4538431,0.00144,0.142,0.0017,0.00927,0.047
5010,0.003364,0.0003364,2.482e-09,2.8515599999999996e-09,2.1316000000000002e-10,2.6569e-10,3.08025e-09,0.009262,0.4538431,0.00144,0.141,0.0017,0.00926,0.047
5020,0.003362,0.0003362,2.48e-09,2.84089e-09,2.1316000000000002e-10,2.6569e-10,3.08025e-09,0.009252,0.4538431,0.00144,0.141,0.0017,0.00925,0.0469
5030,0.00336,0.00033600000000000004,2.477e-09,2.84089e-09,2.1316000000000002e-10,2.6569e-10,3.08025e-09,0.009242,0.4538431,0.00144,0.141,0.0017,0.00924,0.0469
5040,0.003359,0.0003359,2.475e-09,2.84089e-09,2.1316000000000002e-10,2.6569e-10,3.0691599999999998e-09,0.009232,0.4538431,0.00144,0.141,0.0017,0.00923,0.0469
5050,0.003357,0.00033570000000000003,2.473e-09,2.84089e-09,2.1316000000000002e-10,2.6569e-10,3.0691599999999998e-09,0.009222,0.4538431,0.00144,0.141,0.0017,0.00922,0.0468
5060,0.003355,0.00033549999999999997,2.471e-09,2.84089e-09,2.1316000000000002e-10,2.6569e-10,3.0691599999999998e-09,0.009213,0.4538431,0.00143,0.141,0.0017,0.00921,0.0468
5070,0.003353,0.0003353,2.468e-09,2.83024e-09,2.1316000000000002e-10,2.6569e-10,3.05809e-09,0.009203,0.4538431,0.00143,0.14,0.0017,0.0092,0.0467
5080,0.003351,0.00033509999999999996,2.466e-09,2.83024e-09,2.1316000000000002e-10,2.6569e-10,3.05809e-09,0.009193,0.4538431,0.00143,0.14,0.0017,0.00919,0.0467
5090,0.00335,0.000335,2.464e-09,2.83024e-09,2.1316000000000002e-10,2.6569e-10,3.05809e-09,0.009183,0.4538431,0.00143,0.14,0.0017,0.00918,0.0467
5100,0.003348,0.0003348,2.462e-09,2.83024e-09,2.1316000000000002e-10,2.6569e-10,3.05809e-09,0.009174,0.4538431,0.00143,0.14,0.0017,0.00917,0.0466
5110,0.003346,0.0003346,2.459e-09,2.8196100000000004e-09,2.1025e-10,2.6569e-10,3.04704e-09,0.009164,0.4538431,0.00143,0.14,0.0017,0.00916,0.0466
5120,0.003344,0.0003344,2.457e-09,2.8196100000000004e-09,2.1025e-10,2.6569e-10,3.04704e-09,0.009154,0.4538431,0.00142,0.14,0.0017,0.00915,0.0465
5130,0.003343,0.0003343,2.455e-09,2.8196100000000004e-09,2.1025e-10,2.6569e-10,3.04704e-09,0.009145,0.4538431,0.00142,0.14,0.0017,0.00914,0.0465
5140,0.003341,0.0003341,2.453e-09,2.8196100000000004e-09,2.1025e-10,2.6569e-10,3.04704e-09,0.009135,0.4538431,0.00142,0.139,0.0017,0.00914,0.0465
5150,0.003339,0.0003339,2.451e-09,2.809e-09,2.1025e-10,2.6569e-10,3.0360099999999997e-09,0.009126,0.4538431,0.00142,0.139,0.0017,0.00913,0.0464
5160,0.003337,0.00033370000000000003,2.449e-09,2.809e-09,2.1025e-10,2.6569e-10,3.0360099999999997e-09,0.009116,0.4538431,0.00142,0.139,0.0017,0.00912,0.0464
5170,0.003336,0.0003336,2.446e-09,2.809e-09,2.1025e-10,2.6569e-10,3.0360099999999997e-09,0.009107,0.4538431,0.00142,0.139,0.0017,0.00911,0.0464
5180,0.003334,0.0003334,2.444e-09,2.809e-09,2.1025e-10,2.6569e-10,3.0360099999999997e-09,0.009097,0.4538431,0.00141,0.139,0.0017,0.0091,0.0463
5190,0.003332,0.00033319999999999997,2.442e-09,2.7984099999999996e-09,2.1025e-10,2.6569e-10,3.025e-09,0.009088,0.4538431,0.00141,0.139,0.0017,0.00909,0.0463
5200,0.003331,0.0003331,2.44e-09,2.7984099999999996e-09,2.1025e-10,2.6569e-10,3.025e-09,0.009079,0.4538431,0.00141,0.138,0.0017,0.00908,0.0462
5210,0.003329,0.0003329,2.438e-09,2.7984099999999996e-09,2.1025e-10,2.6569e-10,3.025e-09,0.009069,0.4538431,0.00141,0.138,0.0017,0.00907,0.0462
5220,0.003327,0.0003327,2.436e-09,2.7984099999999996e-09,2.1025e-10,2.6569e-10,3.025e-09,0.00906,0.4538431,0.00141,0.138,0.0017,0.00906,0.0462
5230,0.003325,0.0003325,2.434e-09,2.7984099999999996e-09,2.0735999999999997e-10,2.6569e-10,3.01401e-09,0.009051,0.4538431,0.00141,0.138,0.0017,0.00905,0.0461
5240,0.003324,0.0003324,2.431e-09,2.78784e-09,2.0735999999999997e-10,2.6569e-10,3.01401e-09,0.009041,0.4538431,0.00141,0.138,0.0017,0.00904,0.0461
5250,0.003322,0.0003322,2.429e-09,2.78784e-09,2.0735999999999997e-10,2.6569e-10,3.01401e-09,0.009032,0.4538431,0.0014,0.138,0.0017,0.00903,0.0461
5260,0.00332,0.000332,2.427e-09,2.78784e-09,2.0735999999999997e-10,2.6569e-10,3.01401e-09,0.009023,0.4538431,0.0014,0.137,0.0017,0.00902,0.046
5270,0.003319,0.0003319,2.425e-09,2.78784e-09,2.0735999999999997e-10,2.6569e-10,3.0030399999999996e-09,0.009014,0.4538431,0.0014,0.137,0.0017,0.00901,0.046
5280,0.003317,0.0003317,2.423e-09,2.77729e-09,2.0735999999999997e-10,2.6569e-10,3.0030399999999996e-09,0.009004,0.4538431,0.0014,0.137,0.0017,0.009,0.0459
5290,0.003315,0.0003315,2.421e-09,2.77729e-09,2.0735999999999997e-10,2.6569e-10,3.0030399999999996e-09,0.008995,0.4538431,0.0014,0.137,0.0017,0.009,0.0459
5300,0.003314,0.00033140000000000003,2.419e-09,2.77729e-09,2.0735999999999997e-10,2.6569e-10,2.99209e-09,0.008986,0.4538431,0.0014,0.137,0.0017,0.00899,0.0459
5310,0.003312,0.0003312,2.417e-09,2.77729e-09,2.0735999999999997e-10,2.6569e-10,2.99209e-09,0.008977,0.4538431,0.00139,0.137,0.0017,0.00898,0.0458
5320,0.00331,0.000331,2.415e-09,2.77729e-09,2.0735999999999997e-10,2.6569e-10,2.99209e-09,0.008968,0.4538431,0.00139,0.137,0.0017,0.00897,0.0458
5330,0.003309,0.00033089999999999997,2.413e-09,2.7667599999999997e-09,2.0735999999999997e-10,2.6569e-10,2.99209e-09,0.008959,0.4538431,0.00139,0.136,0.0017,0.00896,0.0458
5340,0.003307,0.0003307,2.411e-09,2.7667599999999997e-09,2.0735999999999997e-10,2.6244000000000003e-10,2.98116e-09,0.00895,0.4538431,0.00139,0.136,0.0017,0.00895,0.0457
5350,0.003305,0.0003305,2.408e-09,2.7667599999999997e-09,2.0449e-10,2.6244000000000003e-10,2.98116e-09,0.008941,0.4538431,0.00139,0.136,0.0017,0.00894,0.0457
5360,0.003304,0.0003304,2.406e-09,2.7667599999999997e-09,2.0449e-10,2.6244000000000003e-10,2.98116e-09,0.008932,0.4538431,0.00139,0.136,0.0017,0.00893,0.0457
5370,0.003302,0.0003302,2.404e-09,2.7562500000000003e-09,2.0449e-10,2.6244000000000003e-10,2.98116e-09,0.008923,0.4538431,0.00139,0.136,0.0017,0.00892,0.0456
5380,0.0033,0.00033,2.402e-09,2.7562500000000003e-09,2.0449e-10,2.6244000000000003e-10,2.97025e-09,0.008914,0.4538431,0.00138,0.136,0.0017,0.00891,0.0456
5390,0.003299,0.0003299,2.4e-09,2.7562500000000003e-09,2.0449e-10,2.6244000000000003e-10,2.97025e-09,0.008905,0.4538431,0.00138,0.136,0.0017,0.00891,0.0456
5400,0.003297,0.0003297,2.398e-09,2.7562500000000003e-09,2.0449e-10,2.6244000000000003e-10,2.97025e-09,0.008897,0.4538431,0.00138,0.135,0.0017,0.0089,0.0455
5410,0.003295,0.00032950000000000004,2.396e-09,2.7562500000000003e-09,2.0449e-10,2.6244000000000003e-10,2.97025e-09,0.008888,0.4538431,0.00138,0.135,0.0017,0.00889,0.0455
5420,0.003294,0.0003294,2.394e-09,2.74576e-09,2.0449e-10,2.6244000000000003e-10,2.95936e-09,0.008879,0.4538431,0.00138,0.135,0.0017,0.00888,0.0454
5430,0.003292,0.0003292,2.392e-09,2.74576e-09,2.0449e-10,2.6244000000000003e-10,2.95936e-09,0.00887,0.4538431,0.00138,0.135,0.0017,0.00887,0.0454
5440,0.00329,0.000329,2.39e-09,2.74576e-09,2.0449e-10,2.6244000000000003e-10,2.95936e-09,0.008861,0.4538431,0.00138,0.135,0.0017,0.00886,0.0454
5450,0.003289,0.00032889999999999997,2.388e-09,2.74576e-09,2.0449e-10,2.6244000000000003e-10,2.95936e-09,0.008853,0.4538431,0.00137,0.135,0.0017,0.00885,0.0453
5460,0.003287,0.0003287,2.386e-09,2.7352899999999996e-09,2.0449e-10,2.6244000000000003e-10,2.94849e-09,0.008844,0.4538431,0.00137,0.135,0.0017,0.00884,0.0453
5470,0.003286,0.00032859999999999996,2.384e-09,2.7352899999999996e-09,2.0164e-10,2.6244000000000003e-10,2.94849e-09,0.008835,0.4538431,0.00137,0.134,0.0017,0.00884,0.0453
5480,0.003284,0.0003284,2.382e-09,2.7352899999999996e-09,2.0164e-10,2.6244000000000003e-10,2.94849e-09,0.008827,0.4538431,0.00137,0.134,0.0017,0.00883,0.0452
5490,0.003282,0.0003282,2.38e-09,2.7352899999999996e-09,2.0164e-10,2.6244000000000003e-10,2.94849e-09,0.008818,0.4538431,0.00137,0.134,0.0017,0.00882,0.0452
5500,0.003281,0.0003281,2.378e-09,2.7352899999999996e-09,2.0164e-10,2.6244000000000003e-10,2.94849e-09,0.00881,0.4538431,0.00137,0.134,0.0017,0.00881,0.0452
5510,0.003279,0.0003279,2.376e-09,2.7248400000000003e-09,2.0164e-10,2.6244000000000003e-10,2.9376400000000002e-09,0.008801,0.4538431,0.00137,0.134,0.0017,0.0088,0.0451
5520,0.003278,0.0003278,2.374e-09,2.7248400000000003e-09,2.0164e-10,2.6244000000000003e-10,2.9376400000000002e-09,0.008792,0.4538431,0.00136,0.134,0.0017,0.00879,0.0451
5530,0.003276,0.0003276,2.372e-09,2.7248400000000003e-09,2.0164e-10,2.6244000000000003e-10,2.9376400000000002e-09,0.008784,0.4538431,0.00136,0.134,0.0017,0.00878,0.0451
5540,0.003274,0.0003274,2.37e-09,2.7248400000000003e-09,2.0164e-10,2.6244000000000003e-10,2.9376400000000002e-09,0.008775,0.4538431,0.00136,0.133,0.0017,0.00878,0.045
5550,0.003273,0.0003273,2.369e-09,2.7248400000000003e-09,2.0164e-10,2.6244000000000003e-10,2.92681e-09,0.008767,0.4538431,0.00136,0.133,0.0017,0.00877,0.045
5560,0.003271,0.0003271,2.367e-09,2.71441e-09,2.0164e-10,2.6244000000000003e-10,2.92681e-09,0.008758,0.4538431,0.00136,0.133,0.0017,0.00876,0.045
5570,0.00327,0.000327,2.365e-09,2.71441e-09,2.0164e-10,2.6244000000000003e-10,2.92681e-09,0.00875,0.4538431,0.00136,0.133,0.0017,0.00875,0.0449
5580,0.003268,0.00032680000000000003,2.363e-09,2.71441e-09,2.0164e-10,2.6244000000000003e-10,2.92681e-09,0.008742,0.4538431,0.00136,0.133,0.0017,0.00874,0.0449
5590,0.003267,0.00032669999999999997,2.361e-09,2.71441e-09,2.0164e-10,2.6244000000000003e-10,2.916e-09,0.008733,0.4538431,0.00135,0.133,0.0017,0.00873,0.0449
5600,0.003265,0.0003265,2.359e-09,2.71441e-09,1.9881e-10,2.6244000000000003e-10,2.916e-09,0.008725,0.4538431,0.00135,0.133,0.0017,0.00872,0.0448
5610,0.003264,0.0003264,2.357e-09,2.7039999999999998e-09,1.9881e-10,2.6244000000000003e-10,2.916e-09,0.008717,0.4538431,0.00135,0.132,0.0017,0.00872,0.0448
5620,0.003262,0.0003262,2.355e-09,2.7039999999999998e-09,1.9881e-10,2.6244000000000003e-10,2.916e-09,0.008708,0.4538431,0.00135,0.132,0.0017,0.00871,0.0448
5630,0.00326,0.000326,2.353e-09,2.7039999999999998e-09,1.9881e-10,2.6244000000000003e-10,2.90521e-09,0.0087,0.4538431,0.00135,0.132,0.0017,0.0087,0.0447
5640,0.003259,0.0003259,2.351e-09,2.7039999999999998e-09,1.9881e-10,2.6244000000000003e-10,2.90521e-09,0.008692,0.4538431,0.00135,0.132,0.0017,0.00869,0.0447
5650,0.003257,0.0003257,2.349e-09,2.69361e-09,1.9881e-10,2.6244000000000003e-10,2.90521e-09,0.008683,0.4538431,0.00135,0.132,0.0017,0.00868,0.0447
5660,0.003256,0.0003256,2.347e-09,2.69361e-09,1.9881e-10,2.6244000000000003e-10,2.90521e-09,0.008675,0.4538431,0.00134,0.132,0.0017,0.00868,0.0446
5670,0.003254,0.0003254,2.346e-09,2.69361e-09,1.9881e-10,2.6244000000000003e-10,2.89444e-09,0.008667,0.4538431,0.00134,0.132,0.0017,0.00867,0.0446
5680,0.003253,0.0003253,2.344e-09,2.69361e-09,1.9881e-10,2.6244000000000003e-10,2.89444e-09,0.008659,0.4538431,0.00134,0.132,0.0017,0.00866,0.0446
5690,0.003251,0.0003251,2.342e-09,2.69361e-09,1.9881e-10,2.6244000000000003e-10,2.89444e-09,0.008651,0.4538431,0.00134,0.131,0.0017,0.00865,0.0445
5700,0.00325,0.000325,2.34e-09,2.68324e-09,1.9881e-10,2.6244000000000003e-10,2.89444e-09,0.008643,0.4538431,0.00134,0.131,0.0017,0.00864,0.0445
5710,0.003248,0.0003248,2.338e-09,2.68324e-09,1.9881e-10,2.6244000000000003e-10,2.8836899999999996e-09,0.008634,0.4538431,0.00147,0.131,0.0017,0.00863,0.0445
5720,0.003246,0.00032460000000000003,2.336e-09,2.68324e-09,1.9881e-10,2.6244000000000003e-10,2.8836899999999996e-09,0.008625,0.4538431,0.00147,0.131,0.0017,0.00863,0.0444
5730,0.003245,0.00032450000000000003,2.334e-09,2.68324e-09,1.96e-10,2.592099999999999e-10,2.8836899999999996e-09,0.008616,0.4538431,0.00147,0.131,0.0017,0.00862,0.0444
5740,0.003243,0.00032429999999999997,2.332e-09,2.68324e-09,1.96e-10,2.592099999999999e-10,2.8836899999999996e-09,0.008607,0.4538431,0.00147,0.131,0.0017,0.00861,0.0444
5750,0.003241,0.0003241,2.33e-09,2.6728900000000003e-09,1.96e-10,2.592099999999999e-10,2.8729600000000004e-09,0.008599,0.4538431,0.00147,0.131,0.0017,0.0086,0.0443
5760,0.00324,0.00032399999999999996,2.328e-09,2.6728900000000003e-09,1.96e-10,2.592099999999999e-10,2.8729600000000004e-09,0.00859,0.4538431,0.00146,0.13,0.0017,0.00859,0.0443
5770,0.003238,0.0003238,2.326e-09,2.6728900000000003e-09,1.96e-10,2.592099999999999e-10,2.8729600000000004e-09,0.008581,0.4538431,0.00146,0.13,0.0017,0.00858,0.0443
5780,0.003237,0.0003237,2.324e-09,2.6728900000000003e-09,1.96e-10,2.592099999999999e-10,2.8729600000000004e-09,0.008572,0.4538431,0.00146,0.13,0.0017,0.00857,0.0442
5790,0.003235,0.0003235,2.322e-09,2.6728900000000003e-09,1.96e-10,2.592099999999999e-10,2.86225e-09,0.008564,0.4538431,0.00146,0.13,0.0017,0.00856,0.0442
5800,0.003233,0.0003233,2.32e-09,2.66256e-09,1.96e-10,2.592099999999999e-10,2.86225e-09,0.008555,0.4538431,0.00146,0.13,0.0017,0.00855,0.0442
5810,0.003232,0.0003232,2.318e-09,2.66256e-09,1.96e-10,2.592099999999999e-10,2.86225e-09,0.008546,0.4538431,0.00146,0.13,0.0017,0.00855,0.0441
5820,0.00323,0.000323,2.316e-09,2.66256e-09,1.96e-10,2.592099999999999e-10,2.86225e-09,0.008538,0.4538431,0.00145,0.13,0.0017,0.00854,0.0441
5830,0.003228,0.0003228,2.314e-09,2.66256e-09,1.96e-10,2.592099999999999e-10,2.8515599999999996e-09,0.008529,0.4538431,0.00145,0.13,0.0017,0.00853,0.044
5840,0.003227,0.0003227,2.312e-09,2.65225e-09,1.96e-10,2.592099999999999e-10,2.8515599999999996e-09,0.00852,0.4538431,0.00145,0.129,0.0017,0.00852,0.044
5850,0.003225,0.0003225,2.31e-09,2.65225e-09,1.96e-10,2.592099999999999e-10,2.8515599999999996e-09,0.008512,0.4538431,0.00145,0.129,0.0017,0.00851,0.044
5860,0.003224,0.0003224,2.308e-09,2.65225e-09,1.9321000000000002e-10,2.592099999999999e-10,2.8515599999999996e-09,0.008503,0.4538431,0.00145,0.129,0.0017,0.0085,0.0439
5870,0.003222,0.0003222,2.306e-09,2.65225e-09,1.9321000000000002e-10,2.592099999999999e-10,2.84089e-09,0.008495,0.4538431,0.00145,0.129,0.0017,0.00849,0.0439
5880,0.00322,0.000322,2.304e-09,2.65225e-09,1.9321000000000002e-10,2.592099999999999e-10,2.84089e-09,0.008486,0.4538431,0.00145,0.129,0.0017,0.00849,0.0439
5890,0.003219,0.0003219,2.302e-09,2.6419600000000003e-09,1.9321000000000002e-10,2.592099999999999e-10,2.84089e-09,0.008478,0.4538431,0.00144,0.129,0.0017,0.00848,0.0438
5900,0.003217,0.00032169999999999996,2.3e-09,2.6419600000000003e-09,1.9321000000000002e-10,2.592099999999999e-10,2.84089e-09,0.008469,0.4538431,0.00144,0.129,0.0017,0.00847,0.0438
5910,0.003216,0.0003216,2.298e-09,2.6419600000000003e-09,1.9321000000000002e-10,2.592099999999999e-10,2.83024e-09,0.008461,0.4538431,0.00144,0.129,0.0017,0.00846,0.0438
5920,0.003214,0.0003214,2.296e-09,2.6419600000000003e-09,1.9321000000000002e-10,2.592099999999999e-10,2.83024e-09,0.008452,0.4538431,0.00144,0.128,0.0017,0.00845,0.0437
5930,0.003212,0.0003212,2.294e-09,2.63169e-09,1.9321000000000002e-10,2.592099999999999e-10,2.83024e-09,0.008444,0.4538431,0.00144,0.128,0.0017,0.00844,0.0437
5940,0.003211,0.0003211,2.292e-09,2.63169e-09,1.9321000000000002e-10,2.592099999999999e-10,2.83024e-09,0.008436,0.4538431,0.00144,0.128,0.0017,0.00844,0.0437
5950,0.003209,0.0003209,2.291e-09,2.63169e-09,1.9321000000000002e-10,2.592099999999999e-10,2.8196100000000004e-09,0.008427,0.4538431,0.00144,0.128,0.0017,0.00843,0.0436
5960,0.003208,0.0003208,2.289e-09,2.63169e-09,1.9321000000000002e-10,2.592099999999999e-10,2.8196100000000004e-09,0.008419,0.4538431,0.00143,0.128,0.0017,0.00842,0.0436
5970,0.003206,0.0003206,2.287e-09,2.63169e-09,1.9321000000000002e-10,2.592099999999999e-10,2.8196100000000004e-09,0.008411,0.4538431,0.00143,0.128,0.0017,0.00841,0.0436
5980,0.003205,0.0003205,2.285e-09,2.6214399999999996e-09,1.9321000000000002e-10,2.592099999999999e-10,2.8196100000000004e-09,0.008402,0.4538431,0.00143,0.128,0.0017,0.0084,0.0435
5990,0.003203,0.00032030000000000003,2.283e-09,2.6214399999999996e-09,1.9044e-10,2.592099999999999e-10,2.809e-09,0.008394,0.4538431,0.00143,0.128,0.0017,0.00839,0.0435
6000,0.003201,0.0003201,2.281e-09,2.6214399999999996e-09,1.9044e-10,2.592099999999999e-10,2.809e-09,0.008386,0.4538431,0.00143,0.127,0.0017,0.00839,0.0435
6010,0.0032,0.00032,2.279e-09,2.6214399999999996e-09,1.9044e-10,2.592099999999999e-10,2.809e-09,0.008378,0.4538431,0.00143,0.127,0.0017,0.00838,0.0434
6020,0.003198,0.00031979999999999997,2.277e-09,2.6214399999999996e-09,1.9044e-10,2.592099999999999e-10,2.809e-09,0.008369,0.4538431,0.00143,0.127,0.0017,0.00837,0.0434
6030,0.003197,0.0003197,2.275e-09,2.61121e-09,1.9044e-10,2.592099999999999e-10,2.809e-09,0.008361,0.4538431,0.00143,0.127,0.0017,0.00836,0.0434
6040,0.003195,0.0003195,2.274e-09,2.61121e-09,1.9044e-10,2.592099999999999e-10,2.7984099999999996e-09,0.008353,0.4538431,0.00142,0.127,0.0017,0.00835,0.0433
6050,0.003194,0.00031939999999999996,2.272e-09,2.61121e-09,1.9044e-10,2.592099999999999e-10,2.7984099999999996e-09,0.008345,0.4538431,0.00142,0.127,0.0017,0.00835,0.0433
6060,0.003192,0.0003192,2.27e-09,2.61121e-09,1.9044e-10,2.592099999999999e-10,2.7984099999999996e-09,0.008337,0.4538431,0.00142,0.127,0.0017,0.00834,0.0433
6070,0.003191,0.0003191,2.268e-09,2.61121e-09,1.9044e-10,2.592099999999999e-10,2.7984099999999996e-09,0.008329,0.4538431,0.00142,0.127,0.0017,0.00833,0.0432
6080,0.003189,0.0003189,2.266e-09,2.601e-09,1.9044e-10,2.592099999999999e-10,2.78784e-09,0.008321,0.4538431,0.00142,0.126,0.0017,0.00832,0.0432
6090,0.003188,0.0003188,2.264e-09,2.601e-09,1.9044e-10,2.592099999999999e-10,2.78784e-09,0.008313,0.4538431,0.00142,0.126,0.0017,0.00831,0.0432
6100,0.003186,0.0003186,2.262e-09,2.601e-09,1.9044e-10,2.592099999999999e-10,2.78784e-09,0.008305,0.4538431,0.00142,0.126,0.0017,0.0083,0.0431
6110,0.003185,0.0003185,2.261e-09,2.601e-09,1.9044e-10,2.592099999999999e-10,2.78784e-09,0.008297,0.4538431,0.00141,0.126,0.0017,0.0083,0.0431
6120,0.003183,0.0003183,2.259e-09,2.601e-09,1.9044e-10,2.56e-10,2.77729e-09,0.008289,0.4538431,0.00141,0.126,0.0017,0.00829,0.0431
6130,0.003182,0.0003182,2.257e-09,2.5908099999999997e-09,1.8768999999999997e-10,2.56e-10,2.77729e-09,0.008281,0.4538431,0.00141,0.126,0.0017,0.00828,0.0431
6140,0.00318,0.00031800000000000003,2.255e-09,2.5908099999999997e-09,1.8768999999999997e-10,2.56e-10,2.77729e-09,0.008273,0.4538431,0.00141,0.126,0.0017,0.00827,0.043
6150,0.003179,0.0003179,2.253e-09,2.5908099999999997e-09,1.8768999999999997e-10,2.56e-10,2.77729e-09,0.008265,0.4538431,0.00141,0.126,0.0017,0.00826,0.043
6160,0.003177,0.0003177,2.251e-09,2.5908099999999997e-09,1.8768999999999997e-10,2.56e-10,2.7667599999999997e-09,0.008257,0.4538431,0.00141,0.125,0.0017,0.00826,0.043
6170,0.003176,0.0003176,2.25e-09,2.5908099999999997e-09,1.8768999999999997e-10,2.56e-10,2.7667599999999997e-09,0.008249,0.4538431,0.00141,0.125,0.0017,0.00825,0.0429
6180,0.003174,0.0003174,2.248e-09,2.5806400000000003e-09,1.8768999999999997e-10,2.56e-10,2.7667599999999997e-09,0.008241,0.4538431,0.00141,0.125,0.0017,0.00824,0.0429
6190,0.003173,0.0003173,2.246e-09,2.5806400000000003e-09,1.8768999999999997e-10,2.56e-10,2.7667599999999997e-09,0.008233,0.4538431,0.0014,0.125,0.0017,0.00823,0.0429
6200,0.003171,0.0003171,2.244e-09,2.5806400000000003e-09,1.8768999999999997e-10,2.56e-10,2.7562500000000003e-09,0.008226,0.4538431,0.0014,0.125,0.0017,0.00823,0.0428
6210,0.00317,0.000317,2.242e-09,2.5806400000000003e-09,1.8768999999999997e-10,2.56e-10,2.7562500000000003e-09,0.008218,0.4538431,0.0014,0.125,0.0017,0.00822,0.0428
6220,0.003168,0.0003168,2.241e-09,2.5806400000000003e-09,1.8768999999999997e-10,2.56e-10,2.7562500000000003e-09,0.00821,0.4538431,0.0014,0.125,0.0017,0.00821,0.0428
6230,0.003167,0.0003167,2.239e-09,2.57049e-09,1.8768999999999997e-10,2.56e-10,2.7562500000000003e-09,0.008202,0.4538431,0.0014,0.125,0.0017,0.0082,0.0427
6240,0.003165,0.0003165,2.237e-09,2.57049e-09,1.8768999999999997e-10,2.56e-10,2.7562500000000003e-09,0.008195,0.4538431,0.0014,0.125,0.0017,0.00819,0.0427
6250,0.003164,0.0003164,2.235e-09,2.57049e-09,1.8768999999999997e-10,2.56e-10,2.74576e-09,0.008187,0.4538431,0.0014,0.124,0.0017,0.00819,0.0427
6260,0.003162,0.0003162,2.234e-09,2.57049e-09,1.8768999999999997e-10,2.56e-10,2.74576e-09,0.008179,0.4538431,0.00139,0.124,0.0017,0.00818,0.0426
6270,0.003161,0.00031610000000000004,2.232e-09,2.57049e-09,1.8496e-10,2.56e-10,2.74576e-09,0.008172,0.4538431,0.00139,0.124,0.0017,0.00817,0.0426
6280,0.003159,0.0003159,2.23e-09,2.5603599999999996e-09,1.8496e-10,2.56e-10,2.74576e-09,0.008164,0.4538431,0.00139,0.124,0.0017,0.00816,0.0426
6290,0.003158,0.00031580000000000003,2.228e-09,2.5603599999999996e-09,1.8496e-10,2.56e-10,2.7352899999999996e-09,0.008156,0.4538431,0.00139,0.124,0.0017,0.00816,0.0426
6300,0.003157,0.00031570000000000003,2.227e-09,2.5603599999999996e-09,1.8496e-10,2.56e-10,2.7352899999999996e-09,0.008149,0.4538431,0.00139,0.124,0.0017,0.00815,0.0425
6310,0.003155,0.00031549999999999997,2.225e-09,2.5603599999999996e-09,1.8496e-10,2.56e-10,2.7352899999999996e-09,0.008141,0.4538431,0.00139,0.124,0.0017,0.00814,0.0425
6320,0.003154,0.0003154,2.223e-09,2.5603599999999996e-09,1.8496e-10,2.56e-10,2.7352899999999996e-09,0.008133,0.4538431,0.00139,0.124,0.0017,0.00813,0.0425
6330,0.003152,0.00031519999999999996,2.221e-09,2.55025e-09,1.8496e-10,2.56e-10,2.7248400000000003e-09,0.008126,0.4538431,0.00139,0.124,0.0017,0.00813,0.0424
6340,0.003151,0.0003151,2.22e-09,2.55025e-09,1.8496e-10,2.56e-10,2.7248400000000003e-09,0.008118,0.4538431,0.00138,0.123,0.0017,0.00812,0.0424
6350,0.003149,0.0003149,2.218e-09,2.55025e-09,1.8496e-10,2.56e-10,2.7248400000000003e-09,0.008111,0.4538431,0.00138,0.123,0.0017,0.00811,0.0424
6360,0.003148,0.0003148,2.216e-09,2.55025e-09,1.8496e-10,2.56e-10,2.7248400000000003e-09,0.008103,0.4538431,0.00138,0.123,0.0017,0.0081,0.0423
6370,0.003147,0.0003147,2.214e-09,2.55025e-09,1.8496e-10,2.56e-10,2.7248400000000003e-09,0.008096,0.4538431,0.00138,0.123,0.0016,0.0081,0.0423
6380,0.003145,0.0003145,2.213e-09,2.54016e-09,1.8496e-10,2.56e-10,2.71441e-09,0.008088,0.4538431,0.00138,0.123,0.0016,0.00809,0.0423
6390,0.003144,0.0003144,2.211e-09,2.54016e-09,1.8496e-10,2.56e-10,2.71441e-09,0.008081,0.4538431,0.00138,0.123,0.0016,0.00808,0.0422
6400,0.003142,0.0003142,2.209e-09,2.54016e-09,1.8496e-10,2.56e-10,2.71441e-09,0.008074,0.4538431,0.00138,0.123,0.0016,0.00807,0.0422
6410,0.003141,0.0003141,2.208e-09,2.54016e-09,1.8496e-10,2.56e-10,2.71441e-09,0.008066,0.4538431,0.00138,0.123,0.0016,0.00807,0.0422
6420,0.003139,0.0003139,2.206e-09,2.54016e-09,1.8225e-10,2.56e-10,2.7039999999999998e-09,0.008059,0.4538431,0.00137,0.122,0.0016,0.00806,0.0422
6430,0.003138,0.00031380000000000004,2.204e-09,2.54016e-09,1.8225e-10,2.56e-10,2.7039999999999998e-09,0.008051,0.4538431,0.00137,0.122,0.0016,0.00805,0.0421
6440,0.003137,0.0003137,2.202e-09,2.5300900000000003e-09,1.8225e-10,2.56e-10,2.7039999999999998e-09,0.008044,0.4538431,0.00137,0.122,0.0016,0.00804,0.0421
6450,0.003135,0.00031350000000000003,2.201e-09,2.5300900000000003e-09,1.8225e-10,2.56e-10,2.7039999999999998e-09,0.008037,0.4538431,0.00137,0.122,0.0016,0.00804,0.0421
6460,0.003134,0.00031340000000000003,2.199e-09,2.5300900000000003e-09,1.8225e-10,2.56e-10,2.7039999999999998e-09,0.008029,0.4538431,0.00137,0.122,0.0016,0.00803,0.042
6470,0.003132,0.00031319999999999997,2.197e-09,2.5300900000000003e-09,1.8225e-10,2.56e-10,2.69361e-09,0.008022,0.4538431,0.00137,0.122,0.0016,0.00802,0.042
6480,0.003131,0.0003131,2.196e-09,2.5300900000000003e-09,1.8225e-10,2.56e-10,2.69361e-09,0.008015,0.4538431,0.00137,0.122,0.0016,0.00801,0.042
6490,0.00313,0.000313,2.194e-09,2.52004e-09,1.8225e-10,2.56e-10,2.69361e-09,0.008007,0.4538431,0.00137,0.122,0.0016,0.00801,0.042
6500,0.003128,0.0003128,2.192e-09,2.52004e-09,1.8225e-10,2.56e-10,2.69361e-09,0.008,0.4538431,0.00136,0.122,0.0016,0.008,0.0419
6510,0.003127,0.0003127,2.191e-09,2.52004e-09,1.8225e-10,2.56e-10,2.68324e-09,0.007993,0.4538431,0.00136,0.122,0.0016,0.00799,0.0419
6520,0.003126,0.0003126,2.189e-09,2.52004e-09,1.8225e-10,2.56e-10,2.68324e-09,0.007986,0.4538431,0.00136,0.121,0.0016,0.00799,0.0419
6530,0.003124,0.0003124,2.187e-09,2.52004e-09,1.8225e-10,2.56e-10,2.68324e-09,0.007979,0.4538431,0.00136,0.121,0.0016,0.00798,0.0418
6540,0.003123,0.0003123,2.186e-09,2.5100099999999997e-09,1.8225e-10,2.56e-10,2.68324e-09,0.007971,0.4538431,0.00136,0.121,0.0016,0.00797,0.0418
6550,0.003121,0.0003121,2.184e-09,2.5100099999999997e-09,1.8225e-10,2.5281000000000003e-10,2.68324e-09,0.007964,0.4538431,0.00136,0.121,0.0016,0.00796,0.0418
6560,0.00312,0.000312,2.182e-09,2.5100099999999997e-09,1.8225e-10,2.5281000000000003e-10,2.6728900000000003e-09,0.007957,0.4538431,0.00136,0.121,0.0016,0.00796,0.0417
6570,0.003119,0.0003119,2.181e-09,2.5100099999999997e-09,1.7956000000000002e-10,2.5281000000000003e-10,2.6728900000000003e-09,0.00795,0.4538431,0.00136,0.121,0.0016,0.00795,0.0417
6580,0.003117,0.0003117,2.179e-09,2.5100099999999997e-09,1.7956000000000002e-10,2.5281000000000003e-10,2.6728900000000003e-09,0.007943,0.4538431,0.00135,0.121,0.0016,0.00794,0.0417
6590,0.003116,0.0003116,2.178e-09,2.5100099999999997e-09,1.7956000000000002e-10,2.5281000000000003e-10,2.6728900000000003e-09,0.007936,0.4538431,0.00135,0.121,0.0016,0.00794,0.0417
6600,0.003115,0.00031150000000000004,2.176e-09,2.5e-09,1.7956000000000002e-10,2.5281000000000003e-10,2.66256e-09,0.007929,0.4538431,0.00135,0.121,0.0016,0.00793,0.0416
6610,0.003113,0.0003113,2.174e-09,2.5e-09,1.7956000000000002e-10,2.5281000000000003e-10,2.66256e-09,0.007922,0.4538431,0.00135,0.12,0.0016,0.00792,0.0416
6620,0.003112,0.00031120000000000003,2.173e-09,2.5e-09,1.7956000000000002e-10,2.5281000000000003e-10,2.66256e-09,0.007915,0.4538431,0.00135,0.12,0.0016,0.00791,0.0416
6630,0.003111,0.0003111,2.171e-09,2.5e-09,1.7956000000000002e-10,2.5281000000000003e-10,2.66256e-09,0.007908,0.4538431,0.00135,0.12,0.0016,0.00791,0.0415
6640,0.003109,0.00031089999999999997,2.169e-09,2.5e-09,1.7956000000000002e-10,2.5281000000000003e-10,2.66256e-09,0.007901,0.4538431,0.00135,0.12,0.0016,0.0079,0.0415
6650,0.003108,0.0003108,2.168e-09,2.49001e-09,1.7956000000000002e-10,2.5281000000000003e-10,2.65225e-09,0.007894,0.4538431,0.00135,0.12,0.0016,0.00789,0.0415
6660,0.003107,0.0003107,2.166e-09,2.49001e-09,1.7956000000000002e-10,2.5281000000000003e-10,2.65225e-09,0.007887,0.4538431,0.00135,0.12,0.0016,0.00789,0.0415
6670,0.003105,0.0003105,2.165e-09,2.49001e-09,1.7956000000000002e-10,2.5281000000000003e-10,2.65225e-09,0.00788,0.4538431,0.00134,0.12,0.0016,0.00788,0.0414
6680,0.003104,0.0003104,2.163e-09,2.49001e-09,1.7956000000000002e-10,2.5281000000000003e-10,2.65225e-09,0.007873,0.4538431,0.00134,0.12,0.0016,0.00787,0.0414
6690,0.003103,0.0003103,2.161e-09,2.49001e-09,1.7956000000000002e-10,2.5281000000000003e-10,2.65225e-09,0.007866,0.4538431,0.00134,0.12,0.0016,0.00787,0.0414
6700,0.003101,0.0003101,2.16e-09,2.49001e-09,1.7956000000000002e-10,2.5281000000000003e-10,2.6419600000000003e-09,0.007859,0.4538431,0.00134,0.119,0.0016,0.00786,0.0414
6710,0.0031,0.00031,2.158e-09,2.4800399999999996e-09,1.7956000000000002e-10,2.5281000000000003e-10,2.6419600000000003e-09,0.007852,0.4538431,0.00134,0.119,0.0016,0.00785,0.0413
6720,0.003099,0.0003099,2.157e-09,2.4800399999999996e-09,1.7956000000000002e-10,2.5281000000000003e-10,2.6419600000000003e-09,0.007845,0.4538431,0.00134,0.119,0.0016,0.00785,0.0413
6730,0.003097,0.0003097,2.155e-09,2.4800399999999996e-09,1.7689e-10,2.5281000000000003e-10,2.6419600000000003e-09,0.007838,0.4538431,0.00134,0.119,0.0016,0.00784,0.0413
6740,0.003096,0.0003096,2.154e-09,2.4800399999999996e-09,1.7689e-10,2.5281000000000003e-10,2.63169e-09,0.007831,0.4538431,0.00134,0.119,0.0016,0.00783,0.0412
6750,0.003095,0.0003095,2.152e-09,2.4800399999999996e-09,1.7689e-10,2.5281000000000003e-10,2.63169e-09,0.007825,0.4538431,0.00133,0.119,0.0016,0.00782,0.0412
6760,0.003093,0.0003093,2.15e-09,2.4800399999999996e-09,1.7689e-10,2.5281000000000003e-10,2.63169e-09,0.007818,0.4538431,0.00133,0.119,0.0016,0.00782,0.0412
6770,0.003092,0.00030920000000000003,2.149e-09,2.47009e-09,1.7689e-10,2.5281000000000003e-10,2.63169e-09,0.007811,0.4538431,0.00133,0.119,0.0016,0.00781,0.0412
6780,0.003091,0.0003091,2.147e-09,2.47009e-09,1.7689e-10,2.5281000000000003e-10,2.63169e-09,0.007804,0.4538431,0.00133,0.119,0.0016,0.0078,0.0411
6790,0.00309,0.000309,2.146e-09,2.47009e-09,1.7689e-10,2.5281000000000003e-10,2.6214399999999996e-09,0.007797,0.4538431,0.00133,0.119,0.0016,0.0078,0.0411
6800,0.003088,0.0003088,2.144e-09,2.47009e-09,1.7689e-10,2.5281000000000003e-10,2.6214399999999996e-09,0.007791,0.4538431,0.00133,0.118,0.0016,0.00779,0.0411
6810,0.003087,0.00030869999999999997,2.143e-09,2.47009e-09,1.7689e-10,2.5281000000000003e-10,2.6214399999999996e-09,0.007784,0.4538431,0.00133,0.118,0.0016,0.00778,0.041
6820,0.003086,0.0003086,2.141e-09,2.46016e-09,1.7689e-10,2.5281000000000003e-10,2.6214399999999996e-09,0.007777,0.4538431,0.00133,0.118,0.0016,0.00778,0.041
6830,0.003084,0.0003084,2.14e-09,2.46016e-09,1.7689e-10,2.5281000000000003e-10,2.6214399999999996e-09,0.00777,0.4538431,0.00133,0.118,0.0016,0.00777,0.041
6840,0.003083,0.00030829999999999996,2.138e-09,2.46016e-09,1.7689e-10,2.5281000000000003e-10,2.61121e-09,0.007764,0.4538431,0.00132,0.118,0.0016,0.00776,0.041
6850,0.003082,0.0003082,2.136e-09,2.46016e-09,1.7689e-10,2.5281000000000003e-10,2.61121e-09,0.007757,0.4538431,0.00132,0.118,0.0016,0.00776,0.0409
6860,0.003081,0.0003081,2.135e-09,2.46016e-09,1.7689e-10,2.5281000000000003e-10,2.61121e-09,0.00775,0.4538431,0.00132,0.118,0.0016,0.00775,0.0409
6870,0.003079,0.0003079,2.133e-09,2.46016e-09,1.7689e-10,2.5281000000000003e-10,2.61121e-09,0.007744,0.4538431,0.00132,0.118,0.0016,0.00774,0.0409
6880,0.003078,0.0003078,2.132e-09,2.45025e-09,1.7689e-10,2.5281000000000003e-10,2.61121e-09,0.007737,0.4538431,0.00132,0.118,0.0016,0.00774,0.0409
6890,0.003077,0.0003077,2.13e-09,2.45025e-09,1.7424e-10,2.5281000000000003e-10,2.601e-09,0.007731,0.4538431,0.00132,0.118,0.0016,0.00773,0.0408
6900,0.003075,0.0003075,2.129e-09,2.45025e-09,1.7424e-10,2.5281000000000003e-10,2.601e-09,0.007724,0.4538431,0.00132,0.117,0.0016,0.00772,0.0408
6910,0.003074,0.0003074,2.127e-09,2.45025e-09,1.7424e-10,2.5281000000000003e-10,2.601e-09,0.007717,0.4538431,0.00132,0.117,0.0016,0.00772,0.0408
6920,0.003073,0.00030730000000000004,2.126e-09,2.45025e-09,1.7424e-10,2.5281000000000003e-10,2.601e-09,0.007711,0.4538431,0.00132,0.117,0.0016,0.00771,0.0408
6930,0.003072,0.0003072,2.124e-09,2.45025e-09,1.7424e-10,2.5281000000000003e-10,2.5908099999999997e-09,0.007704,0.4538431,0.00131,0.117,0.0016,0.0077,0.0407
6940,0.00307,0.000307,2.123e-09,2.44036e-09,1.7424e-10,2.5281000000000003e-10,2.5908099999999997e-09,0.007698,0.4538431,0.00131,0.117,0.0016,0.0077,0.0407
6950,0.003069,0.00030690000000000003,2.121e-09,2.44036e-09,1.7424e-10,2.5281000000000003e-10,2.5908099999999997e-09,0.007691,0.4538431,0.00131,0.117,0.0016,0.00769,0.0407
6960,0.003068,0.0003068,2.12e-09,2.44036e-09,1.7424e-10,2.5281000000000003e-10,2.5908099999999997e-09,0.007685,0.4538431,0.00131,0.117,0.0016,0.00768,0.0406
6970,0.003067,0.0003067,2.118e-09,2.44036e-09,1.7424e-10,2.5281000000000003e-10,2.5908099999999997e-09,0.007678,0.4538431,0.00131,0.117,0.0016,0.00768,0.0406
6980,0.003065,0.0003065,2.117e-09,2.44036e-09,1.7424e-10,2.5281000000000003e-10,2.5806400000000003e-09,0.007672,0.4538431,0.00131,0.117,0.0016,0.00767,0.0406
6990,0.003064,0.00030639999999999997,2.115e-09,2.44036e-09,1.7424e-10,2.5281000000000003e-10,2.5806400000000003e-09,0.007665,0.4538431,0.00131,0.117,0.0016,0.00767,0.0406
7000,0.003063,0.0003063,2.114e-09,2.43049e-09,1.7424e-10,2.5281000000000003e-10,2.5806400000000003e-09,0.007659,0.4538431,0.00131,0.116,0.0016,0.00766,0.0405
7010,0.003062,0.0003062,2.112e-09,2.43049e-09,1.7424e-10,2.5281000000000003e-10,2.5806400000000003e-09,0.007652,0.4538431,0.00131,0.116,0.0016,0.00765,0.0405
7020,0.00306,0.00030599999999999996,2.111e-09,2.43049e-09,1.7424e-10,2.5281000000000003e-10,2.5806400000000003e-09,0.007646,0.4538431,0.0013,0.116,0.0016,0.00765,0.0405
7030,0.003059,0.0003059,2.109e-09,2.43049e-09,1.7424e-10,2.4964000000000003e-10,2.57049e-09,0.007639,0.4538431,0.0013,0.116,0.0016,0.00764,0.0405
7040,0.003058,0.0003058,2.108e-09,2.43049e-09,1.7424e-10,2.4964000000000003e-10,2.57049e-09,0.007633,0.4538431,0.0013,0.116,0.0016,0.00763,0.0404
7050,0.003057,0.0003057,2.106e-09,2.43049e-09,1.7424e-10,2.4964000000000003e-10,2.57049e-09,0.007627,0.4538431,0.0013,0.116,0.0016,0.00763,0.0404
7060,0.003056,0.0003056,2.105e-09,2.4206400000000004e-09,1.7161e-10,2.4964000000000003e-10,2.57049e-09,0.00762,0.4538431,0.0013,0.116,0.0016,0.00762,0.0404
7070,0.003054,0.0003054,2.104e-09,2.4206400000000004e-09,1.7161e-10,2.4964000000000003e-10,2.57049e-09,0.007614,0.4538431,0.0013,0.116,0.0016,0.00761,0.0404
7080,0.003053,0.0003053,2.102e-09,2.4206400000000004e-09,1.7161e-10,2.4964000000000003e-10,2.5603599999999996e-09,0.007608,0.4538431,0.0013,0.116,0.0016,0.00761,0.0403
7090,0.003052,0.0003052,2.101e-09,2.4206400000000004e-09,1.7161e-10,2.4964000000000003e-10,2.5603599999999996e-09,0.007601,0.4538431,0.0013,0.116,0.0016,0.0076,0.0403
7100,0.003051,0.0003051,2.099e-09,2.4206400000000004e-09,1.7161e-10,2.4964000000000003e-10,2.5603599999999996e-09,0.007595,0.4538431,0.0013,0.116,0.0016,0.00759,0.0403
7110,0.003049,0.0003049,2.098e-09,2.4206400000000004e-09,1.7161e-10,2.4964000000000003e-10,2.5603599999999996e-09,0.007589,0.4538431,0.00129,0.115,0.0016,0.00759,0.0403
7120,0.003048,0.0003048,2.096e-09,2.4108100000000003e-09,1.7161e-10,2.4964000000000003e-10,2.5603599999999996e-09,0.007582,0.4538431,0.00129,0.115,0.0016,0.00758,0.0402
7130,0.003047,0.0003047,2.095e-09,2.4108100000000003e-09,1.7161e-10,2.4964000000000003e-10,2.55025e-09,0.007576,0.4538431,0.00129,0.115,0.0016,0.00758,0.0402
7140,0.003046,0.00030460000000000003,2.093e-09,2.4108100000000003e-09,1.7161e-10,2.4964000000000003e-10,2.55025e-09,0.00757,0.4538431,0.00129,0.115,0.0016,0.00757,0.0402
7150,0.003045,0.0003045,2.092e-09,2.4108100000000003e-09,1.7161e-10,2.4964000000000003e-10,2.55025e-09,0.007564,0.4538431,0.00129,0.115,0.0016,0.00756,0.0402
7160,0.003043,0.0003043,2.09e-09,2.4108100000000003e-09,1.7161e-10,2.4964000000000003e-10,2.55025e-09,0.007557,0.4538431,0.00129,0.115,0.0016,0.00756,0.0401
7170,0.003042,0.0003042,2.089e-09,2.4108100000000003e-09,1.7161e-10,2.4964000000000003e-10,2.55025e-09,0.007551,0.4538431,0.00129,0.115,0.0016,0.00755,0.0401
7180,0.003041,0.00030409999999999996,2.088e-09,2.401e-09,1.7161e-10,2.4964000000000003e-10,2.54016e-09,0.007545,0.4538431,0.00129,0.115,0.0016,0.00754,0.0401
7190,0.00304,0.000304,2.086e-09,2.401e-09,1.7161e-10,2.4964000000000003e-10,2.54016e-09,0.007539,0.4538431,0.00129,0.115,0.0016,0.00754,0.0401
7200,0.003039,0.0003039,2.085e-09,2.401e-09,1.7161e-10,2.4964000000000003e-10,2.54016e-09,0.007533,0.4538431,0.00129,0.115,0.0016,0.00753,0.04
7210,0.003038,0.0003038,2.083e-09,2.401e-09,1.7161e-10,2.4964000000000003e-10,2.54016e-09,0.007526,0.4538431,0.00128,0.114,0.0016,0.00753,0.04
7220,0.003036,0.0003036,2.082e-09,2.401e-09,1.7161e-10,2.4964000000000003e-10,2.54016e-09,0.00752,0.4538431,0.00128,0.114,0.0016,0.00752,0.04
7230,0.003035,0.0003035,2.081e-09,2.401e-09,1.7161e-10,2.4964000000000003e-10,2.5300900000000003e-09,0.007514,0.4538431,0.00128,0.114,0.0016,0.00751,0.0399
7240,0.003034,0.0003034,2.079e-09,2.3912100000000005e-09,1.6899999999999999e-10,2.4964000000000003e-10,2.5300900000000003e-09,0.007508,0.4538431,0.00128,0.114,0.0016,0.00751,0.0399
7250,0.003033,0.0003033,2.078e-09,2.3912100000000005e-09,1.6899999999999999e-10,2.4964000000000003e-10,2.5300900000000003e-09,0.007502,0.4538431,0.00128,0.114,0.0016,0.0075,0.0399
7260,0.003032,0.0003032,2.076e-09,2.3912100000000005e-09,1.6899999999999999e-10,2.4964000000000003e-10,2.5300900000000003e-09,0.007496,0.4538431,0.00128,0.114,0.0016,0.0075,0.0399
7270,0.00303,0.000303,2.075e-09,2.3912100000000005e-09,1.6899999999999999e-10,2.4964000000000003e-10,2.5300900000000003e-09,0.00749,0.4538431,0.00128,0.114,0.0016,0.00749,0.0398
7280,0.003029,0.0003029,2.074e-09,2.3912100000000005e-09,1.6899999999999999e-10,2.4964000000000003e-10,2.5300900000000003e-09,0.007484,0.4538431,0.00128,0.114,0.0016,0.00748,0.0398
7290,0.003028,0.0003028,2.072e-09,2.3912100000000005e-09,1.6899999999999999e-10,2.4964000000000003e-10,2.52004e-09,0.007477,0.4538431,0.00128,0.114,0.0016,0.00748,0.0398
7300,0.003027,0.00030270000000000004,2.071e-09,2.38144e-09,1.6899999999999999e-10,2.4964000000000003e-10,2.52004e-09,0.007471,0.4538431,0.00128,0.114,0.0016,0.00747,0.0398
7310,0.003026,0.0003026,2.069e-09,2.38144e-09,1.6899999999999999e-10,2.4964000000000003e-10,2.52004e-09,0.007465,0.4538431,0.00127,0.114,0.0016,0.00747,0.0398
7320,0.003025,0.0003025,2.068e-09,2.38144e-09,1.6899999999999999e-10,2.4964000000000003e-10,2.52004e-09,0.007459,0.4538431,0.00127,0.113,0.0016,0.00746,0.0397
7330,0.003023,0.00030230000000000003,2.067e-09,2.38144e-09,1.6899999999999999e-10,2.4964000000000003e-10,2.52004e-09,0.007453,0.4538431,0.00127,0.113,0.0016,0.00745,0.0397
7340,0.003022,0.0003022,2.065e-09,2.38144e-09,1.6899999999999999e-10,2.4964000000000003e-10,2.5100099999999997e-09,0.007447,0.4538431,0.00127,0.113,0.0016,0.00745,0.0397
7350,0.003021,0.00030209999999999997,2.064e-09,2.38144e-09,1.6899999999999999e-10,2.4964000000000003e-10,2.5100099999999997e-09,0.007441,0.4538431,0.00127,0.113,0.0016,0.00744,0.0397
7360,0.00302,0.000302,2.062e-09,2.3716899999999997e-09,1.6899999999999999e-10,2.4964000000000003e-10,2.5100099999999997e-09,0.007435,0.4538431,0.00127,0.113,0.0016,0.00744,0.0396
7370,0.003019,0.0003019,2.061e-09,2.3716899999999997e-09,1.6899999999999999e-10,2.4964000000000003e-10,2.5100099999999997e-09,0.007429,0.4538431,0.00127,0.113,0.0016,0.00743,0.0396
7380,0.003018,0.00030179999999999996,2.06e-09,2.3716899999999997e-09,1.6899999999999999e-10,2.4964000000000003e-10,2.5100099999999997e-09,0.007423,0.4538431,0.00127,0.113,0.0016,0.00742,0.0396
7390,0.003017,0.0003017,2.058e-09,2.3716899999999997e-09,1.6899999999999999e-10,2.4964000000000003e-10,2.5e-09,0.007418,0.4538431,0.00127,0.113,0.0016,0.00742,0.0396
7400,0.003015,0.0003015,2.057e-09,2.3716899999999997e-09,1.6899999999999999e-10,2.4964000000000003e-10,2.5e-09,0.007412,0.4538431,0.00126,0.113,0.0016,0.00741,0.0395
7410,0.003014,0.0003014,2.056e-09,2.3716899999999997e-09,1.6899999999999999e-10,2.4964000000000003e-10,2.5e-09,0.007406,0.4538431,0.00126,0.113,0.0016,0.00741,0.0395
7420,0.003013,0.0003013,2.054e-09,2.3716899999999997e-09,1.6899999999999999e-10,2.4964000000000003e-10,2.5e-09,0.0074,0.4538431,0.00126,0.113,0.0016,0.0074,0.0395
7430,0.003012,0.0003012,2.053e-09,2.3619600000000004e-09,1.6641e-10,2.4964000000000003e-10,2.5e-09,0.007394,0.4538431,0.00126,0.112,0.0016,0.00739,0.0395
7440,0.003011,0.0003011,2.052e-09,2.3619600000000004e-09,1.6641e-10,2.4964000000000003e-10,2.49001e-09,0.007388,0.4538431,0.00126,0.112,0.0016,0.00739,0.0394
7450,0.00301,0.000301,2.05e-09,2.3619600000000004e-09,1.6641e-10,2.4964000000000003e-10,2.49001e-09,0.007382,0.4538431,0.00126,0.112,0.0016,0.00738,0.0394
7460,0.003009,0.0003009,2.049e-09,2.3619600000000004e-09,1.6641e-10,2.4964000000000003e-10,2.49001e-09,0.007376,0.4538431,0.00126,0.112,0.0016,0.00738,0.0394
7470,0.003008,0.0003008,2.047e-09,2.3619600000000004e-09,1.6641e-10,2.4964000000000003e-10,2.49001e-09,0.00737,0.4538431,0.00126,0.112,0.0016,0.00737,0.0394
7480,0.003006,0.0003006,2.046e-09,2.3619600000000004e-09,1.6641e-10,2.4964000000000003e-10,2.49001e-09,0.007365,0.4538431,0.00126,0.112,0.0016,0.00736,0.0393
7490,0.003005,0.0003005,2.045e-09,2.35225e-09,1.6641e-10,2.4964000000000003e-10,2.49001e-09,0.007359,0.4538431,0.00126,0.112,0.0016,0.00736,0.0393
7500,0.003004,0.00030040000000000004,2.043e-09,2.35225e-09,1.6641e-10,2.4964000000000003e-10,2.4800399999999996e-09,0.007353,0.4538431,0.00126,0.112,0.0016,0.00735,0.0393
7510,0.003003,0.0003003,2.042e-09,2.35225e-09,1.6641e-10,2.4964000000000003e-10,2.4800399999999996e-09,0.007347,0.4538431,0.00125,0.112,0.0016,0.00735,0.0393
7520,0.003002,0.0003002,2.041e-09,2.35225e-09,1.6641e-10,2.4964000000000003e-10,2.4800399999999996e-09,0.007341,0.4538431,0.00125,0.112,0.0016,0.00734,0.0392
7530,0.003001,0.00030010000000000003,2.039e-09,2.35225e-09,1.6641e-10,2.4964000000000003e-10,2.4800399999999996e-09,0.007336,0.4538431,0.00125,0.112,0.0016,0.00734,0.0392
7540,0.003,0.00030000000000000003,2.038e-09,2.35225e-09,1.6641e-10,2.4964000000000003e-10,2.4800399999999996e-09,0.00733,0.4538431,0.00125,0.112,0.0016,0.00733,0.0392
7550,0.002999,0.00029989999999999997,2.037e-09,2.35225e-09,1.6641e-10,2.4964000000000003e-10,2.47009e-09,0.007324,0.4538431,0.00125,0.111,0.0016,0.00732,0.0392
7560,0.002997,0.0002997,2.035e-09,2.34256e-09,1.6641e-10,2.4964000000000003e-10,2.47009e-09,0.007318,0.4538431,0.00125,0.111,0.0016,0.00732,0.0391
7570,0.002996,0.0002996,2.034e-09,2.34256e-09,1.6641e-10,2.4648999999999994e-10,2.47009e-09,0.007313,0.4538431,0.00125,0.111,0.0016,0.00731,0.0391
7580,0.002995,0.00029949999999999996,2.033e-09,2.34256e-09,1.6641e-10,2.4648999999999994e-10,2.47009e-09,0.007307,0.4538431,0.00125,0.111,0.0016,0.00731,0.0391
7590,0.002994,0.0002994,2.032e-09,2.34256e-09,1.6641e-10,2.4648999999999994e-10,2.47009e-09,0.007301,0.4538431,0.00125,0.111,0.0016,0.0073,0.0391
7600,0.002993,0.0002993,2.03e-09,2.34256e-09,1.6641e-10,2.4648999999999994e-10,2.47009e-09,0.007295,0.4538431,0.00125,0.111,0.0016,0.0073,0.0391
7610,0.002992,0.0002992,2.029e-09,2.34256e-09,1.6641e-10,2.4648999999999994e-10,2.46016e-09,0.00729,0.4538431,0.00124,0.111,0.0016,0.00729,0.039
7620,0.002991,0.0002991,2.028e-09,2.33289e-09,1.6383999999999997e-10,2.4648999999999994e-10,2.46016e-09,0.007284,0.4538431,0.00124,0.111,0.0016,0.00728,0.039
7630,0.00299,0.000299,2.026e-09,2.33289e-09,1.6383999999999997e-10,2.4648999999999994e-10,2.46016e-09,0.007278,0.4538431,0.00124,0.111,0.0016,0.00728,0.039
7640,0.002989,0.0002989,2.025e-09,2.33289e-09,1.6383999999999997e-10,2.4648999999999994e-10,2.46016e-09,0.007273,0.4538431,0.00124,0.111,0.0016,0.00727,0.039
7650,0.002988,0.0002988,2.024e-09,2.33289e-09,1.6383999999999997e-10,2.4648999999999994e-10,2.46016e-09,0.007267,0.4538431,0.00124,0.111,0.0016,0.00727,0.0389
7660,0.002987,0.0002987,2.022e-09,2.33289e-09,1.6383999999999997e-10,2.4648999999999994e-10,2.45025e-09,0.007262,0.4538431,0.00124,0.111,0.0016,0.00726,0.0389
7670,0.002985,0.0002985,2.021e-09,2.33289e-09,1.6383999999999997e-10,2.4648999999999994e-10,2.45025e-09,0.007256,0.4538431,0.00124,0.11,0.0016,0.00726,0.0389
7680,0.002984,0.0002984,2.02e-09,2.33289e-09,1.6383999999999997e-10,2.4648999999999994e-10,2.45025e-09,0.00725,0.4538431,0.00124,0.11,0.0016,0.00725,0.0389
7690,0.002983,0.0002983,2.019e-09,2.32324e-09,1.6383999999999997e-10,2.4648999999999994e-10,2.45025e-09,0.007245,0.4538431,0.00124,0.11,0.0016,0.00724,0.0388
7700,0.002982,0.0002982,2.017e-09,2.32324e-09,1.6383999999999997e-10,2.4648999999999994e-10,2.45025e-09,0.007239,0.4538431,0.00124,0.11,0.0016,0.00724,0.0388
7710,0.002981,0.00029810000000000004,2.016e-09,2.32324e-09,1.6383999999999997e-10,2.4648999999999994e-10,2.45025e-09,0.007234,0.4538431,0.00123,0.11,0.0016,0.00723,0.0388
7720,0.00298,0.000298,2.015e-09,2.32324e-09,1.6383999999999997e-10,2.4648999999999994e-10,2.44036e-09,0.007228,0.4538431,0.00123,0.11,0.0016,0.00723,0.0388
7730,0.002979,0.0002979,2.013e-09,2.32324e-09,1.6383999999999997e-10,2.4648999999999994e-10,2.44036e-09,0.007222,0.4538431,0.00123,0.11,0.0016,0.00722,0.0388
7740,0.002978,0.00029780000000000003,2.012e-09,2.32324e-09,1.6383999999999997e-10,2.4648999999999994e-10,2.44036e-09,0.007217,0.4538431,0.00123,0.11,0.0016,0.00722,0.0387
7750,0.002977,0.0002977,2.011e-09,2.32324e-09,1.6383999999999997e-10,2.4648999999999994e-10,2.44036e-09,0.007211,0.4538431,0.00123,0.11,0.0016,0.00721,0.0387
7760,0.002976,0.00029759999999999997,2.01e-09,2.31361e-09,1.6383999999999997e-10,2.4648999999999994e-10,2.44036e-09,0.007206,0.4538431,0.00123,0.11,0.0016,0.00721,0.0387
7770,0.002975,0.0002975,2.008e-09,2.31361e-09,1.6383999999999997e-10,2.4648999999999994e-10,2.43049e-09,0.0072,0.4538431,0.00123,0.11,0.0016,0.0072,0.0387
7780,0.002974,0.0002974,2.007e-09,2.31361e-09,1.6383999999999997e-10,2.4648999999999994e-10,2.43049e-09,0.007195,0.4538431,0.00123,0.11,0.0016,0.00719,0.0386
7790,0.002973,0.0002973,2.006e-09,2.31361e-09,1.6383999999999997e-10,2.4648999999999994e-10,2.43049e-09,0.007189,0.4538431,0.00123,0.109,0.0016,0.00719,0.0386
7800,0.002972,0.00029719999999999996,2.005e-09,2.31361e-09,1.6383999999999997e-10,2.4648999999999994e-10,2.43049e-09,0.007184,0.4538431,0.00123,0.109,0.0016,0.00718,0.0386
7810,0.002971,0.0002971,2.003e-09,2.31361e-09,1.6383999999999997e-10,2.4648999999999994e-10,2.43049e-09,0.007178,0.4538431,0.00123,0.109,0.0016,0.00718,0.0386
7820,0.002969,0.0002969,2.002e-09,2.31361e-09,1.6129000000000002e-10,2.4648999999999994e-10,2.43049e-09,0.007173,0.4538431,0.00122,0.109,0.0016,0.00717,0.0385
7830,0.002968,0.0002968,2.001e-09,2.3040000000000003e-09,1.6129000000000002e-10,2.4648999999999994e-10,2.4206400000000004e-09,0.007168,0.4538431,0.00122,0.109,0.0016,0.00717,0.0385
7840,0.002967,0.0002967,2e-09,2.3040000000000003e-09,1.6129000000000002e-10,2.4648999999999994e-10,2.4206400000000004e-09,0.007162,0.4538431,0.00122,0.109,0.0016,0.00716,0.0385
7850,0.002966,0.0002966,1.998e-09,2.3040000000000003e-09,1.6129000000000002e-10,2.4648999999999994e-10,2.4206400000000004e-09,0.007157,0.4538431,0.00122,0.109,0.0016,0.00716,0.0385
7860,0.002965,0.0002965,1.997e-09,2.3040000000000003e-09,1.6129000000000002e-10,2.4648999999999994e-10,2.4206400000000004e-09,0.007151,0.4538431,0.00122,0.109,0.0016,0.00715,0.0385
7870,0.002964,0.0002964,1.996e-09,2.3040000000000003e-09,1.6129000000000002e-10,2.4648999999999994e-10,2.4206400000000004e-09,0.007146,0.4538431,0.00122,0.109,0.0016,0.00715,0.0384
7880,0.002963,0.0002963,1.995e-09,2.3040000000000003e-09,1.6129000000000002e-10,2.4648999999999994e-10,2.4108100000000003e-09,0.007141,0.4538431,0.00122,0.109,0.0016,0.00714,0.0384
7890,0.002962,0.0002962,1.993e-09,2.2944099999999997e-09,1.6129000000000002e-10,2.4648999999999994e-10,2.4108100000000003e-09,0.007135,0.4538431,0.00122,0.109,0.0016,0.00714,0.0384
7900,0.002961,0.0002961,1.992e-09,2.2944099999999997e-09,1.6129000000000002e-10,2.4648999999999994e-10,2.4108100000000003e-09,0.00713,0.4538431,0.00122,0.109,0.0016,0.00713,0.0384
7910,0.00296,0.000296,1.991e-09,2.2944099999999997e-09,1.6129000000000002e-10,2.4648999999999994e-10,2.4108100000000003e-09,0.007124,0.4538431,0.00122,0.108,0.0016,0.00712,0.0383
7920,0.002959,0.0002959,1.99e-09,2.2944099999999997e-09,1.6129000000000002e-10,2.4648999999999994e-10,2.4108100000000003e-09,0.007119,0.4538431,0.00122,0.108,0.0016,0.00712,0.0383
7930,0.002958,0.00029580000000000003,1.988e-09,2.2944099999999997e-09,1.6129000000000002e-10,2.4648999999999994e-10,2.4108100000000003e-09,0.007114,0.4538431,0.00121,0.108,0.0016,0.00711,0.0383
7940,0.002957,0.0002957,1.987e-09,2.2944099999999997e-09,1.6129000000000002e-10,2.4648999999999994e-10,2.401e-09,0.007108,0.4538431,0.00121,0.108,0.0016,0.00711,0.0383
7950,0.002956,0.0002956,1.986e-09,2.2944099999999997e-09,1.6129000000000002e-10,2.4648999999999994e-10,2.401e-09,0.007103,0.4538431,0.00121,0.108,0.0016,0.0071,0.0383
7960,0.002955,0.0002955,1.985e-09,2.28484e-09,1.6129000000000002e-10,2.4648999999999994e-10,2.401e-09,0.007098,0.4538431,0.00121,0.108,0.0016,0.0071,0.0382
7970,0.002954,0.0002954,1.984e-09,2.28484e-09,1.6129000000000002e-10,2.4648999999999994e-10,2.401e-09,0.007092,0.4538431,0.00121,0.108,0.0016,0.00709,0.0382
7980,0.002953,0.00029529999999999997,1.982e-09,2.28484e-09,1.6129000000000002e-10,2.4648999999999994e-10,2.401e-09,0.007087,0.4538431,0.00121,0.108,0.0016,0.00709,0.0382
7990,0.002952,0.0002952,1.981e-09,2.28484e-09,1.6129000000000002e-10,2.4648999999999994e-10,2.401e-09,0.007082,0.4538431,0.00121,0.108,0.0016,0.00708,0.0382
8000,0.002951,0.0002951,1.98e-09,2.28484e-09,1.6129000000000002e-10,2.4648999999999994e-10,2.3912100000000005e-09,0.007077,0.4538431,0.00121,0.108,0.0016,0.00708,0.0382
8010,0.00295,0.000295,1.979e-09,2.28484e-09,1.6129000000000002e-10,2.4648999999999994e-10,2.3912100000000005e-09,0.007071,0.4538431,0.00121,0.108,0.0016,0.00707,0.0381
8020,0.002949,0.00029489999999999996,1.977e-09,2.28484e-09,1.6129000000000002e-10,2.4648999999999994e-10,2.3912100000000005e-09,0.007066,0.4538431,0.00121,0.108,0.0016,0.00707,0.0381
8030,0.002948,0.0002948,1.976e-09,2.27529e-09,1.5876e-10,2.4648999999999994e-10,2.3912100000000005e-09,0.007061,0.4538431,0.00121,0.107,0.0016,0.00706,0.0381
8040,0.002947,0.0002947,1.975e-09,2.27529e-09,1.5876e-10,2.4648999999999994e-10,2.3912100000000005e-09,0.007056,0.4538431,0.00121,0.107,0.0016,0.00706,0.0381
8050,0.002946,0.0002946,1.974e-09,2.27529e-09,1.5876e-10,2.4648999999999994e-10,2.3912100000000005e-09,0.00705,0.4538431,0.0012,0.107,0.0016,0.00705,0.038
8060,0.002945,0.0002945,1.973e-09,2.27529e-09,1.5876e-10,2.4648999999999994e-10,2.38144e-09,0.007045,0.4538431,0.0012,0.107,0.0016,0.00705,0.038
8070,0.002944,0.0002944,1.971e-09,2.27529e-09,1.5876e-10,2.4648999999999994e-10,2.38144e-09,0.00704,0.4538431,0.0012,0.107,0.0016,0.00704,0.038
8080,0.002943,0.0002943,1.97e-09,2.27529e-09,1.5876e-10,2.4648999999999994e-10,2.38144e-09,0.007035,0.4538431,0.0012,0.107,0.0016,0.00703,0.038
8090,0.002942,0.0002942,1.969e-09,2.27529e-09,1.5876e-10,2.4648999999999994e-10,2.38144e-09,0.00703,0.4538431,0.0012,0.107,0.0016,0.00703,0.038
8100,0.002941,0.0002941,1.968e-09,2.27529e-09,1.5876e-10,2.4648999999999994e-10,2.38144e-09,0.007024,0.4538431,0.0012,0.107,0.0016,0.00702,0.0379
8110,0.00294,0.000294,1.967e-09,2.26576e-09,1.5876e-10,2.4648999999999994e-10,2.38144e-09,0.007019,0.4538431,0.0012,0.107,0.0016,0.00702,0.0379
8120,0.002939,0.00029390000000000004,1.966e-09,2.26576e-09,1.5876e-10,2.4648999999999994e-10,2.3716899999999997e-09,0.007014,0.4538431,0.0012,0.107,0.0016,0.00701,0.0379
8130,0.002938,0.0002938,1.964e-09,2.26576e-09,1.5876e-10,2.4648999999999994e-10,2.3716899999999997e-09,0.007009,0.4538431,0.0012,0.107,0.0016,0.00701,0.0379
8140,0.002937,0.0002937,1.963e-09,2.26576e-09,1.5876e-10,2.4648999999999994e-10,2.3716899999999997e-09,0.007004,0.4538431,0.0012,0.107,0.0016,0.007,0.0378
8150,0.002936,0.0002936,1.962e-09,2.26576e-09,1.5876e-10,2.4648999999999994e-10,2.3716899999999997e-09,0.006999,0.4538431,0.0012,0.107,0.0016,0.007,0.0378
8160,0.002935,0.00029350000000000003,1.961e-09,2.26576e-09,1.5876e-10,2.4648999999999994e-10,2.3716899999999997e-09,0.006994,0.4538431,0.00119,0.106,0.0016,0.00699,0.0378
8170,0.002934,0.0002934,1.96e-09,2.26576e-09,1.5876e-10,2.4336e-10,2.3716899999999997e-09,0.006988,0.4538431,0.00119,0.106,0.0016,0.00699,0.0378
8180,0.002933,0.0002933,1.958e-09,2.2562500000000004e-09,1.5876e-10,2.4336e-10,2.3619600000000004e-09,0.006983,0.4538431,0.00119,0.106,0.0016,0.00698,0.0378
8190,0.002932,0.0002932,1.957e-09,2.2562500000000004e-09,1.5876e-10,2.4336e-10,2.3619600000000004e-09,0.006978,0.4538431,0.00119,0.106,0.0016,0.00698,0.0377
8200,0.002931,0.0002931,1.956e-09,2.2562500000000004e-09,1.5876e-10,2.4336e-10,2.3619600000000004e-09,0.006973,0.4538431,0.00119,0.106,0.0016,0.00697,0.0377
8210,0.00293,0.00029299999999999997,1.955e-09,2.2562500000000004e-09,1.5876e-10,2.4336e-10,2.3619600000000004e-09,0.006968,0.4538431,0.00119,0.106,0.0016,0.00697,0.0377
8220,0.002929,0.0002929,1.954e-09,2.2562500000000004e-09,1.5876e-10,2.4336e-10,2.3619600000000004e-09,0.006963,0.4538431,0.00119,0.106,0.0016,0.00696,0.0377
8230,0.002928,0.0002928,1.953e-09,2.2562500000000004e-09,1.5876e-10,2.4336e-10,2.3619600000000004e-09,0.006958,0.4538431,0.00119,0.106,0.0016,0.00696,0.0377
8240,0.002927,0.0002927,1.951e-09,2.2562500000000004e-09,1.5876e-10,2.4336e-10,2.35225e-09,0.006953,0.4538431,0.00119,0.106,0.0016,0.00695,0.0376
8250,0.002926,0.0002926,1.95e-09,2.2467600000000002e-09,1.5625e-10,2.4336e-10,2.35225e-09,0.006948,0.4538431,0.00119,0.106,0.0016,0.00695,0.0376
8260,0.002925,0.0002925,1.949e-09,2.2467600000000002e-09,1.5625e-10,2.4336e-10,2.35225e-09,0.006943,0.4538431,0.00119,0.106,0.0016,0.00694,0.0376
8270,0.002924,0.0002924,1.948e-09,2.2467600000000002e-09,1.5625e-10,2.4336e-10,2.35225e-09,0.006938,0.4538431,0.00119,0.106,0.0016,0.00694,0.0376
8280,0.002923,0.0002923,1.947e-09,2.2467600000000002e-09,1.5625e-10,2.4336e-10,2.35225e-09,0.006933,0.4538431,0.00118,0.106,0.0016,0.00693,0.0376
8290,0.002922,0.0002922,1.946e-09,2.2467600000000002e-09,1.5625e-10,2.4336e-10,2.35225e-09,0.006928,0.4538431,0.00118,0.106,0.0016,0.00693,0.0375
8300,0.002921,0.0002921,1.945e-09,2.2467600000000002e-09,1.5625e-10,2.4336e-10,2.34256e-09,0.006923,0.4538431,0.00118,0.105,0.0016,0.00692,0.0375
8310,0.00292,0.000292,1.943e-09,2.2467600000000002e-09,1.5625e-10,2.4336e-10,2.34256e-09,0.006918,0.4538431,0.00118,0.105,0.0016,0.00692,0.0375
8320,0.002919,0.0002919,1.942e-09,2.23729e-09,1.5625e-10,2.4336e-10,2.34256e-09,0.006913,0.4538431,0.00118,0.105,0.0016,0.00691,0.0375
8330,0.002918,0.0002918,1.941e-09,2.23729e-09,1.5625e-10,2.4336e-10,2.34256e-09,0.006908,0.4538431,0.00118,0.105,0.0015,0.00691,0.0374
8340,0.002917,0.0002917,1.94e-09,2.23729e-09,1.5625e-10,2.4336e-10,2.34256e-09,0.006903,0.4538431,0.00118,0.105,0.0015,0.0069,0.0374
8350,0.002917,0.0002917,1.939e-09,2.23729e-09,1.5625e-10,2.4336e-10,2.34256e-09,0.006898,0.4538431,0.00118,0.105,0.0015,0.0069,0.0374
8360,0.002916,0.00029160000000000004,1.938e-09,2.23729e-09,1.5625e-10,2.4336e-10,2.33289e-09,0.006893,0.4538431,0.00118,0.105,0.0015,0.00689,0.0374
8370,0.002915,0.0002915,1.937e-09,2.23729e-09,1.5625e-10,2.4336e-10,2.33289e-09,0.006888,0.4538431,0.00118,0.105,0.0015,0.00689,0.0374
8380,0.002914,0.0002914,1.935e-09,2.23729e-09,1.5625e-10,2.4336e-10,2.33289e-09,0.006883,0.4538431,0.00118,0.105,0.0015,0.00688,0.0373
8390,0.002913,0.0002913,1.934e-09,2.23729e-09,1.5625e-10,2.4336e-10,2.33289e-09,0.006878,0.4538431,0.00118,0.105,0.0015,0.00688,0.0373
8400,0.002912,0.00029120000000000003,1.933e-09,2.22784e-09,1.5625e-10,2.4336e-10,2.33289e-09,0.006873,0.4538431,0.00117,0.105,0.0015,0.00687,0.0373
8410,0.002911,0.0002911,1.932e-09,2.22784e-09,1.5625e-10,2.4336e-10,2.33289e-09,0.006869,0.4538431,0.00117,0.105,0.0015,0.00687,0.0373
8420,0.00291,0.00029099999999999997,1.931e-09,2.22784e-09,1.5625e-10,2.4336e-10,2.32324e-09,0.006864,0.4538431,0.00117,0.105,0.0015,0.00686,0.0373
8430,0.002909,0.0002909,1.93e-09,2.22784e-09,1.5625e-10,2.4336e-10,2.32324e-09,0.006859,0.4538431,0.00117,0.104,0.0015,0.00686,0.0372
8440,0.002908,0.0002908,1.929e-09,2.22784e-09,1.5625e-10,2.4336e-10,2.32324e-09,0.006854,0.4538431,0.00117,0.104,0.0015,0.00685,0.0372
8450,0.002907,0.00029069999999999996,1.928e-09,2.22784e-09,1.5625e-10,2.4336e-10,2.32324e-09,0.006849,0.4538431,0.00117,0.104,0.0015,0.00685,0.0372
8460,0.002906,0.0002906,1.927e-09,2.22784e-09,1.5625e-10,2.4336e-10,2.32324e-09,0.006844,0.4538431,0.00117,0.104,0.0015,0.00684,0.0372
8470,0.002905,0.0002905,1.925e-09,2.21841e-09,1.5625e-10,2.4336e-10,2.32324e-09,0.006839,0.4538431,0.00117,0.104,0.0015,0.00684,0.0372
8480,0.002904,0.0002904,1.924e-09,2.21841e-09,1.5376e-10,2.4336e-10,2.31361e-09,0.006835,0.4538431,0.00117,0.104,0.0015,0.00683,0.0371
8490,0.002903,0.0002903,1.923e-09,2.21841e-09,1.5376e-10,2.4336e-10,2.31361e-09,0.00683,0.4538431,0.00117,0.104,0.0015,0.00683,0.0371
8500,0.002902,0.0002902,1.922e-09,2.21841e-09,1.5376e-10,2.4336e-10,2.31361e-09,0.006825,0.4538431,0.00117,0.104,0.0015,0.00682,0.0371
8510,0.002902,0.0002902,1.921e-09,2.21841e-09,1.5376e-10,2.4336e-10,2.31361e-09,0.00682,0.4538431,0.00117,0.104,0.0015,0.00682,0.0371
8520,0.002901,0.0002901,1.92e-09,2.21841e-09,1.5376e-10,2.4336e-10,2.31361e-09,0.006815,0.4538431,0.00116,0.104,0.0015,0.00682,0.0371
8530,0.0029,0.00029,1.919e-09,2.21841e-09,1.5376e-10,2.4336e-10,2.31361e-09,0.00681,0.4538431,0.00116,0.104,0.0015,0.00681,0.037
8540,0.002899,0.0002899,1.918e-09,2.21841e-09,1.5376e-10,2.4336e-10,2.3040000000000003e-09,0.006806,0.4538431,0.00116,0.104,0.0015,0.00681,0.037
8550,0.002898,0.0002898,1.917e-09,2.2089999999999997e-09,1.5376e-10,2.4336e-10,2.3040000000000003e-09,0.006801,0.4538431,0.00116,0.104,0.0015,0.0068,0.037
8560,0.002897,0.0002897,1.915e-09,2.2089999999999997e-09,1.5376e-10,2.4336e-10,2.3040000000000003e-09,0.006796,0.4538431,0.00116,0.104,0.0015,0.0068,0.037
8570,0.002896,0.0002896,1.914e-09,2.2089999999999997e-09,1.5376e-10,2.4336e-10,2.3040000000000003e-09,0.006791,0.4538431,0.00116,0.103,0.0015,0.00679,0.037
8580,0.002895,0.0002895,1.913e-09,2.2089999999999997e-09,1.5376e-10,2.4336e-10,2.3040000000000003e-09,0.006787,0.4538431,0.00116,0.103,0.0015,0.00679,0.0369
8590,0.002894,0.0002894,1.912e-09,2.2089999999999997e-09,1.5376e-10,2.4336e-10,2.3040000000000003e-09,0.006782,0.4538431,0.00116,0.103,0.0015,0.00678,0.0369
8600,0.002893,0.00028930000000000004,1.911e-09,2.2089999999999997e-09,1.5376e-10,2.4336e-10,2.3040000000000003e-09,0.006777,0.4538431,0.00116,0.103,0.0015,0.00678,0.0369
8610,0.002892,0.0002892,1.91e-09,2.2089999999999997e-09,1.5376e-10,2.4336e-10,2.2944099999999997e-09,0.006772,0.4538431,0.00116,0.103,0.0015,0.00677,0.0369
8620,0.002892,0.0002892,1.909e-09,2.2089999999999997e-09,1.5376e-10,2.4336e-10,2.2944099999999997e-09,0.006768,0.4538431,0.00116,0.103,0.0015,0.00677,0.0369
8630,0.002891,0.0002891,1.908e-09,2.19961e-09,1.5376e-10,2.4336e-10,2.2944099999999997e-09,0.006763,0.4538431,0.00116,0.103,0.0015,0.00676,0.0368
8640,0.00289,0.00028900000000000003,1.907e-09,2.19961e-09,1.5376e-10,2.4336e-10,2.2944099999999997e-09,0.006758,0.4538431,0.00116,0.103,0.0015,0.00676,0.0368
8650,0.002889,0.00028890000000000003,1.906e-09,2.19961e-09,1.5376e-10,2.4336e-10,2.2944099999999997e-09,0.006754,0.4538431,0.00115,0.103,0.0015,0.00675,0.0368
8660,0.002888,0.00028879999999999997,1.905e-09,2.19961e-09,1.5376e-10,2.4336e-10,2.2944099999999997e-09,0.006749,0.4538431,0.00115,0.103,0.0015,0.00675,0.0368
8670,0.002887,0.00028869999999999997,1.904e-09,2.19961e-09,1.5376e-10,2.4336e-10,2.28484e-09,0.006744,0.4538431,0.00115,0.103,0.0015,0.00674,0.0368
8680,0.002886,0.0002886,1.903e-09,2.19961e-09,1.5376e-10,2.4336e-10,2.28484e-09,0.00674,0.4538431,0.00115,0.103,0.0015,0.00674,0.0367
8690,0.002885,0.0002885,1.901e-09,2.19961e-09,1.5376e-10,2.4336e-10,2.28484e-09,0.006735,0.4538431,0.00115,0.103,0.0015,0.00673,0.0367
8700,0.002884,0.00028839999999999996,1.9e-09,2.19961e-09,1.5376e-10,2.4336e-10,2.28484e-09,0.00673,0.4538431,0.00115,0.103,0.0015,0.00673,0.0367
8710,0.002883,0.0002883,1.899e-09,2.19024e-09,1.5376e-10,2.4336e-10,2.28484e-09,0.006726,0.4538431,0.00115,0.102,0.0015,0.00673,0.0367
8720,0.002883,0.0002883,1.898e-09,2.19024e-09,1.5129000000000003e-10,2.4336e-10,2.28484e-09,0.006721,0.4538431,0.00115,0.102,0.0015,0.00672,0.0367
8730,0.002882,0.0002882,1.897e-09,2.19024e-09,1.5129000000000003e-10,2.4336e-10,2.27529e-09,0.006716,0.4538431,0.00115,0.102,0.0015,0.00672,0.0366
8740,0.002881,0.0002881,1.896e-09,2.19024e-09,1.5129000000000003e-10,2.4336e-10,2.27529e-09,0.006712,0.4538431,0.00115,0.102,0.0015,0.00671,0.0366
8750,0.00288,0.000288,1.895e-09,2.19024e-09,1.5129000000000003e-10,2.4336e-10,2.27529e-09,0.006707,0.4538431,0.00115,0.102,0.0015,0.00671,0.0366
8760,0.002879,0.0002879,1.894e-09,2.19024e-09,1.5129000000000003e-10,2.4336e-10,2.27529e-09,0.006702,0.4538431,0.00115,0.102,0.0015,0.0067,0.0366
8770,0.002878,0.0002878,1.893e-09,2.19024e-09,1.5129000000000003e-10,2.4336e-10,2.27529e-09,0.006698,0.4538431,0.00115,0.102,0.0015,0.0067,0.0366
8780,0.002877,0.0002877,1.892e-09,2.18089e-09,1.5129000000000003e-10,2.4336e-10,2.27529e-09,0.006693,0.4538431,0.00114,0.102,0.0015,0.00669,0.0366
8790,0.002876,0.0002876,1.891e-09,2.18089e-09,1.5129000000000003e-10,2.4336e-10,2.27529e-09,0.006689,0.4538431,0.00114,0.102,0.0015,0.00669,0.0365
8800,0.002875,0.0002875,1.89e-09,2.18089e-09,1.5129000000000003e-10,2.4336e-10,2.26576e-09,0.006684,0.4538431,0.00114,0.102,0.0015,0.00668,0.0365
8810,0.002875,0.0002875,1.889e-09,2.18089e-09,1.5129000000000003e-10,2.4336e-10,2.26576e-09,0.006679,0.4538431,0.00114,0.102,0.0015,0.00668,0.0365
8820,0.002874,0.0002874,1.888e-09,2.18089e-09,1.5129000000000003e-10,2.4336e-10,2.26576e-09,0.006675,0.4538431,0.00114,0.102,0.0015,0.00667,0.0365
8830,0.002873,0.0002873,1.887e-09,2.18089e-09,1.5129000000000003e-10,2.4336e-10,2.26576e-09,0.00667,0.4538431,0.00114,0.102,0.0015,0.00667,0.0365
8840,0.002872,0.0002872,1.886e-09,2.18089e-09,1.5129000000000003e-10,2.4336e-10,2.26576e-09,0.006666,0.4538431,0.00114,0.102,0.0015,0.00667,0.0364
8850,0.002871,0.0002871,1.885e-09,2.18089e-09,1.5129000000000003e-10,2.4025e-10,2.26576e-09,0.006661,0.4538431,0.00114,0.102,0.0015,0.00666,0.0364
8860,0.00287,0.00028700000000000004,1.884e-09,2.1715600000000003e-09,1.5129000000000003e-10,2.4025e-10,2.26576e-09,0.006657,0.4538431,0.00114,0.101,0.0015,0.00666,0.0364
8870,0.002869,0.0002869,1.882e-09,2.1715600000000003e-09,1.5129000000000003e-10,2.4025e-10,2.2562500000000004e-09,0.006652,0.4538431,0.00114,0.101,0.0015,0.00665,0.0364
8880,0.002868,0.0002868,1.881e-09,2.1715600000000003e-09,1.5129000000000003e-10,2.4025e-10,2.2562500000000004e-09,0.006648,0.4538431,0.00114,0.101,0.0015,0.00665,0.0364
8890,0.002868,0.0002868,1.88e-09,2.1715600000000003e-09,1.5129000000000003e-10,2.4025e-10,2.2562500000000004e-09,0.006643,0.4538431,0.00114,0.101,0.0015,0.00664,0.0363
8900,0.002867,0.00028670000000000003,1.879e-09,2.1715600000000003e-09,1.5129000000000003e-10,2.4025e-10,2.2562500000000004e-09,0.006639,0.4538431,0.00114,0.101,0.0015,0.00664,0.0363
8910,0.002866,0.00028660000000000003,1.878e-09,2.1715600000000003e-09,1.5129000000000003e-10,2.4025e-10,2.2562500000000004e-09,0.006634,0.4538431,0.00113,0.101,0.0015,0.00663,0.0363
8920,0.002865,0.00028649999999999997,1.877e-09,2.1715600000000003e-09,1.5129000000000003e-10,2.4025e-10,2.2562500000000004e-09,0.00663,0.4538431,0.00113,0.101,0.0015,0.00663,0.0363
8930,0.002864,0.00028639999999999997,1.876e-09,2.1715600000000003e-09,1.5129000000000003e-10,2.4025e-10,2.2467600000000002e-09,0.006625,0.4538431,0.00113,0.101,0.0015,0.00663,0.0363
8940,0.002863,0.0002863,1.875e-09,2.16225e-09,1.5129000000000003e-10,2.4025e-10,2.2467600000000002e-09,0.006621,0.4538431,0.00113,0.101,0.0015,0.00662,0.0362
8950,0.002862,0.0002862,1.874e-09,2.16225e-09,1.5129000000000003e-10,2.4025e-10,2.2467600000000002e-09,0.006616,0.4538431,0.00113,0.101,0.0015,0.00662,0.0362
8960,0.002862,0.0002862,1.873e-09,2.16225e-09,1.5129000000000003e-10,2.4025e-10,2.2467600000000002e-09,0.006612,0.4538431,0.00113,0.101,0.0015,0.00661,0.0362
8970,0.002861,0.00028609999999999996,1.872e-09,2.16225e-09,1.4884e-10,2.4025e-10,2.2467600000000002e-09,0.006607,0.4538431,0.00113,0.101,0.0015,0.00661,0.0362
8980,0.00286,0.000286,1.871e-09,2.16225e-09,1.4884e-10,2.4025e-10,2.2467600000000002e-09,0.006603,0.4538431,0.00113,0.101,0.0015,0.0066,0.0362
8990,0.002859,0.0002859,1.87e-09,2.16225e-09,1.4884e-10,2.4025e-10,2.2467600000000002e-09,0.006598,0.4538431,0.00113,0.101,0.0015,0.0066,0.0362
9000,0.002858,0.0002858,1.869e-09,2.16225e-09,1.4884e-10,2.4025e-10,2.23729e-09,0.006594,0.4538431,0.00113,0.101,0.0015,0.00659,0.0361
9010,0.002857,0.0002857,1.868e-09,2.16225e-09,1.4884e-10,2.4025e-10,2.23729e-09,0.00659,0.4538431,0.00113,0.1,0.0015,0.00659,0.0361
9020,0.002857,0.0002857,1.867e-09,2.16225e-09,1.4884e-10,2.4025e-10,2.23729e-09,0.006585,0.4538431,0.00113,0.1,0.0015,0.00659,0.0361
9030,0.002856,0.0002856,1.866e-09,2.1529600000000004e-09,1.4884e-10,2.4025e-10,2.23729e-09,0.006581,0.4538431,0.00113,0.1,0.0015,0.00658,0.0361
9040,0.002855,0.0002855,1.865e-09,2.1529600000000004e-09,1.4884e-10,2.4025e-10,2.23729e-09,0.006576,0.4538431,0.00113,0.1,0.0015,0.00658,0.0361
9050,0.002854,0.0002854,1.864e-09,2.1529600000000004e-09,1.4884e-10,2.4025e-10,2.23729e-09,0.006572,0.4538431,0.00112,0.1,0.0015,0.00657,0.036
9060,0.002853,0.0002853,1.863e-09,2.1529600000000004e-09,1.4884e-10,2.4025e-10,2.23729e-09,0.006568,0.4538431,0.00112,0.1,0.0015,0.00657,0.036
9070,0.002852,0.0002852,1.862e-09,2.1529600000000004e-09,1.4884e-10,2.4025e-10,2.22784e-09,0.006563,0.4538431,0.00112,0.1,0.0015,0.00656,0.036
9080,0.002851,0.0002851,1.861e-09,2.1529600000000004e-09,1.4884e-10,2.4025e-10,2.22784e-09,0.006559,0.4538431,0.00112,0.1,0.0015,0.00656,0.036
9090,0.002851,0.0002851,1.86e-09,2.1529600000000004e-09,1.4884e-10,2.4025e-10,2.22784e-09,0.006555,0.4538431,0.00112,0.1,0.0015,0.00655,0.036
9100,0.00285,0.000285,1.859e-09,2.1529600000000004e-09,1.4884e-10,2.4025e-10,2.22784e-09,0.00655,0.4538431,0.00112,0.0999,0.0015,0.00655,0.036
9110,0.002849,0.0002849,1.858e-09,2.14369e-09,1.4884e-10,2.4025e-10,2.22784e-09,0.006546,0.4538431,0.00112,0.0998,0.0015,0.00655,0.0359
9120,0.002848,0.0002848,1.857e-09,2.14369e-09,1.4884e-10,2.4025e-10,2.22784e-09,0.006541,0.4538431,0.00112,0.0998,0.0015,0.00654,0.0359
9130,0.002847,0.00028470000000000004,1.856e-09,2.14369e-09,1.4884e-10,2.4025e-10,2.21841e-09,0.006537,0.4538431,0.00112,0.0997,0.0015,0.00654,0.0359
9140,0.002847,0.00028470000000000004,1.855e-09,2.14369e-09,1.4884e-10,2.4025e-10,2.21841e-09,0.006533,0.4538431,0.00112,0.0996,0.0015,0.00653,0.0359
9150,0.002846,0.0002846,1.854e-09,2.14369e-09,1.4884e-10,2.4025e-10,2.21841e-09,0.006528,0.4538431,0.00112,0.0996,0.0015,0.00653,0.0359
9160,0.002845,0.0002845,1.853e-09,2.14369e-09,1.4884e-10,2.4025e-10,2.21841e-09,0.006524,0.4538431,0.00112,0.0995,0.0015,0.00652,0.0358
9170,0.002844,0.00028440000000000003,1.852e-09,2.14369e-09,1.4884e-10,2.4025e-10,2.21841e-09,0.00652,0.4538431,0.00112,0.0994,0.0015,0.00652,0.0358
9180,0.002843,0.0002843,1.851e-09,2.14369e-09,1.4884e-10,2.4025e-10,2.21841e-09,0.006516,0.4538431,0.00111,0.0994,0.0015,0.00652,0.0358
9190,0.002842,0.00028419999999999997,1.85e-09,2.13444e-09,1.4884e-10,2.4025e-10,2.21841e-09,0.006511,0.4538431,0.00111,0.0993,0.0015,0.00651,0.0358
9200,0.002842,0.00028419999999999997,1.849e-09,2.13444e-09,1.4884e-10,2.4025e-10,2.2089999999999997e-09,0.006507,0.4538431,0.00111,0.0993,0.0015,0.00651,0.0358
9210,0.002841,0.0002841,1.848e-09,2.13444e-09,1.4884e-10,2.4025e-10,2.2089999999999997e-09,0.006503,0.4538431,0.00111,0.0992,0.0015,0.0065,0.0358
9220,0.00284,0.000284,1.847e-09,2.13444e-09,1.4884e-10,2.4025e-10,2.2089999999999997e-09,0.006498,0.4538431,0.00111,0.0991,0.0015,0.0065,0.0357
9230,0.002839,0.0002839,1.846e-09,2.13444e-09,1.4641e-10,2.4025e-10,2.2089999999999997e-09,0.006494,0.4538431,0.00111,0.0991,0.0015,0.00649,0.0357
9240,0.002838,0.00028379999999999996,1.845e-09,2.13444e-09,1.4641e-10,2.4025e-10,2.2089999999999997e-09,0.00649,0.4538431,0.00111,0.099,0.0015,0.00649,0.0357
9250,0.002838,0.00028379999999999996,1.844e-09,2.13444e-09,1.4641e-10,2.4025e-10,2.2089999999999997e-09,0.006486,0.4538431,0.00111,0.0989,0.0015,0.00649,0.0357
9260,0.002837,0.0002837,1.843e-09,2.13444e-09,1.4641e-10,2.4025e-10,2.2089999999999997e-09,0.006481,0.4538431,0.00111,0.0989,0.0015,0.00648,0.0357
9270,0.002836,0.0002836,1.842e-09,2.13444e-09,1.4641e-10,2.4025e-10,2.19961e-09,0.006477,0.4538431,0.00111,0.0988,0.0015,0.00648,0.0356
9280,0.002835,0.0002835,1.841e-09,2.1252100000000004e-09,1.4641e-10,2.4025e-10,2.19961e-09,0.006473,0.4538431,0.00111,0.0987,0.0015,0.00647,0.0356
9290,0.002834,0.0002834,1.84e-09,2.1252100000000004e-09,1.4641e-10,2.4025e-10,2.19961e-09,0.006469,0.4538431,0.00111,0.0987,0.0015,0.00647,0.0356
9300,0.002833,0.0002833,1.839e-09,2.1252100000000004e-09,1.4641e-10,2.4025e-10,2.19961e-09,0.006464,0.4538431,0.00111,0.0986,0.0015,0.00646,0.0356
9310,0.002833,0.0002833,1.838e-09,2.1252100000000004e-09,1.4641e-10,2.4025e-10,2.19961e-09,0.00646,0.4538431,0.00111,0.0986,0.0015,0.00646,0.0356
9320,0.002832,0.0002832,1.838e-09,2.1252100000000004e-09,1.4641e-10,2.4025e-10,2.19961e-09,0.006456,0.4538431,0.00111,0.0985,0.0015,0.00646,0.0356
9330,0.002831,0.0002831,1.837e-09,2.1252100000000004e-09,1.4641e-10,2.4025e-10,2.19961e-09,0.006452,0.4538431,0.0011,0.0984,0.0015,0.00645,0.0355
9340,0.00283,0.000283,1.836e-09,2.1252100000000004e-09,1.4641e-10,2.4025e-10,2.19024e-09,0.006448,0.4538431,0.0011,0.0984,0.0015,0.00645,0.0355
9350,0.002829,0.0002829,1.835e-09,2.1252100000000004e-09,1.4641e-10,2.4025e-10,2.19024e-09,0.006443,0.4538431,0.0011,0.0983,0.0015,0.00644,0.0355
9360,0.002829,0.0002829,1.834e-09,2.116e-09,1.4641e-10,2.4025e-10,2.19024e-09,0.006439,0.4538431,0.0011,0.0983,0.0015,0.00644,0.0355
9370,0.002828,0.0002828,1.833e-09,2.116e-09,1.4641e-10,2.4025e-10,2.19024e-09,0.006435,0.4538431,0.0011,0.0982,0.0015,0.00643,0.0355
9380,0.002827,0.0002827,1.832e-09,2.116e-09,1.4641e-10,2.4025e-10,2.19024e-09,0.006431,0.4538431,0.0011,0.0981,0.0015,0.00643,0.0354
9390,0.002826,0.0002826,1.831e-09,2.116e-09,1.4641e-10,2.4025e-10,2.19024e-09,0.006427,0.4538431,0.0011,0.0981,0.0015,0.00643,0.0354
9400,0.002825,0.0002825,1.83e-09,2.116e-09,1.4641e-10,2.4025e-10,2.19024e-09,0.006423,0.4538431,0.0011,0.098,0.0015,0.00642,0.0354
9410,0.002825,0.0002825,1.829e-09,2.116e-09,1.4641e-10,2.4025e-10,2.18089e-09,0.006418,0.4538431,0.0011,0.0979,0.0015,0.00642,0.0354
9420,0.002824,0.00028240000000000003,1.828e-09,2.116e-09,1.4641e-10,2.4025e-10,2.18089e-09,0.006414,0.4538431,0.0011,0.0979,0.0015,0.00641,0.0354
9430,0.002823,0.0002823,1.827e-09,2.116e-09,1.4641e-10,2.4025e-10,2.18089e-09,0.00641,0.4538431,0.0011,0.0978,0.0015,0.00641,0.0354
9440,0.002822,0.0002822,1.826e-09,2.116e-09,1.4641e-10,2.4025e-10,2.18089e-09,0.006406,0.4538431,0.0011,0.0978,0.0015,0.00641,0.0353
9450,0.002822,0.0002822,1.825e-09,2.1068099999999997e-09,1.4641e-10,2.4025e-10,2.18089e-09,0.006402,0.4538431,0.0011,0.0977,0.0015,0.0064,0.0353
9460,0.002821,0.0002821,1.824e-09,2.1068099999999997e-09,1.4641e-10,2.4025e-10,2.18089e-09,0.006398,0.4538431,0.0011,0.0976,0.0015,0.0064,0.0353
9470,0.00282,0.000282,1.823e-09,2.1068099999999997e-09,1.4641e-10,2.4025e-10,2.18089e-09,0.006394,0.4538431,0.00109,0.0976,0.0015,0.00639,0.0353
9480,0.002819,0.00028189999999999997,1.822e-09,2.1068099999999997e-09,1.4641e-10,2.4025e-10,2.1715600000000003e-09,0.006389,0.4538431,0.00109,0.0975,0.0015,0.00639,0.0353
9490,0.002818,0.0002818,1.821e-09,2.1068099999999997e-09,1.4641e-10,2.4025e-10,2.1715600000000003e-09,0.006385,0.4538431,0.00109,0.0975,0.0015,0.00639,0.0353
9500,0.002818,0.0002818,1.82e-09,2.1068099999999997e-09,1.4400000000000002e-10,2.4025e-10,2.1715600000000003e-09,0.006381,0.4538431,0.00109,0.0974,0.0015,0.00638,0.0352
9510,0.002817,0.0002817,1.819e-09,2.1068099999999997e-09,1.4400000000000002e-10,2.4025e-10,2.1715600000000003e-09,0.006377,0.4538431,0.00109,0.0973,0.0015,0.00638,0.0352
9520,0.002816,0.0002816,1.819e-09,2.1068099999999997e-09,1.4400000000000002e-10,2.4025e-10,2.1715600000000003e-09,0.006373,0.4538431,0.00109,0.0973,0.0015,0.00637,0.0352
9530,0.002815,0.00028149999999999996,1.818e-09,2.1068099999999997e-09,1.4400000000000002e-10,2.4025e-10,2.1715600000000003e-09,0.006369,0.4538431,0.00109,0.0972,0.0015,0.00637,0.0352
9540,0.002815,0.00028149999999999996,1.817e-09,2.0976400000000002e-09,1.4400000000000002e-10,2.4025e-10,2.1715600000000003e-09,0.006365,0.4538431,0.00109,0.0972,0.0015,0.00636,0.0352
9550,0.002814,0.0002814,1.816e-09,2.0976400000000002e-09,1.4400000000000002e-10,2.4025e-10,2.1715600000000003e-09,0.006361,0.4538431,0.00109,0.0971,0.0015,0.00636,0.0352
9560,0.002813,0.0002813,1.815e-09,2.0976400000000002e-09,1.4400000000000002e-10,2.4025e-10,2.16225e-09,0.006357,0.4538431,0.00109,0.097,0.0015,0.00636,0.0351
9570,0.002812,0.0002812,1.814e-09,2.0976400000000002e-09,1.4400000000000002e-10,2.4025e-10,2.16225e-09,0.006353,0.4538431,0.00109,0.097,0.0015,0.00635,0.0351
9580,0.002811,0.0002811,1.813e-09,2.0976400000000002e-09,1.4400000000000002e-10,2.4025e-10,2.16225e-09,0.006349,0.4538431,0.00109,0.0969,0.0015,0.00635,0.0351
9590,0.002811,0.0002811,1.812e-09,2.0976400000000002e-09,1.4400000000000002e-10,2.4025e-10,2.16225e-09,0.006345,0.4538431,0.00109,0.0969,0.0015,0.00634,0.0351
9600,0.00281,0.000281,1.811e-09,2.0976400000000002e-09,1.4400000000000002e-10,2.4025e-10,2.16225e-09,0.006341,0.4538431,0.00109,0.0968,0.0015,0.00634,0.0351
9610,0.002809,0.0002809,1.81e-09,2.0976400000000002e-09,1.4400000000000002e-10,2.3716000000000004e-10,2.16225e-09,0.006337,0.4538431,0.00109,0.0967,0.0015,0.00634,0.0351
9620,0.002808,0.0002808,1.809e-09,2.08849e-09,1.4400000000000002e-10,2.3716000000000004e-10,2.16225e-09,0.006333,0.4538431,0.00108,0.0967,0.0015,0.00633,0.035
9630,0.002808,0.0002808,1.808e-09,2.08849e-09,1.4400000000000002e-10,2.3716000000000004e-10,2.1529600000000004e-09,0.006329,0.4538431,0.00108,0.0966,0.0015,0.00633,0.035
9640,0.002807,0.0002807,1.807e-09,2.08849e-09,1.4400000000000002e-10,2.3716000000000004e-10,2.1529600000000004e-09,0.006325,0.4538431,0.00108,0.0966,0.0015,0.00632,0.035
9650,0.002806,0.0002806,1.807e-09,2.08849e-09,1.4400000000000002e-10,2.3716000000000004e-10,2.1529600000000004e-09,0.006321,0.4538431,0.00108,0.0965,0.0015,0.00632,0.035
9660,0.002805,0.00028050000000000004,1.806e-09,2.08849e-09,1.4400000000000002e-10,2.3716000000000004e-10,2.1529600000000004e-09,0.006317,0.4538431,0.00108,0.0964,0.0015,0.00632,0.035
9670,0.002805,0.00028050000000000004,1.805e-09,2.08849e-09,1.4400000000000002e-10,2.3716000000000004e-10,2.1529600000000004e-09,0.006313,0.4538431,0.00108,0.0964,0.0015,0.00631,0.0349
9680,0.002804,0.0002804,1.804e-09,2.08849e-09,1.4400000000000002e-10,2.3716000000000004e-10,2.1529600000000004e-09,0.006309,0.4538431,0.00108,0.0963,0.0015,0.00631,0.0349
9690,0.002803,0.0002803,1.803e-09,2.08849e-09,1.4400000000000002e-10,2.3716000000000004e-10,2.1529600000000004e-09,0.006305,0.4538431,0.00108,0.0963,0.0015,0.0063,0.0349
9700,0.002802,0.0002802,1.802e-09,2.08849e-09,1.4400000000000002e-10,2.3716000000000004e-10,2.14369e-09,0.006301,0.4538431,0.00108,0.0962,0.0015,0.0063,0.0349
9710,0.002802,0.0002802,1.801e-09,2.0793599999999997e-09,1.4400000000000002e-10,2.3716000000000004e-10,2.14369e-09,0.006297,0.4538431,0.00108,0.0962,0.0015,0.0063,0.0349
9720,0.002801,0.00028010000000000003,1.8e-09,2.0793599999999997e-09,1.4400000000000002e-10,2.3716000000000004e-10,2.14369e-09,0.006293,0.4538431,0.00108,0.0961,0.0015,0.00629,0.0349
9730,0.0028,0.00028,1.799e-09,2.0793599999999997e-09,1.4400000000000002e-10,2.3716000000000004e-10,2.14369e-09,0.006289,0.4538431,0.00108,0.096,0.0015,0.00629,0.0348
9740,0.002799,0.0002799,1.798e-09,2.0793599999999997e-09,1.4400000000000002e-10,2.3716000000000004e-10,2.14369e-09,0.006285,0.4538431,0.00108,0.096,0.0015,0.00628,0.0348
9750,0.002799,0.0002799,1.797e-09,2.0793599999999997e-09,1.4400000000000002e-10,2.3716000000000004e-10,2.14369e-09,0.006281,0.4538431,0.00108,0.0959,0.0015,0.00628,0.0348
9760,0.002798,0.0002798,1.797e-09,2.0793599999999997e-09,1.4400000000000002e-10,2.3716000000000004e-10,2.14369e-09,0.006277,0.4538431,0.00108,0.0959,0.0015,0.00628,0.0348
9770,0.002797,0.0002797,1.796e-09,2.0793599999999997e-09,1.4400000000000002e-10,2.3716000000000004e-10,2.14369e-09,0.006273,0.4538431,0.00107,0.0958,0.0015,0.00627,0.0348
9780,0.002796,0.00027959999999999997,1.795e-09,2.0793599999999997e-09,1.4400000000000002e-10,2.3716000000000004e-10,2.13444e-09,0.006269,0.4538431,0.00107,0.0958,0.0015,0.00627,0.0348
9790,0.002796,0.00027959999999999997,1.794e-09,2.0793599999999997e-09,1.4161e-10,2.3716000000000004e-10,2.13444e-09,0.006265,0.4538431,0.00107,0.0957,0.0015,0.00627,0.0347
9800,0.002795,0.0002795,1.793e-09,2.07025e-09,1.4161e-10,2.3716000000000004e-10,2.13444e-09,0.006261,0.4538431,0.00107,0.0956,0.0015,0.00626,0.0347
9810,0.002794,0.0002794,1.792e-09,2.07025e-09,1.4161e-10,2.3716000000000004e-10,2.13444e-09,0.006257,0.4538431,0.00107,0.0956,0.0015,0.00626,0.0347
9820,0.002793,0.0002793,1.791e-09,2.07025e-09,1.4161e-10,2.3716000000000004e-10,2.13444e-09,0.006253,0.4538431,0.00107,0.0955,0.0015,0.00625,0.0347
9830,0.002793,0.0002793,1.79e-09,2.07025e-09,1.4161e-10,2.3716000000000004e-10,2.13444e-09,0.00625,0.4538431,0.00107,0.0955,0.0015,0.00625,0.0347
9840,0.002792,0.0002792,1.789e-09,2.07025e-09,1.4161e-10,2.3716000000000004e-10,2.13444e-09,0.006246,0.4538431,0.00107,0.0954,0.0015,0.00625,0.0347
9850,0.002791,0.0002791,1.789e-09,2.07025e-09,1.4161e-10,2.3716000000000004e-10,2.1252100000000004e-09,0.006242,0.4538431,0.00107,0.0953,0.0015,0.00624,0.0346
9860,0.00279,0.000279,1.788e-09,2.07025e-09,1.4161e-10,2.3716000000000004e-10,2.1252100000000004e-09,0.006238,0.4538431,0.00107,0.0953,0.0015,0.00624,0.0346
9870,0.00279,0.000279,1.787e-09,2.07025e-09,1.4161e-10,2.3716000000000004e-10,2.1252100000000004e-09,0.006234,0.4538431,0.00107,0.0952,0.0015,0.00623,0.0346
9880,0.002789,0.0002789,1.786e-09,2.07025e-09,1.4161e-10,2.3716000000000004e-10,2.1252100000000004e-09,0.00623,0.4538431,0.00107,0.0952,0.0015,0.00623,0.0346
9890,0.002788,0.0002788,1.785e-09,2.06116e-09,1.4161e-10,2.3716000000000004e-10,2.1252100000000004e-09,0.006226,0.4538431,0.00107,0.0951,0.0015,0.00623,0.0346
9900,0.002787,0.0002787,1.784e-09,2.06116e-09,1.4161e-10,2.3716000000000004e-10,2.1252100000000004e-09,0.006222,0.4538431,0.00107,0.0951,0.0015,0.00622,0.0346
9910,0.002787,0.0002787,1.783e-09,2.06116e-09,1.4161e-10,2.3716000000000004e-10,2.1252100000000004e-09,0.006219,0.4538431,0.00107,0.095,0.0015,0.00622,0.0345
9920,0.002786,0.0002786,1.782e-09,2.06116e-09,1.4161e-10,2.3716000000000004e-10,2.1252100000000004e-09,0.006215,0.4538431,0.00107,0.095,0.0015,0.00621,0.0345
9930,0.002785,0.0002785,1.781e-09,2.06116e-09,1.4161e-10,2.3716000000000004e-10,2.116e-09,0.006211,0.4538431,0.00106,0.0949,0.0015,0.00621,0.0345
9940,0.002785,0.0002785,1.781e-09,2.06116e-09,1.4161e-10,2.3716000000000004e-10,2.116e-09,0.006207,0.4538431,0.00106,0.0948,0.0015,0.00621,0.0345
9950,0.002784,0.0002784,1.78e-09,2.06116e-09,1.4161e-10,2.3716000000000004e-10,2.116e-09,0.006203,0.4538431,0.00106,0.0948,0.0015,0.0062,0.0345
9960,0.002783,0.0002783,1.779e-09,2.06116e-09,1.4161e-10,2.3716000000000004e-10,2.116e-09,0.006199,0.4538431,0.00106,0.0947,0.0015,0.0062,0.0345
9970,0.002782,0.00027820000000000004,1.778e-09,2.06116e-09,1.4161e-10,2.3716000000000004e-10,2.116e-09,0.006196,0.4538431,0.00106,0.0947,0.0015,0.0062,0.0345
9980,0.002782,0.00027820000000000004,1.777e-09,2.06116e-09,1.4161e-10,2.3716000000000004e-10,2.116e-09,0.006192,0.4538431,0.00106,0.0946,0.0015,0.00619,0.0344
9990,0.002781,0.0002781,1.776e-09,2.0520900000000005e-09,1.4161e-10,2.3716000000000004e-10,2.116e-09,0.006188,0.4538431,0.00106,0.0946,0.0015,0.00619,0.0344
10000,0.00278,0.000278,1.775e-09,2.0520900000000005e-09,1.4161e-10,2.3716000000000004e-10,2.1068099999999997e-09,0.006184,0.4538431,0.00106,0.0945,0.0015,0.00618,0.0344
